candidate_name,party_name,storkreds,age,age_num,education,birthdate,tiktok_exists,tiktok_handle_from_url,videos_total_pre_election,videos_total_2026_pre_election,videos_last_90d,videos_last_30d,videos_last_14d,videos_last_7d,log1p_videos_total_pre_election,log1p_videos_total_2026_pre_election,log1p_videos_last_90d,log1p_videos_last_30d,log1p_videos_last_14d,log1p_videos_last_7d,candidate_votes_2026_total,party_votes_2026_total,vote_share_of_party_2026_total,candidate_votes_2022_total,party_votes_2022_total,vote_share_of_party_2022_total
Aksel Rosager Johansen,Enhedslisten - De Rød-Grønne,vestjylland,34 år,34.0,Kandidat-/masteruddannelse,,0.0,,0.0,0.0,0.0,0.0,0.0,0.0,0.0,0.0,0.0,0.0,0.0,0.0,193,226037,0.000853842512509014,166.0,181452.0,0.0009148424927804598
Alex Ahrendtsen,Dansk Folkeparti,fyn,59 år,59.0,Kandidat-/masteruddannelse,1967-02-14T00:00:00,0.0,,0.0,0.0,0.0,0.0,0.0,0.0,0.0,0.0,0.0,0.0,0.0,0.0,3281,324518,0.010110379085289568,1477.0,93428.0,0.01580896519244766
Alex Vanopslagh,Liberal Alliance,østjylland,34 år,34.0,Kandidat-/masteruddannelse,1991-10-17T00:00:00,1.0,alexvanopslagh,43.0,43.0,43.0,42.0,28.0,17.0,3.784189633918261,3.784189633918261,3.784189633918261,3.7612001156935624,3.367295829986474,2.8903717578961645,38487,334421,0.11508547609151339,38284.0,278656.0,0.13738803399173175
Alexander Bruhn Skjøth,SF - Socialistisk Folkeparti,københavns omegn,45 år,45.0,Gymnasial uddannelse,,0.0,,0.0,0.0,0.0,0.0,0.0,0.0,0.0,0.0,0.0,0.0,0.0,0.0,263,413306,0.0006363324026266253,158.0,293186.0,0.0005389070419460684
Alexander Ryle,Liberal Alliance,københavn,35 år,35.0,Kandidat-/masteruddannelse,1990-10-17T00:00:00,1.0,alexanderryle,33.0,19.0,19.0,19.0,19.0,12.0,3.5263605246161616,2.995732273553991,2.995732273553991,2.995732273553991,2.995732273553991,2.5649493574615367,1984,334421,0.005932641789839753,1948.0,278656.0,0.006990698208543868
Ali Qais,Moderaterne,københavn,48 år,48.0,Kandidat-/masteruddannelse,,0.0,,0.0,0.0,0.0,0.0,0.0,0.0,0.0,0.0,0.0,0.0,0.0,0.0,1024,274775,0.0037266854699299426,,,
Ali Yahya,SF - Socialistisk Folkeparti,sjælland,29 år,29.0,Kandidat-/masteruddannelse,,0.0,,0.0,0.0,0.0,0.0,0.0,0.0,0.0,0.0,0.0,0.0,0.0,0.0,1102,413306,0.0026663053524507265,,,
Allan Feldt,Dansk Folkeparti,københavn,62 år,62.0,Kandidat-/masteruddannelse,,1.0,realallanfeldt,36.0,35.0,36.0,34.0,31.0,20.0,3.6109179126442243,3.58351893845611,3.6109179126442243,3.5553480614894135,3.4657359027997265,3.044522437723423,1679,324518,0.0051738270296254755,,,
Allan Hansen Lindemark,Alternativet,sjælland,48 år,48.0,Kandidat-/masteruddannelse,,0.0,,0.0,0.0,0.0,0.0,0.0,0.0,0.0,0.0,0.0,0.0,0.0,0.0,52,91770,0.0005666339762449602,,,
Allan Holm,Borgernes Parti - Lars Boje Mathiesen,fyn,53 år,53.0,Ph.d.-uddannelse,,0.0,,0.0,0.0,0.0,0.0,0.0,0.0,0.0,0.0,0.0,0.0,0.0,0.0,591,75928,0.007783689811400274,,,
Allan Orland,Borgernes Parti - Lars Boje Mathiesen,københavns omegn,59 år,59.0,Kandidat-/masteruddannelse,,0.0,,0.0,0.0,0.0,0.0,0.0,0.0,0.0,0.0,0.0,0.0,0.0,0.0,75,75928,0.0009877778948477506,,,
Allan Svendsen,Dansk Folkeparti,sydjylland,56 år,56.0,Gymnasial uddannelse,,0.0,,0.0,0.0,0.0,0.0,0.0,0.0,0.0,0.0,0.0,0.0,0.0,0.0,362,324518,0.0011155005269353317,,,
Amanda Heitmann,"Venstre, Danmarks Liberale Parti",fyn,,46.0,Unknown,,,,,,,,,,,,,,,,3202,361689,0.00885290954383462,,,
Anastasia Milthers,Radikale Venstre,fyn,24 år,24.0,Bachelor-/diplomuddannelse,2002-01-06T00:00:00,1.0,anastasia_milthers,53.0,49.0,50.0,30.0,15.0,7.0,3.9889840465642745,3.912023005428146,3.9318256327243257,3.4339872044851463,2.772588722239781,2.0794415416798357,2393,207442,0.011535754572362396,,,
Anders Andreasen,Socialdemokratiet,vestjylland,51 år,51.0,Bachelor-/diplomuddannelse,1974-07-31T00:00:00,0.0,,0.0,0.0,0.0,0.0,0.0,0.0,0.0,0.0,0.0,0.0,0.0,0.0,1329,779252,0.001705481667034541,1014.0,971995.0,0.0010432152428767637
Anders Bo Larsen,"Venstre, Danmarks Liberale Parti",københavns omegn,,46.0,Unknown,,,,,,,,,,,,,,,,433,361689,0.0011971610969645193,354.0,470546.0,0.0007523175204974646
Anders Bork,Dansk Folkeparti,sjælland,35 år,35.0,Erhvervsuddannelse,,0.0,,0.0,0.0,0.0,0.0,0.0,0.0,0.0,0.0,0.0,0.0,0.0,0.0,209,324518,0.000644032072180896,,,
Anders Bøge,SF - Socialistisk Folkeparti,vestjylland,,46.0,Ikke oplyst,,0.0,,0.0,0.0,0.0,0.0,0.0,0.0,0.0,0.0,0.0,0.0,0.0,0.0,492,413306,0.0011904013007311774,430.0,293186.0,0.001466645747068414
Anders Fausbøll,"Venstre, Danmarks Liberale Parti",københavn,,46.0,Unknown,,,,,,,,,,,,,,,,356,361689,0.0009842710173657478,999.0,470546.0,0.0021230655451326755
Anders Havelund Krøyer,Det Konservative Folkeparti,københavn,40 år,40.0,Bachelor-/diplomuddannelse,,0.0,,0.0,0.0,0.0,0.0,0.0,0.0,0.0,0.0,0.0,0.0,0.0,0.0,339,270749,0.0012520821868224814,540.0,194820.0,0.002771789344009855
Anders Krojgaard Lund,Det Konservative Folkeparti,østjylland,35 år,35.0,Bachelor-/diplomuddannelse,,0.0,,0.0,0.0,0.0,0.0,0.0,0.0,0.0,0.0,0.0,0.0,0.0,0.0,418,270749,0.0015438653513032367,269.0,194820.0,0.0013807617287752798
Anders Kronborg,Socialdemokratiet,sydjylland,44 år,44.0,Bachelor-/diplomuddannelse,1982-03-18T00:00:00,1.0,kronborg1982,68.0,22.0,28.0,5.0,3.0,3.0,4.23410650459726,3.1354942159291497,3.367295829986474,1.791759469228055,1.3862943611198906,1.3862943611198906,5728,779252,0.007350638817738036,7407.0,971995.0,0.007620409570008076
Anders Kühnau,Socialdemokratiet,østjylland,44 år,44.0,Kandidat-/masteruddannelse,,0.0,,0.0,0.0,0.0,0.0,0.0,0.0,0.0,0.0,0.0,0.0,0.0,0.0,4043,779252,0.005188308788427877,,,
Anders Peter Hansen,Liberal Alliance,nordjylland,30 år,30.0,Kandidat-/masteruddannelse,,1.0,anderspeterhansenla,23.0,23.0,23.0,19.0,9.0,6.0,3.1780538303479458,3.1780538303479458,3.1780538303479458,2.995732273553991,2.302585092994046,1.9459101490553132,245,334421,0.0007326094952171065,,,
Anders Storgaard,Det Konservative Folkeparti,københavn,32 år,32.0,Kandidat-/masteruddannelse,1994-01-28T00:00:00,0.0,,0.0,0.0,0.0,0.0,0.0,0.0,0.0,0.0,0.0,0.0,0.0,0.0,3099,270749,0.011446025654757727,,,
Anders Sørensen,Alternativet,københavn,36 år,36.0,Ph.d.-uddannelse,,0.0,,0.0,0.0,0.0,0.0,0.0,0.0,0.0,0.0,0.0,0.0,0.0,0.0,1009,91770,0.010994878500599324,,,
Anders Vistisen,Dansk Folkeparti,nordjylland,38 år,38.0,Kandidat-/masteruddannelse,1987-11-12T00:00:00,1.0,andersvistisen,69.0,32.0,35.0,13.0,5.0,2.0,4.248495242049359,3.4965075614664802,3.58351893845611,2.6390573296152584,1.791759469228055,1.0986122886681098,3580,324518,0.011031745542620132,,,
Andreas Fjord Larsen,"Venstre, Danmarks Liberale Parti",fyn,,46.0,Unknown,,,,,,,,,,,,,,,,260,361689,0.0007188496194244226,,,
Andreas Lausen,Moderaterne,fyn,35 år,35.0,Kandidat-/masteruddannelse,,0.0,,0.0,0.0,0.0,0.0,0.0,0.0,0.0,0.0,0.0,0.0,0.0,0.0,275,274775,0.0010008188517878264,,,
Andreas Raben,Moderaterne,nordsjælland,21 år,21.0,Bachelor-/diplomuddannelse,,1.0,andreasraben,105.0,76.0,77.0,67.0,38.0,14.0,4.663439094112067,4.343805421853684,4.356708826689592,4.219507705176107,3.6635616461296463,2.70805020110221,322,274775,0.001171867891911564,,,
Ane Halsboe-Jørgensen,Socialdemokratiet,nordjylland,42 år,42.0,Kandidat-/masteruddannelse,,0.0,,0.0,0.0,0.0,0.0,0.0,0.0,0.0,0.0,0.0,0.0,0.0,0.0,6864,779252,0.0088084470748872,5469.0,971995.0,0.005626572153148936
Ane Line Søndergaard,Alternativet,sydjylland,53 år,53.0,Gymnasial uddannelse,,0.0,,0.0,0.0,0.0,0.0,0.0,0.0,0.0,0.0,0.0,0.0,0.0,0.0,121,91770,0.0013185136754930806,196.0,117567.0,0.001667134485017054
Anette Jensen Smith,Alternativet,nordjylland,53 år,53.0,Bachelor-/diplomuddannelse,,1.0,anette.jensen.smi,1.0,1.0,1.0,1.0,0.0,0.0,0.6931471805599453,0.6931471805599453,0.6931471805599453,0.6931471805599453,0.0,0.0,277,91770,0.003018415604227961,270.0,117567.0,0.0022965628109928807
Anita Vivi Lilholt,"Venstre, Danmarks Liberale Parti",nordjylland,,46.0,Unknown,,,,,,,,,,,,,,,,350,361689,0.0009676821799944151,189.0,470546.0,0.00040166104907915485
Anja Busch,Borgernes Parti - Lars Boje Mathiesen,fyn,52 år,52.0,Erhvervsuddannelse,,0.0,,0.0,0.0,0.0,0.0,0.0,0.0,0.0,0.0,0.0,0.0,0.0,0.0,190,75928,0.0025023706669476346,,,
Anja Lund,"Venstre, Danmarks Liberale Parti",fyn,,46.0,Unknown,,,,,,,,,,,,,,,,3081,361689,0.008518367990179408,,,
Anja Rosengreen,SF - Socialistisk Folkeparti,nordsjælland,57 år,57.0,Kandidat-/masteruddannelse,,0.0,,0.0,0.0,0.0,0.0,0.0,0.0,0.0,0.0,0.0,0.0,0.0,0.0,1287,413306,0.0031139155976443603,,,
Anna Bjerre,Alternativet,nordjylland,27 år,27.0,Kandidat-/masteruddannelse,1998-06-10T00:00:00,0.0,,0.0,0.0,0.0,0.0,0.0,0.0,0.0,0.0,0.0,0.0,0.0,0.0,1194,91770,0.013010787839163125,,,
Anna Brændemose,SF - Socialistisk Folkeparti,østjylland,32 år,32.0,Kandidat-/masteruddannelse,,0.0,,0.0,0.0,0.0,0.0,0.0,0.0,0.0,0.0,0.0,0.0,0.0,0.0,2013,413306,0.004870483370674512,1924.0,293186.0,0.006562387017115414
Anna Calero,Alternativet,østjylland,26 år,26.0,Kandidat-/masteruddannelse,,0.0,,0.0,0.0,0.0,0.0,0.0,0.0,0.0,0.0,0.0,0.0,0.0,0.0,132,91770,0.0014383785550833605,,,
Anna Katrine Leth Rehn,SF - Socialistisk Folkeparti,fyn,26 år,26.0,Seminaruddannelse,,0.0,,0.0,0.0,0.0,0.0,0.0,0.0,0.0,0.0,0.0,0.0,0.0,0.0,606,413306,0.001466225992364011,,,
Anna Poulsen,SF - Socialistisk Folkeparti,nordsjælland,48 år,48.0,Bachelor-/diplomuddannelse,,0.0,,0.0,0.0,0.0,0.0,0.0,0.0,0.0,0.0,0.0,0.0,0.0,0.0,776,413306,0.0018775435149743773,,,
Anne Catherine Hoxcer Nielsen,Socialdemokratiet,sydjylland,40 år,40.0,Bachelor-/diplomuddannelse,,0.0,,0.0,0.0,0.0,0.0,0.0,0.0,0.0,0.0,0.0,0.0,0.0,0.0,1789,779252,0.0022957913486266316,,,
Anne Fiber,Det Konservative Folkeparti,fyn,44 år,44.0,Bachelor-/diplomuddannelse,,0.0,,0.0,0.0,0.0,0.0,0.0,0.0,0.0,0.0,0.0,0.0,0.0,0.0,470,270749,0.0017359251557715818,683.0,194820.0,0.003505800225849502
Anne Honoré Østergaard,"Venstre, Danmarks Liberale Parti",nordjylland,,46.0,Unknown,,,,,,,,,,,,,,,,1805,361689,0.004990475242542626,3833.0,470546.0,0.00814585609058413
Anne Marie Geisler Andersen,Radikale Venstre,sydjylland,44 år,44.0,Kandidat-/masteruddannelse,,0.0,,0.0,0.0,0.0,0.0,0.0,0.0,0.0,0.0,0.0,0.0,0.0,0.0,1349,207442,0.006503022531599194,1324.0,133931.0,0.009885687406201701
Anne Møllegaard Mortensen,Dansk Folkeparti,fyn,63 år,63.0,Gymnasial uddannelse,1962-12-16T00:00:00,0.0,,0.0,0.0,0.0,0.0,0.0,0.0,0.0,0.0,0.0,0.0,0.0,0.0,1149,324518,0.003540635650410763,,,
Anne Paulin,Socialdemokratiet,vestjylland,38 år,38.0,Kandidat-/masteruddannelse,,0.0,,0.0,0.0,0.0,0.0,0.0,0.0,0.0,0.0,0.0,0.0,0.0,0.0,6742,779252,0.008651886681073645,6905.0,971995.0,0.007103946007952716
Anne Sophie Callesen,Radikale Venstre,østjylland,37 år,37.0,Kandidat-/masteruddannelse,,1.0,annesophierv,15.0,15.0,15.0,15.0,12.0,4.0,2.772588722239781,2.772588722239781,2.772588722239781,2.772588722239781,2.5649493574615367,1.6094379124341003,4101,207442,0.019769381321043954,,,
Anne Valentina Berthelsen,SF - Socialistisk Folkeparti,sjælland,31 år,31.0,Bachelor-/diplomuddannelse,1994-09-16T00:00:00,0.0,,0.0,0.0,0.0,0.0,0.0,0.0,0.0,0.0,0.0,0.0,0.0,0.0,1782,413306,0.0043115754428921915,1383.0,293186.0,0.004717142019059573
Anne-Marie Hemmeth,Alternativet,nordjylland,64 år,64.0,Ikke oplyst,,0.0,,0.0,0.0,0.0,0.0,0.0,0.0,0.0,0.0,0.0,0.0,0.0,0.0,116,91770,0.0012640296393156805,,,
Anne-Sofie Sadolin,Radikale Venstre,københavn,36 år,36.0,Ikke oplyst,,0.0,,0.0,0.0,0.0,0.0,0.0,0.0,0.0,0.0,0.0,0.0,0.0,0.0,1385,207442,0.006676565015763442,,,
Annette Rieva,"Venstre, Danmarks Liberale Parti",nordsjælland,,46.0,Unknown,,,,,,,,,,,,,,,,595,361689,0.0016450597059905056,,,
Annette Sofia Skotte,Liberal Alliance,vestjylland,,46.0,Ikke oplyst,,0.0,,0.0,0.0,0.0,0.0,0.0,0.0,0.0,0.0,0.0,0.0,0.0,0.0,89,334421,0.00026613161254825503,,,
Anni Matthiesen,"Venstre, Danmarks Liberale Parti",sydjylland,,46.0,Unknown,,,,,,,,,,,,,,,,6339,361689,0.017526106682813136,9540.0,470546.0,0.020274319620185912
Annie Hagel,Enhedslisten - De Rød-Grønne,nordsjælland,76 år,76.0,Kandidat-/masteruddannelse,,0.0,,0.0,0.0,0.0,0.0,0.0,0.0,0.0,0.0,0.0,0.0,0.0,0.0,250,226037,0.0011060136172396555,577.0,181452.0,0.003179904327315213
Araz Khan,Liberal Alliance,fyn,44 år,44.0,Seminaruddannelse,,0.0,,0.0,0.0,0.0,0.0,0.0,0.0,0.0,0.0,0.0,0.0,0.0,0.0,978,334421,0.0029244574951931847,,,
Arne Hyldgaard,Borgernes Parti - Lars Boje Mathiesen,nordjylland,55 år,55.0,Erhvervsuddannelse,,0.0,,0.0,0.0,0.0,0.0,0.0,0.0,0.0,0.0,0.0,0.0,0.0,0.0,236,75928,0.0031082077757875882,,,
Asbjørn Reissmann,Socialdemokratiet,københavn,34 år,34.0,Kandidat-/masteruddannelse,,0.0,,0.0,0.0,0.0,0.0,0.0,0.0,0.0,0.0,0.0,0.0,0.0,0.0,494,779252,0.0006339412667532454,,,
Asta Kofod,Enhedslisten - De Rød-Grønne,bornholm,19 år,19.0,Gymnasial uddannelse,,0.0,,0.0,0.0,0.0,0.0,0.0,0.0,0.0,0.0,0.0,0.0,0.0,0.0,147,226037,0.0006503360069369175,,,
Astrid Carøe,SF - Socialistisk Folkeparti,sjælland,31 år,31.0,Bachelor-/diplomuddannelse,,0.0,,0.0,0.0,0.0,0.0,0.0,0.0,0.0,0.0,0.0,0.0,0.0,0.0,1895,413306,0.004584980619686141,2111.0,293186.0,0.007200207376887027
Astrid Fogh,Alternativet,sydjylland,60 år,60.0,Bachelor-/diplomuddannelse,1965-11-27T00:00:00,0.0,,0.0,0.0,0.0,0.0,0.0,0.0,0.0,0.0,0.0,0.0,0.0,0.0,156,91770,0.0016999019287348806,,,
Astrid Søborg,"Venstre, Danmarks Liberale Parti",københavns omegn,,46.0,Unknown,,,,,,,,,,,,,,,,915,361689,0.0025297976991282565,1277.0,470546.0,0.002713868569704131
Ayhan Kilic,Moderaterne,nordsjælland,43 år,43.0,Ikke oplyst,,1.0,ayhankilic_moderaterne,27.0,27.0,27.0,27.0,14.0,7.0,3.332204510175204,3.332204510175204,3.332204510175204,3.332204510175204,2.70805020110221,2.0794415416798357,763,274775,0.0027768173960513146,,,
Barbara Engelstoft,Det Konservative Folkeparti,sjælland,49 år,49.0,Kandidat-/masteruddannelse,1976-10-14T00:00:00,0.0,,0.0,0.0,0.0,0.0,0.0,0.0,0.0,0.0,0.0,0.0,0.0,0.0,356,270749,0.0013148709690525174,,,
Barbara Krarup Hansen,Radikale Venstre,sydjylland,51 år,51.0,Kandidat-/masteruddannelse,,1.0,barbarakrarup,2.0,1.0,1.0,1.0,1.0,0.0,1.0986122886681098,0.6931471805599453,0.6931471805599453,0.6931471805599453,0.6931471805599453,0.0,96,207442,0.00046277995777132885,,,
Benjamin Christensen,SF - Socialistisk Folkeparti,nordjylland,29 år,29.0,Kandidat-/masteruddannelse,1996-05-07T00:00:00,1.0,benjaminrfchristensen,0.0,0.0,0.0,0.0,0.0,0.0,0.0,0.0,0.0,0.0,0.0,0.0,991,413306,0.002397739205334546,,,
Benny Bindslev,Danmarksdemokraterne - Inger Støjberg,københavn,,46.0,Unknown,,0.0,,0.0,0.0,0.0,0.0,0.0,0.0,0.0,0.0,0.0,0.0,0.0,0.0,184,205302,0.0008962406601007297,,,
Benny Dall,Enhedslisten - De Rød-Grønne,sydjylland,70 år,70.0,Gymnasial uddannelse,1956-02-19T00:00:00,0.0,,0.0,0.0,0.0,0.0,0.0,0.0,0.0,0.0,0.0,0.0,0.0,0.0,201,226037,0.000889234948260683,223.0,181452.0,0.0012289751559641116
Benny Damgaard,Danmarksdemokraterne - Inger Støjberg,sjælland,,46.0,Unknown,,0.0,,0.0,0.0,0.0,0.0,0.0,0.0,0.0,0.0,0.0,0.0,0.0,0.0,1468,205302,0.007150441788194952,,,
Benny Engelbrecht,Socialdemokratiet,sydjylland,55 år,55.0,Grundskole,,0.0,,0.0,0.0,0.0,0.0,0.0,0.0,0.0,0.0,0.0,0.0,0.0,0.0,7275,779252,0.009335875942570567,10657.0,971995.0,0.010964048168972063
Bente Refslund,SF - Socialistisk Folkeparti,vestjylland,68 år,68.0,Ikke oplyst,,0.0,,0.0,0.0,0.0,0.0,0.0,0.0,0.0,0.0,0.0,0.0,0.0,0.0,472,413306,0.0011420110039534873,527.0,293186.0,0.0017974937411745445
Berit Raldin,Enhedslisten - De Rød-Grønne,nordjylland,56 år,56.0,Ikke oplyst,,0.0,,0.0,0.0,0.0,0.0,0.0,0.0,0.0,0.0,0.0,0.0,0.0,0.0,353,226037,0.0015616912275423936,186.0,181452.0,0.001025064479862443
Betina Asbæk,Moderaterne,københavns omegn,49 år,49.0,Bachelor-/diplomuddannelse,1977-01-30T00:00:00,0.0,,0.0,0.0,0.0,0.0,0.0,0.0,0.0,0.0,0.0,0.0,0.0,0.0,691,274775,0.0025147848239468655,,,
Betina Kastbjerg,Danmarksdemokraterne - Inger Støjberg,vestjylland,,46.0,Unknown,,1.0,betinakastbjerg,0.0,0.0,0.0,0.0,0.0,0.0,0.0,0.0,0.0,0.0,0.0,0.0,2259,205302,0.011003302451997545,,,
Bia Ndamukunda,Det Konservative Folkeparti,østjylland,,46.0,Ikke oplyst,,0.0,,0.0,0.0,0.0,0.0,0.0,0.0,0.0,0.0,0.0,0.0,0.0,0.0,106,270749,0.0003915065244931653,,,
Bianca Vitting,Enhedslisten - De Rød-Grønne,københavns omegn,46 år,46.0,Kandidat-/masteruddannelse,,0.0,,0.0,0.0,0.0,0.0,0.0,0.0,0.0,0.0,0.0,0.0,0.0,0.0,637,226037,0.0028181226967266423,,,
Birgit Gedionsen,Enhedslisten - De Rød-Grønne,sjælland,73 år,73.0,Kandidat-/masteruddannelse,1953-01-27T00:00:00,0.0,,0.0,0.0,0.0,0.0,0.0,0.0,0.0,0.0,0.0,0.0,0.0,0.0,225,226037,0.00099541225551569,118.0,181452.0,0.0006503097237837004
Birgitte Bergman,Det Konservative Folkeparti,nordsjælland,59 år,59.0,Erhvervsuddannelse,1967-01-13T00:00:00,0.0,,0.0,0.0,0.0,0.0,0.0,0.0,0.0,0.0,0.0,0.0,0.0,0.0,3176,270749,0.011730421903682007,1533.0,194820.0,0.0078688019710502
Birgitte Vind,Socialdemokratiet,sydjylland,60 år,60.0,Bachelor-/diplomuddannelse,1965-08-13T00:00:00,0.0,,0.0,0.0,0.0,0.0,0.0,0.0,0.0,0.0,0.0,0.0,0.0,0.0,6220,779252,0.007982013520658273,7116.0,971995.0,0.007321025313916224
Birthe Tindbæk Bredo,"Venstre, Danmarks Liberale Parti",bornholm,,46.0,Unknown,,,,,,,,,,,,,,,,24,361689,6.635534948533132e-05,25.0,470546.0,5.312976839671361e-05
Bjarke Bisgaard Yolal,SF - Socialistisk Folkeparti,københavn,37 år,37.0,Kandidat-/masteruddannelse,,0.0,,0.0,0.0,0.0,0.0,0.0,0.0,0.0,0.0,0.0,0.0,0.0,0.0,129,413306,0.0003121174142161014,,,
Bjarke Jensen,Radikale Venstre,østjylland,42 år,42.0,Bachelor-/diplomuddannelse,,0.0,,0.0,0.0,0.0,0.0,0.0,0.0,0.0,0.0,0.0,0.0,0.0,0.0,389,207442,0.0018752229538859056,,,
Bjarne Lastein,Radikale Venstre,sydjylland,,46.0,Ikke oplyst,,0.0,,0.0,0.0,0.0,0.0,0.0,0.0,0.0,0.0,0.0,0.0,0.0,0.0,62,207442,0.00029887872272731656,139.0,133931.0,0.0010378478470257073
Bjørn Brandenborg,Socialdemokratiet,fyn,34 år,34.0,Bachelor-/diplomuddannelse,,1.0,bjornbrandenborg,34.0,34.0,34.0,34.0,16.0,8.0,3.5553480614894135,3.5553480614894135,3.5553480614894135,3.5553480614894135,2.833213344056216,2.1972245773362196,12098,779252,0.01552514462587199,11167.0,971995.0,0.011488742226040257
Bjørn Jensen,Det Konservative Folkeparti,østjylland,48 år,48.0,Ikke oplyst,,0.0,,0.0,0.0,0.0,0.0,0.0,0.0,0.0,0.0,0.0,0.0,0.0,0.0,509,270749,0.0018799700091228406,,,
Bjørn Laursen,Socialdemokratiet,sydjylland,,46.0,Ikke oplyst,,0.0,,0.0,0.0,0.0,0.0,0.0,0.0,0.0,0.0,0.0,0.0,0.0,0.0,64,779252,8.213004265629091e-05,254.0,971995.0,0.0002613182166574931
Bjørn Olsen,Alternativet,østjylland,54 år,54.0,Ikke oplyst,,0.0,,0.0,0.0,0.0,0.0,0.0,0.0,0.0,0.0,0.0,0.0,0.0,0.0,351,91770,0.0038247793396534815,,,
Bo Nielsen,Alternativet,sydjylland,66 år,66.0,Bachelor-/diplomuddannelse,,0.0,,0.0,0.0,0.0,0.0,0.0,0.0,0.0,0.0,0.0,0.0,0.0,0.0,61,91770,0.0006647052413642803,,,
Bo Ritterbusch,Liberal Alliance,nordjylland,57 år,57.0,Ikke oplyst,,0.0,,0.0,0.0,0.0,0.0,0.0,0.0,0.0,0.0,0.0,0.0,0.0,0.0,588,334421,0.0017582627885210558,701.0,278656.0,0.002515646531924667
Bo Tønnesen,Alternativet,fyn,,46.0,Ikke oplyst,,0.0,,0.0,0.0,0.0,0.0,0.0,0.0,0.0,0.0,0.0,0.0,0.0,0.0,21,91770,0.0002288329519450801,,,
Bo Vibe Ancher Jensen,Dansk Folkeparti,bornholm,49 år,49.0,Erhvervsuddannelse,,0.0,,0.0,0.0,0.0,0.0,0.0,0.0,0.0,0.0,0.0,0.0,0.0,0.0,545,324518,0.001679413776739657,,,
Bob Richard Nielsen,Danmarksdemokraterne - Inger Støjberg,sjælland,,46.0,Unknown,,0.0,,0.0,0.0,0.0,0.0,0.0,0.0,0.0,0.0,0.0,0.0,0.0,0.0,299,205302,0.0014563910726636856,,,
Bodil Helbo,Alternativet,fyn,77 år,77.0,Seminaruddannelse,1948-11-19T00:00:00,0.0,,0.0,0.0,0.0,0.0,0.0,0.0,0.0,0.0,0.0,0.0,0.0,0.0,70,91770,0.0007627765064836003,,,
Bodil Nielsen,Alternativet,sydjylland,,46.0,Ikke oplyst,,0.0,,0.0,0.0,0.0,0.0,0.0,0.0,0.0,0.0,0.0,0.0,0.0,0.0,32,91770,0.0003486978315353601,,,
Brian Køster,Radikale Venstre,københavns omegn,48 år,48.0,Ph.d.-uddannelse,,1.0,briankoster,0.0,0.0,0.0,0.0,0.0,0.0,0.0,0.0,0.0,0.0,0.0,0.0,275,207442,0.0013256717540324524,525.0,133931.0,0.003919928918622276
Brian Lyck Jørgensen,Dansk Folkeparti,nordsjælland,43 år,43.0,Erhvervsuddannelse,,0.0,,0.0,0.0,0.0,0.0,0.0,0.0,0.0,0.0,0.0,0.0,0.0,0.0,566,324518,0.0017441251332745795,312.0,93428.0,0.0033394699661771633
Brian Mørch,Danmarksdemokraterne - Inger Støjberg,sjælland,,46.0,Unknown,,0.0,,0.0,0.0,0.0,0.0,0.0,0.0,0.0,0.0,0.0,0.0,0.0,0.0,376,205302,0.0018314483054232302,,,
Brian Perri,Moderaterne,sjælland,46 år,46.0,Erhvervsuddannelse,1980-02-05T00:00:00,0.0,,0.0,0.0,0.0,0.0,0.0,0.0,0.0,0.0,0.0,0.0,0.0,0.0,234,274775,0.0008516058593394596,,,
Brian Prehn,Liberal Alliance,sjælland,51 år,51.0,Erhvervsuddannelse,,0.0,,0.0,0.0,0.0,0.0,0.0,0.0,0.0,0.0,0.0,0.0,0.0,0.0,44,334421,0.0001315706848553171,,,
Bruno Jerup,Enhedslisten - De Rød-Grønne,sjælland,68 år,68.0,Kandidat-/masteruddannelse,,0.0,,0.0,0.0,0.0,0.0,0.0,0.0,0.0,0.0,0.0,0.0,0.0,0.0,168,226037,0.0007432411507850485,135.0,181452.0,0.000743998412803386
Camilla Fabricius,Socialdemokratiet,østjylland,54 år,54.0,Seminaruddannelse,1971-10-20T00:00:00,0.0,,0.0,0.0,0.0,0.0,0.0,0.0,0.0,0.0,0.0,0.0,0.0,0.0,5876,779252,0.007540564541380709,4510.0,971995.0,0.004639941563485409
Camilla Hoffmann,Socialdemokratiet,københavn,56 år,56.0,Kandidat-/masteruddannelse,1970-02-09T00:00:00,0.0,,0.0,0.0,0.0,0.0,0.0,0.0,0.0,0.0,0.0,0.0,0.0,0.0,418,779252,0.0005364118410988999,,,
Camilla Schuster Nygaard,Moderaterne,fyn,42 år,42.0,Bachelor-/diplomuddannelse,,0.0,,0.0,0.0,0.0,0.0,0.0,0.0,0.0,0.0,0.0,0.0,0.0,0.0,434,274775,0.0015794741151851515,,,
Carina Høedt,Det Konservative Folkeparti,københavn,38 år,38.0,Kandidat-/masteruddannelse,,1.0,carina.til.folketinget,28.0,10.0,10.0,9.0,7.0,4.0,3.367295829986474,2.3978952727983707,2.3978952727983707,2.302585092994046,2.0794415416798357,1.6094379124341003,1063,270749,0.003926145618266365,,,
Carina Sarkkinen,SF - Socialistisk Folkeparti,østjylland,44 år,44.0,Ikke oplyst,,0.0,,0.0,0.0,0.0,0.0,0.0,0.0,0.0,0.0,0.0,0.0,0.0,0.0,861,413306,0.0020832022762795606,,,
Carl Andersen,Liberal Alliance,sydjylland,31 år,31.0,Kandidat-/masteruddannelse,1995-01-27T00:00:00,1.0,carlandersen27,37.0,26.0,26.0,18.0,12.0,6.0,3.6375861597263857,3.295836866004329,3.295836866004329,2.9444389791664403,2.5649493574615367,1.9459101490553132,1106,334421,0.0033072085784086524,821.0,278656.0,0.002946285025264125
Carl Emil Lind,Socialdemokratiet,sjælland,27 år,27.0,Erhvervsuddannelse,,1.0,carl.emil.lind.ch,17.0,17.0,17.0,13.0,8.0,4.0,2.8903717578961645,2.8903717578961645,2.8903717578961645,2.6390573296152584,2.1972245773362196,1.6094379124341003,2495,779252,0.0032017883816788406,,,
Carl Valentin,SF - Socialistisk Folkeparti,københavn,34 år,34.0,Bachelor-/diplomuddannelse,,0.0,,0.0,0.0,0.0,0.0,0.0,0.0,0.0,0.0,0.0,0.0,0.0,0.0,3271,413306,0.007914233037991223,2631.0,293186.0,0.008973825489620923
Carolina Cámara,Enhedslisten - De Rød-Grønne,nordsjælland,22 år,22.0,Bachelor-/diplomuddannelse,2003-08-25T00:00:00,1.0,caarolinacamaraa,16.0,11.0,11.0,10.0,8.0,6.0,2.833213344056216,2.4849066497880004,2.4849066497880004,2.3978952727983707,2.1972245773362196,1.9459101490553132,734,226037,0.0032472559802156284,,,
Caroline Lochow,Enhedslisten - De Rød-Grønne,københavns omegn,19 år,19.0,Gymnasial uddannelse,2006-10-15T00:00:00,0.0,,0.0,0.0,0.0,0.0,0.0,0.0,0.0,0.0,0.0,0.0,0.0,0.0,586,226037,0.0025924959188097525,,,
Caroline Stage,Moderaterne,østjylland,35 år,35.0,Kandidat-/masteruddannelse,,0.0,,0.0,0.0,0.0,0.0,0.0,0.0,0.0,0.0,0.0,0.0,0.0,0.0,3751,274775,0.013651169138385951,,,
Caroline Svejsø,Det Konservative Folkeparti,østjylland,27 år,27.0,Bachelor-/diplomuddannelse,1999-01-04T00:00:00,0.0,,0.0,0.0,0.0,0.0,0.0,0.0,0.0,0.0,0.0,0.0,0.0,0.0,367,270749,0.0013554990046131287,,,
Carsten Abildtrup Ranum,Liberal Alliance,sjælland,55 år,55.0,Bachelor-/diplomuddannelse,,0.0,,0.0,0.0,0.0,0.0,0.0,0.0,0.0,0.0,0.0,0.0,0.0,0.0,82,334421,0.00024519991268490913,,,
Carsten Bach,Liberal Alliance,vestjylland,50 år,50.0,Kandidat-/masteruddannelse,1975-12-09T00:00:00,0.0,,0.0,0.0,0.0,0.0,0.0,0.0,0.0,0.0,0.0,0.0,0.0,0.0,2315,334421,0.006922412169092252,2103.0,278656.0,0.007546939595774001
Carsten Bedsted,Radikale Venstre,nordjylland,54 år,54.0,Kandidat-/masteruddannelse,,1.0,carstenbedsted,33.0,26.0,26.0,20.0,11.0,6.0,3.5263605246161616,3.295836866004329,3.295836866004329,3.044522437723423,2.4849066497880004,1.9459101490553132,859,207442,0.004140916497141369,,,
Carsten Sohl,Alternativet,sydjylland,66 år,66.0,Erhvervsuddannelse,1959-07-15T00:00:00,0.0,,0.0,0.0,0.0,0.0,0.0,0.0,0.0,0.0,0.0,0.0,0.0,0.0,43,91770,0.0004685627111256402,88.0,117567.0,0.0007485093606199018
Casper Hindkjær,Radikale Venstre,vestjylland,,46.0,Kandidat-/masteruddannelse,,0.0,,0.0,0.0,0.0,0.0,0.0,0.0,0.0,0.0,0.0,0.0,0.0,0.0,189,207442,0.0009110980418623037,,,
Catharina Næsby Malkki,Alternativet,københavn,37 år,37.0,Ikke oplyst,,0.0,,0.0,0.0,0.0,0.0,0.0,0.0,0.0,0.0,0.0,0.0,0.0,0.0,259,91770,0.0028222730739893213,,,
Cecilie C. Johannsen,Det Konservative Folkeparti,sydjylland,23 år,23.0,Erhvervsuddannelse,,0.0,,0.0,0.0,0.0,0.0,0.0,0.0,0.0,0.0,0.0,0.0,0.0,0.0,309,270749,0.0011412784534753592,,,
Cecilie Liv Hansen,Liberal Alliance,sydjylland,24 år,24.0,Bachelor-/diplomuddannelse,,1.0,cecilieldh,23.0,9.0,9.0,8.0,5.0,3.0,3.1780538303479458,2.302585092994046,2.302585092994046,2.1972245773362196,1.791759469228055,1.3862943611198906,2569,334421,0.0076819338498479465,,,
Cecilie Louise Balbay Holdt,SF - Socialistisk Folkeparti,københavn,39 år,39.0,Kandidat-/masteruddannelse,,0.0,,0.0,0.0,0.0,0.0,0.0,0.0,0.0,0.0,0.0,0.0,0.0,0.0,903,413306,0.0021848218995127095,703.0,293186.0,0.002397795256253709
Charlotte Bagge,Moderaterne,sjælland,66 år,66.0,Ikke oplyst,,0.0,,0.0,0.0,0.0,0.0,0.0,0.0,0.0,0.0,0.0,0.0,0.0,0.0,1909,274775,0.006947502502047129,,,
Charlotte Broman Mølbæk,SF - Socialistisk Folkeparti,østjylland,48 år,48.0,Bachelor-/diplomuddannelse,1977-11-29T00:00:00,0.0,,0.0,0.0,0.0,0.0,0.0,0.0,0.0,0.0,0.0,0.0,0.0,0.0,4356,413306,0.010539406638180912,2982.0,293186.0,0.010171017715716303
Charlotte Ellenberger,SF - Socialistisk Folkeparti,fyn,27 år,27.0,Bachelor-/diplomuddannelse,,0.0,,0.0,0.0,0.0,0.0,0.0,0.0,0.0,0.0,0.0,0.0,0.0,0.0,431,413306,0.0010428108955592224,,,
Charlotte Friberg Henriksen,Borgernes Parti - Lars Boje Mathiesen,bornholm,43 år,43.0,Bachelor-/diplomuddannelse,,0.0,,0.0,0.0,0.0,0.0,0.0,0.0,0.0,0.0,0.0,0.0,0.0,0.0,28,75928,0.0003687704140764935,,,
Charlotte Green,Det Konservative Folkeparti,østjylland,51 år,51.0,Ph.d.-uddannelse,,0.0,,0.0,0.0,0.0,0.0,0.0,0.0,0.0,0.0,0.0,0.0,0.0,0.0,1425,270749,0.005263177333988307,1299.0,194820.0,0.006667693255312596
Charlotte Haagendrup,Moderaterne,nordsjælland,59 år,59.0,Bachelor-/diplomuddannelse,,0.0,,0.0,0.0,0.0,0.0,0.0,0.0,0.0,0.0,0.0,0.0,0.0,0.0,865,274775,0.0031480302065326174,,,
Charlotte Lund,Enhedslisten - De Rød-Grønne,københavn,43 år,43.0,Ikke oplyst,1982-05-15T00:00:00,0.0,,0.0,0.0,0.0,0.0,0.0,0.0,0.0,0.0,0.0,0.0,0.0,0.0,633,226037,0.0028004264788508075,,,
Charlotte Munch,Danmarksdemokraterne - Inger Støjberg,københavns omegn,,46.0,Unknown,,0.0,,0.0,0.0,0.0,0.0,0.0,0.0,0.0,0.0,0.0,0.0,0.0,0.0,355,205302,0.0017291599692160816,,,
Charlotte Møller-Madsen,Borgernes Parti - Lars Boje Mathiesen,fyn,52 år,52.0,Ikke oplyst,1973-09-12T00:00:00,0.0,,0.0,0.0,0.0,0.0,0.0,0.0,0.0,0.0,0.0,0.0,0.0,0.0,351,75928,0.004622800547887472,,,
Charlotte Nellemann,Liberal Alliance,københavn,52 år,52.0,Bachelor-/diplomuddannelse,,0.0,,0.0,0.0,0.0,0.0,0.0,0.0,0.0,0.0,0.0,0.0,0.0,0.0,191,334421,0.000571136381985581,895.0,278656.0,0.003211845429490124
Charlotte Vindeløv,SF - Socialistisk Folkeparti,østjylland,55 år,55.0,Bachelor-/diplomuddannelse,,0.0,,0.0,0.0,0.0,0.0,0.0,0.0,0.0,0.0,0.0,0.0,0.0,0.0,2248,413306,0.005439069357812371,1317.0,293186.0,0.004492028950904886
Chelle Lilly Albøge,Liberal Alliance,nordsjælland,33 år,33.0,Gymnasial uddannelse,,0.0,,0.0,0.0,0.0,0.0,0.0,0.0,0.0,0.0,0.0,0.0,0.0,0.0,1809,334421,0.005409349293256105,,,
Chris Hvidberg,Liberal Alliance,østjylland,54 år,54.0,Erhvervsuddannelse,1971-09-03T00:00:00,0.0,,0.0,0.0,0.0,0.0,0.0,0.0,0.0,0.0,0.0,0.0,0.0,0.0,285,334421,0.0008522192087219403,,,
Christian Elkjær,Radikale Venstre,nordsjælland,40 år,40.0,Ph.d.-uddannelse,,0.0,,0.0,0.0,0.0,0.0,0.0,0.0,0.0,0.0,0.0,0.0,0.0,0.0,414,207442,0.0019957385678888557,,,
Christian Faurholdt Jeppesen,Socialdemokratiet,bornholm,54 år,54.0,Bachelor-/diplomuddannelse,1971-09-24T00:00:00,0.0,,0.0,0.0,0.0,0.0,0.0,0.0,0.0,0.0,0.0,0.0,0.0,0.0,188,779252,0.00024125700030285454,,,
Christian Fini Mosegaard,Liberal Alliance,sydjylland,23 år,23.0,Erhvervsuddannelse,,0.0,,0.0,0.0,0.0,0.0,0.0,0.0,0.0,0.0,0.0,0.0,0.0,0.0,96,334421,0.00028706331241160093,,,
Christian Friis Bach,"Venstre, Danmarks Liberale Parti",sjælland,,46.0,Unknown,,,,,,,,,,,,,,,,2040,361689,0.005640204706253162,,,
Christian Juhl,Enhedslisten - De Rød-Grønne,vestjylland,73 år,73.0,Ikke oplyst,,0.0,,0.0,0.0,0.0,0.0,0.0,0.0,0.0,0.0,0.0,0.0,0.0,0.0,310,226037,0.0013714568853771727,,,
Christian Jørgensen,Liberal Alliance,sydjylland,63 år,63.0,Gymnasial uddannelse,,0.0,,0.0,0.0,0.0,0.0,0.0,0.0,0.0,0.0,0.0,0.0,0.0,0.0,498,334421,0.00148914093313518,,,
Christian Kirk,Dansk Folkeparti,sydjylland,25 år,25.0,Bachelor-/diplomuddannelse,2000-04-16T00:00:00,1.0,christiankirk00,20.0,20.0,20.0,20.0,14.0,7.0,3.044522437723423,3.044522437723423,3.044522437723423,3.044522437723423,2.70805020110221,2.0794415416798357,663,324518,0.0020430299706025554,,,
Christian Mutwa Christensen,SF - Socialistisk Folkeparti,sydjylland,43 år,43.0,Kandidat-/masteruddannelse,,0.0,,0.0,0.0,0.0,0.0,0.0,0.0,0.0,0.0,0.0,0.0,0.0,0.0,440,413306,0.001064586529109183,123.0,293186.0,0.0004195288997428254
Christian Rabjerg Madsen,Socialdemokratiet,sydjylland,40 år,40.0,Kandidat-/masteruddannelse,1986-03-24T00:00:00,0.0,,0.0,0.0,0.0,0.0,0.0,0.0,0.0,0.0,0.0,0.0,0.0,0.0,7844,779252,0.010066063353061655,7643.0,971995.0,0.007863209172886692
Christian Tarbensen,Det Konservative Folkeparti,sydjylland,19 år,19.0,Gymnasial uddannelse,,0.0,,0.0,0.0,0.0,0.0,0.0,0.0,0.0,0.0,0.0,0.0,0.0,0.0,40,270749,0.0001477383111294963,,,
Christian Vigilius,Det Konservative Folkeparti,københavns omegn,27 år,27.0,Bachelor-/diplomuddannelse,1998-07-23T00:00:00,0.0,,0.0,0.0,0.0,0.0,0.0,0.0,0.0,0.0,0.0,0.0,0.0,0.0,4295,270749,0.01586340115752967,,,
Christian Wibholm,Danmarksdemokraterne - Inger Støjberg,sjælland,,46.0,Unknown,,0.0,,0.0,0.0,0.0,0.0,0.0,0.0,0.0,0.0,0.0,0.0,0.0,0.0,336,205302,0.001636613379314376,,,
Christina Egelund,Moderaterne,østjylland,48 år,48.0,Ikke oplyst,1977-12-09T00:00:00,0.0,,0.0,0.0,0.0,0.0,0.0,0.0,0.0,0.0,0.0,0.0,0.0,0.0,3549,274775,0.012916022199981803,,,
Christina Eilers,Enhedslisten - De Rød-Grønne,nordjylland,47 år,47.0,Bachelor-/diplomuddannelse,,0.0,,0.0,0.0,0.0,0.0,0.0,0.0,0.0,0.0,0.0,0.0,0.0,0.0,198,226037,0.0008759627848538071,,,
Christina Falkberg,Radikale Venstre,københavns omegn,50 år,50.0,Kandidat-/masteruddannelse,,0.0,,0.0,0.0,0.0,0.0,0.0,0.0,0.0,0.0,0.0,0.0,0.0,0.0,1385,207442,0.006676565015763442,,,
Christina Foldager,Det Konservative Folkeparti,sydjylland,50 år,50.0,Kandidat-/masteruddannelse,,0.0,,0.0,0.0,0.0,0.0,0.0,0.0,0.0,0.0,0.0,0.0,0.0,0.0,1555,270749,0.005743326845159169,,,
Christina Hedegaard Hansen,Enhedslisten - De Rød-Grønne,østjylland,49 år,49.0,Kandidat-/masteruddannelse,1976-07-04T00:00:00,0.0,,0.0,0.0,0.0,0.0,0.0,0.0,0.0,0.0,0.0,0.0,0.0,0.0,259,226037,0.001145830107460283,,,
Christina Lykke,SF - Socialistisk Folkeparti,nordjylland,44 år,44.0,Bachelor-/diplomuddannelse,,0.0,,0.0,0.0,0.0,0.0,0.0,0.0,0.0,0.0,0.0,0.0,0.0,0.0,3260,413306,0.007887618374763492,,,
Christina Thorholm,Radikale Venstre,nordsjælland,61 år,61.0,Kandidat-/masteruddannelse,,0.0,,0.0,0.0,0.0,0.0,0.0,0.0,0.0,0.0,0.0,0.0,0.0,0.0,877,207442,0.004227687739223494,1077.0,133931.0,0.00804145418163084
Christoffer Aagaard Melson,"Venstre, Danmarks Liberale Parti",sydjylland,,46.0,Unknown,,,,,,,,,,,,,,,,4074,361689,0.011263820575134992,6460.0,470546.0,0.013728732153710796
Christoffer Emil Jexen,Enhedslisten - De Rød-Grønne,nordsjælland,38 år,38.0,Erhvervsuddannelse,,0.0,,0.0,0.0,0.0,0.0,0.0,0.0,0.0,0.0,0.0,0.0,0.0,0.0,515,226037,0.00227838805151369,442.0,181452.0,0.002435905914511827
Christopher Arzrouni,Liberal Alliance,nordsjælland,58 år,58.0,Kandidat-/masteruddannelse,,0.0,,0.0,0.0,0.0,0.0,0.0,0.0,0.0,0.0,0.0,0.0,0.0,0.0,1334,334421,0.003988983945386205,,,
Christopher Blomsterberg-Thaysen,"Venstre, Danmarks Liberale Parti",københavns omegn,,46.0,Unknown,,,,,,,,,,,,,,,,277,361689,0.0007658513253098656,,,
Clara Turms,Enhedslisten - De Rød-Grønne,københavns omegn,29 år,29.0,Kandidat-/masteruddannelse,,0.0,,0.0,0.0,0.0,0.0,0.0,0.0,0.0,0.0,0.0,0.0,0.0,0.0,1648,226037,0.007290841764843809,,,
Claus Bakke,"Venstre, Danmarks Liberale Parti",sjælland,,46.0,Unknown,,,,,,,,,,,,,,,,553,361689,0.0015289378443911759,,,
Claus Beck,Liberal Alliance,nordjylland,44 år,44.0,Bachelor-/diplomuddannelse,,0.0,,0.0,0.0,0.0,0.0,0.0,0.0,0.0,0.0,0.0,0.0,0.0,0.0,219,334421,0.0006548631814389647,,,
Claus Buch,"Venstre, Danmarks Liberale Parti",københavn,,46.0,Unknown,,,,,,,,,,,,,,,,468,361689,0.0012939293149639608,361.0,470546.0,0.0007671938556485444
Claus Jørgensen,SF - Socialistisk Folkeparti,sjælland,56 år,56.0,Kandidat-/masteruddannelse,,0.0,,0.0,0.0,0.0,0.0,0.0,0.0,0.0,0.0,0.0,0.0,0.0,0.0,1125,413306,0.0027219541937450703,725.0,293186.0,0.0024728329456386046
Claus Oxfeldt,"Venstre, Danmarks Liberale Parti",fyn,,46.0,Unknown,,,,,,,,,,,,,,,,1400,361689,0.0038707287199776603,,,
Claus Skovmose,Danmarksdemokraterne - Inger Støjberg,nordjylland,,46.0,Unknown,,0.0,,0.0,0.0,0.0,0.0,0.0,0.0,0.0,0.0,0.0,0.0,0.0,0.0,592,205302,0.0028835569064110432,,,
Coco Mette Cecilie Kjærgaard,Alternativet,sydjylland,45 år,45.0,Erhvervsuddannelse,,1.0,coco.esperas,48.0,13.0,13.0,13.0,8.0,3.0,3.8918202981106265,2.6390573296152584,2.6390573296152584,2.6390573296152584,2.1972245773362196,1.3862943611198906,379,91770,0.004129889942246921,,,
Damian Hartvig Mathiesen,Enhedslisten - De Rød-Grønne,vestjylland,23 år,23.0,Grundskole,,0.0,,0.0,0.0,0.0,0.0,0.0,0.0,0.0,0.0,0.0,0.0,0.0,0.0,66,226037,0.00029198759495126903,,,
Dan Arnløv,Det Konservative Folkeparti,sydjylland,50 år,50.0,Gymnasial uddannelse,1975-07-26T00:00:00,0.0,,0.0,0.0,0.0,0.0,0.0,0.0,0.0,0.0,0.0,0.0,0.0,0.0,747,270749,0.002759012960343344,,,
Dan Gaardboe Rueskov,Liberal Alliance,nordjylland,45 år,45.0,Erhvervsuddannelse,,0.0,,0.0,0.0,0.0,0.0,0.0,0.0,0.0,0.0,0.0,0.0,0.0,0.0,75,334421,0.00022426821282156323,,,
Daniel Drefeld,Det Konservative Folkeparti,nordsjælland,19 år,19.0,Gymnasial uddannelse,,0.0,,0.0,0.0,0.0,0.0,0.0,0.0,0.0,0.0,0.0,0.0,0.0,0.0,589,270749,0.0021754466313818333,,,
Daniel Juhl,Borgernes Parti - Lars Boje Mathiesen,fyn,45 år,45.0,Erhvervsuddannelse,,0.0,,0.0,0.0,0.0,0.0,0.0,0.0,0.0,0.0,0.0,0.0,0.0,0.0,152,75928,0.002001896533558108,,,
Danny Rosenkilde,Dansk Folkeparti,nordjylland,59 år,59.0,Grundskole,,0.0,,0.0,0.0,0.0,0.0,0.0,0.0,0.0,0.0,0.0,0.0,0.0,0.0,1011,324518,0.003115389593181272,,,
David Ibsen,Liberal Alliance,københavns omegn,,46.0,Ikke oplyst,,0.0,,0.0,0.0,0.0,0.0,0.0,0.0,0.0,0.0,0.0,0.0,0.0,0.0,72,334421,0.0002152974843087007,84.0,278656.0,0.0003014469453376206
David Rønne,Enhedslisten - De Rød-Grønne,københavn,55 år,55.0,Erhvervsuddannelse,1970-11-16T00:00:00,0.0,,0.0,0.0,0.0,0.0,0.0,0.0,0.0,0.0,0.0,0.0,0.0,0.0,174,226037,0.0007697854775988002,227.0,181452.0,0.0012510195533805084
Denise Rostgaard,Dansk Folkeparti,københavn,40 år,40.0,Bachelor-/diplomuddannelse,1985-12-26T00:00:00,1.0,deniserostgaard,18.0,18.0,18.0,18.0,16.0,7.0,2.9444389791664403,2.9444389791664403,2.9444389791664403,2.9444389791664403,2.833213344056216,2.0794415416798357,649,324518,0.00199988906624594,,,
Dennis Flydtkjær,Danmarksdemokraterne - Inger Støjberg,vestjylland,,46.0,Unknown,,1.0,flydtkjaer,0.0,0.0,0.0,0.0,0.0,0.0,0.0,0.0,0.0,0.0,0.0,0.0,4360,205302,0.021237006945865115,,,
Dennis Munk,Enhedslisten - De Rød-Grønne,østjylland,31 år,31.0,Erhvervsuddannelse,,0.0,,0.0,0.0,0.0,0.0,0.0,0.0,0.0,0.0,0.0,0.0,0.0,0.0,204,226037,0.0009025071116675589,,,
Didde Krabbe Johannesen,Alternativet,vestjylland,41 år,41.0,Bachelor-/diplomuddannelse,,0.0,,0.0,0.0,0.0,0.0,0.0,0.0,0.0,0.0,0.0,0.0,0.0,0.0,80,91770,0.0008717445788384003,241.0,117567.0,0.0020498949535158674
Dina Andersen-Raabjerg,Det Konservative Folkeparti,vestjylland,55 år,55.0,Kandidat-/masteruddannelse,1971-02-06T00:00:00,1.0,dinamyrupraabjerg,14.0,9.0,9.0,5.0,2.0,2.0,2.70805020110221,2.302585092994046,2.302585092994046,1.791759469228055,1.0986122886681098,1.0986122886681098,3389,270749,0.012517128410446577,,,
Dina Person,Danmarksdemokraterne - Inger Støjberg,sjælland,,46.0,Unknown,,0.0,,0.0,0.0,0.0,0.0,0.0,0.0,0.0,0.0,0.0,0.0,0.0,0.0,433,205302,0.0021090880751283474,,,
Ditte Keidser,Det Konservative Folkeparti,sjælland,44 år,44.0,Bachelor-/diplomuddannelse,1981-10-30T00:00:00,0.0,,0.0,0.0,0.0,0.0,0.0,0.0,0.0,0.0,0.0,0.0,0.0,0.0,352,270749,0.0013000971379395676,,,
Ditte Ravn Kaagaard,Moderaterne,nordjylland,49 år,49.0,Kandidat-/masteruddannelse,1977-01-22T00:00:00,0.0,,0.0,0.0,0.0,0.0,0.0,0.0,0.0,0.0,0.0,0.0,0.0,0.0,414,274775,0.0015066872896005823,,,
Dorte M. Nielsen,SF - Socialistisk Folkeparti,nordjylland,60 år,60.0,Bachelor-/diplomuddannelse,,0.0,,0.0,0.0,0.0,0.0,0.0,0.0,0.0,0.0,0.0,0.0,0.0,0.0,458,413306,0.0011081377962091042,625.0,293186.0,0.0021317525393436247
Dorte Vilhelmsen,Det Konservative Folkeparti,københavns omegn,51 år,51.0,Erhvervsuddannelse,1975-03-31T00:00:00,0.0,,0.0,0.0,0.0,0.0,0.0,0.0,0.0,0.0,0.0,0.0,0.0,0.0,498,270749,0.0018393419735622293,,,
Dorthe Beck-Nyling,Moderaterne,københavns omegn,49 år,49.0,Bachelor-/diplomuddannelse,,0.0,,0.0,0.0,0.0,0.0,0.0,0.0,0.0,0.0,0.0,0.0,0.0,0.0,350,274775,0.0012737694477299609,,,
Dorthe Hindborg,Socialdemokratiet,østjylland,,46.0,Bachelor-/diplomuddannelse,,0.0,,0.0,0.0,0.0,0.0,0.0,0.0,0.0,0.0,0.0,0.0,0.0,0.0,1664,779252,0.0021353811090635637,3935.0,971995.0,0.0040483747344379345
Dorthe Kerschus,Radikale Venstre,nordjylland,46 år,46.0,Bachelor-/diplomuddannelse,,0.0,,0.0,0.0,0.0,0.0,0.0,0.0,0.0,0.0,0.0,0.0,0.0,0.0,158,207442,0.0007616586804986454,193.0,133931.0,0.0014410405357982842
Dorthe Pedersen,Det Konservative Folkeparti,nordjylland,42 år,42.0,Erhvervsuddannelse,,0.0,,0.0,0.0,0.0,0.0,0.0,0.0,0.0,0.0,0.0,0.0,0.0,0.0,435,270749,0.0016066541335332724,,,
Edith Vels,Enhedslisten - De Rød-Grønne,østjylland,22 år,22.0,Gymnasial uddannelse,2003-12-11T00:00:00,1.0,edith_vels,6.0,6.0,6.0,4.0,1.0,0.0,1.9459101490553132,1.9459101490553132,1.9459101490553132,1.6094379124341003,0.6931471805599453,0.0,2596,226037,0.011484845401416583,,,
Edris Qasimi,Radikale Venstre,sjælland,38 år,38.0,Kandidat-/masteruddannelse,,0.0,,0.0,0.0,0.0,0.0,0.0,0.0,0.0,0.0,0.0,0.0,0.0,0.0,444,207442,0.002140357304692396,203.0,133931.0,0.0015157058485339467
Edvard Korsbæk,Alternativet,sydjylland,70 år,70.0,Kandidat-/masteruddannelse,1955-05-25T00:00:00,0.0,,0.0,0.0,0.0,0.0,0.0,0.0,0.0,0.0,0.0,0.0,0.0,0.0,44,91770,0.0004794595183611202,,,
Egil Hulgaard,Det Konservative Folkeparti,nordsjælland,64 år,64.0,Ph.d.-uddannelse,1962-03-30T00:00:00,0.0,,0.0,0.0,0.0,0.0,0.0,0.0,0.0,0.0,0.0,0.0,0.0,0.0,1027,270749,0.003793181138249818,730.0,194820.0,0.0037470485576429524
Eik Dahl Bidstrup,Liberal Alliance,bornholm,51 år,51.0,Kandidat-/masteruddannelse,1974-11-05T00:00:00,1.0,eikdahlbidstrup,0.0,0.0,0.0,0.0,0.0,0.0,0.0,0.0,0.0,0.0,0.0,0.0,148,334421,0.0004425559399678848,,,
Elias Julius Binggeli,SF - Socialistisk Folkeparti,nordsjælland,23 år,23.0,Grundskole,2002-12-23T00:00:00,0.0,,0.0,0.0,0.0,0.0,0.0,0.0,0.0,0.0,0.0,0.0,0.0,0.0,189,413306,0.0004572883045491718,,,
Elise Sydendal,Alternativet,sjælland,26 år,26.0,Kandidat-/masteruddannelse,1999-09-18T00:00:00,0.0,,0.0,0.0,0.0,0.0,0.0,0.0,0.0,0.0,0.0,0.0,0.0,0.0,1298,91770,0.014144055791653046,,,
Ellen Emilie,Moderaterne,københavn,24 år,24.0,Bachelor-/diplomuddannelse,,1.0,ellenemilie_,27.0,27.0,27.0,27.0,21.0,10.0,3.332204510175204,3.332204510175204,3.332204510175204,3.332204510175204,3.091042453358316,2.3978952727983707,1175,274775,0.00427622600309344,993.0,327699.0,0.003030219805370172
Elva Bille Klem,Liberal Alliance,sjælland,,46.0,Ikke oplyst,,0.0,,0.0,0.0,0.0,0.0,0.0,0.0,0.0,0.0,0.0,0.0,0.0,0.0,56,334421,0.00016745359890676722,,,
Emil Andersen,Enhedslisten - De Rød-Grønne,nordsjælland,39 år,39.0,Kandidat-/masteruddannelse,1987-01-20T00:00:00,0.0,,0.0,0.0,0.0,0.0,0.0,0.0,0.0,0.0,0.0,0.0,0.0,0.0,566,226037,0.00250401482943058,,,
Emil M. D. Christensen,"Venstre, Danmarks Liberale Parti",østjylland,,46.0,Unknown,,,,,,,,,,,,,,,,277,361689,0.0007658513253098656,,,
Emil Moselund,Radikale Venstre,københavn,32 år,32.0,Kandidat-/masteruddannelse,,0.0,,0.0,0.0,0.0,0.0,0.0,0.0,0.0,0.0,0.0,0.0,0.0,0.0,975,207442,0.004700108946115058,,,
Emil Nielsen,SF - Socialistisk Folkeparti,nordsjælland,42 år,42.0,Kandidat-/masteruddannelse,1983-04-27T00:00:00,0.0,,0.0,0.0,0.0,0.0,0.0,0.0,0.0,0.0,0.0,0.0,0.0,0.0,1590,413306,0.003847028593826366,,,
Emil Sloth,Alternativet,nordjylland,31 år,31.0,Kandidat-/masteruddannelse,,1.0,emilslothandersen,32.0,8.0,8.0,8.0,8.0,7.0,3.4965075614664802,2.1972245773362196,2.1972245773362196,2.1972245773362196,2.1972245773362196,2.0794415416798357,350,91770,0.0038138825324180014,,,
Emil Viskum,Enhedslisten - De Rød-Grønne,københavns omegn,45 år,45.0,Bachelor-/diplomuddannelse,1981-02-13T00:00:00,0.0,,0.0,0.0,0.0,0.0,0.0,0.0,0.0,0.0,0.0,0.0,0.0,0.0,443,226037,0.0019598561297486695,,,
Emilie Schytte,Borgernes Parti - Lars Boje Mathiesen,nordsjælland,32 år,32.0,Kandidat-/masteruddannelse,,1.0,emilie.schytte.bp,16.0,15.0,15.0,8.0,5.0,2.0,2.833213344056216,2.772588722239781,2.772588722239781,2.1972245773362196,1.791759469228055,1.0986122886681098,533,75928,0.00701980823938468,,,
Emilla Møller,Socialdemokratiet,københavn,,46.0,Ikke oplyst,,1.0,emillamoeller,16.0,1.0,2.0,1.0,0.0,0.0,2.833213344056216,0.6931471805599453,1.0986122886681098,0.6931471805599453,0.0,0.0,302,779252,0.0003875511387843727,,,
Emma Biørn Tretow-Fish,Radikale Venstre,nordjylland,35 år,35.0,Bachelor-/diplomuddannelse,,0.0,,0.0,0.0,0.0,0.0,0.0,0.0,0.0,0.0,0.0,0.0,0.0,0.0,822,207442,0.003962553388417003,,,
Emma Houe Mølgaard,Dansk Folkeparti,nordjylland,31 år,31.0,Ikke oplyst,1994-09-26T00:00:00,0.0,,0.0,0.0,0.0,0.0,0.0,0.0,0.0,0.0,0.0,0.0,0.0,0.0,940,324518,0.002896603578229867,,,
Emma Juul Hansen,Det Konservative Folkeparti,nordsjælland,26 år,26.0,Bachelor-/diplomuddannelse,2000-01-11T00:00:00,0.0,,0.0,0.0,0.0,0.0,0.0,0.0,0.0,0.0,0.0,0.0,0.0,0.0,2270,270749,0.008384149156598917,788.0,194820.0,0.0040447592649625295
Emma Thorup Jacobsen,SF - Socialistisk Folkeparti,vestjylland,29 år,29.0,Bachelor-/diplomuddannelse,,0.0,,0.0,0.0,0.0,0.0,0.0,0.0,0.0,0.0,0.0,0.0,0.0,0.0,655,413306,0.001584782219469352,438.0,293186.0,0.0014939321795720123
Erik Flyvholm,"Venstre, Danmarks Liberale Parti",vestjylland,,46.0,Unknown,,,,,,,,,,,,,,,,5833,361689,0.016127114731164065,,,
Erik Jensen,Socialdemokratiet,københavn,78 år,78.0,Kandidat-/masteruddannelse,,0.0,,0.0,0.0,0.0,0.0,0.0,0.0,0.0,0.0,0.0,0.0,0.0,0.0,201,779252,0.0002579396652174136,,,
Erik Poulsen,Danmarksdemokraterne - Inger Støjberg,østjylland,,46.0,Unknown,,0.0,,0.0,0.0,0.0,0.0,0.0,0.0,0.0,0.0,0.0,0.0,0.0,0.0,1109,205302,0.005401798326367985,,,
Erik Særkjær,Socialdemokratiet,østjylland,45 år,45.0,Seminaruddannelse,1981-03-23T00:00:00,0.0,,0.0,0.0,0.0,0.0,0.0,0.0,0.0,0.0,0.0,0.0,0.0,0.0,527,779252,0.0006762895699978954,,,
Erik Veje Rasmussen,"Venstre, Danmarks Liberale Parti",østjylland,,46.0,Unknown,,,,,,,,,,,,,,,,1819,361689,0.005029182529742403,2447.0,470546.0,0.005200341730670328
Esat Senturk,Radikale Venstre,københavns omegn,36 år,36.0,Bachelor-/diplomuddannelse,1989-05-18T00:00:00,1.0,esatsenturkrv,25.0,14.0,14.0,13.0,9.0,4.0,3.258096538021482,2.70805020110221,2.70805020110221,2.6390573296152584,2.302585092994046,1.6094379124341003,1664,207442,0.008021519268036367,,,
Eva Bechmann,Danmarksdemokraterne - Inger Støjberg,københavn,,46.0,Unknown,,0.0,,0.0,0.0,0.0,0.0,0.0,0.0,0.0,0.0,0.0,0.0,0.0,0.0,173,205302,0.0008426610554207948,,,
Eva Borchorst Mejnertz,Socialdemokratiet,vestjylland,45 år,45.0,Kandidat-/masteruddannelse,1980-07-30T00:00:00,0.0,,0.0,0.0,0.0,0.0,0.0,0.0,0.0,0.0,0.0,0.0,0.0,0.0,4131,779252,0.005301237597080277,,,
Eva Flyvholm,Enhedslisten - De Rød-Grønne,sjælland,,46.0,Unknown,,,,,,,,,,,,,,,,2822,226037,0.01248468171140123,,,
Fatih Baran,Enhedslisten - De Rød-Grønne,københavns omegn,48 år,48.0,Bachelor-/diplomuddannelse,1978-01-01T00:00:00,1.0,fatih.baran37,61.0,37.0,39.0,19.0,10.0,6.0,4.127134385045092,3.6375861597263857,3.6888794541139363,2.995732273553991,2.3978952727983707,1.9459101490553132,813,226037,0.0035967562832633594,,,
Fie Hækkerup,Socialdemokratiet,nordsjælland,31 år,31.0,Kandidat-/masteruddannelse,1994-07-25T00:00:00,0.0,,0.0,0.0,0.0,0.0,0.0,0.0,0.0,0.0,0.0,0.0,0.0,0.0,5763,779252,0.007395553684815695,5789.0,971995.0,0.005955791953662313
Filippa Emilie Vittrup,Enhedslisten - De Rød-Grønne,nordjylland,,46.0,Ikke oplyst,,1.0,filippavittrup,12.0,12.0,12.0,8.0,7.0,4.0,2.5649493574615367,2.5649493574615367,2.5649493574615367,2.1972245773362196,2.0794415416798357,1.6094379124341003,1332,226037,0.005892840552652884,,,
Filiz Sarah Thunø,Socialdemokratiet,sjælland,48 år,48.0,Bachelor-/diplomuddannelse,1977-07-25T00:00:00,0.0,,0.0,0.0,0.0,0.0,0.0,0.0,0.0,0.0,0.0,0.0,0.0,0.0,941,779252,0.0012075682834307771,,,
Finn Hartvig Nielsen,Radikale Venstre,sydjylland,46 år,46.0,Kandidat-/masteruddannelse,,0.0,,0.0,0.0,0.0,0.0,0.0,0.0,0.0,0.0,0.0,0.0,0.0,0.0,124,207442,0.0005977574454546331,65.0,133931.0,0.0004853245327818056
Flemming Møller Mortensen,Socialdemokratiet,nordjylland,62 år,62.0,Bachelor-/diplomuddannelse,1963-07-03T00:00:00,0.0,,0.0,0.0,0.0,0.0,0.0,0.0,0.0,0.0,0.0,0.0,0.0,0.0,5824,779252,0.007473833881722472,6194.0,971995.0,0.006372460763687056
Flemming Steenlykke,Borgernes Parti - Lars Boje Mathiesen,københavn,37 år,37.0,Bachelor-/diplomuddannelse,1989-02-17T00:00:00,0.0,,0.0,0.0,0.0,0.0,0.0,0.0,0.0,0.0,0.0,0.0,0.0,0.0,203,75928,0.002673585502054578,,,
Franciska Rosenkilde,Alternativet,københavn,,46.0,Ikke oplyst,,0.0,,0.0,0.0,0.0,0.0,0.0,0.0,0.0,0.0,0.0,0.0,0.0,0.0,11385,91770,0.12406015037593984,15699.0,117567.0,0.1335323687769527
Frank Clausen,Liberal Alliance,københavns omegn,51 år,51.0,Kandidat-/masteruddannelse,,0.0,,0.0,0.0,0.0,0.0,0.0,0.0,0.0,0.0,0.0,0.0,0.0,0.0,218,334421,0.0006518729386013438,,,
Frederik Blicher Pedersen,Liberal Alliance,nordjylland,,46.0,Bachelor-/diplomuddannelse,,0.0,,0.0,0.0,0.0,0.0,0.0,0.0,0.0,0.0,0.0,0.0,0.0,0.0,40,334421,0.00011960971350483373,,,
Frederik Bloch Münster,Det Konservative Folkeparti,sydjylland,31 år,31.0,Kandidat-/masteruddannelse,1994-11-03T00:00:00,0.0,,0.0,0.0,0.0,0.0,0.0,0.0,0.0,0.0,0.0,0.0,0.0,0.0,2081,270749,0.007686085636512046,1018.0,194820.0,0.005225336207781542
Frederik Germann,Det Konservative Folkeparti,nordsjælland,28 år,28.0,Bachelor-/diplomuddannelse,,0.0,,0.0,0.0,0.0,0.0,0.0,0.0,0.0,0.0,0.0,0.0,0.0,0.0,1243,270749,0.004590968018349098,,,
Frederik Grünfeld,Liberal Alliance,sjælland,30 år,30.0,Gymnasial uddannelse,1996-02-25T00:00:00,0.0,,0.0,0.0,0.0,0.0,0.0,0.0,0.0,0.0,0.0,0.0,0.0,0.0,351,334421,0.001049575236004916,436.0,278656.0,0.0015646531924666974
Frederik Houmann Thuesen,"Venstre, Danmarks Liberale Parti",vestjylland,,46.0,Unknown,,,,,,,,,,,,,,,,2085,361689,0.005764620986538158,,,
Frederik Klakk,Liberal Alliance,sydjylland,36 år,36.0,Bachelor-/diplomuddannelse,1990-04-03T00:00:00,1.0,frederikklakk,11.0,11.0,11.0,11.0,8.0,4.0,2.4849066497880004,2.4849066497880004,2.4849066497880004,2.4849066497880004,2.1972245773362196,1.6094379124341003,1738,334421,0.005197042051785026,,,
Frederik Lau Petersen,Moderaterne,københavns omegn,,46.0,Bachelor-/diplomuddannelse,,1.0,frederik_lau_petersen,20.0,20.0,20.0,20.0,17.0,8.0,3.044522437723423,3.044522437723423,3.044522437723423,3.044522437723423,2.8903717578961645,2.1972245773362196,225,274775,0.0008188517878264034,,,
Frederik Lundberg,Borgernes Parti - Lars Boje Mathiesen,københavns omegn,38 år,38.0,Ikke oplyst,,0.0,,0.0,0.0,0.0,0.0,0.0,0.0,0.0,0.0,0.0,0.0,0.0,0.0,97,75928,0.001277526077336424,,,
Frederik Max Krag,Liberal Alliance,sjælland,20 år,20.0,Ikke oplyst,,0.0,,0.0,0.0,0.0,0.0,0.0,0.0,0.0,0.0,0.0,0.0,0.0,0.0,26,334421,7.774631377814192e-05,,,
Frederik Rosberg,Radikale Venstre,københavn,38 år,38.0,Kandidat-/masteruddannelse,,0.0,,0.0,0.0,0.0,0.0,0.0,0.0,0.0,0.0,0.0,0.0,0.0,0.0,838,207442,0.004039683381378892,,,
Frederik Storm,Danmarksdemokraterne - Inger Støjberg,nordjylland,,46.0,Unknown,,0.0,,0.0,0.0,0.0,0.0,0.0,0.0,0.0,0.0,0.0,0.0,0.0,0.0,354,205302,0.0017242890960633603,,,
Frederik Vad,Socialdemokratiet,sjælland,31 år,31.0,Bachelor-/diplomuddannelse,,1.0,frederik.vad,53.0,40.0,40.0,28.0,20.0,12.0,3.9889840465642745,3.713572066704308,3.713572066704308,3.367295829986474,3.044522437723423,2.5649493574615367,6763,779252,0.008678835601320241,5082.0,971995.0,0.00522842195690307
Freja Brandhøj,Liberal Alliance,københavns omegn,38 år,38.0,Ikke oplyst,,0.0,,0.0,0.0,0.0,0.0,0.0,0.0,0.0,0.0,0.0,0.0,0.0,0.0,1566,334421,0.00468272028371424,,,
Freja Eva Lockenwitz,Radikale Venstre,nordsjælland,39 år,39.0,Kandidat-/masteruddannelse,,0.0,,0.0,0.0,0.0,0.0,0.0,0.0,0.0,0.0,0.0,0.0,0.0,0.0,1009,207442,0.004864010181159071,,,
Frida Bruun,Moderaterne,sydjylland,37 år,37.0,Bachelor-/diplomuddannelse,1988-12-31T00:00:00,0.0,,0.0,0.0,0.0,0.0,0.0,0.0,0.0,0.0,0.0,0.0,0.0,0.0,3193,274775,0.011620416704576472,1207.0,327699.0,0.0036832581118648516
Frida Qvist Kristensen,Moderaterne,sjælland,19 år,19.0,Gymnasial uddannelse,,0.0,,0.0,0.0,0.0,0.0,0.0,0.0,0.0,0.0,0.0,0.0,0.0,0.0,214,274775,0.0007788190337548904,,,
Gabriel Aaen,Det Konservative Folkeparti,nordjylland,22 år,22.0,Erhvervsuddannelse,,0.0,,0.0,0.0,0.0,0.0,0.0,0.0,0.0,0.0,0.0,0.0,0.0,0.0,48,270749,0.00017728597335539559,,,
Gert Bjerregaard,"Venstre, Danmarks Liberale Parti",østjylland,,46.0,Unknown,,,,,,,,,,,,,,,,1114,361689,0.0030799941386107955,,,
Gert Bækgaard,"Venstre, Danmarks Liberale Parti",vestjylland,,46.0,Unknown,,,,,,,,,,,,,,,,156,361689,0.0004313097716546536,,,
Gert Løfgren,Dansk Folkeparti,nordsjælland,60 år,60.0,10. klasse,,0.0,,0.0,0.0,0.0,0.0,0.0,0.0,0.0,0.0,0.0,0.0,0.0,0.0,608,324518,0.0018735478463444246,372.0,93428.0,0.0039816757289035404
Gitte Bjerremand Andersen,Moderaterne,sydjylland,49 år,49.0,Bachelor-/diplomuddannelse,,0.0,,0.0,0.0,0.0,0.0,0.0,0.0,0.0,0.0,0.0,0.0,0.0,0.0,609,274775,0.0022163588390501318,,,
Gitte Dreier Jacobsen,Alternativet,østjylland,50 år,50.0,Kandidat-/masteruddannelse,1975-12-15T00:00:00,0.0,,0.0,0.0,0.0,0.0,0.0,0.0,0.0,0.0,0.0,0.0,0.0,0.0,344,91770,0.0037485016890051216,,,
Gitte Eriksen,Det Konservative Folkeparti,sydjylland,52 år,52.0,Erhvervsuddannelse,1973-11-26T00:00:00,0.0,,0.0,0.0,0.0,0.0,0.0,0.0,0.0,0.0,0.0,0.0,0.0,0.0,719,270749,0.0026555961425526963,,,
Gorm Hoff Lauridsen,Det Konservative Folkeparti,vestjylland,36 år,36.0,Bachelor-/diplomuddannelse,,0.0,,0.0,0.0,0.0,0.0,0.0,0.0,0.0,0.0,0.0,0.0,0.0,0.0,560,270749,0.0020683363558129486,,,
Gorm Simonsen,Radikale Venstre,nordjylland,,46.0,Kandidat-/masteruddannelse,,0.0,,0.0,0.0,0.0,0.0,0.0,0.0,0.0,0.0,0.0,0.0,0.0,0.0,66,207442,0.0003181612209677886,,,
Gunver Birgitte Nielsen,Det Konservative Folkeparti,sydjylland,69 år,69.0,Kandidat-/masteruddannelse,,0.0,,0.0,0.0,0.0,0.0,0.0,0.0,0.0,0.0,0.0,0.0,0.0,0.0,227,270749,0.0008384149156598917,,,
Gunvor Wibroe,Socialdemokratiet,københavns omegn,54 år,54.0,Kandidat-/masteruddannelse,1972-02-25T00:00:00,0.0,,0.0,0.0,0.0,0.0,0.0,0.0,0.0,0.0,0.0,0.0,0.0,0.0,1712,779252,0.002196978641055782,1903.0,971995.0,0.0019578290011779895
Gustav Wilde,Liberal Alliance,fyn,20 år,20.0,Ikke oplyst,2005-12-26T00:00:00,0.0,,0.0,0.0,0.0,0.0,0.0,0.0,0.0,0.0,0.0,0.0,0.0,0.0,118,334421,0.0003528486548392595,,,
HP Beck,Liberal Alliance,nordjylland,47 år,47.0,Erhvervsuddannelse,,0.0,,0.0,0.0,0.0,0.0,0.0,0.0,0.0,0.0,0.0,0.0,0.0,0.0,992,334421,0.0029663208949198766,758.0,278656.0,0.0027201998162609095
Halime Oguz,SF - Socialistisk Folkeparti,københavn,,46.0,Kandidat-/masteruddannelse,,0.0,,0.0,0.0,0.0,0.0,0.0,0.0,0.0,0.0,0.0,0.0,0.0,0.0,1567,413306,0.0037913797525320225,1234.0,293186.0,0.004208932213680053
Hanne Bjørn,Liberal Alliance,københavns omegn,54 år,54.0,Erhvervsuddannelse,1972-03-25T00:00:00,0.0,,0.0,0.0,0.0,0.0,0.0,0.0,0.0,0.0,0.0,0.0,0.0,0.0,378,334421,0.0011303117926206787,,,
Hanne Frølund,Radikale Venstre,vestjylland,70 år,70.0,Bachelor-/diplomuddannelse,,0.0,,0.0,0.0,0.0,0.0,0.0,0.0,0.0,0.0,0.0,0.0,0.0,0.0,191,207442,0.0009207392909825397,,,
Hanne K. Mortensen,Alternativet,østjylland,,46.0,Kandidat-/masteruddannelse,,0.0,,0.0,0.0,0.0,0.0,0.0,0.0,0.0,0.0,0.0,0.0,0.0,0.0,58,91770,0.0006320148196578403,,,
Hanne Roed,Radikale Venstre,østjylland,57 år,57.0,Kandidat-/masteruddannelse,,0.0,,0.0,0.0,0.0,0.0,0.0,0.0,0.0,0.0,0.0,0.0,0.0,0.0,764,207442,0.0036829571639301587,693.0,133931.0,0.005174306172581404
Hans Andersen,"Venstre, Danmarks Liberale Parti",nordsjælland,,46.0,Unknown,,,,,,,,,,,,,,,,2664,361689,0.007365443792871776,4031.0,470546.0,0.008566643856286102
Hans Biering Fonsbøl,Alternativet,sydjylland,81 år,81.0,Kandidat-/masteruddannelse,,0.0,,0.0,0.0,0.0,0.0,0.0,0.0,0.0,0.0,0.0,0.0,0.0,0.0,51,91770,0.0005557371690094802,124.0,117567.0,0.0010547177354189527
Hans Blaaberg,Dansk Folkeparti,københavns omegn,55 år,55.0,Gymnasial uddannelse,,0.0,,0.0,0.0,0.0,0.0,0.0,0.0,0.0,0.0,0.0,0.0,0.0,0.0,739,324518,0.002277223451395608,,,
Hans Jensen,Enhedslisten - De Rød-Grønne,nordjylland,42 år,42.0,Kandidat-/masteruddannelse,,0.0,,0.0,0.0,0.0,0.0,0.0,0.0,0.0,0.0,0.0,0.0,0.0,0.0,67,226037,0.00029641164942022767,,,
Hans Jørgen Adamsen,"Venstre, Danmarks Liberale Parti",nordjylland,,46.0,Unknown,,,,,,,,,,,,,,,,125,361689,0.00034560077856943396,,,
Hans Kristian Skibby,Danmarksdemokraterne - Inger Støjberg,østjylland,,46.0,Unknown,,0.0,,0.0,0.0,0.0,0.0,0.0,0.0,0.0,0.0,0.0,0.0,0.0,0.0,1818,205302,0.008855247391647426,,,
Hans Skou,"Venstre, Danmarks Liberale Parti",østjylland,,46.0,Unknown,,,,,,,,,,,,,,,,272,361689,0.0007520272941670883,,,
Hediye Temiz,Radikale Venstre,nordsjælland,27 år,27.0,Bachelor-/diplomuddannelse,,1.0,hediyedptemiz,29.0,26.0,26.0,24.0,14.0,8.0,3.4011973816621555,3.295836866004329,3.295836866004329,3.2188758248682006,2.70805020110221,2.1972245773362196,899,207442,0.00433374147954609,,,
Helena Artmann Andresen,Liberal Alliance,sydjylland,24 år,24.0,Gymnasial uddannelse,2001-09-26T00:00:00,1.0,helenaartmann,30.0,27.0,27.0,18.0,8.0,5.0,3.4339872044851463,3.332204510175204,3.332204510175204,2.9444389791664403,2.1972245773362196,1.791759469228055,2387,334421,0.007137709653400953,1143.0,278656.0,0.004101831649058337
Helena Hedegaard Udsen,Enhedslisten - De Rød-Grønne,sjælland,29 år,29.0,Kandidat-/masteruddannelse,1996-08-13T00:00:00,1.0,helena_hedegaard_,26.0,0.0,0.0,0.0,0.0,0.0,3.295836866004329,0.0,0.0,0.0,0.0,0.0,729,226037,0.0032251357078708354,,,
Helena Tjørnelund Christensen,Radikale Venstre,sjælland,32 år,32.0,Kandidat-/masteruddannelse,1993-07-22T00:00:00,0.0,,0.0,0.0,0.0,0.0,0.0,0.0,0.0,0.0,0.0,0.0,0.0,0.0,502,207442,0.0024199535291792407,,,
Helene Brochmann,SF - Socialistisk Folkeparti,københavns omegn,60 år,60.0,Kandidat-/masteruddannelse,1965-08-01T00:00:00,0.0,,0.0,0.0,0.0,0.0,0.0,0.0,0.0,0.0,0.0,0.0,0.0,0.0,787,413306,0.001904158178202107,,,
Helene Brydensholt,Alternativet,nordsjælland,38 år,38.0,Kandidat-/masteruddannelse,1987-08-08T00:00:00,0.0,,0.0,0.0,0.0,0.0,0.0,0.0,0.0,0.0,0.0,0.0,0.0,0.0,1227,91770,0.013370382477933965,,,
Helene Fagerhøj,Det Konservative Folkeparti,københavn,,46.0,Kandidat-/masteruddannelse,,0.0,,0.0,0.0,0.0,0.0,0.0,0.0,0.0,0.0,0.0,0.0,0.0,0.0,1841,270749,0.006799655769735068,,,
Helene Hellesøe Appel,Enhedslisten - De Rød-Grønne,sydjylland,39 år,39.0,Kandidat-/masteruddannelse,,0.0,,0.0,0.0,0.0,0.0,0.0,0.0,0.0,0.0,0.0,0.0,0.0,0.0,361,226037,0.0015970836632940625,266.0,181452.0,0.0014659524281903755
Helene Langager,Radikale Venstre,københavn,54 år,54.0,Bachelor-/diplomuddannelse,1971-05-27T00:00:00,0.0,,0.0,0.0,0.0,0.0,0.0,0.0,0.0,0.0,0.0,0.0,0.0,0.0,1198,207442,0.005775108223021375,,,
Helene Lykke,Liberal Alliance,sydjylland,30 år,30.0,Gymnasial uddannelse,,1.0,hjal8,15.0,15.0,15.0,15.0,9.0,4.0,2.772588722239781,2.772588722239781,2.772588722239781,2.772588722239781,2.302585092994046,1.6094379124341003,351,334421,0.001049575236004916,,,
Helge Bo Jensen,Enhedslisten - De Rød-Grønne,københavns omegn,66 år,66.0,Kandidat-/masteruddannelse,1959-07-23T00:00:00,0.0,,0.0,0.0,0.0,0.0,0.0,0.0,0.0,0.0,0.0,0.0,0.0,0.0,279,226037,0.0012343111968394554,232.0,181452.0,0.0012785750501510041
Helge K. Frandsen,Borgernes Parti - Lars Boje Mathiesen,vestjylland,42 år,42.0,Erhvervsuddannelse,1983-06-01T00:00:00,0.0,,0.0,0.0,0.0,0.0,0.0,0.0,0.0,0.0,0.0,0.0,0.0,0.0,837,75928,0.011023601306500895,,,
Helle Bonnesen,Det Konservative Folkeparti,københavn,23 år,23.0,Kandidat-/masteruddannelse,2003-02-10T00:00:00,0.0,,0.0,0.0,0.0,0.0,0.0,0.0,0.0,0.0,0.0,0.0,0.0,0.0,2852,270749,0.010533741583533087,2783.0,194820.0,0.01428498100811005
Helle Jensen,Liberal Alliance,vestjylland,47 år,47.0,Bachelor-/diplomuddannelse,,0.0,,0.0,0.0,0.0,0.0,0.0,0.0,0.0,0.0,0.0,0.0,0.0,0.0,1487,334421,0.004446491099542193,240.0,278656.0,0.000861276986678916
Helle Munk Ravnborg,Enhedslisten - De Rød-Grønne,bornholm,64 år,64.0,Ph.d.-uddannelse,1961-10-13T00:00:00,0.0,,0.0,0.0,0.0,0.0,0.0,0.0,0.0,0.0,0.0,0.0,0.0,0.0,202,226037,0.0008936590027296416,,,
Henning Bo Madsen,Enhedslisten - De Rød-Grønne,vestjylland,68 år,68.0,Kandidat-/masteruddannelse,1958-03-28T00:00:00,0.0,,0.0,0.0,0.0,0.0,0.0,0.0,0.0,0.0,0.0,0.0,0.0,0.0,88,226037,0.0003893167932683587,,,
Henning Jørgensen,SF - Socialistisk Folkeparti,nordjylland,,46.0,Ikke oplyst,,0.0,,0.0,0.0,0.0,0.0,0.0,0.0,0.0,0.0,0.0,0.0,0.0,0.0,183,413306,0.00044277121551586476,91.0,293186.0,0.0003103831697284318
Henning Lindberg,Enhedslisten - De Rød-Grønne,vestjylland,67 år,67.0,Bachelor-/diplomuddannelse,,0.0,,0.0,0.0,0.0,0.0,0.0,0.0,0.0,0.0,0.0,0.0,0.0,0.0,108,226037,0.00047779788264753115,,,
Henrik B. Dynesen,Liberal Alliance,sjælland,51 år,51.0,Kandidat-/masteruddannelse,,0.0,,0.0,0.0,0.0,0.0,0.0,0.0,0.0,0.0,0.0,0.0,0.0,0.0,75,334421,0.00022426821282156323,,,
Henrik Brodersen,Dansk Folkeparti,sjælland,61 år,61.0,Erhvervsuddannelse,1964-06-03T00:00:00,0.0,,0.0,0.0,0.0,0.0,0.0,0.0,0.0,0.0,0.0,0.0,0.0,0.0,366,324518,0.0011278264996086504,,,
Henrik Frandsen,Moderaterne,sydjylland,65 år,65.0,Erhvervsuddannelse,,0.0,,0.0,0.0,0.0,0.0,0.0,0.0,0.0,0.0,0.0,0.0,0.0,0.0,4471,274775,0.016271494859430444,6206.0,327699.0,0.018938110888345707
Henrik Jacobsen,Det Konservative Folkeparti,sjælland,65 år,65.0,Kandidat-/masteruddannelse,1960-08-18T00:00:00,0.0,,0.0,0.0,0.0,0.0,0.0,0.0,0.0,0.0,0.0,0.0,0.0,0.0,219,270749,0.0008088672534339923,,,
Henrik Møller,Socialdemokratiet,nordsjælland,60 år,60.0,Gymnasial uddannelse,,0.0,,0.0,0.0,0.0,0.0,0.0,0.0,0.0,0.0,0.0,0.0,0.0,0.0,2781,779252,0.003568807009799141,4218.0,971995.0,0.004339528495516953
Henrik Rejnholt Andersen,"Venstre, Danmarks Liberale Parti",østjylland,,46.0,Unknown,,,,,,,,,,,,,,,,354,361689,0.000978741404908637,,,
Holly Marie Turner,Enhedslisten - De Rød-Grønne,sydjylland,22 år,22.0,Gymnasial uddannelse,,1.0,hollymarieturner,9.0,9.0,9.0,9.0,3.0,2.0,2.302585092994046,2.302585092994046,2.302585092994046,2.302585092994046,1.3862943611198906,1.0986122886681098,226,226037,0.0009998363099846485,,,
Ib Poulsen,Borgernes Parti - Lars Boje Mathiesen,nordjylland,61 år,61.0,Kandidat-/masteruddannelse,,0.0,,0.0,0.0,0.0,0.0,0.0,0.0,0.0,0.0,0.0,0.0,0.0,0.0,372,75928,0.004899378358444843,,,
Iben Forum Jeppesen,Liberal Alliance,vestjylland,,46.0,Ikke oplyst,,0.0,,0.0,0.0,0.0,0.0,0.0,0.0,0.0,0.0,0.0,0.0,0.0,0.0,81,334421,0.0002422096698472883,,,
Iben Krog,"Venstre, Danmarks Liberale Parti",sjælland,,46.0,Unknown,,,,,,,,,,,,,,,,3796,361689,0.01049520444359657,2624.0,470546.0,0.00557650049091906
Ibrahim Benli,Enhedslisten - De Rød-Grønne,københavns omegn,46 år,46.0,Kandidat-/masteruddannelse,1979-06-06T00:00:00,1.0,ibrahimbenli4,7.0,7.0,7.0,7.0,6.0,3.0,2.0794415416798357,2.0794415416798357,2.0794415416798357,2.0794415416798357,1.9459101490553132,1.3862943611198906,2740,226037,0.012121909244946624,,,
Ida Auken,Socialdemokratiet,københavn,47 år,47.0,Kandidat-/masteruddannelse,1978-04-22T00:00:00,1.0,idaauken,32.0,26.0,26.0,21.0,9.0,5.0,3.4965075614664802,3.295836866004329,3.295836866004329,3.091042453358316,2.302585092994046,1.791759469228055,11286,779252,0.014483119709670299,9879.0,971995.0,0.010163632528973914
Ida Dyhr,Det Konservative Folkeparti,sjælland,47 år,47.0,Kandidat-/masteruddannelse,,0.0,,0.0,0.0,0.0,0.0,0.0,0.0,0.0,0.0,0.0,0.0,0.0,0.0,1572,270749,0.005806115627389205,,,
Ina Juul Jensen,SF - Socialistisk Folkeparti,sydjylland,36 år,36.0,Ikke oplyst,,0.0,,0.0,0.0,0.0,0.0,0.0,0.0,0.0,0.0,0.0,0.0,0.0,0.0,868,413306,0.002100138880151752,,,
Inger Støjberg,Danmarksdemokraterne - Inger Støjberg,nordjylland,,46.0,Unknown,,1.0,ingerstojberg,27.0,27.0,27.0,27.0,15.0,4.0,3.332204510175204,3.332204510175204,3.332204510175204,3.332204510175204,2.772588722239781,1.6094379124341003,29995,205302,0.1461018402158771,,,
Ingrid Heintz,Alternativet,nordsjælland,70 år,70.0,Kandidat-/masteruddannelse,1955-06-03T00:00:00,0.0,,0.0,0.0,0.0,0.0,0.0,0.0,0.0,0.0,0.0,0.0,0.0,0.0,50,91770,0.0005448403617740002,,,
Isabel Havndrup Aackmann,Radikale Venstre,københavns omegn,25 år,25.0,Kandidat-/masteruddannelse,,1.0,havndrup,44.0,18.0,19.0,17.0,8.0,5.0,3.8066624897703196,2.9444389791664403,2.995732273553991,2.8903717578961645,2.1972245773362196,1.791759469228055,533,207442,0.0025693928905428987,,,
Isabella Apelroth,Alternativet,sjælland,,46.0,Ikke oplyst,,0.0,,0.0,0.0,0.0,0.0,0.0,0.0,0.0,0.0,0.0,0.0,0.0,0.0,45,91770,0.0004903563255966002,,,
Isabella Arendt,Det Konservative Folkeparti,københavns omegn,32 år,32.0,Bachelor-/diplomuddannelse,1993-05-07T00:00:00,0.0,,0.0,0.0,0.0,0.0,0.0,0.0,0.0,0.0,0.0,0.0,0.0,0.0,2132,270749,0.007874451983202154,,,
Jacob Abildgaard,Enhedslisten - De Rød-Grønne,vestjylland,,46.0,Ikke oplyst,,0.0,,0.0,0.0,0.0,0.0,0.0,0.0,0.0,0.0,0.0,0.0,0.0,0.0,49,226037,0.00021677866897897247,,,
Jacob Antvorskov,Alternativet,sjælland,50 år,50.0,Bachelor-/diplomuddannelse,1976-01-01T00:00:00,0.0,,0.0,0.0,0.0,0.0,0.0,0.0,0.0,0.0,0.0,0.0,0.0,0.0,295,91770,0.0032145581344666012,,,
Jacob Bentsen,Dansk Folkeparti,sjælland,59 år,59.0,Kandidat-/masteruddannelse,,0.0,,0.0,0.0,0.0,0.0,0.0,0.0,0.0,0.0,0.0,0.0,0.0,0.0,104,324518,0.0003204752895062832,,,
Jacob Harris,Borgernes Parti - Lars Boje Mathiesen,sjælland,40 år,40.0,Erhvervsuddannelse,,1.0,jacob.harris.borg,8.0,8.0,8.0,6.0,6.0,6.0,2.1972245773362196,2.1972245773362196,2.1972245773362196,1.9459101490553132,1.9459101490553132,1.9459101490553132,2307,75928,0.030384048045516806,,,
Jacob Holm,Alternativet,fyn,42 år,42.0,Seminaruddannelse,,0.0,,0.0,0.0,0.0,0.0,0.0,0.0,0.0,0.0,0.0,0.0,0.0,0.0,119,91770,0.0012967200610221204,,,
Jacob Jensen,"Venstre, Danmarks Liberale Parti",sjælland,,46.0,Unknown,,,,,,,,,,,,,,,,4265,361689,0.011791898564789087,5797.0,470546.0,0.01231973069582995
Jacob Mark,SF - Socialistisk Folkeparti,nordsjælland,34 år,34.0,Bachelor-/diplomuddannelse,1991-10-16T00:00:00,0.0,,0.0,0.0,0.0,0.0,0.0,0.0,0.0,0.0,0.0,0.0,0.0,0.0,12139,413306,0.02937049062921903,,,
Jacob Robsøe,Radikale Venstre,nordjylland,29 år,29.0,Kandidat-/masteruddannelse,,0.0,,0.0,0.0,0.0,0.0,0.0,0.0,0.0,0.0,0.0,0.0,0.0,0.0,677,207442,0.003263562827199892,,,
Jacob Skjærris,Det Konservative Folkeparti,østjylland,57 år,57.0,Kandidat-/masteruddannelse,1968-06-14T00:00:00,0.0,,0.0,0.0,0.0,0.0,0.0,0.0,0.0,0.0,0.0,0.0,0.0,0.0,350,270749,0.001292710222383093,,,
Jacob Stryhn,Det Konservative Folkeparti,sjælland,55 år,55.0,Erhvervsuddannelse,,0.0,,0.0,0.0,0.0,0.0,0.0,0.0,0.0,0.0,0.0,0.0,0.0,0.0,596,270749,0.0022013008358294952,631.0,194820.0,0.0032388871779078124
Jacqueline Kristensen,Liberal Alliance,københavns omegn,56 år,56.0,Seminaruddannelse,1970-03-12T00:00:00,0.0,,0.0,0.0,0.0,0.0,0.0,0.0,0.0,0.0,0.0,0.0,0.0,0.0,169,334421,0.0005053510395579225,,,
Jakob Engel-Schmidt,Moderaterne,københavn,42 år,42.0,Kandidat-/masteruddannelse,,1.0,jakobengelschmidt,0.0,0.0,0.0,0.0,0.0,0.0,0.0,0.0,0.0,0.0,0.0,0.0,8132,274775,0.029595123282685834,,,
Jakob Jensen,Enhedslisten - De Rød-Grønne,østjylland,31 år,31.0,Erhvervsuddannelse,,0.0,,0.0,0.0,0.0,0.0,0.0,0.0,0.0,0.0,0.0,0.0,0.0,0.0,274,226037,0.0012121909244946624,,,
Jakob Larsen,Radikale Venstre,fyn,51 år,51.0,Kandidat-/masteruddannelse,,1.0,jakob.larsen.rv,18.0,17.0,17.0,15.0,12.0,3.0,2.9444389791664403,2.8903717578961645,2.8903717578961645,2.772588722239781,2.5649493574615367,1.3862943611198906,1176,207442,0.005669054482698778,,,
Jakob Ravn Karlsen,Alternativet,københavn,26 år,26.0,Bachelor-/diplomuddannelse,,0.0,,0.0,0.0,0.0,0.0,0.0,0.0,0.0,0.0,0.0,0.0,0.0,0.0,107,91770,0.0011659583741963605,,,
Jakob Venø Heiwald,Danmarksdemokraterne - Inger Støjberg,sydjylland,,46.0,Unknown,,0.0,,0.0,0.0,0.0,0.0,0.0,0.0,0.0,0.0,0.0,0.0,0.0,0.0,439,205302,0.0021383133140446754,,,
Jan Carlsen,Moderaterne,sjælland,60 år,60.0,Ikke oplyst,1965-10-21T00:00:00,0.0,,0.0,0.0,0.0,0.0,0.0,0.0,0.0,0.0,0.0,0.0,0.0,0.0,187,274775,0.000680556819215722,324.0,327699.0,0.0009887122023564308
Jan E. Jørgensen,"Venstre, Danmarks Liberale Parti",københavn,,46.0,Unknown,,,,,,,,,,,,,,,,3538,361689,0.009781884436629258,4270.0,470546.0,0.009074564442158683
Jan Herskov,Dansk Folkeparti,sjælland,59 år,59.0,Erhvervsuddannelse,1966-07-15T00:00:00,0.0,,0.0,0.0,0.0,0.0,0.0,0.0,0.0,0.0,0.0,0.0,0.0,0.0,460,324518,0.0014174868574316371,224.0,93428.0,0.0023975681808451428
Jan Kristoffersen,Alternativet,københavn,,46.0,Ikke oplyst,,1.0,jankristoffersen,29.0,29.0,29.0,29.0,14.0,7.0,3.4011973816621555,3.4011973816621555,3.4011973816621555,3.4011973816621555,2.70805020110221,2.0794415416798357,554,91770,0.006036831208455922,751.0,117567.0,0.0063878469298357535
Jan Køpke Christensen,Borgernes Parti - Lars Boje Mathiesen,sydjylland,71 år,71.0,Gymnasial uddannelse,,0.0,,0.0,0.0,0.0,0.0,0.0,0.0,0.0,0.0,0.0,0.0,0.0,0.0,507,75928,0.006677378569170793,,,
Jan Schumann,Alternativet,københavn,,46.0,Ikke oplyst,,1.0,blandemaskinen,0.0,0.0,0.0,0.0,0.0,0.0,0.0,0.0,0.0,0.0,0.0,0.0,58,91770,0.0006320148196578403,52.0,117567.0,0.0004423009858208511
Jan Werner Mathiasen,Radikale Venstre,fyn,54 år,54.0,Kandidat-/masteruddannelse,1972-03-14T00:00:00,0.0,,0.0,0.0,0.0,0.0,0.0,0.0,0.0,0.0,0.0,0.0,0.0,0.0,1155,207442,0.0055678213669363005,457.0,133931.0,0.0034122047920197712
Jane Christensen,Det Konservative Folkeparti,sjælland,,46.0,Ikke oplyst,,0.0,,0.0,0.0,0.0,0.0,0.0,0.0,0.0,0.0,0.0,0.0,0.0,0.0,445,270749,0.0016435887113156467,,,
Jannie Boysen Westergaard,Det Konservative Folkeparti,sydjylland,55 år,55.0,Bachelor-/diplomuddannelse,,0.0,,0.0,0.0,0.0,0.0,0.0,0.0,0.0,0.0,0.0,0.0,0.0,0.0,954,270749,0.0035235587204384875,,,
Jarl Feyling,Socialdemokratiet,københavn,,46.0,Ikke oplyst,,1.0,jarlfeyling,7.0,0.0,0.0,0.0,0.0,0.0,2.0794415416798357,0.0,0.0,0.0,0.0,0.0,72,779252,9.239629798832727e-05,265.0,971995.0,0.0002726351473001404
Jarl Matthiesen,"Venstre, Danmarks Liberale Parti",vestjylland,,46.0,Unknown,,,,,,,,,,,,,,,,240,361689,0.0006635534948533132,64.0,470546.0,0.00013601220709558683
Jeanne Bergmansen,SF - Socialistisk Folkeparti,sjælland,36 år,36.0,Kandidat-/masteruddannelse,1989-05-01T00:00:00,1.0,jeannebergmansensf,11.0,1.0,1.0,1.0,1.0,0.0,2.4849066497880004,0.6931471805599453,0.6931471805599453,0.6931471805599453,0.6931471805599453,0.0,659,413306,0.00159446027882489,,,
Jens Anton Tingstrøm,Socialdemokratiet,københavns omegn,37 år,37.0,Bachelor-/diplomuddannelse,1989-01-15T00:00:00,0.0,,0.0,0.0,0.0,0.0,0.0,0.0,0.0,0.0,0.0,0.0,0.0,0.0,1373,779252,0.0017619460713607408,,,
Jens Frost,Radikale Venstre,københavns omegn,52 år,52.0,Kandidat-/masteruddannelse,,0.0,,0.0,0.0,0.0,0.0,0.0,0.0,0.0,0.0,0.0,0.0,0.0,0.0,235,207442,0.001132846771627732,,,
Jens Henrik W. Thulesen Dahl,Danmarksdemokraterne - Inger Støjberg,fyn,,46.0,Unknown,,0.0,,0.0,0.0,0.0,0.0,0.0,0.0,0.0,0.0,0.0,0.0,0.0,0.0,1447,205302,0.007048153451987804,,,
Jens Kannegaard Lundager,Dansk Folkeparti,østjylland,59 år,59.0,Gymnasial uddannelse,,0.0,,0.0,0.0,0.0,0.0,0.0,0.0,0.0,0.0,0.0,0.0,0.0,0.0,516,324518,0.0015900504748580973,,,
Jens Langer Schou,Det Konservative Folkeparti,sydjylland,20 år,20.0,Gymnasial uddannelse,,0.0,,0.0,0.0,0.0,0.0,0.0,0.0,0.0,0.0,0.0,0.0,0.0,0.0,144,270749,0.0005318579200661868,,,
Jens Meilvang,Liberal Alliance,østjylland,45 år,45.0,Bachelor-/diplomuddannelse,,1.0,jensmeilvang165,16.0,16.0,16.0,11.0,2.0,1.0,2.833213344056216,2.833213344056216,2.833213344056216,2.4849066497880004,1.0986122886681098,0.6931471805599453,2385,334421,0.007131729167725711,1642.0,278656.0,0.00589257005052825
Jens Skov,SF - Socialistisk Folkeparti,nordsjælland,59 år,59.0,Kandidat-/masteruddannelse,,0.0,,0.0,0.0,0.0,0.0,0.0,0.0,0.0,0.0,0.0,0.0,0.0,0.0,327,413306,0.0007911813523152338,351.0,293186.0,0.0011971922260953797
Jeppe Bruus,Socialdemokratiet,fyn,47 år,47.0,Ikke oplyst,1978-04-20T00:00:00,0.0,,0.0,0.0,0.0,0.0,0.0,0.0,0.0,0.0,0.0,0.0,0.0,0.0,5501,779252,0.007059333822691504,,,
Jeppe Fransson,Radikale Venstre,sjælland,37 år,37.0,Kandidat-/masteruddannelse,,0.0,,0.0,0.0,0.0,0.0,0.0,0.0,0.0,0.0,0.0,0.0,0.0,0.0,223,207442,0.001074999276906316,,,
Jeppe Trolle,Radikale Venstre,sjælland,56 år,56.0,Kandidat-/masteruddannelse,,0.0,,0.0,0.0,0.0,0.0,0.0,0.0,0.0,0.0,0.0,0.0,0.0,0.0,244,207442,0.0011762323926687941,319.0,133931.0,0.0023818234762676303
Jeppe von Berg,Moderaterne,vestjylland,29 år,29.0,Bachelor-/diplomuddannelse,,0.0,,0.0,0.0,0.0,0.0,0.0,0.0,0.0,0.0,0.0,0.0,0.0,0.0,408,274775,0.0014848512419252116,,,
Jes Halfdan,Borgernes Parti - Lars Boje Mathiesen,vestjylland,61 år,61.0,Kandidat-/masteruddannelse,,0.0,,0.0,0.0,0.0,0.0,0.0,0.0,0.0,0.0,0.0,0.0,0.0,0.0,729,75928,0.009601201137920136,,,
Jesper Bierbaum,"Venstre, Danmarks Liberale Parti",sydjylland,,46.0,Unknown,,,,,,,,,,,,,,,,958,361689,0.002648684366956142,,,
Jesper Callesen,Alternativet,københavns omegn,66 år,66.0,Kandidat-/masteruddannelse,,0.0,,0.0,0.0,0.0,0.0,0.0,0.0,0.0,0.0,0.0,0.0,0.0,0.0,48,91770,0.0005230467473030402,137.0,117567.0,0.0011652929818741654
Jesper Hartøft,SF - Socialistisk Folkeparti,sjælland,47 år,47.0,Bachelor-/diplomuddannelse,,0.0,,0.0,0.0,0.0,0.0,0.0,0.0,0.0,0.0,0.0,0.0,0.0,0.0,551,413306,0.0013331526762253632,,,
Jesper Kiel,Enhedslisten - De Rød-Grønne,fyn,60 år,60.0,Erhvervsuddannelse,1966-01-10T00:00:00,0.0,,0.0,0.0,0.0,0.0,0.0,0.0,0.0,0.0,0.0,0.0,0.0,0.0,780,226037,0.003450762485787725,,,
Jesper Petersen,Socialdemokratiet,sydjylland,44 år,44.0,Bachelor-/diplomuddannelse,,0.0,,0.0,0.0,0.0,0.0,0.0,0.0,0.0,0.0,0.0,0.0,0.0,0.0,6188,779252,0.007940948499330127,8701.0,971995.0,0.008951692138334045
Jette Juul,Dansk Folkeparti,nordsjælland,55 år,55.0,Erhvervsuddannelse,,0.0,,0.0,0.0,0.0,0.0,0.0,0.0,0.0,0.0,0.0,0.0,0.0,0.0,405,324518,0.0012480047331735065,,,
Jette Larsen,Det Konservative Folkeparti,københavns omegn,47 år,47.0,Ph.d.-uddannelse,1978-07-12T00:00:00,0.0,,0.0,0.0,0.0,0.0,0.0,0.0,0.0,0.0,0.0,0.0,0.0,0.0,377,270749,0.001392433582395503,,,
Jiesper Tristan Pedersen,Alternativet,københavn,52 år,52.0,Ph.d.-uddannelse,1974-02-07T00:00:00,0.0,,0.0,0.0,0.0,0.0,0.0,0.0,0.0,0.0,0.0,0.0,0.0,0.0,971,91770,0.010580799825651084,,,
Jim Zakaria,Dansk Folkeparti,sydjylland,49 år,49.0,Bachelor-/diplomuddannelse,1976-11-10T00:00:00,0.0,,0.0,0.0,0.0,0.0,0.0,0.0,0.0,0.0,0.0,0.0,0.0,0.0,188,324518,0.0005793207156459734,,,
Jimmy Abel Nielsen,Liberal Alliance,nordjylland,,46.0,Ikke oplyst,,0.0,,0.0,0.0,0.0,0.0,0.0,0.0,0.0,0.0,0.0,0.0,0.0,0.0,59,334421,0.00017642432741962974,,,
Joachim Hoffmann-Petersen,Det Konservative Folkeparti,fyn,46 år,46.0,Kandidat-/masteruddannelse,1979-09-17T00:00:00,0.0,,0.0,0.0,0.0,0.0,0.0,0.0,0.0,0.0,0.0,0.0,0.0,0.0,2226,270749,0.00822163701435647,1565.0,194820.0,0.008033056154398933
Joachim Riis,Liberal Alliance,sjælland,,46.0,Erhvervsuddannelse,,0.0,,0.0,0.0,0.0,0.0,0.0,0.0,0.0,0.0,0.0,0.0,0.0,0.0,965,334421,0.0028855843383041135,,,
Joan Kragh,SF - Socialistisk Folkeparti,sjælland,61 år,61.0,Bachelor-/diplomuddannelse,,0.0,,0.0,0.0,0.0,0.0,0.0,0.0,0.0,0.0,0.0,0.0,0.0,0.0,667,413306,0.001613816397535966,,,
Johan Brødsgaard,Radikale Venstre,vestjylland,32 år,32.0,Bachelor-/diplomuddannelse,,0.0,,0.0,0.0,0.0,0.0,0.0,0.0,0.0,0.0,0.0,0.0,0.0,0.0,1057,207442,0.005095400160044735,983.0,133931.0,0.007339600241915613
Johan Emil Sevelsted,Det Konservative Folkeparti,fyn,32 år,32.0,Kandidat-/masteruddannelse,,1.0,johanemildk,23.0,11.0,11.0,11.0,7.0,5.0,3.1780538303479458,2.4849066497880004,2.4849066497880004,2.4849066497880004,2.0794415416798357,1.791759469228055,296,270749,0.0010932635023582727,,,
Johanna-Maria Precht,Enhedslisten - De Rød-Grønne,sydjylland,62 år,62.0,Seminaruddannelse,,0.0,,0.0,0.0,0.0,0.0,0.0,0.0,0.0,0.0,0.0,0.0,0.0,0.0,202,226037,0.0008936590027296416,329.0,181452.0,0.0018131516874986223
Johannes Joyce,Liberal Alliance,nordsjælland,,46.0,Ikke oplyst,,0.0,,0.0,0.0,0.0,0.0,0.0,0.0,0.0,0.0,0.0,0.0,0.0,0.0,27,334421,8.073655661576277e-05,,,
Johannes Skov Pedersen,SF - Socialistisk Folkeparti,fyn,,46.0,Ikke oplyst,,0.0,,0.0,0.0,0.0,0.0,0.0,0.0,0.0,0.0,0.0,0.0,0.0,0.0,197,413306,0.00047664442326024784,,,
John Bjerg,Borgernes Parti - Lars Boje Mathiesen,nordjylland,61 år,61.0,Ikke oplyst,,0.0,,0.0,0.0,0.0,0.0,0.0,0.0,0.0,0.0,0.0,0.0,0.0,0.0,553,75928,0.007283215678010747,,,
John Bo Hansen,Borgernes Parti - Lars Boje Mathiesen,sjælland,68 år,68.0,Erhvervsuddannelse,1957-06-09T00:00:00,0.0,,0.0,0.0,0.0,0.0,0.0,0.0,0.0,0.0,0.0,0.0,0.0,0.0,152,75928,0.002001896533558108,,,
John Brill Engkebølle,Danmarksdemokraterne - Inger Støjberg,sjælland,,46.0,Unknown,,1.0,brill1977,14.0,3.0,3.0,3.0,1.0,0.0,2.70805020110221,1.3862943611198906,1.3862943611198906,1.3862943611198906,0.6931471805599453,0.0,207,205302,0.0010082707426133208,,,
John Erik Wagner,(Uden for parti),københavn,,46.0,Unknown,,,,,,,,,,,,,,,,34,2436,0.013957307060755337,,,
John Hoppe,Det Konservative Folkeparti,fyn,50 år,50.0,Ikke oplyst,,1.0,john.hoppe1,0.0,0.0,0.0,0.0,0.0,0.0,0.0,0.0,0.0,0.0,0.0,0.0,445,270749,0.0016435887113156467,296.0,194820.0,0.0015193511959757725
John Rasmussen,Liberal Alliance,sydjylland,37 år,37.0,Kandidat-/masteruddannelse,1989-01-11T00:00:00,0.0,,0.0,0.0,0.0,0.0,0.0,0.0,0.0,0.0,0.0,0.0,0.0,0.0,155,334421,0.0004634876398312307,,,
Jonas Juhl,Liberal Alliance,københavns omegn,25 år,25.0,Gymnasial uddannelse,,0.0,,0.0,0.0,0.0,0.0,0.0,0.0,0.0,0.0,0.0,0.0,0.0,0.0,813,334421,0.0024310674269857457,,,
Jonas Paludan,Enhedslisten - De Rød-Grønne,sjælland,45 år,45.0,Kandidat-/masteruddannelse,1980-12-03T00:00:00,0.0,,0.0,0.0,0.0,0.0,0.0,0.0,0.0,0.0,0.0,0.0,0.0,0.0,513,226037,0.002269539942575773,536.0,181452.0,0.0029539492537971473
Josefine Paaske,"Venstre, Danmarks Liberale Parti",sjælland,,46.0,Unknown,,,,,,,,,,,,,,,,2343,361689,0.00647794099350547,,,
Josephine Alstrup Kofod,Dansk Folkeparti,sydjylland,27 år,27.0,Bachelor-/diplomuddannelse,,0.0,,0.0,0.0,0.0,0.0,0.0,0.0,0.0,0.0,0.0,0.0,0.0,0.0,734,324518,0.00226181598555396,,,
Julie Ahlefeldt-Laurvig,Det Konservative Folkeparti,københavns omegn,18 år,18.0,Gymnasial uddannelse,,0.0,,0.0,0.0,0.0,0.0,0.0,0.0,0.0,0.0,0.0,0.0,0.0,0.0,1077,270749,0.003977854027161688,,,
Julie Herdal,Radikale Venstre,københavn,51 år,51.0,Kandidat-/masteruddannelse,,0.0,,0.0,0.0,0.0,0.0,0.0,0.0,0.0,0.0,0.0,0.0,0.0,0.0,573,207442,0.002762217872947619,,,
Julie Jacobsen,Dansk Folkeparti,sjælland,41 år,41.0,Ikke oplyst,,0.0,,0.0,0.0,0.0,0.0,0.0,0.0,0.0,0.0,0.0,0.0,0.0,0.0,768,324518,0.002366586753277168,,,
Julie Kølskov,Socialdemokratiet,sjælland,24 år,24.0,Erhvervsuddannelse,,0.0,,0.0,0.0,0.0,0.0,0.0,0.0,0.0,0.0,0.0,0.0,0.0,0.0,2799,779252,0.0035919060842962225,,,
Julie Memborg,Liberal Alliance,sjælland,49 år,49.0,Gymnasial uddannelse,1976-10-16T00:00:00,0.0,,0.0,0.0,0.0,0.0,0.0,0.0,0.0,0.0,0.0,0.0,0.0,0.0,299,334421,0.0008940826084486321,,,
Juma Nellemann Kruse,Alternativet,østjylland,53 år,53.0,Ikke oplyst,1972-12-03T00:00:00,0.0,,0.0,0.0,0.0,0.0,0.0,0.0,0.0,0.0,0.0,0.0,0.0,0.0,50,91770,0.0005448403617740002,,,
Jørgen Christian Pedersen,Det Konservative Folkeparti,vestjylland,56 år,56.0,10. klasse,1969-06-21T00:00:00,0.0,,0.0,0.0,0.0,0.0,0.0,0.0,0.0,0.0,0.0,0.0,0.0,0.0,204,270749,0.0007534653867604312,,,
Jørgen Hammer Sørensen,Dansk Folkeparti,nordjylland,,46.0,Ikke oplyst,,0.0,,0.0,0.0,0.0,0.0,0.0,0.0,0.0,0.0,0.0,0.0,0.0,0.0,334,324518,0.0010292187182221017,,,
Jørgen Kvist,SF - Socialistisk Folkeparti,sydjylland,61 år,61.0,Kandidat-/masteruddannelse,,0.0,,0.0,0.0,0.0,0.0,0.0,0.0,0.0,0.0,0.0,0.0,0.0,0.0,1197,413306,0.002896159262144755,,,
Jørn Dohrmann,Borgernes Parti - Lars Boje Mathiesen,sydjylland,57 år,57.0,Erhvervsuddannelse,1969-01-09T00:00:00,0.0,,0.0,0.0,0.0,0.0,0.0,0.0,0.0,0.0,0.0,0.0,0.0,0.0,527,75928,0.00694078600779686,,,
Kaare Dybvad Bek,Socialdemokratiet,sjælland,41 år,41.0,Kandidat-/masteruddannelse,,1.0,kaare_dybvad,16.0,12.0,12.0,3.0,3.0,3.0,2.833213344056216,2.5649493574615367,2.5649493574615367,1.3862943611198906,1.3862943611198906,1.3862943611198906,5848,779252,0.007504632647718582,8891.0,971995.0,0.009147166394888863
Kaj Alstrup,Enhedslisten - De Rød-Grønne,fyn,72 år,72.0,Kandidat-/masteruddannelse,,0.0,,0.0,0.0,0.0,0.0,0.0,0.0,0.0,0.0,0.0,0.0,0.0,0.0,142,226037,0.0006282157345921243,,,
Kanishka Dastageer,Socialdemokratiet,sjælland,34 år,34.0,Kandidat-/masteruddannelse,,0.0,,0.0,0.0,0.0,0.0,0.0,0.0,0.0,0.0,0.0,0.0,0.0,0.0,407,779252,0.00052229574001735,,,
Karan Khosla,Moderaterne,københavns omegn,29 år,29.0,Bachelor-/diplomuddannelse,,0.0,,0.0,0.0,0.0,0.0,0.0,0.0,0.0,0.0,0.0,0.0,0.0,0.0,224,274775,0.0008152124465471749,,,
Karen Thestrup Clausen,Enhedslisten - De Rød-Grønne,sjælland,,46.0,Ikke oplyst,,0.0,,0.0,0.0,0.0,0.0,0.0,0.0,0.0,0.0,0.0,0.0,0.0,0.0,268,226037,0.0011856465976809107,,,
Karina Aamann,"Venstre, Danmarks Liberale Parti",østjylland,,46.0,Unknown,,,,,,,,,,,,,,,,1940,361689,0.0053637240833976155,,,
Karina Adsbøl,Danmarksdemokraterne - Inger Støjberg,sydjylland,,46.0,Unknown,,0.0,,0.0,0.0,0.0,0.0,0.0,0.0,0.0,0.0,0.0,0.0,0.0,0.0,2370,205302,0.011543969371949616,,,
Karina Konrad,Alternativet,østjylland,,46.0,Ikke oplyst,,0.0,,0.0,0.0,0.0,0.0,0.0,0.0,0.0,0.0,0.0,0.0,0.0,0.0,112,91770,0.0012204424103737605,,,
Karina Lorentzen Dehnhardt,SF - Socialistisk Folkeparti,sydjylland,52 år,52.0,Kandidat-/masteruddannelse,1973-10-26T00:00:00,1.0,karina_lorentzen,0.0,0.0,0.0,0.0,0.0,0.0,0.0,0.0,0.0,0.0,0.0,0.0,8246,413306,0.019951319361441643,5139.0,293186.0,0.017528122079499022
Karsten Byrgesen,Borgernes Parti - Lars Boje Mathiesen,sydjylland,70 år,70.0,Bachelor-/diplomuddannelse,1955-09-07T00:00:00,1.0,karstenbyrgesen,0.0,0.0,0.0,0.0,0.0,0.0,0.0,0.0,0.0,0.0,0.0,0.0,556,75928,0.007322726793804657,,,
Karsten Hønge,SF - Socialistisk Folkeparti,fyn,67 år,67.0,Erhvervsuddannelse,1958-09-25T00:00:00,0.0,,0.0,0.0,0.0,0.0,0.0,0.0,0.0,0.0,0.0,0.0,0.0,0.0,5373,413306,0.013000053229326455,5215.0,293186.0,0.017787343188283206
Kashif Ahmad,Radikale Venstre,københavns omegn,45 år,45.0,Seminaruddannelse,,1.0,kashifahmaddk,25.0,13.0,13.0,11.0,8.0,5.0,3.258096538021482,2.6390573296152584,2.6390573296152584,2.4849066497880004,2.1972245773362196,1.791759469228055,1327,207442,0.0063969687912765975,902.0,133931.0,0.006734811208756748
Kasper B.G. Lauritsen,Socialdemokratiet,vestjylland,39 år,39.0,Bachelor-/diplomuddannelse,1987-02-20T00:00:00,0.0,,0.0,0.0,0.0,0.0,0.0,0.0,0.0,0.0,0.0,0.0,0.0,0.0,1810,779252,0.0023227402688732273,,,
Kasper Flygare,Socialdemokratiet,bornholm,,46.0,Ikke oplyst,,0.0,,0.0,0.0,0.0,0.0,0.0,0.0,0.0,0.0,0.0,0.0,0.0,0.0,261,779252,0.00033493658020768635,,,
Kasper Nordborg Kiær,SF - Socialistisk Folkeparti,københavn,39 år,39.0,Kandidat-/masteruddannelse,,0.0,,0.0,0.0,0.0,0.0,0.0,0.0,0.0,0.0,0.0,0.0,0.0,0.0,1128,413306,0.002729212738261724,,,
Kasper Nygaard,Moderaterne,sjælland,44 år,44.0,Erhvervsuddannelse,,0.0,,0.0,0.0,0.0,0.0,0.0,0.0,0.0,0.0,0.0,0.0,0.0,0.0,220,274775,0.0008006550814302611,,,
Kasper Roug,Socialdemokratiet,sjælland,46 år,46.0,Kandidat-/masteruddannelse,,0.0,,0.0,0.0,0.0,0.0,0.0,0.0,0.0,0.0,0.0,0.0,0.0,0.0,4476,779252,0.0057439698582743455,6278.0,971995.0,0.0064588809613218175
Kasper Schneider,Liberal Alliance,sjælland,42 år,42.0,Bachelor-/diplomuddannelse,,0.0,,0.0,0.0,0.0,0.0,0.0,0.0,0.0,0.0,0.0,0.0,0.0,0.0,878,334421,0.0026254332114311004,,,
Kasper Thomassen,"Venstre, Danmarks Liberale Parti",vestjylland,,46.0,Unknown,,,,,,,,,,,,,,,,87,361689,0.00024053814188432603,,,
Katarina Ammitzbøll,"Venstre, Danmarks Liberale Parti",nordsjælland,,46.0,Unknown,,,,,,,,,,,,,,,,1018,361689,0.00281457274066947,,,
Katrine Daugaard,Liberal Alliance,fyn,44 år,44.0,Kandidat-/masteruddannelse,1981-10-01T00:00:00,1.0,katrinedaugaard26,28.0,28.0,28.0,25.0,14.0,7.0,3.367295829986474,3.367295829986474,3.367295829986474,3.258096538021482,2.70805020110221,2.0794415416798357,2375,334421,0.007101826739349503,2861.0,278656.0,0.010267139412034911
Katrine Evelyn Jensen,Socialdemokratiet,vestjylland,29 år,29.0,Kandidat-/masteruddannelse,1996-12-27T00:00:00,1.0,katrineevelynjens,14.0,13.0,14.0,8.0,3.0,0.0,2.70805020110221,2.6390573296152584,2.70805020110221,2.1972245773362196,1.3862943611198906,0.0,4721,779252,0.0060583739278179585,,,
Katrine Robsøe,Radikale Venstre,østjylland,34 år,34.0,Kandidat-/masteruddannelse,1991-06-21T00:00:00,0.0,,0.0,0.0,0.0,0.0,0.0,0.0,0.0,0.0,0.0,0.0,0.0,0.0,6406,207442,0.030880920932115963,3736.0,133931.0,0.02789496083804347
Katrine Schiller,Danmarksdemokraterne - Inger Støjberg,nordsjælland,,46.0,Unknown,,0.0,,0.0,0.0,0.0,0.0,0.0,0.0,0.0,0.0,0.0,0.0,0.0,0.0,217,205302,0.0010569794741405343,,,
Keld Lorenzen,Liberal Alliance,vestjylland,49 år,49.0,Bachelor-/diplomuddannelse,,0.0,,0.0,0.0,0.0,0.0,0.0,0.0,0.0,0.0,0.0,0.0,0.0,0.0,278,334421,0.0008312875088585944,,,
Kenneth Fredslund Petersen,Danmarksdemokraterne - Inger Støjberg,sydjylland,,46.0,Unknown,,0.0,,0.0,0.0,0.0,0.0,0.0,0.0,0.0,0.0,0.0,0.0,0.0,0.0,783,205302,0.0038138936785808222,,,
Kenneth Skatka Hammer,Liberal Alliance,nordjylland,39 år,39.0,Bachelor-/diplomuddannelse,,0.0,,0.0,0.0,0.0,0.0,0.0,0.0,0.0,0.0,0.0,0.0,0.0,0.0,382,334421,0.001142272763971162,300.0,278656.0,0.0010765962333486449
Kevin Alex Rasmussen,Enhedslisten - De Rød-Grønne,sjælland,23 år,23.0,Gymnasial uddannelse,2002-05-30T00:00:00,0.0,,0.0,0.0,0.0,0.0,0.0,0.0,0.0,0.0,0.0,0.0,0.0,0.0,220,226037,0.0009732919831708968,,,
Kevin Possekel,Liberal Alliance,vestjylland,19 år,19.0,Gymnasial uddannelse,2006-10-12T00:00:00,0.0,,0.0,0.0,0.0,0.0,0.0,0.0,0.0,0.0,0.0,0.0,0.0,0.0,71,334421,0.00021230724147107988,,,
Kiki Bille Bach,Socialdemokratiet,nordjylland,38 år,38.0,Seminaruddannelse,,1.0,kikibach0,11.0,10.0,10.0,8.0,2.0,2.0,2.4849066497880004,2.3978952727983707,2.3978952727983707,2.1972245773362196,1.0986122886681098,1.0986122886681098,2543,779252,0.003263385913671059,,,
Kim Aas,Socialdemokratiet,fyn,55 år,55.0,Ikke oplyst,,1.0,kimaaschristensen,0.0,0.0,0.0,0.0,0.0,0.0,0.0,0.0,0.0,0.0,0.0,0.0,2084,779252,0.0026743595139954728,2337.0,971995.0,0.0024043333556242573
Kim Alexander Jensen,Liberal Alliance,sydjylland,39 år,39.0,Kandidat-/masteruddannelse,1987-01-14T00:00:00,0.0,,0.0,0.0,0.0,0.0,0.0,0.0,0.0,0.0,0.0,0.0,0.0,0.0,903,334421,0.0027001892823716213,355.0,278656.0,0.0012739722094625631
Kim Andkjær Doberck,Dansk Folkeparti,sydjylland,46 år,46.0,Erhvervsuddannelse,1979-05-26T00:00:00,1.0,kimandkjaerdoberck,14.0,12.0,12.0,8.0,4.0,3.0,2.70805020110221,2.5649493574615367,2.5649493574615367,2.1972245773362196,1.6094379124341003,1.3862943611198906,510,324518,0.0015715615158481194,,,
Kim Edberg Andersen,Danmarksdemokraterne - Inger Støjberg,nordjylland,,46.0,Unknown,,0.0,,0.0,0.0,0.0,0.0,0.0,0.0,0.0,0.0,0.0,0.0,0.0,0.0,1791,205302,0.00872373381652395,,,
Kim Eskesen,Socialdemokratiet,sydjylland,47 år,47.0,Erhvervsuddannelse,1978-05-12T00:00:00,0.0,,0.0,0.0,0.0,0.0,0.0,0.0,0.0,0.0,0.0,0.0,0.0,0.0,340,779252,0.00043631585161154544,1138.0,971995.0,0.0011707879155756975
Kim Gaarsdahl,Liberal Alliance,nordjylland,38 år,38.0,Gymnasial uddannelse,,1.0,kimgaarsdahl,8.0,8.0,8.0,8.0,0.0,0.0,2.1972245773362196,2.1972245773362196,2.1972245773362196,2.1972245773362196,0.0,0.0,102,334421,0.000305004769437326,,,
Kim Hammer,Dansk Folkeparti,københavns omegn,60 år,60.0,Erhvervsuddannelse,,0.0,,0.0,0.0,0.0,0.0,0.0,0.0,0.0,0.0,0.0,0.0,0.0,0.0,375,324518,0.0011555599381236172,,,
Kim Hjerrild,Alternativet,bornholm,65 år,65.0,Kandidat-/masteruddannelse,1960-09-04T00:00:00,0.0,,0.0,0.0,0.0,0.0,0.0,0.0,0.0,0.0,0.0,0.0,0.0,0.0,37,91770,0.00040318186771276017,,,
Kim Larsen,Enhedslisten - De Rød-Grønne,københavn,63 år,63.0,Erhvervsuddannelse,1962-08-30T00:00:00,1.0,kim.larsen183,16.0,0.0,0.0,0.0,0.0,0.0,2.833213344056216,0.0,0.0,0.0,0.0,0.0,164,226037,0.000725544932909214,,,
Kim Lei-Jensen,Radikale Venstre,fyn,51 år,51.0,Erhvervsuddannelse,,1.0,kimleijensen_rv,51.0,43.0,43.0,33.0,19.0,12.0,3.9512437185814275,3.784189633918261,3.784189633918261,3.5263605246161616,2.995732273553991,2.5649493574615367,656,207442,0.003162329711437414,535.0,133931.0,0.003994594231357938
Kim Møller-Nielsen,Liberal Alliance,østjylland,49 år,49.0,Kandidat-/masteruddannelse,1976-08-31T00:00:00,0.0,,0.0,0.0,0.0,0.0,0.0,0.0,0.0,0.0,0.0,0.0,0.0,0.0,473,334421,0.0014143848621946589,,,
Kim Pagels,Radikale Venstre,vestjylland,68 år,68.0,Kandidat-/masteruddannelse,,0.0,,0.0,0.0,0.0,0.0,0.0,0.0,0.0,0.0,0.0,0.0,0.0,0.0,183,207442,0.0008821742945015956,,,
Kim Sørensen,Alternativet,østjylland,65 år,65.0,Seminaruddannelse,1961-03-20T00:00:00,0.0,,0.0,0.0,0.0,0.0,0.0,0.0,0.0,0.0,0.0,0.0,0.0,0.0,27,91770,0.00029421379535796014,,,
Kim Valentin,"Venstre, Danmarks Liberale Parti",københavns omegn,,46.0,Unknown,,,,,,,,,,,,,,,,1461,361689,0.004039381899919544,1565.0,470546.0,0.0033259235016342716
Kira Danholm,Liberal Alliance,nordsjælland,35 år,35.0,Bachelor-/diplomuddannelse,,0.0,,0.0,0.0,0.0,0.0,0.0,0.0,0.0,0.0,0.0,0.0,0.0,0.0,157,334421,0.00046946812550647236,269.0,278656.0,0.0009653479559026183
Kirsten Normann Andersen,SF - Socialistisk Folkeparti,østjylland,63 år,63.0,Erhvervsuddannelse,,0.0,,0.0,0.0,0.0,0.0,0.0,0.0,0.0,0.0,0.0,0.0,0.0,0.0,9526,413306,0.02304829835521381,8693.0,293186.0,0.02965011971922261
Kirstine van Sabben,Moderaterne,bornholm,49 år,49.0,Erhvervsuddannelse,1976-07-17T00:00:00,0.0,,0.0,0.0,0.0,0.0,0.0,0.0,0.0,0.0,0.0,0.0,0.0,0.0,600,274775,0.0021836047675370756,,,
Klaus Sandfeld,"Venstre, Danmarks Liberale Parti",sydjylland,,46.0,Unknown,,,,,,,,,,,,,,,,794,361689,0.0021952561454730447,1919.0,470546.0,0.004078241022131736
Klavs Norup Lauridsen,Det Konservative Folkeparti,fyn,55 år,55.0,Seminaruddannelse,,0.0,,0.0,0.0,0.0,0.0,0.0,0.0,0.0,0.0,0.0,0.0,0.0,0.0,1802,270749,0.006655610916383809,,,
Knud Gaarn-Larsen,(Uden for parti),vestjylland,,46.0,Unknown,,,,,,,,,,,,,,,,264,2436,0.10837438423645321,,,
Knud Nielsen,Dansk Folkeparti,vestjylland,,46.0,Ikke oplyst,,0.0,,0.0,0.0,0.0,0.0,0.0,0.0,0.0,0.0,0.0,0.0,0.0,0.0,352,324518,0.0010846855952520353,,,
Kresten Solvang Larsen,Liberal Alliance,nordjylland,35 år,35.0,Gymnasial uddannelse,,0.0,,0.0,0.0,0.0,0.0,0.0,0.0,0.0,0.0,0.0,0.0,0.0,0.0,64,334421,0.00019137554160773395,,,
Kris Jensen Skriver,Socialdemokratiet,sydjylland,37 år,37.0,Bachelor-/diplomuddannelse,,0.0,,0.0,0.0,0.0,0.0,0.0,0.0,0.0,0.0,0.0,0.0,0.0,0.0,3295,779252,0.004228413914882477,3723.0,971995.0,0.003830266616597822
Kristian Bøgsted,Danmarksdemokraterne - Inger Støjberg,nordjylland,,46.0,Unknown,,0.0,,0.0,0.0,0.0,0.0,0.0,0.0,0.0,0.0,0.0,0.0,0.0,0.0,958,205302,0.00466629648030706,,,
Kristian Stokholm,Radikale Venstre,sjælland,63 år,63.0,Kandidat-/masteruddannelse,1963-03-02T00:00:00,1.0,stemstokholm,1.0,1.0,1.0,1.0,0.0,0.0,0.6931471805599453,0.6931471805599453,0.6931471805599453,0.6931471805599453,0.0,0.0,175,207442,0.0008436092980206516,222.0,133931.0,0.0016575699427317052
Kristian Thomsen,Det Konservative Folkeparti,sydjylland,22 år,22.0,Ikke oplyst,,0.0,,0.0,0.0,0.0,0.0,0.0,0.0,0.0,0.0,0.0,0.0,0.0,0.0,212,270749,0.0007830130489863306,,,
Kristine Amalie Rostgård,SF - Socialistisk Folkeparti,sjælland,38 år,38.0,Kandidat-/masteruddannelse,,0.0,,0.0,0.0,0.0,0.0,0.0,0.0,0.0,0.0,0.0,0.0,0.0,0.0,1014,413306,0.00245338804662889,,,
Kristjar Skajaa,Enhedslisten - De Rød-Grønne,østjylland,72 år,72.0,Ph.d.-uddannelse,1954-01-10T00:00:00,0.0,,0.0,0.0,0.0,0.0,0.0,0.0,0.0,0.0,0.0,0.0,0.0,0.0,379,226037,0.0016767166437353176,481.0,181452.0,0.002650838789321694
Kristoffer Kromand,Det Konservative Folkeparti,bornholm,28 år,28.0,Bachelor-/diplomuddannelse,,0.0,,0.0,0.0,0.0,0.0,0.0,0.0,0.0,0.0,0.0,0.0,0.0,0.0,255,270749,0.0009418317334505391,,,
Laila Stougaard Kofoed Espersen,Radikale Venstre,bornholm,46 år,46.0,Kandidat-/masteruddannelse,,0.0,,0.0,0.0,0.0,0.0,0.0,0.0,0.0,0.0,0.0,0.0,0.0,0.0,76,207442,0.00036636746656896867,,,
Lars Aagaard,Moderaterne,fyn,58 år,58.0,Kandidat-/masteruddannelse,,0.0,,0.0,0.0,0.0,0.0,0.0,0.0,0.0,0.0,0.0,0.0,0.0,0.0,5685,274775,0.020689655172413793,,,
Lars Abildskov,Liberal Alliance,østjylland,61 år,61.0,Kandidat-/masteruddannelse,,0.0,,0.0,0.0,0.0,0.0,0.0,0.0,0.0,0.0,0.0,0.0,0.0,0.0,177,334421,0.0005292729822588893,,,
Lars Boje Mathiesen,Borgernes Parti - Lars Boje Mathiesen,østjylland,50 år,50.0,Bachelor-/diplomuddannelse,,1.0,larsbojemathiesen,12.0,6.0,7.0,0.0,0.0,0.0,2.5649493574615367,1.9459101490553132,2.0794415416798357,0.0,0.0,0.0,8408,75928,0.11073648719839849,,,
Lars Bregnbak,Danmarksdemokraterne - Inger Støjberg,nordsjælland,,46.0,Unknown,,1.0,lars_bregnbak,0.0,0.0,0.0,0.0,0.0,0.0,0.0,0.0,0.0,0.0,0.0,0.0,306,205302,0.0014904871847327352,,,
Lars Dohn,Enhedslisten - De Rød-Grønne,vestjylland,,46.0,Ikke oplyst,,0.0,,0.0,0.0,0.0,0.0,0.0,0.0,0.0,0.0,0.0,0.0,0.0,0.0,75,226037,0.00033180408517189666,78.0,181452.0,0.00042986574961973416
Lars Fibæk,Socialdemokratiet,vestjylland,,46.0,Ikke oplyst,,0.0,,0.0,0.0,0.0,0.0,0.0,0.0,0.0,0.0,0.0,0.0,0.0,0.0,136,779252,0.00017452634064461816,233.0,971995.0,0.0002397131672488027
Lars Green Bach,Radikale Venstre,københavns omegn,50 år,50.0,Kandidat-/masteruddannelse,1975-06-26T00:00:00,0.0,,0.0,0.0,0.0,0.0,0.0,0.0,0.0,0.0,0.0,0.0,0.0,0.0,374,207442,0.0018029135854841353,,,
Lars Høyer Holmqvist,Liberal Alliance,nordsjælland,48 år,48.0,Kandidat-/masteruddannelse,1978-02-27T00:00:00,1.0,larsholmqvist5,16.0,14.0,14.0,14.0,14.0,14.0,2.833213344056216,2.70805020110221,2.70805020110221,2.70805020110221,2.70805020110221,2.70805020110221,800,334421,0.0023921942700966745,850.0,278656.0,0.0030503559944878274
Lars König,Alternativet,sjælland,,46.0,Bachelor-/diplomuddannelse,,0.0,,0.0,0.0,0.0,0.0,0.0,0.0,0.0,0.0,0.0,0.0,0.0,0.0,47,91770,0.0005121499400675602,,,
Lars Løkke Rasmussen,Moderaterne,sjælland,61 år,61.0,Kandidat-/masteruddannelse,1964-05-15T00:00:00,1.0,larsloekke_,48.0,28.0,28.0,14.0,8.0,5.0,3.8918202981106265,3.367295829986474,3.367295829986474,2.70805020110221,2.1972245773362196,1.791759469228055,34636,274775,0.12605222454735693,38439.0,327699.0,0.11729971711845322
Lars Mogensen,Enhedslisten - De Rød-Grønne,sydjylland,48 år,48.0,Bachelor-/diplomuddannelse,,0.0,,0.0,0.0,0.0,0.0,0.0,0.0,0.0,0.0,0.0,0.0,0.0,0.0,96,226037,0.0004247092290200277,,,
Lars Nissen,SF - Socialistisk Folkeparti,fyn,56 år,56.0,Bachelor-/diplomuddannelse,1970-03-07T00:00:00,0.0,,0.0,0.0,0.0,0.0,0.0,0.0,0.0,0.0,0.0,0.0,0.0,0.0,475,413306,0.0011492695484701407,,,
Lars Rømer Olsen,Socialdemokratiet,sydjylland,58 år,58.0,Bachelor-/diplomuddannelse,,0.0,,0.0,0.0,0.0,0.0,0.0,0.0,0.0,0.0,0.0,0.0,0.0,0.0,599,779252,0.0007686858679862227,,,
Lars-Christian Brask,Liberal Alliance,sjælland,62 år,62.0,Gymnasial uddannelse,1963-05-25T00:00:00,1.0,larschristianbrask,31.0,31.0,31.0,28.0,20.0,10.0,3.4657359027997265,3.4657359027997265,3.4657359027997265,3.367295829986474,3.044522437723423,2.3978952727983707,1691,334421,0.005056500638416846,3442.0,278656.0,0.01235214745062012
Lasse Harder Schousboe,Enhedslisten - De Rød-Grønne,sydjylland,55 år,55.0,Kandidat-/masteruddannelse,1970-05-01T00:00:00,0.0,,0.0,0.0,0.0,0.0,0.0,0.0,0.0,0.0,0.0,0.0,0.0,0.0,193,226037,0.000853842512509014,,,
Lasse Haugaard Pedersen,Socialdemokratiet,fyn,,46.0,Kandidat-/masteruddannelse,,0.0,,0.0,0.0,0.0,0.0,0.0,0.0,0.0,0.0,0.0,0.0,0.0,0.0,1163,779252,0.0014924568688947863,2228.0,971995.0,0.002292192861074388
Lasse Hildingberg,"Venstre, Danmarks Liberale Parti",sydjylland,,46.0,Unknown,,,,,,,,,,,,,,,,410,361689,0.0011335705537077435,,,
Lasse Mejer Petersen,Enhedslisten - De Rød-Grønne,nordjylland,48 år,48.0,Gymnasial uddannelse,,0.0,,0.0,0.0,0.0,0.0,0.0,0.0,0.0,0.0,0.0,0.0,0.0,0.0,73,226037,0.0003229559762339794,,,
Lasse Olsen,Enhedslisten - De Rød-Grønne,nordjylland,45 år,45.0,Kandidat-/masteruddannelse,,0.0,,0.0,0.0,0.0,0.0,0.0,0.0,0.0,0.0,0.0,0.0,0.0,0.0,398,226037,0.0017607736786455315,,,
Lasse Oszadlik,Moderaterne,bornholm,,46.0,Ikke oplyst,,0.0,,0.0,0.0,0.0,0.0,0.0,0.0,0.0,0.0,0.0,0.0,0.0,0.0,17,274775,6.186880174688382e-05,,,
Lasse Skov Ovesen,Radikale Venstre,sydjylland,,46.0,Ikke oplyst,,0.0,,0.0,0.0,0.0,0.0,0.0,0.0,0.0,0.0,0.0,0.0,0.0,0.0,111,207442,0.000535089326173099,136.0,133931.0,0.0010154482532050086
Lasse Vogel Andersen,Det Konservative Folkeparti,københavn,48 år,48.0,Ikke oplyst,1977-11-19T00:00:00,0.0,,0.0,0.0,0.0,0.0,0.0,0.0,0.0,0.0,0.0,0.0,0.0,0.0,261,270749,0.0009639924801199635,,,
Lau Sørensen,Det Konservative Folkeparti,vestjylland,43 år,43.0,Seminaruddannelse,1983-03-14T00:00:00,0.0,,0.0,0.0,0.0,0.0,0.0,0.0,0.0,0.0,0.0,0.0,0.0,0.0,227,270749,0.0008384149156598917,,,
Laura Elise Andersen-Mühl,SF - Socialistisk Folkeparti,fyn,43 år,43.0,Kandidat-/masteruddannelse,,0.0,,0.0,0.0,0.0,0.0,0.0,0.0,0.0,0.0,0.0,0.0,0.0,0.0,835,413306,0.002020294890468563,,,
Laura Emilie Fabricius-Lauritzen,Liberal Alliance,københavn,32 år,32.0,Kandidat-/masteruddannelse,1994-02-22T00:00:00,1.0,fabriciuslauritzen,0.0,0.0,0.0,0.0,0.0,0.0,0.0,0.0,0.0,0.0,0.0,0.0,279,334421,0.0008342777516962153,,,
Laura Holm,Det Konservative Folkeparti,nordjylland,36 år,36.0,Kandidat-/masteruddannelse,,1.0,lauraholm02,9.0,6.0,6.0,6.0,6.0,3.0,2.302585092994046,1.9459101490553132,1.9459101490553132,1.9459101490553132,1.9459101490553132,1.3862943611198906,1787,270749,0.006600209049710248,,,
Lea Wermelin,Socialdemokratiet,bornholm,40 år,40.0,Ikke oplyst,,1.0,lea.wermelin,17.0,6.0,6.0,5.0,1.0,0.0,2.8903717578961645,1.9459101490553132,1.9459101490553132,1.791759469228055,0.6931471805599453,0.0,3837,779252,0.00492395271362794,3580.0,971995.0,0.0036831465182434065
Leif Lahn Jensen,Socialdemokratiet,østjylland,58 år,58.0,10. klasse,,0.0,,0.0,0.0,0.0,0.0,0.0,0.0,0.0,0.0,0.0,0.0,0.0,0.0,6837,779252,0.008773798463141576,7443.0,971995.0,0.007657446797565831
Leila Stockmarr,Enhedslisten - De Rød-Grønne,københavn,44 år,44.0,Ph.d.-uddannelse,,1.0,leila.stockmarr,4.0,4.0,4.0,4.0,3.0,1.0,1.6094379124341003,1.6094379124341003,1.6094379124341003,1.6094379124341003,1.3862943611198906,0.6931471805599453,1969,226037,0.008710963249379526,1927.0,181452.0,0.010619888455349074
Lene Burchardt,Det Konservative Folkeparti,nordjylland,,46.0,Kandidat-/masteruddannelse,,1.0,leneburchardt,5.0,1.0,1.0,1.0,0.0,0.0,1.791759469228055,0.6931471805599453,0.6931471805599453,0.6931471805599453,0.0,0.0,1202,270749,0.004439536249441364,977.0,194820.0,0.005014885535365979
Lennart Qvist,Det Konservative Folkeparti,vestjylland,55 år,55.0,Kandidat-/masteruddannelse,,0.0,,0.0,0.0,0.0,0.0,0.0,0.0,0.0,0.0,0.0,0.0,0.0,0.0,643,270749,0.0023748933514066532,751.0,194820.0,0.003854840365465558
Lilje Holm,Enhedslisten - De Rød-Grønne,sydjylland,21 år,21.0,Gymnasial uddannelse,2004-09-06T00:00:00,0.0,,0.0,0.0,0.0,0.0,0.0,0.0,0.0,0.0,0.0,0.0,0.0,0.0,144,226037,0.0006370638435300415,,,
Lina Sikora Christiansen,Alternativet,vestjylland,47 år,47.0,Erhvervsuddannelse,1978-11-15T00:00:00,0.0,,0.0,0.0,0.0,0.0,0.0,0.0,0.0,0.0,0.0,0.0,0.0,0.0,80,91770,0.0008717445788384003,,,
Linda Bollerup,SF - Socialistisk Folkeparti,fyn,53 år,53.0,Kandidat-/masteruddannelse,,0.0,,0.0,0.0,0.0,0.0,0.0,0.0,0.0,0.0,0.0,0.0,0.0,0.0,541,413306,0.0013089575278365181,,,
Linda Frølund,Alternativet,fyn,51 år,51.0,Bachelor-/diplomuddannelse,1975-02-23T00:00:00,0.0,,0.0,0.0,0.0,0.0,0.0,0.0,0.0,0.0,0.0,0.0,0.0,0.0,732,91770,0.007976462896371363,,,
Line Ervolder,Det Konservative Folkeparti,københavn,55 år,55.0,Kandidat-/masteruddannelse,,0.0,,0.0,0.0,0.0,0.0,0.0,0.0,0.0,0.0,0.0,0.0,0.0,0.0,1008,270749,0.0037230054404633075,,,
Line Gessø,Alternativet,sjælland,51 år,51.0,Kandidat-/masteruddannelse,,0.0,,0.0,0.0,0.0,0.0,0.0,0.0,0.0,0.0,0.0,0.0,0.0,0.0,81,91770,0.0008826413860738803,412.0,117567.0,0.0035043847338113586
Line Krogh Lay,Radikale Venstre,sjælland,54 år,54.0,Kandidat-/masteruddannelse,1972-02-24T00:00:00,0.0,,0.0,0.0,0.0,0.0,0.0,0.0,0.0,0.0,0.0,0.0,0.0,0.0,902,207442,0.004348203353226444,1080.0,133931.0,0.008063853775451539
Line Randa,Moderaterne,nordjylland,47 år,47.0,Ikke oplyst,,0.0,,0.0,0.0,0.0,0.0,0.0,0.0,0.0,0.0,0.0,0.0,0.0,0.0,986,274775,0.003588390501319261,,,
Line Rasmussen,Radikale Venstre,østjylland,28 år,28.0,Kandidat-/masteruddannelse,,1.0,linerasmussen,25.0,24.0,24.0,23.0,11.0,4.0,3.258096538021482,3.2188758248682006,3.2188758248682006,3.1780538303479458,2.4849066497880004,1.6094379124341003,1740,207442,0.008387886734605336,,,
Line Østergaard Olsen,Liberal Alliance,københavn,46 år,46.0,Bachelor-/diplomuddannelse,,0.0,,0.0,0.0,0.0,0.0,0.0,0.0,0.0,0.0,0.0,0.0,0.0,0.0,143,334421,0.00042760472577978056,,,
Linea Søgaard-Lidell,"Venstre, Danmarks Liberale Parti",københavn,,46.0,Unknown,,,,,,,,,,,,,,,,2113,361689,0.005842035560937712,3719.0,470546.0,0.007903584346695115
Lisbeth Bech-Nielsen,SF - Socialistisk Folkeparti,københavn,43 år,43.0,Kandidat-/masteruddannelse,,0.0,,0.0,0.0,0.0,0.0,0.0,0.0,0.0,0.0,0.0,0.0,0.0,0.0,5494,413306,0.01329281452483148,2279.0,293186.0,0.007773222459462594
Lisbeth Dam Larsen,Moderaterne,københavn,,46.0,Kandidat-/masteruddannelse,,0.0,,0.0,0.0,0.0,0.0,0.0,0.0,0.0,0.0,0.0,0.0,0.0,0.0,382,274775,0.0013902283686652716,,,
Lisbeth Ivanhoe,Enhedslisten - De Rød-Grønne,østjylland,42 år,42.0,Kandidat-/masteruddannelse,,0.0,,0.0,0.0,0.0,0.0,0.0,0.0,0.0,0.0,0.0,0.0,0.0,0.0,746,226037,0.003300344633843132,,,
Lisbeth Torfing,Enhedslisten - De Rød-Grønne,vestjylland,,46.0,Unknown,,,,,,,,,,,,,,,,644,226037,0.0028490910780093527,,,
Lise Bertelsen,Det Konservative Folkeparti,vestjylland,50 år,50.0,Kandidat-/masteruddannelse,,1.0,lisebertelsen2022,0.0,0.0,0.0,0.0,0.0,0.0,0.0,0.0,0.0,0.0,0.0,0.0,6290,270749,0.023231849425113298,1894.0,194820.0,0.009721794476953085
Lise Coermann,Alternativet,københavn,27 år,27.0,Kandidat-/masteruddannelse,1998-06-20T00:00:00,0.0,,0.0,0.0,0.0,0.0,0.0,0.0,0.0,0.0,0.0,0.0,0.0,0.0,3946,91770,0.0429988013512041,,,
Lise Jørgensen,Socialdemokratiet,vestjylland,,46.0,Ikke oplyst,,0.0,,0.0,0.0,0.0,0.0,0.0,0.0,0.0,0.0,0.0,0.0,0.0,0.0,305,779252,0.00039140098453388636,,,
Lise Müller,SF - Socialistisk Folkeparti,fyn,52 år,52.0,Kandidat-/masteruddannelse,1974-01-21T00:00:00,0.0,,0.0,0.0,0.0,0.0,0.0,0.0,0.0,0.0,0.0,0.0,0.0,0.0,4732,413306,0.011449144217601487,4612.0,293186.0,0.015730628338324476
Liselotte Katarina Rotfeld,Alternativet,sjælland,58 år,58.0,Erhvervsuddannelse,,0.0,,0.0,0.0,0.0,0.0,0.0,0.0,0.0,0.0,0.0,0.0,0.0,0.0,122,91770,0.0013294104827285605,55.0,117567.0,0.0004678183503874386
Liselotte Lynge,Danmarksdemokraterne - Inger Støjberg,nordjylland,,46.0,Unknown,,0.0,,0.0,0.0,0.0,0.0,0.0,0.0,0.0,0.0,0.0,0.0,0.0,0.0,800,205302,0.0038966985221770855,,,
Lissi Bagge,Alternativet,østjylland,,46.0,Ikke oplyst,,0.0,,0.0,0.0,0.0,0.0,0.0,0.0,0.0,0.0,0.0,0.0,0.0,0.0,23,91770,0.0002506265664160401,,,
Lone Glarbo,Danmarksdemokraterne - Inger Støjberg,østjylland,,46.0,Unknown,,0.0,,0.0,0.0,0.0,0.0,0.0,0.0,0.0,0.0,0.0,0.0,0.0,0.0,1015,205302,0.004943936250012177,,,
Lone Hansen,Moderaterne,sydjylland,57 år,57.0,Bachelor-/diplomuddannelse,1968-10-28T00:00:00,1.0,lone.hansen0,105.0,32.0,38.0,28.0,15.0,5.0,4.663439094112067,3.4965075614664802,3.6635616461296463,3.367295829986474,2.772588722239781,1.791759469228055,341,274775,0.0012410153762169047,,,
Lone Kjær Hein,Radikale Venstre,vestjylland,59 år,59.0,Kandidat-/masteruddannelse,,0.0,,0.0,0.0,0.0,0.0,0.0,0.0,0.0,0.0,0.0,0.0,0.0,0.0,578,207442,0.0027863209957482093,,,
Lone Langballe,Dansk Folkeparti,vestjylland,55 år,55.0,Bachelor-/diplomuddannelse,1970-09-30T00:00:00,0.0,,0.0,0.0,0.0,0.0,0.0,0.0,0.0,0.0,0.0,0.0,0.0,0.0,1562,324518,0.004813292328930907,479.0,93428.0,0.005126942672432248
Lotte Rod,Radikale Venstre,sydjylland,40 år,40.0,Kandidat-/masteruddannelse,,0.0,,0.0,0.0,0.0,0.0,0.0,0.0,0.0,0.0,0.0,0.0,0.0,0.0,2946,207442,0.014201559954107655,2714.0,133931.0,0.020264165876458774
Louis Jacobsen,Enhedslisten - De Rød-Grønne,sjælland,40 år,40.0,Erhvervsuddannelse,1985-04-13T00:00:00,0.0,,0.0,0.0,0.0,0.0,0.0,0.0,0.0,0.0,0.0,0.0,0.0,0.0,365,226037,0.001614779881169897,,,
Louise Brown,Liberal Alliance,østjylland,45 år,45.0,Bachelor-/diplomuddannelse,1980-10-15T00:00:00,1.0,brownlouise,3.0,3.0,3.0,0.0,0.0,0.0,1.3862943611198906,1.3862943611198906,1.3862943611198906,0.0,0.0,0.0,992,334421,0.0029663208949198766,1085.0,278656.0,0.0038936897106109326
Louise Elholm,"Venstre, Danmarks Liberale Parti",sjælland,,46.0,Unknown,,,,,,,,,,,,,,,,2576,361689,0.007122140844758895,,,
Louise Høeg,"Venstre, Danmarks Liberale Parti",østjylland,,46.0,Unknown,,,,,,,,,,,,,,,,1925,361689,0.005322251989969283,,,
Louise Louring,"Venstre, Danmarks Liberale Parti",østjylland,,46.0,Unknown,,,,,,,,,,,,,,,,3355,361689,0.009275924896803607,2007.0,470546.0,0.004265257806888168
Louise Mehnke,Socialdemokratiet,nordsjælland,49 år,49.0,Ikke oplyst,,0.0,,0.0,0.0,0.0,0.0,0.0,0.0,0.0,0.0,0.0,0.0,0.0,0.0,2555,779252,0.0032787852966691135,2762.0,971995.0,0.002841578403181086
Louise Stenmann,Socialdemokratiet,østjylland,,46.0,Ikke oplyst,,0.0,,0.0,0.0,0.0,0.0,0.0,0.0,0.0,0.0,0.0,0.0,0.0,0.0,364,779252,0.0004671146176076545,,,
Louise Svenstrup,Liberal Alliance,østjylland,40 år,40.0,Kandidat-/masteruddannelse,1985-11-04T00:00:00,0.0,,0.0,0.0,0.0,0.0,0.0,0.0,0.0,0.0,0.0,0.0,0.0,0.0,206,334421,0.0006159900245498937,,,
Ludmila Plenge,Enhedslisten - De Rød-Grønne,sjælland,,46.0,Unknown,,,,,,,,,,,,,,,,1038,226037,0.00459216853877905,,,
Luise Hjortebjerg,"Venstre, Danmarks Liberale Parti",københavns omegn,,46.0,Unknown,,,,,,,,,,,,,,,,247,361689,0.0006829071384532016,,,
Lukas Vestergaard,Liberal Alliance,nordjylland,19 år,19.0,Gymnasial uddannelse,2007-03-22T00:00:00,0.0,,0.0,0.0,0.0,0.0,0.0,0.0,0.0,0.0,0.0,0.0,0.0,0.0,236,334421,0.000705697309678519,,,
Mads Brenøe,Liberal Alliance,sjælland,37 år,37.0,Kandidat-/masteruddannelse,,0.0,,0.0,0.0,0.0,0.0,0.0,0.0,0.0,0.0,0.0,0.0,0.0,0.0,437,334421,0.0013067361200403084,,,
Mads Damgaard Mortensen,Alternativet,østjylland,31 år,31.0,Grundskole,1994-04-17T00:00:00,0.0,,0.0,0.0,0.0,0.0,0.0,0.0,0.0,0.0,0.0,0.0,0.0,0.0,44,91770,0.0004794595183611202,16.0,117567.0,0.00013609261102180033
Mads Fuglede,Danmarksdemokraterne - Inger Støjberg,vestjylland,,46.0,Unknown,,0.0,,0.0,0.0,0.0,0.0,0.0,0.0,0.0,0.0,0.0,0.0,0.0,0.0,5806,205302,0.028280289524700197,,,
Mads Olsen,SF - Socialistisk Folkeparti,sjælland,24 år,24.0,Gymnasial uddannelse,,1.0,madsolsensf,30.0,29.0,30.0,18.0,11.0,5.0,3.4339872044851463,3.4011973816621555,3.4339872044851463,2.9444389791664403,2.4849066497880004,1.791759469228055,1315,413306,0.0031816620131331266,943.0,293186.0,0.0032163882313616613
Mads Ramstedt,Det Konservative Folkeparti,sjælland,18 år,18.0,Grundskole,2007-06-27T00:00:00,0.0,,0.0,0.0,0.0,0.0,0.0,0.0,0.0,0.0,0.0,0.0,0.0,0.0,220,270749,0.0008125607112122298,,,
Mads Sebbelov,Moderaterne,københavn,49 år,49.0,Bachelor-/diplomuddannelse,1976-05-23T00:00:00,1.0,madssebbelov1,20.0,15.0,18.0,13.0,11.0,6.0,3.044522437723423,2.772588722239781,2.9444389791664403,2.6390573296152584,2.4849066497880004,1.9459101490553132,790,274775,0.002875079610590483,,,
Mads Strange,Liberal Alliance,københavn,26 år,26.0,Kandidat-/masteruddannelse,,1.0,madsstrange_,31.0,30.0,30.0,29.0,15.0,8.0,3.4657359027997265,3.4339872044851463,3.4339872044851463,3.4011973816621555,2.772588722239781,2.1972245773362196,4488,334421,0.013420209855242345,,,
Mads-Magnus Damm,Dansk Folkeparti,sydjylland,19 år,19.0,Gymnasial uddannelse,,1.0,madsmagnusdamm,58.0,36.0,36.0,19.0,5.0,2.0,4.07753744390572,3.6109179126442243,3.6109179126442243,2.995732273553991,1.791759469228055,1.0986122886681098,428,324518,0.0013188790760450884,,,
Magnus Barsøe,Socialdemokratiet,københavns omegn,45 år,45.0,Kandidat-/masteruddannelse,1981-01-28T00:00:00,0.0,,0.0,0.0,0.0,0.0,0.0,0.0,0.0,0.0,0.0,0.0,0.0,0.0,1902,779252,0.0024408022051916455,,,
Magnus Bigum,Danmarksdemokraterne - Inger Støjberg,østjylland,,46.0,Unknown,,0.0,,0.0,0.0,0.0,0.0,0.0,0.0,0.0,0.0,0.0,0.0,0.0,0.0,996,205302,0.004851389660110472,,,
Magnus Flensborg,SF - Socialistisk Folkeparti,sydjylland,,46.0,Bachelor-/diplomuddannelse,,0.0,,0.0,0.0,0.0,0.0,0.0,0.0,0.0,0.0,0.0,0.0,0.0,0.0,592,413306,0.001432352784619628,,,
Magnus Georg Jensen,Radikale Venstre,københavn,30 år,30.0,Kandidat-/masteruddannelse,,1.0,magnusgeorgjensen,53.0,30.0,31.0,19.0,10.0,5.0,3.9889840465642745,3.4339872044851463,3.4657359027997265,2.995732273553991,2.3978952727983707,1.791759469228055,4491,207442,0.02164942489948998,,,
Magnus Heunicke,Socialdemokratiet,sjælland,51 år,51.0,Bachelor-/diplomuddannelse,,1.0,heunicke,12.0,9.0,9.0,5.0,0.0,0.0,2.5649493574615367,2.302585092994046,2.302585092994046,1.791759469228055,0.0,0.0,14316,779252,0.01837146391667907,22102.0,971995.0,0.022738800096708315
Magnus Von Dreiager,Det Konservative Folkeparti,københavns omegn,27 år,27.0,Kandidat-/masteruddannelse,1998-05-31T00:00:00,1.0,magnusvondreiager,8.0,8.0,8.0,8.0,8.0,3.0,2.1972245773362196,2.1972245773362196,2.1972245773362196,2.1972245773362196,2.1972245773362196,1.3862943611198906,1718,270749,0.006345360463011867,454.0,194820.0,0.0023303562262601374
Mai Mercado,Det Konservative Folkeparti,fyn,45 år,45.0,Kandidat-/masteruddannelse,,1.0,maimercado_dk,0.0,0.0,0.0,0.0,0.0,0.0,0.0,0.0,0.0,0.0,0.0,0.0,6146,270749,0.02269999150504711,4426.0,194820.0,0.022718406734421517
Maibritt Nielsen,Danmarksdemokraterne - Inger Støjberg,nordsjælland,,46.0,Unknown,,0.0,,0.0,0.0,0.0,0.0,0.0,0.0,0.0,0.0,0.0,0.0,0.0,0.0,175,205302,0.0008524028017262374,,,
Majbrit Nørgaard,"Venstre, Danmarks Liberale Parti",vestjylland,,46.0,Unknown,,,,,,,,,,,,,,,,198,361689,0.0005474316332539833,,,
Malene Sandfeld,"Venstre, Danmarks Liberale Parti",københavn,,46.0,Unknown,,,,,,,,,,,,,,,,348,361689,0.0009621525675373041,,,
Malte Jäger,Liberal Alliance,fyn,23 år,23.0,Bachelor-/diplomuddannelse,,1.0,maltejagerfyn,37.0,20.0,20.0,20.0,10.0,6.0,3.6375861597263857,3.044522437723423,3.044522437723423,3.044522437723423,2.3978952727983707,1.9459101490553132,1656,334421,0.0049518421391001165,,,
Malte Larsen,Dansk Folkeparti,sjælland,24 år,24.0,Kandidat-/masteruddannelse,,0.0,,0.0,0.0,0.0,0.0,0.0,0.0,0.0,0.0,0.0,0.0,0.0,0.0,1036,324518,0.0031924269223895132,,,
Malte Larsen,Socialdemokratiet,østjylland,57 år,57.0,Seminaruddannelse,,1.0,malte.larsen0,50.0,45.0,46.0,33.0,17.0,7.0,3.9318256327243257,3.828641396489095,3.8501476017100584,3.5263605246161616,2.8903717578961645,2.0794415416798357,4365,779252,0.005601525565542341,6313.0,971995.0,0.006494889377002968
Marcus Bech Pedersen,Alternativet,østjylland,27 år,27.0,Gymnasial uddannelse,,0.0,,0.0,0.0,0.0,0.0,0.0,0.0,0.0,0.0,0.0,0.0,0.0,0.0,28,91770,0.00030511060259344014,,,
Marcus Danielsson,"Venstre, Danmarks Liberale Parti",sjælland,,46.0,Unknown,,,,,,,,,,,,,,,,364,361689,0.0010063894671941916,279.0,470546.0,0.0005929282153073238
Marcus Juul Grønbæk,Danmarksdemokraterne - Inger Støjberg,vestjylland,,46.0,Unknown,,0.0,,0.0,0.0,0.0,0.0,0.0,0.0,0.0,0.0,0.0,0.0,0.0,0.0,597,205302,0.00290791127217465,,,
Marcus Knuth,Det Konservative Folkeparti,sjælland,50 år,50.0,Kandidat-/masteruddannelse,,0.0,,0.0,0.0,0.0,0.0,0.0,0.0,0.0,0.0,0.0,0.0,0.0,0.0,4394,270749,0.01622905347757517,,,
Marcus Vesterager,Socialdemokratiet,københavn,34 år,34.0,Kandidat-/masteruddannelse,,0.0,,0.0,0.0,0.0,0.0,0.0,0.0,0.0,0.0,0.0,0.0,0.0,0.0,509,779252,0.0006531904955008136,,,
Maria Dalum,Alternativet,fyn,53 år,53.0,Kandidat-/masteruddannelse,1973-01-01T00:00:00,0.0,,0.0,0.0,0.0,0.0,0.0,0.0,0.0,0.0,0.0,0.0,0.0,0.0,315,91770,0.003432494279176201,,,
Maria Durhuus,Socialdemokratiet,københavns omegn,48 år,48.0,Bachelor-/diplomuddannelse,1977-09-25T00:00:00,1.0,mariadurhuus1,21.0,15.0,15.0,7.0,6.0,4.0,3.091042453358316,2.772588722239781,2.772588722239781,2.0794415416798357,1.9459101490553132,1.6094379124341003,2836,779252,0.0036393875152068906,2616.0,971995.0,0.002691371869196858
Maria Enemark,Borgernes Parti - Lars Boje Mathiesen,vestjylland,,46.0,Ikke oplyst,,0.0,,0.0,0.0,0.0,0.0,0.0,0.0,0.0,0.0,0.0,0.0,0.0,0.0,321,75928,0.004227689389948372,,,
Maria Georgi Sloth,Radikale Venstre,københavn,26 år,26.0,Bachelor-/diplomuddannelse,,1.0,mariageorgisloth,32.0,32.0,32.0,23.0,11.0,7.0,3.4965075614664802,3.4965075614664802,3.4965075614664802,3.1780538303479458,2.4849066497880004,2.0794415416798357,1630,207442,0.007857618032992354,,,
Maria Gudme,Socialdemokratiet,fyn,37 år,37.0,Bachelor-/diplomuddannelse,1989-03-14T00:00:00,0.0,,0.0,0.0,0.0,0.0,0.0,0.0,0.0,0.0,0.0,0.0,0.0,0.0,1160,779252,0.0014886070231452727,,,
Maria Ladegaard,"Venstre, Danmarks Liberale Parti",københavns omegn,,46.0,Unknown,,,,,,,,,,,,,,,,568,361689,0.0015704099378195079,,,
Maria Radoor,Socialdemokratiet,sydjylland,40 år,40.0,Kandidat-/masteruddannelse,1986-04-08T00:00:00,0.0,,0.0,0.0,0.0,0.0,0.0,0.0,0.0,0.0,0.0,0.0,0.0,0.0,2763,779252,0.003545707935302059,,,
Maria Sofie Petersen,Enhedslisten - De Rød-Grønne,københavn,31 år,31.0,Bachelor-/diplomuddannelse,,0.0,,0.0,0.0,0.0,0.0,0.0,0.0,0.0,0.0,0.0,0.0,0.0,0.0,478,226037,0.002114698036162221,,,
Maria Sørensen,Enhedslisten - De Rød-Grønne,østjylland,40 år,40.0,Bachelor-/diplomuddannelse,1985-07-27T00:00:00,0.0,,0.0,0.0,0.0,0.0,0.0,0.0,0.0,0.0,0.0,0.0,0.0,0.0,619,226037,0.002738489716285387,,,
Maria Temponeras,Enhedslisten - De Rød-Grønne,østjylland,54 år,54.0,Kandidat-/masteruddannelse,,0.0,,0.0,0.0,0.0,0.0,0.0,0.0,0.0,0.0,0.0,0.0,0.0,0.0,1583,226037,0.007003278224361498,,,
Mariane Lunden,Alternativet,nordsjælland,,46.0,Ikke oplyst,,0.0,,0.0,0.0,0.0,0.0,0.0,0.0,0.0,0.0,0.0,0.0,0.0,0.0,47,91770,0.0005121499400675602,66.0,117567.0,0.0005613820204649263
Marianne Bigum,SF - Socialistisk Folkeparti,nordsjælland,43 år,43.0,Ph.d.-uddannelse,,1.0,mariannebigum,0.0,0.0,0.0,0.0,0.0,0.0,0.0,0.0,0.0,0.0,0.0,0.0,2384,413306,0.005768123375900665,2823.0,293186.0,0.009628699869707285
Marianne Karlsmose,Det Konservative Folkeparti,vestjylland,52 år,52.0,Kandidat-/masteruddannelse,,0.0,,0.0,0.0,0.0,0.0,0.0,0.0,0.0,0.0,0.0,0.0,0.0,0.0,2875,270749,0.010618691112432549,,,
Marianne Lynghøj,"Venstre, Danmarks Liberale Parti",nordsjælland,,46.0,Unknown,,,,,,,,,,,,,,,,1829,361689,0.005056830592027958,2479.0,470546.0,0.005268347834218121
Marianne Mortensen,Radikale Venstre,københavn,48 år,48.0,Kandidat-/masteruddannelse,1978-03-14T00:00:00,0.0,,0.0,0.0,0.0,0.0,0.0,0.0,0.0,0.0,0.0,0.0,0.0,0.0,229,207442,0.001103923024267024,,,
Marie Bjerre,"Venstre, Danmarks Liberale Parti",nordjylland,,46.0,Unknown,,,,,,,,,,,,,,,,15319,361689,0.04235406661524127,9744.0,470546.0,0.020707858530303096
Marie Brixtofte,"Venstre, Danmarks Liberale Parti",københavns omegn,,46.0,Unknown,,,,,,,,,,,,,,,,2827,361689,0.00781610720812632,,,
Marie Wandel,Radikale Venstre,nordjylland,52 år,52.0,Ph.d.-uddannelse,1973-07-11T00:00:00,0.0,,0.0,0.0,0.0,0.0,0.0,0.0,0.0,0.0,0.0,0.0,0.0,0.0,280,207442,0.0013497748768330426,,,
Mark Hellerup,Liberal Alliance,nordjylland,38 år,38.0,Kandidat-/masteruddannelse,1987-09-09T00:00:00,0.0,,0.0,0.0,0.0,0.0,0.0,0.0,0.0,0.0,0.0,0.0,0.0,0.0,172,334421,0.000514321768070785,,,
Marlene Ambo-Rasmussen,"Venstre, Danmarks Liberale Parti",fyn,,46.0,Unknown,,,,,,,,,,,,,,,,4791,361689,0.013246186641009265,3833.0,470546.0,0.00814585609058413
Marlene Harpsøe,Danmarksdemokraterne - Inger Støjberg,nordsjælland,,46.0,Unknown,,0.0,,0.0,0.0,0.0,0.0,0.0,0.0,0.0,0.0,0.0,0.0,0.0,0.0,575,205302,0.0028007520628147804,,,
Martin Graff Jørgensen,SF - Socialistisk Folkeparti,sjælland,30 år,30.0,Seminaruddannelse,1996-03-13T00:00:00,0.0,,0.0,0.0,0.0,0.0,0.0,0.0,0.0,0.0,0.0,0.0,0.0,0.0,836,413306,0.002022714405307448,,,
Martin Kjærulff,Alternativet,fyn,47 år,47.0,Gymnasial uddannelse,,0.0,,0.0,0.0,0.0,0.0,0.0,0.0,0.0,0.0,0.0,0.0,0.0,0.0,94,91770,0.0010242998801351204,374.0,117567.0,0.003181164782634583
Martin Laursen,Enhedslisten - De Rød-Grønne,østjylland,49 år,49.0,Kandidat-/masteruddannelse,,0.0,,0.0,0.0,0.0,0.0,0.0,0.0,0.0,0.0,0.0,0.0,0.0,0.0,317,226037,0.001402425266659883,,,
Martin Lidegaard,Radikale Venstre,nordsjælland,59 år,59.0,Kandidat-/masteruddannelse,1966-12-12T00:00:00,1.0,martin.lidegaard,18.0,18.0,18.0,13.0,7.0,4.0,2.9444389791664403,2.9444389791664403,2.9444389791664403,2.6390573296152584,2.0794415416798357,1.6094379124341003,9328,207442,0.044966785896780784,7167.0,133931.0,0.05351262963764924
Martin Lissner,Liberal Alliance,fyn,,46.0,Ikke oplyst,,0.0,,0.0,0.0,0.0,0.0,0.0,0.0,0.0,0.0,0.0,0.0,0.0,0.0,101,334421,0.00030201452659970517,,,
Martin Mickey Pedersen,Liberal Alliance,sjælland,38 år,38.0,Grundskole,1987-08-06T00:00:00,0.0,,0.0,0.0,0.0,0.0,0.0,0.0,0.0,0.0,0.0,0.0,0.0,0.0,97,334421,0.0002900535552492218,,,
Martin Nordstjerne,Borgernes Parti - Lars Boje Mathiesen,nordsjælland,59 år,59.0,Bachelor-/diplomuddannelse,1966-12-25T00:00:00,0.0,,0.0,0.0,0.0,0.0,0.0,0.0,0.0,0.0,0.0,0.0,0.0,0.0,298,75928,0.003924770835528395,,,
Martin Rahn Johansen,Danmarksdemokraterne - Inger Støjberg,sjælland,,46.0,Unknown,,1.0,martinrahnjohansendd,37.0,15.0,15.0,8.0,5.0,2.0,3.6375861597263857,2.772588722239781,2.772588722239781,2.1972245773362196,1.791759469228055,1.0986122886681098,582,205302,0.0028348481748838297,,,
Martin Sanderhoff,Moderaterne,vestjylland,56 år,56.0,Bachelor-/diplomuddannelse,1969-10-11T00:00:00,0.0,,0.0,0.0,0.0,0.0,0.0,0.0,0.0,0.0,0.0,0.0,0.0,0.0,650,274775,0.002365571831498499,,,
Martin Sibast,Danmarksdemokraterne - Inger Støjberg,københavn,,46.0,Unknown,,0.0,,0.0,0.0,0.0,0.0,0.0,0.0,0.0,0.0,0.0,0.0,0.0,0.0,107,205302,0.0005211834273411852,,,
Mathias D. Christiansen,Enhedslisten - De Rød-Grønne,sydjylland,46 år,46.0,Bachelor-/diplomuddannelse,1980-02-18T00:00:00,0.0,,0.0,0.0,0.0,0.0,0.0,0.0,0.0,0.0,0.0,0.0,0.0,0.0,140,226037,0.000619367625654207,,,
Mathias Fuglsang,Borgernes Parti - Lars Boje Mathiesen,københavns omegn,30 år,30.0,Gymnasial uddannelse,,0.0,,0.0,0.0,0.0,0.0,0.0,0.0,0.0,0.0,0.0,0.0,0.0,0.0,207,75928,0.0027262669897797913,,,
Mathias Sikora,Radikale Venstre,østjylland,26 år,26.0,Kandidat-/masteruddannelse,,1.0,mathiassikora,28.0,27.0,27.0,17.0,11.0,6.0,3.367295829986474,3.332204510175204,3.332204510175204,2.8903717578961645,2.4849066497880004,1.9459101490553132,1030,207442,0.004965243296921549,,,
Mathias Thybo,Socialdemokratiet,østjylland,,46.0,Kandidat-/masteruddannelse,,0.0,,0.0,0.0,0.0,0.0,0.0,0.0,0.0,0.0,0.0,0.0,0.0,0.0,325,779252,0.00041706662286397725,,,
Mathilde Hjort Bressum,"Venstre, Danmarks Liberale Parti",østjylland,,46.0,Unknown,,,,,,,,,,,,,,,,2317,361689,0.006406056031563028,,,
Mathilde Vinther,Enhedslisten - De Rød-Grønne,københavn,32 år,32.0,Seminaruddannelse,1994-02-18T00:00:00,1.0,mathildee.vintherr,12.0,12.0,12.0,12.0,7.0,2.0,2.5649493574615367,2.5649493574615367,2.5649493574615367,2.5649493574615367,2.0794415416798357,1.0986122886681098,1294,226037,0.005724726482832457,,,
Matilde Powers,Socialdemokratiet,nordsjælland,44 år,44.0,Kandidat-/masteruddannelse,,0.0,,0.0,0.0,0.0,0.0,0.0,0.0,0.0,0.0,0.0,0.0,0.0,0.0,4030,779252,0.005171626123513318,4221.0,971995.0,0.0043426149311467654
Matilde Skov-Hansen,Alternativet,fyn,22 år,22.0,Bachelor-/diplomuddannelse,2004-01-21T00:00:00,0.0,,0.0,0.0,0.0,0.0,0.0,0.0,0.0,0.0,0.0,0.0,0.0,0.0,212,91770,0.002310123133921761,,,
Mattias Tesfaye,Socialdemokratiet,københavns omegn,45 år,45.0,Erhvervsuddannelse,1981-03-31T00:00:00,0.0,,0.0,0.0,0.0,0.0,0.0,0.0,0.0,0.0,0.0,0.0,0.0,0.0,11898,779252,0.015268488242571081,13948.0,971995.0,0.014349868054876825
Melina Andersen,SF - Socialistisk Folkeparti,nordjylland,31 år,31.0,Kandidat-/masteruddannelse,,0.0,,0.0,0.0,0.0,0.0,0.0,0.0,0.0,0.0,0.0,0.0,0.0,0.0,2330,413306,0.005637469574600901,1931.0,293186.0,0.006586262645556063
Mercedes Czank,Dansk Folkeparti,østjylland,,46.0,Ikke oplyst,,0.0,,0.0,0.0,0.0,0.0,0.0,0.0,0.0,0.0,0.0,0.0,0.0,0.0,156,324518,0.00048071293425942476,,,
Merete Dea Larsen,Dansk Folkeparti,københavn,47 år,47.0,Ikke oplyst,,0.0,,0.0,0.0,0.0,0.0,0.0,0.0,0.0,0.0,0.0,0.0,0.0,0.0,1083,324518,0.0033372571013010064,,,
Merete Riisager,Liberal Alliance,københavn,50 år,50.0,Kandidat-/masteruddannelse,1976-03-01T00:00:00,0.0,,0.0,0.0,0.0,0.0,0.0,0.0,0.0,0.0,0.0,0.0,0.0,0.0,1656,334421,0.0049518421391001165,,,
Mette Abildgaard,Det Konservative Folkeparti,nordsjælland,37 år,37.0,Kandidat-/masteruddannelse,1988-10-12T00:00:00,0.0,,0.0,0.0,0.0,0.0,0.0,0.0,0.0,0.0,0.0,0.0,0.0,0.0,10807,270749,0.03991519820941167,6376.0,194820.0,0.03272764603223488
Mette Bloch Hansen,Enhedslisten - De Rød-Grønne,københavn,49 år,49.0,Kandidat-/masteruddannelse,1977-04-10T00:00:00,0.0,,0.0,0.0,0.0,0.0,0.0,0.0,0.0,0.0,0.0,0.0,0.0,0.0,173,226037,0.0007653614231298416,279.0,181452.0,0.0015375967197936644
Mette Bram,Alternativet,københavn,61 år,61.0,Kandidat-/masteruddannelse,1964-09-26T00:00:00,0.0,,0.0,0.0,0.0,0.0,0.0,0.0,0.0,0.0,0.0,0.0,0.0,0.0,217,91770,0.002364607170099161,544.0,117567.0,0.0046271487747412115
Mette Frederiksen,Socialdemokratiet,nordjylland,,46.0,Ikke oplyst,,1.0,mette_insider_official,33.0,33.0,33.0,33.0,24.0,13.0,3.5263605246161616,3.5263605246161616,3.5263605246161616,3.5263605246161616,3.2188758248682006,2.6390573296152584,41721,779252,0.05353980483848614,60837.0,971995.0,0.06258982813697601
Mette Friis,Alternativet,sjælland,58 år,58.0,Bachelor-/diplomuddannelse,,0.0,,0.0,0.0,0.0,0.0,0.0,0.0,0.0,0.0,0.0,0.0,0.0,0.0,199,91770,0.002168464639860521,,,
Mette Hvid Brockmann,Radikale Venstre,sjælland,56 år,56.0,Kandidat-/masteruddannelse,1969-12-26T00:00:00,0.0,,0.0,0.0,0.0,0.0,0.0,0.0,0.0,0.0,0.0,0.0,0.0,0.0,600,207442,0.0028923747360708055,,,
Mette Reissmann,Socialdemokratiet,københavn,62 år,62.0,Kandidat-/masteruddannelse,,1.0,mette.reissmann,15.0,15.0,15.0,15.0,8.0,3.0,2.772588722239781,2.772588722239781,2.772588722239781,2.772588722239781,2.1972245773362196,1.3862943611198906,1841,779252,0.002362522008284868,3347.0,971995.0,0.0034434333509946037
Mette Skaarup,Enhedslisten - De Rød-Grønne,fyn,34 år,34.0,Kandidat-/masteruddannelse,,0.0,,0.0,0.0,0.0,0.0,0.0,0.0,0.0,0.0,0.0,0.0,0.0,0.0,428,226037,0.00189349531271429,,,
Mette Thiesen,Dansk Folkeparti,nordsjælland,44 år,44.0,Seminaruddannelse,,0.0,,0.0,0.0,0.0,0.0,0.0,0.0,0.0,0.0,0.0,0.0,0.0,0.0,4555,324518,0.014036201381741536,,,
Mia Linda Møller,Moderaterne,sjælland,57 år,57.0,Kandidat-/masteruddannelse,,0.0,,0.0,0.0,0.0,0.0,0.0,0.0,0.0,0.0,0.0,0.0,0.0,0.0,322,274775,0.001171867891911564,,,
Mia Tang,Det Konservative Folkeparti,københavn,54 år,54.0,Kandidat-/masteruddannelse,,1.0,miatang.dk,13.0,13.0,13.0,13.0,10.0,7.0,2.6390573296152584,2.6390573296152584,2.6390573296152584,2.6390573296152584,2.3978952727983707,2.0794415416798357,1676,270749,0.006190235236325896,,,
Michael Bang Pedersen,Borgernes Parti - Lars Boje Mathiesen,østjylland,52 år,52.0,Erhvervsuddannelse,1974-01-13T00:00:00,0.0,,0.0,0.0,0.0,0.0,0.0,0.0,0.0,0.0,0.0,0.0,0.0,0.0,30,75928,0.0003951111579391002,,,
Michael Faust Horsbøl,Det Konservative Folkeparti,østjylland,34 år,34.0,Erhvervsuddannelse,,0.0,,0.0,0.0,0.0,0.0,0.0,0.0,0.0,0.0,0.0,0.0,0.0,0.0,266,270749,0.0009824597690111505,,,
Michael Graakjær,SF - Socialistisk Folkeparti,sjælland,65 år,65.0,Erhvervsuddannelse,1960-10-18T00:00:00,0.0,,0.0,0.0,0.0,0.0,0.0,0.0,0.0,0.0,0.0,0.0,0.0,0.0,128,413306,0.0003096978993772169,85.0,293186.0,0.000289918345350733
Michael Grove,Det Konservative Folkeparti,vestjylland,37 år,37.0,Kandidat-/masteruddannelse,,0.0,,0.0,0.0,0.0,0.0,0.0,0.0,0.0,0.0,0.0,0.0,0.0,0.0,411,270749,0.0015180111468555747,,,
Michael Hendriksen,Danmarksdemokraterne - Inger Støjberg,bornholm,,46.0,Unknown,,0.0,,0.0,0.0,0.0,0.0,0.0,0.0,0.0,0.0,0.0,0.0,0.0,0.0,206,205302,0.0010033998694605995,,,
Michael Jensen,Dansk Folkeparti,københavns omegn,54 år,54.0,Erhvervsuddannelse,,0.0,,0.0,0.0,0.0,0.0,0.0,0.0,0.0,0.0,0.0,0.0,0.0,0.0,475,324518,0.0014637092549565818,123.0,93428.0,0.001316521813589074
Michael Klausen,Liberal Alliance,østjylland,49 år,49.0,Erhvervsuddannelse,,0.0,,0.0,0.0,0.0,0.0,0.0,0.0,0.0,0.0,0.0,0.0,0.0,0.0,79,334421,0.0002362291841720466,,,
Michael Melchert,Liberal Alliance,københavns omegn,53 år,53.0,Bachelor-/diplomuddannelse,,0.0,,0.0,0.0,0.0,0.0,0.0,0.0,0.0,0.0,0.0,0.0,0.0,0.0,331,334421,0.000989770379252499,,,
Michael Nedersøe,Dansk Folkeparti,østjylland,47 år,47.0,Ikke oplyst,,0.0,,0.0,0.0,0.0,0.0,0.0,0.0,0.0,0.0,0.0,0.0,0.0,0.0,2075,324518,0.006394098324284015,661.0,93428.0,0.007074966819368925
Michael Nielsen,Moderaterne,vestjylland,56 år,56.0,Ikke oplyst,,0.0,,0.0,0.0,0.0,0.0,0.0,0.0,0.0,0.0,0.0,0.0,0.0,0.0,562,274775,0.002045309798926394,,,
Michael Pihl,Dansk Folkeparti,sjælland,60 år,60.0,Kandidat-/masteruddannelse,1966-01-19T00:00:00,0.0,,0.0,0.0,0.0,0.0,0.0,0.0,0.0,0.0,0.0,0.0,0.0,0.0,111,324518,0.00034204574168459067,,,
Michael Portefee P. Lex,Radikale Venstre,nordjylland,65 år,65.0,Seminaruddannelse,,0.0,,0.0,0.0,0.0,0.0,0.0,0.0,0.0,0.0,0.0,0.0,0.0,0.0,142,207442,0.0006845286875367572,,,
Michael Rask,Liberal Alliance,sjælland,,46.0,Gymnasial uddannelse,,1.0,michael.raskliber,8.0,8.0,8.0,8.0,6.0,3.0,2.1972245773362196,2.1972245773362196,2.1972245773362196,2.1972245773362196,1.9459101490553132,1.3862943611198906,243,334421,0.0007266290095418649,,,
Michael Rosenmark,Danmarksdemokraterne - Inger Støjberg,sjælland,,46.0,Unknown,,0.0,,0.0,0.0,0.0,0.0,0.0,0.0,0.0,0.0,0.0,0.0,0.0,0.0,207,205302,0.0010082707426133208,,,
Michael Schjelde,"Venstre, Danmarks Liberale Parti",sjælland,,46.0,Unknown,,,,,,,,,,,,,,,,77,361689,0.00021289007959877132,,,
Michael Valbjørn,Liberal Alliance,vestjylland,48 år,48.0,Bachelor-/diplomuddannelse,,1.0,michael.valbjrn,16.0,10.0,10.0,5.0,2.0,1.0,2.833213344056216,2.3978952727983707,2.3978952727983707,1.791759469228055,1.0986122886681098,0.6931471805599453,636,334421,0.0019017944447268563,,,
Michelle Sundahl,Dansk Folkeparti,vestjylland,25 år,25.0,Erhvervsuddannelse,,0.0,,0.0,0.0,0.0,0.0,0.0,0.0,0.0,0.0,0.0,0.0,0.0,0.0,1059,324518,0.003263301265261095,,,
Mikael Hertig,Alternativet,sydjylland,76 år,76.0,Kandidat-/masteruddannelse,,0.0,,0.0,0.0,0.0,0.0,0.0,0.0,0.0,0.0,0.0,0.0,0.0,0.0,33,91770,0.0003595946387708401,,,
Mikael Winther,Alternativet,sydjylland,51 år,51.0,Kandidat-/masteruddannelse,1974-12-05T00:00:00,1.0,mikael_winther,44.0,12.0,13.0,11.0,6.0,5.0,3.8066624897703196,2.5649493574615367,2.6390573296152584,2.4849066497880004,1.9459101490553132,1.791759469228055,96,91770,0.0010460934946060804,49.0,117567.0,0.0004167836212542635
Mikael Würtz,Dansk Folkeparti,vestjylland,56 år,56.0,Ikke oplyst,1970-03-16T00:00:00,0.0,,0.0,0.0,0.0,0.0,0.0,0.0,0.0,0.0,0.0,0.0,0.0,0.0,889,324518,0.002739447426645055,,,
Mikkel Bahl,Alternativet,københavn,47 år,47.0,Bachelor-/diplomuddannelse,1979-02-23T00:00:00,0.0,,0.0,0.0,0.0,0.0,0.0,0.0,0.0,0.0,0.0,0.0,0.0,0.0,53,91770,0.0005775307834804403,,,
Mikkel Bisgaard,"Venstre, Danmarks Liberale Parti",nordjylland,,46.0,Unknown,,,,,,,,,,,,,,,,705,361689,0.0019491883911316075,,,
Mikkel Bjørn,Dansk Folkeparti,københavns omegn,30 år,30.0,Bachelor-/diplomuddannelse,,1.0,mikkelbjorn,8.0,8.0,8.0,4.0,1.0,0.0,2.1972245773362196,2.1972245773362196,2.1972245773362196,1.6094379124341003,0.6931471805599453,0.0,5746,324518,0.017706259745222146,,,
Mikkel Dencker,Dansk Folkeparti,københavns omegn,50 år,50.0,Gymnasial uddannelse,,0.0,,0.0,0.0,0.0,0.0,0.0,0.0,0.0,0.0,0.0,0.0,0.0,0.0,750,324518,0.0023111198762472344,234.0,93428.0,0.0025046024746328724
Mikkel Hartwich,Dansk Folkeparti,nordsjælland,31 år,31.0,Erhvervsuddannelse,1994-11-08T00:00:00,0.0,,0.0,0.0,0.0,0.0,0.0,0.0,0.0,0.0,0.0,0.0,0.0,0.0,840,324518,0.0025884542613969024,,,
Mikkel Sammy Christensen,SF - Socialistisk Folkeparti,københavn,,46.0,Kandidat-/masteruddannelse,,1.0,mikkel4prez,25.0,24.0,24.0,13.0,7.0,4.0,3.258096538021482,3.2188758248682006,3.2188758248682006,2.6390573296152584,2.0794415416798357,1.6094379124341003,624,413306,0.0015097772594639322,,,
Mikkel Senna Odoom,Radikale Venstre,københavn,51 år,51.0,Kandidat-/masteruddannelse,,0.0,,0.0,0.0,0.0,0.0,0.0,0.0,0.0,0.0,0.0,0.0,0.0,0.0,529,207442,0.0025501103923024266,,,
Mikkel Westh Jepsen,Radikale Venstre,nordsjælland,25 år,25.0,Bachelor-/diplomuddannelse,2000-12-16T00:00:00,1.0,mikkelwj2,25.0,19.0,19.0,15.0,6.0,3.0,3.258096538021482,2.995732273553991,2.995732273553991,2.772588722239781,1.9459101490553132,1.3862943611198906,472,207442,0.0022753347923757,,,
Milo Gaarde,SF - Socialistisk Folkeparti,sydjylland,23 år,23.0,Gymnasial uddannelse,2002-11-08T00:00:00,1.0,milo_gaarde,8.0,7.0,8.0,6.0,3.0,2.0,2.1972245773362196,2.0794415416798357,2.1972245773362196,1.9459101490553132,1.3862943611198906,1.0986122886681098,922,413306,0.0022307926814515155,,,
Mogens Haugaard,Moderaterne,sjælland,67 år,67.0,Erhvervsuddannelse,,0.0,,0.0,0.0,0.0,0.0,0.0,0.0,0.0,0.0,0.0,0.0,0.0,0.0,330,274775,0.0012009826221453916,,,
Mogens Jensen,Socialdemokratiet,vestjylland,62 år,62.0,Gymnasial uddannelse,,0.0,,0.0,0.0,0.0,0.0,0.0,0.0,0.0,0.0,0.0,0.0,0.0,0.0,7010,779252,0.008995806234696863,6413.0,971995.0,0.006597770564663399
Mohammad Rona,Moderaterne,nordjylland,41 år,41.0,Bachelor-/diplomuddannelse,,1.0,mohammad_rona,15.0,14.0,14.0,14.0,9.0,4.0,2.772588722239781,2.70805020110221,2.70805020110221,2.70805020110221,2.302585092994046,1.6094379124341003,1604,274775,0.005837503411882449,1062.0,327699.0,0.003240778885501634
Mona Juul,Det Konservative Folkeparti,østjylland,58 år,58.0,Bachelor-/diplomuddannelse,,0.0,,0.0,0.0,0.0,0.0,0.0,0.0,0.0,0.0,0.0,0.0,0.0,0.0,21594,270749,0.07975652726325859,3695.0,194820.0,0.018966225233548916
Monika Rubin,Moderaterne,københavns omegn,38 år,38.0,Ph.d.-uddannelse,,0.0,,0.0,0.0,0.0,0.0,0.0,0.0,0.0,0.0,0.0,0.0,0.0,0.0,4633,274775,0.016861068146665454,3376.0,327699.0,0.01030213702208429
Morten Arvidsson,Moderaterne,nordjylland,62 år,62.0,Seminaruddannelse,,0.0,,0.0,0.0,0.0,0.0,0.0,0.0,0.0,0.0,0.0,0.0,0.0,0.0,658,274775,0.0023946865617323265,,,
Morten Bering,SF - Socialistisk Folkeparti,københavn,,46.0,Ikke oplyst,,0.0,,0.0,0.0,0.0,0.0,0.0,0.0,0.0,0.0,0.0,0.0,0.0,0.0,69,413306,0.000166946523883031,,,
Morten Bo Bertelsen,SF - Socialistisk Folkeparti,nordjylland,64 år,64.0,Kandidat-/masteruddannelse,,0.0,,0.0,0.0,0.0,0.0,0.0,0.0,0.0,0.0,0.0,0.0,0.0,0.0,772,413306,0.0018678654556188393,,,
Morten Bødskov,Socialdemokratiet,københavns omegn,55 år,55.0,Bachelor-/diplomuddannelse,,0.0,,0.0,0.0,0.0,0.0,0.0,0.0,0.0,0.0,0.0,0.0,0.0,0.0,5643,779252,0.0072415598548351496,8489.0,971995.0,0.008733584020493932
Morten Dahlin,"Venstre, Danmarks Liberale Parti",sjælland,,46.0,Unknown,,,,,,,,,,,,,,,,7021,361689,0.019411704530687968,5466.0,470546.0,0.011616292562257463
Morten Dehn,Borgernes Parti - Lars Boje Mathiesen,københavns omegn,54 år,54.0,Ikke oplyst,,0.0,,0.0,0.0,0.0,0.0,0.0,0.0,0.0,0.0,0.0,0.0,0.0,0.0,260,75928,0.0034242967021388686,,,
Morten E.G. Brautsch,Moderaterne,vestjylland,41 år,41.0,Kandidat-/masteruddannelse,,0.0,,0.0,0.0,0.0,0.0,0.0,0.0,0.0,0.0,0.0,0.0,0.0,0.0,1585,274775,0.005768355927577108,,,
Morten Hell,Moderaterne,sydjylland,48 år,48.0,Ph.d.-uddannelse,,1.0,morten.hell.moder,8.0,8.0,8.0,8.0,8.0,6.0,2.1972245773362196,2.1972245773362196,2.1972245773362196,2.1972245773362196,2.1972245773362196,1.9459101490553132,1001,274775,0.0036429806205076883,,,
Morten Hvidberg Greve,Alternativet,nordsjælland,57 år,57.0,Kandidat-/masteruddannelse,,0.0,,0.0,0.0,0.0,0.0,0.0,0.0,0.0,0.0,0.0,0.0,0.0,0.0,145,91770,0.0015800370491446006,246.0,117567.0,0.0020924238944601803
Morten Høgh,"Venstre, Danmarks Liberale Parti",vestjylland,,46.0,Unknown,,,,,,,,,,,,,,,,1712,361689,0.004733348263286968,,,
Morten Messerschmidt,Dansk Folkeparti,sjælland,45 år,45.0,Ikke oplyst,,1.0,mrmesserschmidt,62.0,45.0,45.0,32.0,13.0,6.0,4.143134726391533,3.828641396489095,3.828641396489095,3.4965075614664802,2.6390573296152584,1.9459101490553132,50819,324518,0.15659840132134428,,,
Morten Riis,Enhedslisten - De Rød-Grønne,bornholm,,46.0,Ikke oplyst,,0.0,,0.0,0.0,0.0,0.0,0.0,0.0,0.0,0.0,0.0,0.0,0.0,0.0,279,226037,0.0012343111968394554,301.0,181452.0,0.001658840905583846
Morten Ryom,Socialdemokratiet,nordjylland,34 år,34.0,Erhvervsuddannelse,,1.0,ry0m18,0.0,0.0,0.0,0.0,0.0,0.0,0.0,0.0,0.0,0.0,0.0,0.0,1389,779252,0.0017824785820248136,1799.0,971995.0,0.001850832566011142
Morten Siig Henriksen,SF - Socialistisk Folkeparti,østjylland,,46.0,Kandidat-/masteruddannelse,,0.0,,0.0,0.0,0.0,0.0,0.0,0.0,0.0,0.0,0.0,0.0,0.0,0.0,644,413306,0.0015581675562416225,954.0,293186.0,0.003253907076054109
Morten Sørensen,Det Konservative Folkeparti,østjylland,47 år,47.0,Kandidat-/masteruddannelse,1978-08-30T00:00:00,1.0,morten.srensen16,0.0,0.0,0.0,0.0,0.0,0.0,0.0,0.0,0.0,0.0,0.0,0.0,495,270749,0.001828261600227517,,,
Morten Trillingsgaard Høybye,Det Konservative Folkeparti,sydjylland,32 år,32.0,Erhvervsuddannelse,,0.0,,0.0,0.0,0.0,0.0,0.0,0.0,0.0,0.0,0.0,0.0,0.0,0.0,313,270749,0.0011560522845883087,,,
Morten Vehl Revsbeck,Danmarksdemokraterne - Inger Støjberg,vestjylland,,46.0,Unknown,,0.0,,0.0,0.0,0.0,0.0,0.0,0.0,0.0,0.0,0.0,0.0,0.0,0.0,1681,205302,0.008187937769724601,,,
Nadja Natalie Isaksen,Borgernes Parti - Lars Boje Mathiesen,sydjylland,31 år,31.0,Kandidat-/masteruddannelse,1995-01-05T00:00:00,1.0,nadjaisaksen,6.0,2.0,2.0,2.0,2.0,1.0,1.9459101490553132,1.0986122886681098,1.0986122886681098,1.0986122886681098,1.0986122886681098,0.6931471805599453,1301,75928,0.017134653882625646,,,
Nana Harring,Dansk Folkeparti,østjylland,27 år,27.0,Bachelor-/diplomuddannelse,,0.0,,0.0,0.0,0.0,0.0,0.0,0.0,0.0,0.0,0.0,0.0,0.0,0.0,1121,324518,0.003454353841697533,,,
Nana Løcke Buttenschøn,Alternativet,københavns omegn,,46.0,Erhvervsuddannelse,,0.0,,0.0,0.0,0.0,0.0,0.0,0.0,0.0,0.0,0.0,0.0,0.0,0.0,206,91770,0.002244742290508881,,,
Nanna Bonde,SF - Socialistisk Folkeparti,københavn,32 år,32.0,Kandidat-/masteruddannelse,,0.0,,0.0,0.0,0.0,0.0,0.0,0.0,0.0,0.0,0.0,0.0,0.0,0.0,4166,413306,0.010079698818792856,,,
Nanna Høyrup,Alternativet,nordsjælland,46 år,46.0,Bachelor-/diplomuddannelse,1979-04-26T00:00:00,0.0,,0.0,0.0,0.0,0.0,0.0,0.0,0.0,0.0,0.0,0.0,0.0,0.0,268,91770,0.002920344339108641,451.0,117567.0,0.003836110473176997
Nanna W. Gotfredsen,Moderaterne,københavn,57 år,57.0,Kandidat-/masteruddannelse,,0.0,,0.0,0.0,0.0,0.0,0.0,0.0,0.0,0.0,0.0,0.0,0.0,0.0,1091,274775,0.003970521335638249,2333.0,327699.0,0.007119338173140596
Natascha Remvig,"Venstre, Danmarks Liberale Parti",københavn,,46.0,Unknown,,,,,,,,,,,,,,,,411,361689,0.001136335359936299,,,
Natasja Bruun Knudsen,Det Konservative Folkeparti,fyn,40 år,40.0,Bachelor-/diplomuddannelse,1985-11-23T00:00:00,0.0,,0.0,0.0,0.0,0.0,0.0,0.0,0.0,0.0,0.0,0.0,0.0,0.0,446,270749,0.001647282169093884,,,
Nicholas Wentworth,Radikale Venstre,sydjylland,26 år,26.0,Kandidat-/masteruddannelse,1999-11-22T00:00:00,1.0,nicholas.wentworth,0.0,0.0,0.0,0.0,0.0,0.0,0.0,0.0,0.0,0.0,0.0,0.0,217,207442,0.001046075529545608,,,
Nick Zimmermann,Dansk Folkeparti,østjylland,31 år,31.0,Erhvervsuddannelse,,1.0,nick.zimmermann.df,5.0,5.0,5.0,5.0,5.0,4.0,1.791759469228055,1.791759469228055,1.791759469228055,1.791759469228055,1.791759469228055,1.6094379124341003,6007,324518,0.018510529462156183,1039.0,93428.0,0.011120863124545105
Nicklas Stampe Raabjerg,Alternativet,vestjylland,27 år,27.0,Bachelor-/diplomuddannelse,,0.0,,0.0,0.0,0.0,0.0,0.0,0.0,0.0,0.0,0.0,0.0,0.0,0.0,142,91770,0.0015473466274381607,,,
Nicklas Verne,Det Konservative Folkeparti,vestjylland,25 år,25.0,Kandidat-/masteruddannelse,2000-05-13T00:00:00,1.0,nicklasverne,35.0,33.0,33.0,33.0,18.0,13.0,3.58351893845611,3.5263605246161616,3.5263605246161616,3.5263605246161616,2.9444389791664403,2.6390573296152584,352,270749,0.0013000971379395676,,,
Nicolai Sandager,Liberal Alliance,sjælland,49 år,49.0,Gymnasial uddannelse,,1.0,sandagern,7.0,7.0,7.0,5.0,4.0,0.0,2.0794415416798357,2.0794415416798357,2.0794415416798357,1.791759469228055,1.6094379124341003,0.0,172,334421,0.000514321768070785,493.0,278656.0,0.0017692064768029397
Nicolai Wammen,Socialdemokratiet,østjylland,55 år,55.0,Ikke oplyst,,0.0,,0.0,0.0,0.0,0.0,0.0,0.0,0.0,0.0,0.0,0.0,0.0,0.0,19203,779252,0.024642862642636786,18022.0,971995.0,0.018541247640162756
Niels Bolding,Dansk Folkeparti,fyn,59 år,59.0,Kandidat-/masteruddannelse,,0.0,,0.0,0.0,0.0,0.0,0.0,0.0,0.0,0.0,0.0,0.0,0.0,0.0,344,324518,0.001060033649905398,,,
Niels Christensen,Borgernes Parti - Lars Boje Mathiesen,nordjylland,72 år,72.0,Ikke oplyst,1953-10-01T00:00:00,0.0,,0.0,0.0,0.0,0.0,0.0,0.0,0.0,0.0,0.0,0.0,0.0,0.0,351,75928,0.004622800547887472,,,
Niels H. Bünemann,"Venstre, Danmarks Liberale Parti",nordjylland,,46.0,Unknown,,,,,,,,,,,,,,,,606,361689,0.0016754725745046159,,,
Niels Haxthausen,SF - Socialistisk Folkeparti,københavns omegn,71 år,71.0,Kandidat-/masteruddannelse,,0.0,,0.0,0.0,0.0,0.0,0.0,0.0,0.0,0.0,0.0,0.0,0.0,0.0,311,413306,0.0007524691148930817,413.0,293186.0,0.0014086620779982673
Niels Henning Bladt,"Venstre, Danmarks Liberale Parti",sydjylland,,46.0,Unknown,,,,,,,,,,,,,,,,590,361689,0.0016312356748477282,577.0,470546.0,0.00122623505459615
Niels Kristian Larsen,SF - Socialistisk Folkeparti,vestjylland,25 år,25.0,Gymnasial uddannelse,2001-04-04T00:00:00,0.0,,0.0,0.0,0.0,0.0,0.0,0.0,0.0,0.0,0.0,0.0,0.0,0.0,648,413306,0.0015678456155971605,488.0,293186.0,0.0016644723827195023
Niels Peder Ravn,Det Konservative Folkeparti,københavn,58 år,58.0,Bachelor-/diplomuddannelse,1967-06-18T00:00:00,1.0,nielspederravn,0.0,0.0,0.0,0.0,0.0,0.0,0.0,0.0,0.0,0.0,0.0,0.0,461,270749,0.001702684035767445,,,
Niels Povlsgaard,Liberal Alliance,østjylland,46 år,46.0,Kandidat-/masteruddannelse,,0.0,,0.0,0.0,0.0,0.0,0.0,0.0,0.0,0.0,0.0,0.0,0.0,0.0,88,334421,0.0002631413697106342,,,
Niklas Stenbye,"Venstre, Danmarks Liberale Parti",bornholm,,46.0,Unknown,,,,,,,,,,,,,,,,558,361689,0.0015427618755339532,,,
Nikolai Eskild Jensen,Alternativet,københavn,34 år,34.0,Kandidat-/masteruddannelse,,0.0,,0.0,0.0,0.0,0.0,0.0,0.0,0.0,0.0,0.0,0.0,0.0,0.0,222,91770,0.002419091206276561,,,
Nikolaj Brink Olsen,Liberal Alliance,sjælland,58 år,58.0,Erhvervsuddannelse,,0.0,,0.0,0.0,0.0,0.0,0.0,0.0,0.0,0.0,0.0,0.0,0.0,0.0,93,334421,0.0002780925838987384,,,
Nikolaj Bøgh,Det Konservative Folkeparti,københavn,57 år,57.0,Kandidat-/masteruddannelse,1969-01-20T00:00:00,0.0,,0.0,0.0,0.0,0.0,0.0,0.0,0.0,0.0,0.0,0.0,0.0,0.0,1827,270749,0.006747947360839744,1425.0,194820.0,0.007314444102248229
Nikolaj C. Andersen,Moderaterne,nordjylland,35 år,35.0,Erhvervsuddannelse,,0.0,,0.0,0.0,0.0,0.0,0.0,0.0,0.0,0.0,0.0,0.0,0.0,0.0,168,274775,0.0006114093349103813,,,
Nikolaj Leed Henriksen,"Venstre, Danmarks Liberale Parti",fyn,,46.0,Unknown,,,,,,,,,,,,,,,,649,361689,0.0017943592423325012,1103.0,470546.0,0.0023440853816630042
Nikolaj Vang,Danmarksdemokraterne - Inger Støjberg,fyn,,46.0,Unknown,,0.0,,0.0,0.0,0.0,0.0,0.0,0.0,0.0,0.0,0.0,0.0,0.0,0.0,1373,205302,0.006687708838686423,,,
Nikoline Erbs Hillers-Bendtsen,Alternativet,østjylland,24 år,24.0,Bachelor-/diplomuddannelse,,1.0,nikolineerbs,60.0,10.0,10.0,10.0,4.0,2.0,4.110873864173311,2.3978952727983707,2.3978952727983707,2.3978952727983707,1.6094379124341003,1.0986122886681098,1267,91770,0.013806254767353166,1555.0,117567.0,0.01322650063368122
Nils Brøgger,SF - Socialistisk Folkeparti,vestjylland,46 år,46.0,Kandidat-/masteruddannelse,,0.0,,0.0,0.0,0.0,0.0,0.0,0.0,0.0,0.0,0.0,0.0,0.0,0.0,1898,413306,0.004592239164202794,,,
Nils Sjøberg,Radikale Venstre,sydjylland,65 år,65.0,Kandidat-/masteruddannelse,1960-08-04T00:00:00,0.0,,0.0,0.0,0.0,0.0,0.0,0.0,0.0,0.0,0.0,0.0,0.0,0.0,281,207442,0.0013545955013931606,723.0,133931.0,0.005398302110788391
Noah Sturis,Alternativet,københavn,,46.0,Kandidat-/masteruddannelse,,1.0,unfuckthesystem,0.0,0.0,0.0,0.0,0.0,0.0,0.0,0.0,0.0,0.0,0.0,0.0,153,91770,0.0016672115070284408,906.0,117567.0,0.007706244099109444
Nynne Printz,SF - Socialistisk Folkeparti,fyn,57 år,57.0,Bachelor-/diplomuddannelse,,0.0,,0.0,0.0,0.0,0.0,0.0,0.0,0.0,0.0,0.0,0.0,0.0,0.0,234,413306,0.0005661664722989746,382.0,293186.0,0.0013029271520468234
Ole Birk Olesen,Liberal Alliance,københavn,53 år,53.0,Bachelor-/diplomuddannelse,1972-12-21T00:00:00,1.0,olebirkolesen,5.0,4.0,5.0,4.0,1.0,1.0,1.791759469228055,1.6094379124341003,1.791759469228055,1.6094379124341003,0.6931471805599453,0.6931471805599453,2886,334421,0.008629840829373753,5488.0,278656.0,0.01969453376205788
Ole Dupont Kofod,Alternativet,fyn,54 år,54.0,Kandidat-/masteruddannelse,1971-09-02T00:00:00,0.0,,0.0,0.0,0.0,0.0,0.0,0.0,0.0,0.0,0.0,0.0,0.0,0.0,81,91770,0.0008826413860738803,146.0,117567.0,0.001241845075573928
Ole Lynggaard Jørgensen,Radikale Venstre,sydjylland,71 år,71.0,Bachelor-/diplomuddannelse,1955-03-17T00:00:00,0.0,,0.0,0.0,0.0,0.0,0.0,0.0,0.0,0.0,0.0,0.0,0.0,0.0,178,207442,0.0008580711717010056,270.0,133931.0,0.0020159634438628848
Partiliste,Alternativet,bornholm,,46.0,Unknown,,,,,,,,,,,,,,,,344,91770,0.0037485016890051216,414.0,117567.0,0.0035213963101890836
Partiliste,Alternativet,fyn,,46.0,Unknown,,,,,,,,,,,,,,,,4861,91770,0.0529693799716683,6197.0,117567.0,0.05271036940638104
Partiliste,Alternativet,københavn,,46.0,Unknown,,,,,,,,,,,,,,,,9896,91770,0.10783480440231012,18846.0,117567.0,0.16030008420730307
Partiliste,Alternativet,københavns omegn,,46.0,Unknown,,,,,,,,,,,,,,,,3662,91770,0.03990410809632777,5752.0,117567.0,0.04892529366233722
Partiliste,Alternativet,nordjylland,,46.0,Unknown,,,,,,,,,,,,,,,,3147,91770,0.03429225237005557,3833.0,117567.0,0.03260268612791004
Partiliste,Alternativet,nordsjælland,,46.0,Unknown,,,,,,,,,,,,,,,,4707,91770,0.05129127165740438,6411.0,117567.0,0.05453060807879762
Partiliste,Alternativet,sjælland,,46.0,Unknown,,,,,,,,,,,,,,,,6094,91770,0.06640514329301514,7039.0,117567.0,0.059872243061403284
Partiliste,Alternativet,sydjylland,,46.0,Unknown,,,,,,,,,,,,,,,,3496,91770,0.0380952380952381,4448.0,117567.0,0.03783374586406049
Partiliste,Alternativet,vestjylland,,46.0,Unknown,,,,,,,,,,,,,,,,2388,91770,0.02602157567832625,2846.0,117567.0,0.024207473185502735
Partiliste,Alternativet,østjylland,,46.0,Unknown,,,,,,,,,,,,,,,,8643,91770,0.09418110493625367,10495.0,117567.0,0.08926824704211216
Partiliste,Borgernes Parti - Lars Boje Mathiesen,bornholm,,46.0,Unknown,,,,,,,,,,,,,,,,393,75928,0.005175956169002213,,,
Partiliste,Borgernes Parti - Lars Boje Mathiesen,fyn,,46.0,Unknown,,,,,,,,,,,,,,,,5784,75928,0.07617743125065853,,,
Partiliste,Borgernes Parti - Lars Boje Mathiesen,københavn,,46.0,Unknown,,,,,,,,,,,,,,,,3007,75928,0.03960330839742914,,,
Partiliste,Borgernes Parti - Lars Boje Mathiesen,københavns omegn,,46.0,Unknown,,,,,,,,,,,,,,,,3878,75928,0.05107470234959435,,,
Partiliste,Borgernes Parti - Lars Boje Mathiesen,nordjylland,,46.0,Unknown,,,,,,,,,,,,,,,,7031,75928,0.09260088504899379,,,
Partiliste,Borgernes Parti - Lars Boje Mathiesen,nordsjælland,,46.0,Unknown,,,,,,,,,,,,,,,,3709,75928,0.04884890949320409,,,
Partiliste,Borgernes Parti - Lars Boje Mathiesen,sjælland,,46.0,Unknown,,,,,,,,,,,,,,,,11226,75928,0.1478505953008113,,,
Partiliste,Borgernes Parti - Lars Boje Mathiesen,sydjylland,,46.0,Unknown,,,,,,,,,,,,,,,,9739,75928,0.12826625223896324,,,
Partiliste,Borgernes Parti - Lars Boje Mathiesen,vestjylland,,46.0,Unknown,,,,,,,,,,,,,,,,6652,75928,0.08760931408702982,,,
Partiliste,Borgernes Parti - Lars Boje Mathiesen,østjylland,,46.0,Unknown,,,,,,,,,,,,,,,,2271,75928,0.029909914655989887,,,
Partiliste,Danmarksdemokraterne - Inger Støjberg,bornholm,,46.0,Unknown,,,,,,,,,,,,,,,,795,205302,0.0038723441564134787,,,
Partiliste,Danmarksdemokraterne - Inger Støjberg,fyn,,46.0,Unknown,,,,,,,,,,,,,,,,11820,205302,0.05757372066516644,,,
Partiliste,Danmarksdemokraterne - Inger Støjberg,københavn,,46.0,Unknown,,,,,,,,,,,,,,,,2870,205302,0.013979405948310293,,,
Partiliste,Danmarksdemokraterne - Inger Støjberg,københavns omegn,,46.0,Unknown,,,,,,,,,,,,,,,,4457,205302,0.021709481641679088,,,
Partiliste,Danmarksdemokraterne - Inger Støjberg,nordjylland,,46.0,Unknown,,,,,,,,,,,,,,,,10616,205302,0.05170918938928992,,,
Partiliste,Danmarksdemokraterne - Inger Støjberg,nordsjælland,,46.0,Unknown,,,,,,,,,,,,,,,,5718,205302,0.027851652687260718,,,
Partiliste,Danmarksdemokraterne - Inger Støjberg,sjælland,,46.0,Unknown,,,,,,,,,,,,,,,,20455,205302,0.09963371033891535,,,
Partiliste,Danmarksdemokraterne - Inger Støjberg,sydjylland,,46.0,Unknown,,,,,,,,,,,,,,,,26836,205302,0.13071475192643034,,,
Partiliste,Danmarksdemokraterne - Inger Støjberg,vestjylland,,46.0,Unknown,,,,,,,,,,,,,,,,25988,205302,0.12658425149292263,,,
Partiliste,Danmarksdemokraterne - Inger Støjberg,østjylland,,46.0,Unknown,,,,,,,,,,,,,,,,19977,205302,0.09730543297191455,,,
Partiliste,Dansk Folkeparti,bornholm,,46.0,Unknown,,,,,,,,,,,,,,,,1956,324518,0.0060274006372527875,403.0,93428.0,0.004313482039645503
Partiliste,Dansk Folkeparti,fyn,,46.0,Unknown,,,,,,,,,,,,,,,,20957,324518,0.06457885232868439,5098.0,93428.0,0.05456608297298454
Partiliste,Dansk Folkeparti,københavn,,46.0,Unknown,,,,,,,,,,,,,,,,20305,324518,0.06256971878293346,5339.0,93428.0,0.057145609453268825
Partiliste,Dansk Folkeparti,københavns omegn,,46.0,Unknown,,,,,,,,,,,,,,,,24569,324518,0.07570920565269107,3196.0,93428.0,0.03420816029455838
Partiliste,Dansk Folkeparti,nordjylland,,46.0,Unknown,,,,,,,,,,,,,,,,18740,324518,0.05774718197449756,4987.0,93428.0,0.053378002311940745
Partiliste,Dansk Folkeparti,nordsjælland,,46.0,Unknown,,,,,,,,,,,,,,,,20855,324518,0.06426454002551477,6064.0,93428.0,0.06490559575287923
Partiliste,Dansk Folkeparti,sjælland,,46.0,Unknown,,,,,,,,,,,,,,,,20047,324518,0.06177469354550441,10122.0,93428.0,0.1083401121719399
Partiliste,Dansk Folkeparti,sydjylland,,46.0,Unknown,,,,,,,,,,,,,,,,27407,324518,0.0844544832644106,6048.0,93428.0,0.06473434088281886
Partiliste,Dansk Folkeparti,vestjylland,,46.0,Unknown,,,,,,,,,,,,,,,,18001,324518,0.05546995852310196,4165.0,93428.0,0.04457978336258937
Partiliste,Dansk Folkeparti,østjylland,,46.0,Unknown,,,,,,,,,,,,,,,,24832,324518,0.07651963835596176,6469.0,93428.0,0.06924048465128227
Partiliste,Det Konservative Folkeparti,bornholm,,46.0,Unknown,,,,,,,,,,,,,,,,522,270749,0.001927984960239927,416.0,194820.0,0.002135304383533518
Partiliste,Det Konservative Folkeparti,fyn,,46.0,Unknown,,,,,,,,,,,,,,,,9657,270749,0.03566772176443865,7124.0,194820.0,0.0365670875680115
Partiliste,Det Konservative Folkeparti,københavn,,46.0,Unknown,,,,,,,,,,,,,,,,25789,270749,0.09525058264296452,13127.0,194820.0,0.06738014577558772
Partiliste,Det Konservative Folkeparti,københavns omegn,,46.0,Unknown,,,,,,,,,,,,,,,,19234,270749,0.0710399669066183,10466.0,194820.0,0.05372138384149471
Partiliste,Det Konservative Folkeparti,nordjylland,,46.0,Unknown,,,,,,,,,,,,,,,,9834,270749,0.03632146379118667,6515.0,194820.0,0.033441125141155936
Partiliste,Det Konservative Folkeparti,nordsjælland,,46.0,Unknown,,,,,,,,,,,,,,,,16352,270749,0.060395421589738096,10500.0,194820.0,0.053895903911302744
Partiliste,Det Konservative Folkeparti,sjælland,,46.0,Unknown,,,,,,,,,,,,,,,,18260,270749,0.06744253903061508,12498.0,194820.0,0.0641515244841392
Partiliste,Det Konservative Folkeparti,sydjylland,,46.0,Unknown,,,,,,,,,,,,,,,,13483,270749,0.049798891223974975,11357.0,194820.0,0.05829483625911097
Partiliste,Det Konservative Folkeparti,vestjylland,,46.0,Unknown,,,,,,,,,,,,,,,,10413,270749,0.03845997584478613,4584.0,194820.0,0.023529411764705882
Partiliste,Det Konservative Folkeparti,østjylland,,46.0,Unknown,,,,,,,,,,,,,,,,13549,270749,0.05004265943733864,11692.0,194820.0,0.060014372241043015
Partiliste,Enhedslisten - De Rød-Grønne,bornholm,,46.0,Unknown,,,,,,,,,,,,,,,,694,226037,0.0030702938014572833,754.0,181452.0,0.004155368912990763
Partiliste,Enhedslisten - De Rød-Grønne,fyn,,46.0,Unknown,,,,,,,,,,,,,,,,11424,226037,0.050540398253383294,9199.0,181452.0,0.050696602958358136
Partiliste,Enhedslisten - De Rød-Grønne,københavn,,46.0,Unknown,,,,,,,,,,,,,,,,27294,226037,0.12075014267575662,30337.0,181452.0,0.1671902211053061
Partiliste,Enhedslisten - De Rød-Grønne,københavns omegn,,46.0,Unknown,,,,,,,,,,,,,,,,17053,226037,0.07544340085915138,11063.0,181452.0,0.06096929215439896
Partiliste,Enhedslisten - De Rød-Grønne,nordjylland,,46.0,Unknown,,,,,,,,,,,,,,,,8038,226037,0.0355605498214894,6663.0,181452.0,0.03672045499636267
Partiliste,Enhedslisten - De Rød-Grønne,nordsjælland,,46.0,Unknown,,,,,,,,,,,,,,,,10003,226037,0.044253816852993094,8545.0,181452.0,0.04709234398077729
Partiliste,Enhedslisten - De Rød-Grønne,sjælland,,46.0,Unknown,,,,,,,,,,,,,,,,15707,226037,0.06948862354393308,12001.0,181452.0,0.06613870334854396
Partiliste,Enhedslisten - De Rød-Grønne,sydjylland,,46.0,Unknown,,,,,,,,,,,,,,,,9776,226037,0.04324955648853949,7207.0,181452.0,0.039718493044992614
Partiliste,Enhedslisten - De Rød-Grønne,vestjylland,,46.0,Unknown,,,,,,,,,,,,,,,,5995,226037,0.026522206541406936,4957.0,181452.0,0.027318519498269515
Partiliste,Enhedslisten - De Rød-Grønne,østjylland,,46.0,Unknown,,,,,,,,,,,,,,,,22681,226037,0.1003419794104505,14111.0,181452.0,0.07776712298569319
Partiliste,Liberal Alliance,bornholm,,46.0,Unknown,,,,,,,,,,,,,,,,1052,334421,0.003145735465177127,747.0,278656.0,0.0026807246210381257
Partiliste,Liberal Alliance,fyn,,46.0,Unknown,,,,,,,,,,,,,,,,19374,334421,0.05793296473606622,15814.0,278656.0,0.05675097611391824
Partiliste,Liberal Alliance,københavn,,46.0,Unknown,,,,,,,,,,,,,,,,25665,334421,0.07674458242753894,28009.0,278656.0,0.10051461299954065
Partiliste,Liberal Alliance,københavns omegn,,46.0,Unknown,,,,,,,,,,,,,,,,21484,334421,0.0642423771234462,19343.0,278656.0,0.06941533647220946
Partiliste,Liberal Alliance,nordjylland,,46.0,Unknown,,,,,,,,,,,,,,,,22556,334421,0.06744791744537573,18706.0,278656.0,0.06712936380339918
Partiliste,Liberal Alliance,nordsjælland,,46.0,Unknown,,,,,,,,,,,,,,,,23500,334421,0.07027070668408981,22192.0,278656.0,0.07963941203491043
Partiliste,Liberal Alliance,sjælland,,46.0,Unknown,,,,,,,,,,,,,,,,34873,334421,0.10427873847635166,27625.0,278656.0,0.09913656982085439
Partiliste,Liberal Alliance,sydjylland,,46.0,Unknown,,,,,,,,,,,,,,,,31815,334421,0.09513457587890713,23259.0,278656.0,0.08346850597152045
Partiliste,Liberal Alliance,vestjylland,,46.0,Unknown,,,,,,,,,,,,,,,,25049,334421,0.0749025928395645,19205.0,278656.0,0.06892010220486909
Partiliste,Liberal Alliance,østjylland,,46.0,Unknown,,,,,,,,,,,,,,,,11682,334421,0.03493201682908669,7745.0,278656.0,0.02779412609095085
Partiliste,Moderaterne,bornholm,,46.0,Unknown,,,,,,,,,,,,,,,,759,274775,0.0027622600309344008,1233.0,327699.0,0.0037625992145230835
Partiliste,Moderaterne,fyn,,46.0,Unknown,,,,,,,,,,,,,,,,15490,274775,0.05637339641524884,23722.0,327699.0,0.07238960143302238
Partiliste,Moderaterne,københavn,,46.0,Unknown,,,,,,,,,,,,,,,,25689,274775,0.0934910381220999,34169.0,327699.0,0.10426946679727432
Partiliste,Moderaterne,københavns omegn,,46.0,Unknown,,,,,,,,,,,,,,,,19650,274775,0.07151305613683923,24159.0,327699.0,0.07372314227385497
Partiliste,Moderaterne,nordjylland,,46.0,Unknown,,,,,,,,,,,,,,,,14614,274775,0.05318533345464471,19265.0,327699.0,0.05878870548887851
Partiliste,Moderaterne,nordsjælland,,46.0,Unknown,,,,,,,,,,,,,,,,24082,274775,0.08764261668637977,26171.0,327699.0,0.07986292298725355
Partiliste,Moderaterne,sjælland,,46.0,Unknown,,,,,,,,,,,,,,,,8794,274775,0.032004367209535076,13753.0,327699.0,0.04196839172533331
Partiliste,Moderaterne,sydjylland,,46.0,Unknown,,,,,,,,,,,,,,,,20473,274775,0.07450823400964425,29147.0,327699.0,0.08894442766074966
Partiliste,Moderaterne,vestjylland,,46.0,Unknown,,,,,,,,,,,,,,,,15185,274775,0.05526339732508416,16473.0,327699.0,0.050268691695732975
Partiliste,Moderaterne,østjylland,,46.0,Unknown,,,,,,,,,,,,,,,,28476,274775,0.10363388226730962,35040.0,327699.0,0.10692739373632511
Partiliste,Radikale Venstre,bornholm,,46.0,Unknown,,,,,,,,,,,,,,,,305,207442,0.0014702904908359927,171.0,133931.0,0.001276776847779827
Partiliste,Radikale Venstre,fyn,,46.0,Unknown,,,,,,,,,,,,,,,,8424,207442,0.040608941294434105,4772.0,133931.0,0.03563028723745809
Partiliste,Radikale Venstre,københavn,,46.0,Unknown,,,,,,,,,,,,,,,,29008,207442,0.1398366772399032,15590.0,133931.0,0.11640322255489767
Partiliste,Radikale Venstre,københavns omegn,,46.0,Unknown,,,,,,,,,,,,,,,,12751,207442,0.06146778376606473,6350.0,133931.0,0.04741247358714562
Partiliste,Radikale Venstre,nordjylland,,46.0,Unknown,,,,,,,,,,,,,,,,7863,207442,0.03790457091620791,4000.0,133931.0,0.029866125094264957
Partiliste,Radikale Venstre,nordsjælland,,46.0,Unknown,,,,,,,,,,,,,,,,7353,207442,0.03544605239054772,4157.0,133931.0,0.031038370504214857
Partiliste,Radikale Venstre,sjælland,,46.0,Unknown,,,,,,,,,,,,,,,,9132,207442,0.04402194348299766,5625.0,133931.0,0.0419992384138101
Partiliste,Radikale Venstre,sydjylland,,46.0,Unknown,,,,,,,,,,,,,,,,6782,207442,0.03269347576672034,4601.0,133931.0,0.034353510389678266
Partiliste,Radikale Venstre,vestjylland,,46.0,Unknown,,,,,,,,,,,,,,,,6062,207442,0.02922262608343537,2974.0,133931.0,0.022205464007585995
Partiliste,Radikale Venstre,østjylland,,46.0,Unknown,,,,,,,,,,,,,,,,18779,207442,0.09052650861445609,11916.0,133931.0,0.08897118665581531
Partiliste,SF - Socialistisk Folkeparti,bornholm,,46.0,Unknown,,,,,,,,,,,,,,,,1439,413306,0.0034816818531548054,1151.0,293186.0,0.00392583547645522
Partiliste,SF - Socialistisk Folkeparti,fyn,,46.0,Unknown,,,,,,,,,,,,,,,,23191,413306,0.0561109686285706,13511.0,293186.0,0.04608337369451475
Partiliste,SF - Socialistisk Folkeparti,københavn,,46.0,Unknown,,,,,,,,,,,,,,,,42399,413306,0.1025850096538642,23615.0,293186.0,0.08054613794655952
Partiliste,SF - Socialistisk Folkeparti,københavns omegn,,46.0,Unknown,,,,,,,,,,,,,,,,24435,413306,0.05912084508814293,17191.0,293186.0,0.058635132646170006
Partiliste,SF - Socialistisk Folkeparti,nordjylland,,46.0,Unknown,,,,,,,,,,,,,,,,20208,413306,0.048893555864178116,13171.0,293186.0,0.04492370031311181
Partiliste,SF - Socialistisk Folkeparti,nordsjælland,,46.0,Unknown,,,,,,,,,,,,,,,,16098,413306,0.03894934987636279,14595.0,293186.0,0.04978068529875233
Partiliste,SF - Socialistisk Folkeparti,sjælland,,46.0,Unknown,,,,,,,,,,,,,,,,25571,413306,0.06186941394511573,13332.0,293186.0,0.04547283976724673
Partiliste,SF - Socialistisk Folkeparti,sydjylland,,46.0,Unknown,,,,,,,,,,,,,,,,22824,413306,0.055223006682699985,13936.0,293186.0,0.04753296542126841
Partiliste,SF - Socialistisk Folkeparti,vestjylland,,46.0,Unknown,,,,,,,,,,,,,,,,14310,413306,0.034623257344437296,9700.0,293186.0,0.033084799410613056
Partiliste,SF - Socialistisk Folkeparti,østjylland,,46.0,Unknown,,,,,,,,,,,,,,,,42745,413306,0.10342216178811825,25307.0,293186.0,0.08631721842107058
Partiliste,Socialdemokratiet,bornholm,,46.0,Unknown,,,,,,,,,,,,,,,,2960,779252,0.0037985144728534545,4498.0,971995.0,0.004627595820966157
Partiliste,Socialdemokratiet,fyn,,46.0,Unknown,,,,,,,,,,,,,,,,44193,779252,0.05671207773608537,60417.0,971995.0,0.0621577271488022
Partiliste,Socialdemokratiet,københavn,,46.0,Unknown,,,,,,,,,,,,,,,,41022,779252,0.05264279077884946,50337.0,971995.0,0.05178730343263083
Partiliste,Socialdemokratiet,københavns omegn,,46.0,Unknown,,,,,,,,,,,,,,,,36883,779252,0.04733128692643715,47541.0,971995.0,0.04891074542564519
Partiliste,Socialdemokratiet,nordjylland,,46.0,Unknown,,,,,,,,,,,,,,,,26010,779252,0.03337816264828323,27998.0,971995.0,0.02880467492116729
Partiliste,Socialdemokratiet,nordsjælland,,46.0,Unknown,,,,,,,,,,,,,,,,35615,779252,0.045704085456309385,46196.0,971995.0,0.047526993451612404
Partiliste,Socialdemokratiet,sjælland,,46.0,Unknown,,,,,,,,,,,,,,,,69582,779252,0.08929332231421927,83717.0,971995.0,0.08612904387368248
Partiliste,Socialdemokratiet,sydjylland,,46.0,Unknown,,,,,,,,,,,,,,,,52071,779252,0.06682177267430818,66398.0,971995.0,0.06831105098277254
Partiliste,Socialdemokratiet,vestjylland,,46.0,Unknown,,,,,,,,,,,,,,,,39472,779252,0.05065370380826741,44794.0,971995.0,0.04608459920061317
Partiliste,Socialdemokratiet,østjylland,,46.0,Unknown,,,,,,,,,,,,,,,,62016,779252,0.07958401133394588,73957.0,971995.0,0.07608783995802447
Partiliste,"Venstre, Danmarks Liberale Parti",bornholm,,46.0,Unknown,,,,,,,,,,,,,,,,568,361689,0.0015704099378195079,665.0,470546.0,0.001413251839352582
Partiliste,"Venstre, Danmarks Liberale Parti",fyn,,46.0,Unknown,,,,,,,,,,,,,,,,14744,361689,0.04076430303382188,16920.0,470546.0,0.035958227250895765
Partiliste,"Venstre, Danmarks Liberale Parti",københavn,,46.0,Unknown,,,,,,,,,,,,,,,,9615,361689,0.02658361188756086,22717.0,470546.0,0.04827795794672572
Partiliste,"Venstre, Danmarks Liberale Parti",københavns omegn,,46.0,Unknown,,,,,,,,,,,,,,,,10419,361689,0.028806516095319458,17837.0,470546.0,0.03790702715568722
Partiliste,"Venstre, Danmarks Liberale Parti",nordjylland,,46.0,Unknown,,,,,,,,,,,,,,,,10937,361689,0.030238685721711196,16003.0,470546.0,0.034009427346104314
Partiliste,"Venstre, Danmarks Liberale Parti",nordsjælland,,46.0,Unknown,,,,,,,,,,,,,,,,11411,361689,0.031549203874046486,20358.0,470546.0,0.04326463300081182
Partiliste,"Venstre, Danmarks Liberale Parti",sjælland,,46.0,Unknown,,,,,,,,,,,,,,,,19773,361689,0.05466851355722734,30066.0,470546.0,0.06389598466462365
Partiliste,"Venstre, Danmarks Liberale Parti",sydjylland,,46.0,Unknown,,,,,,,,,,,,,,,,18296,361689,0.05058489475765091,27714.0,470546.0,0.05889753605386083
Partiliste,"Venstre, Danmarks Liberale Parti",vestjylland,,46.0,Unknown,,,,,,,,,,,,,,,,13432,361689,0.037136877261957094,13745.0,470546.0,0.02921074666451314
Partiliste,"Venstre, Danmarks Liberale Parti",østjylland,,46.0,Unknown,,,,,,,,,,,,,,,,16858,361689,0.046609103400988144,23200.0,470546.0,0.04930442507215022
Patrick Bryhl,Danmarksdemokraterne - Inger Støjberg,sydjylland,,46.0,Unknown,,0.0,,0.0,0.0,0.0,0.0,0.0,0.0,0.0,0.0,0.0,0.0,0.0,0.0,714,205302,0.0034778034310430487,,,
Patrizia Venturelli Christensen,Liberal Alliance,københavns omegn,54 år,54.0,Ph.d.-uddannelse,,0.0,,0.0,0.0,0.0,0.0,0.0,0.0,0.0,0.0,0.0,0.0,0.0,0.0,467,334421,0.0013964434051689338,,,
Paulina Laparil,Borgernes Parti - Lars Boje Mathiesen,nordjylland,50 år,50.0,Kandidat-/masteruddannelse,,0.0,,0.0,0.0,0.0,0.0,0.0,0.0,0.0,0.0,0.0,0.0,0.0,0.0,292,75928,0.0038457486039405755,,,
Paw Hedegaard Amdisen,SF - Socialistisk Folkeparti,østjylland,49 år,49.0,Kandidat-/masteruddannelse,,0.0,,0.0,0.0,0.0,0.0,0.0,0.0,0.0,0.0,0.0,0.0,0.0,0.0,1384,413306,0.0033486085370161576,,,
Paw Karslund,Dansk Folkeparti,københavn,,46.0,Ikke oplyst,,0.0,,0.0,0.0,0.0,0.0,0.0,0.0,0.0,0.0,0.0,0.0,0.0,0.0,1677,324518,0.005167664043288816,506.0,93428.0,0.005415935265659117
Peder Hvelplund,Enhedslisten - De Rød-Grønne,nordjylland,58 år,58.0,Seminaruddannelse,,0.0,,0.0,0.0,0.0,0.0,0.0,0.0,0.0,0.0,0.0,0.0,0.0,0.0,2296,226037,0.010157629060728996,1978.0,181452.0,0.01090095452240813
Peder Key Kristiansen,Socialdemokratiet,nordjylland,54 år,54.0,Erhvervsuddannelse,1971-05-20T00:00:00,0.0,,0.0,0.0,0.0,0.0,0.0,0.0,0.0,0.0,0.0,0.0,0.0,0.0,1770,779252,0.002271408992213045,,,
Peder Larsen,SF - Socialistisk Folkeparti,nordjylland,53 år,53.0,Seminaruddannelse,1972-12-29T00:00:00,0.0,,0.0,0.0,0.0,0.0,0.0,0.0,0.0,0.0,0.0,0.0,0.0,0.0,602,413306,0.001456547933008473,314.0,293186.0,0.0010709924757662372
Pelle Dragsted,Enhedslisten - De Rød-Grønne,københavn,50 år,50.0,Kandidat-/masteruddannelse,1975-04-13T00:00:00,1.0,pelledragsted,50.0,29.0,31.0,19.0,7.0,3.0,3.9318256327243257,3.4011973816621555,3.4657359027997265,2.995732273553991,2.0794415416798357,1.3862943611198906,30707,226037,0.1358494405783124,14129.0,181452.0,0.07786632277406697
Per Husted,Socialdemokratiet,nordjylland,60 år,60.0,Kandidat-/masteruddannelse,1966-04-06T00:00:00,0.0,,0.0,0.0,0.0,0.0,0.0,0.0,0.0,0.0,0.0,0.0,0.0,0.0,2846,779252,0.0036522203343719362,2221.0,971995.0,0.0022849911779381582
Per Kamp Stefansen,Socialdemokratiet,vestjylland,,46.0,Ikke oplyst,,0.0,,0.0,0.0,0.0,0.0,0.0,0.0,0.0,0.0,0.0,0.0,0.0,0.0,193,779252,0.0002476734098853773,145.0,971995.0,0.000149177722107624
Per Knudsen,Dansk Folkeparti,sydjylland,59 år,59.0,Ikke oplyst,,0.0,,0.0,0.0,0.0,0.0,0.0,0.0,0.0,0.0,0.0,0.0,0.0,0.0,448,324518,0.0013805089394116814,,,
Per Larsen,Det Konservative Folkeparti,nordjylland,60 år,60.0,Erhvervsuddannelse,1965-06-27T00:00:00,0.0,,0.0,0.0,0.0,0.0,0.0,0.0,0.0,0.0,0.0,0.0,0.0,0.0,2367,270749,0.008742414561087946,2384.0,194820.0,0.012236936659480547
Per Nørgaard Andersen,Liberal Alliance,københavn,61 år,61.0,Kandidat-/masteruddannelse,1964-10-22T00:00:00,0.0,,0.0,0.0,0.0,0.0,0.0,0.0,0.0,0.0,0.0,0.0,0.0,0.0,149,334421,0.00044554618280550566,220.0,278656.0,0.0007895039044556729
Pernille Birch,Det Konservative Folkeparti,københavn,32 år,32.0,Kandidat-/masteruddannelse,1993-06-19T00:00:00,0.0,,0.0,0.0,0.0,0.0,0.0,0.0,0.0,0.0,0.0,0.0,0.0,0.0,657,270749,0.002426601760301977,,,
Pernille Christensen,Moderaterne,nordsjælland,,46.0,Kandidat-/masteruddannelse,,0.0,,0.0,0.0,0.0,0.0,0.0,0.0,0.0,0.0,0.0,0.0,0.0,0.0,885,274775,0.003220817032117187,,,
Pernille Skærsø,Alternativet,østjylland,42 år,42.0,Kandidat-/masteruddannelse,,0.0,,0.0,0.0,0.0,0.0,0.0,0.0,0.0,0.0,0.0,0.0,0.0,0.0,187,91770,0.0020377029530347607,,,
Pernille Vermund,Liberal Alliance,sjælland,50 år,50.0,Kandidat-/masteruddannelse,,0.0,,0.0,0.0,0.0,0.0,0.0,0.0,0.0,0.0,0.0,0.0,0.0,0.0,5751,334421,0.01719688655915747,,,
Peter Bilgrav,Alternativet,vestjylland,57 år,57.0,Kandidat-/masteruddannelse,1968-09-05T00:00:00,0.0,,0.0,0.0,0.0,0.0,0.0,0.0,0.0,0.0,0.0,0.0,0.0,0.0,387,91770,0.004217064400130761,,,
Peter Faber,Borgernes Parti - Lars Boje Mathiesen,nordsjælland,43 år,43.0,Erhvervsuddannelse,1982-10-05T00:00:00,0.0,,0.0,0.0,0.0,0.0,0.0,0.0,0.0,0.0,0.0,0.0,0.0,0.0,302,75928,0.003977452323253609,,,
Peter Have,Moderaterne,østjylland,62 år,62.0,Ikke oplyst,,0.0,,0.0,0.0,0.0,0.0,0.0,0.0,0.0,0.0,0.0,0.0,0.0,0.0,676,274775,0.002460194704758439,952.0,327699.0,0.002905104989639883
Peter Hummelgaard,Socialdemokratiet,københavn,43 år,43.0,Kandidat-/masteruddannelse,,1.0,peter_hummelgaard,29.0,15.0,15.0,9.0,4.0,1.0,3.4011973816621555,2.772588722239781,2.772588722239781,2.302585092994046,1.6094379124341003,0.6931471805599453,11637,779252,0.014933551662363395,9321.0,971995.0,0.009589555501828714
Peter Juel-Jensen,"Venstre, Danmarks Liberale Parti",bornholm,,46.0,Unknown,,,,,,,,,,,,,,,,3017,361689,0.008341420391551857,3849.0,470546.0,0.008179859142358026
Peter Kempf Pedersen,Socialdemokratiet,vestjylland,,46.0,Ikke oplyst,,0.0,,0.0,0.0,0.0,0.0,0.0,0.0,0.0,0.0,0.0,0.0,0.0,0.0,113,779252,0.00014501085656501363,155.0,971995.0,0.00015946584087366705
Peter Kofod,Dansk Folkeparti,sydjylland,36 år,36.0,Seminaruddannelse,1990-02-27T00:00:00,0.0,,0.0,0.0,0.0,0.0,0.0,0.0,0.0,0.0,0.0,0.0,0.0,0.0,15993,324518,0.04928232024109602,3887.0,93428.0,0.04160422999529049
Peter Larsen,Liberal Alliance,nordjylland,54 år,54.0,Gymnasial uddannelse,,0.0,,0.0,0.0,0.0,0.0,0.0,0.0,0.0,0.0,0.0,0.0,0.0,0.0,1493,334421,0.004464432556567919,,,
Peter Martin Jakobsen,Alternativet,københavn,42 år,42.0,Bachelor-/diplomuddannelse,,0.0,,0.0,0.0,0.0,0.0,0.0,0.0,0.0,0.0,0.0,0.0,0.0,0.0,148,91770,0.0016127274708510407,,,
Peter Roswall,Enhedslisten - De Rød-Grønne,sjælland,59 år,59.0,Ikke oplyst,,0.0,,0.0,0.0,0.0,0.0,0.0,0.0,0.0,0.0,0.0,0.0,0.0,0.0,142,226037,0.0006282157345921243,,,
Peter Samir,Alternativet,københavns omegn,53 år,53.0,Kandidat-/masteruddannelse,1973-03-29T00:00:00,0.0,,0.0,0.0,0.0,0.0,0.0,0.0,0.0,0.0,0.0,0.0,0.0,0.0,135,91770,0.0014710689767898006,,,
Peter Skaarup,Danmarksdemokraterne - Inger Støjberg,sjælland,,46.0,Unknown,,1.0,peterskaarup4real,20.0,20.0,20.0,20.0,19.0,6.0,3.044522437723423,3.044522437723423,3.044522437723423,3.044522437723423,2.995732273553991,1.9459101490553132,1874,205302,0.009128016288199823,,,
Peter Sporleder,Det Konservative Folkeparti,østjylland,54 år,54.0,Kandidat-/masteruddannelse,1971-11-17T00:00:00,0.0,,0.0,0.0,0.0,0.0,0.0,0.0,0.0,0.0,0.0,0.0,0.0,0.0,1136,270749,0.004195768036077695,,,
Peter Svarre Fridolf,Det Konservative Folkeparti,bornholm,,46.0,Ikke oplyst,,0.0,,0.0,0.0,0.0,0.0,0.0,0.0,0.0,0.0,0.0,0.0,0.0,0.0,97,270749,0.00035826540448902856,,,
Peter Vestergaard,Radikale Venstre,vestjylland,52 år,52.0,Gymnasial uddannelse,,0.0,,0.0,0.0,0.0,0.0,0.0,0.0,0.0,0.0,0.0,0.0,0.0,0.0,268,207442,0.0012919273821116264,,,
Philip Solberg,Liberal Alliance,nordsjælland,18 år,18.0,Gymnasial uddannelse,,0.0,,0.0,0.0,0.0,0.0,0.0,0.0,0.0,0.0,0.0,0.0,0.0,0.0,365,334421,0.0010914386357316077,,,
Philip Vivet,Radikale Venstre,vestjylland,25 år,25.0,Bachelor-/diplomuddannelse,,0.0,,0.0,0.0,0.0,0.0,0.0,0.0,0.0,0.0,0.0,0.0,0.0,0.0,1443,207442,0.0069561612402502864,,,
Phillip Kjær Luscombe,"Venstre, Danmarks Liberale Parti",sydjylland,,46.0,Unknown,,,,,,,,,,,,,,,,992,361689,0.002742687778727028,,,
Phillip Sperling,"Venstre, Danmarks Liberale Parti",nordjylland,,46.0,Unknown,,,,,,,,,,,,,,,,142,361689,0.00039260248445487696,328.0,470546.0,0.0006970625613648825
Pia Adelsteen,Dansk Folkeparti,nordsjælland,62 år,62.0,Gymnasial uddannelse,,0.0,,0.0,0.0,0.0,0.0,0.0,0.0,0.0,0.0,0.0,0.0,0.0,0.0,354,324518,0.0010908485815886947,534.0,93428.0,0.00571563128826476
Pia Elberg,Radikale Venstre,nordjylland,57 år,57.0,Kandidat-/masteruddannelse,,0.0,,0.0,0.0,0.0,0.0,0.0,0.0,0.0,0.0,0.0,0.0,0.0,0.0,389,207442,0.0018752229538859056,345.0,133931.0,0.0025759532893803528
Pia Halkjær,Socialdemokratiet,østjylland,,46.0,Ikke oplyst,,0.0,,0.0,0.0,0.0,0.0,0.0,0.0,0.0,0.0,0.0,0.0,0.0,0.0,590,779252,0.0007571363307376818,,,
Pia Offer Madsen,Liberal Alliance,fyn,52 år,52.0,Kandidat-/masteruddannelse,1973-07-11T00:00:00,0.0,,0.0,0.0,0.0,0.0,0.0,0.0,0.0,0.0,0.0,0.0,0.0,0.0,1573,334421,0.004703651983577586,,,
Pia Olsen Dyhr,SF - Socialistisk Folkeparti,sjælland,54 år,54.0,Kandidat-/masteruddannelse,,0.0,,0.0,0.0,0.0,0.0,0.0,0.0,0.0,0.0,0.0,0.0,0.0,0.0,29344,413306,0.07099824343222697,,,
Pil Christensen,Enhedslisten - De Rød-Grønne,københavn,41 år,41.0,Kandidat-/masteruddannelse,,1.0,pil_christensen,8.0,8.0,8.0,7.0,3.0,1.0,2.1972245773362196,2.1972245773362196,2.1972245773362196,2.0794415416798357,1.3862943611198906,0.6931471805599453,4725,226037,0.020903657365829487,,,
Pil Yildiz,Enhedslisten - De Rød-Grønne,københavn,51 år,51.0,Bachelor-/diplomuddannelse,1975-03-20T00:00:00,0.0,,0.0,0.0,0.0,0.0,0.0,0.0,0.0,0.0,0.0,0.0,0.0,0.0,737,226037,0.0032605281436225045,,,
Preben Bang Henriksen,"Venstre, Danmarks Liberale Parti",nordjylland,,46.0,Unknown,,,,,,,,,,,,,,,,11947,361689,0.033031140012552224,10644.0,470546.0,0.022620530192584785
Preben Friis-Hauge,"Venstre, Danmarks Liberale Parti",sydjylland,,46.0,Unknown,,,,,,,,,,,,,,,,2076,361689,0.005739737730481159,3751.0,470546.0,0.00797159045024291
Qasam Nazir Ahmad,Alternativet,københavn,46 år,46.0,Kandidat-/masteruddannelse,,1.0,qasam_nazir_ahmad,59.0,23.0,23.0,21.0,13.0,7.0,4.0943445622221,3.1780538303479458,3.1780538303479458,3.091042453358316,2.6390573296152584,2.0794415416798357,1165,91770,0.012694780429334205,,,
Rabih Azad-Ahmad,Radikale Venstre,østjylland,50 år,50.0,Kandidat-/masteruddannelse,,1.0,rabihazadahmad,26.0,20.0,20.0,14.0,9.0,5.0,3.295836866004329,3.044522437723423,3.044522437723423,2.70805020110221,2.302585092994046,1.791759469228055,2385,207442,0.011497189575881452,,,
Ragnar Dixen,Liberal Alliance,vestjylland,38 år,38.0,Bachelor-/diplomuddannelse,,0.0,,0.0,0.0,0.0,0.0,0.0,0.0,0.0,0.0,0.0,0.0,0.0,0.0,685,334421,0.0020483163437702775,458.0,278656.0,0.0016436035829122647
Ralf Høgedal,"Venstre, Danmarks Liberale Parti",vestjylland,,46.0,Unknown,,,,,,,,,,,,,,,,1479,361689,0.004089148412033543,,,
Rashid Ali,(Uden for parti),københavn,,46.0,Unknown,,,,,,,,,,,,,,,,75,2436,0.03078817733990148,,,
Rasmus Bjergegaard,Det Konservative Folkeparti,københavn,38 år,38.0,Kandidat-/masteruddannelse,,0.0,,0.0,0.0,0.0,0.0,0.0,0.0,0.0,0.0,0.0,0.0,0.0,0.0,871,270749,0.0032170017248447824,,,
Rasmus Elkjær Larsen,Det Konservative Folkeparti,sydjylland,54 år,54.0,Seminaruddannelse,,0.0,,0.0,0.0,0.0,0.0,0.0,0.0,0.0,0.0,0.0,0.0,0.0,0.0,1120,270749,0.004136672711625897,942.0,194820.0,0.004835232522328303
Rasmus Harning,Alternativet,nordsjælland,21 år,21.0,Bachelor-/diplomuddannelse,,0.0,,0.0,0.0,0.0,0.0,0.0,0.0,0.0,0.0,0.0,0.0,0.0,0.0,136,91770,0.0014819657840252807,,,
Rasmus Horn Langhoff,Socialdemokratiet,sjælland,45 år,45.0,Kandidat-/masteruddannelse,,0.0,,0.0,0.0,0.0,0.0,0.0,0.0,0.0,0.0,0.0,0.0,0.0,0.0,3648,779252,0.004681412431408582,4931.0,971995.0,0.0050730713635358205
Rasmus Hylleberg,"Venstre, Danmarks Liberale Parti",sjælland,,46.0,Unknown,,,,,,,,,,,,,,,,624,361689,0.0017252390866186143,1742.0,470546.0,0.003702082261883004
Rasmus Lund-Nielsen,Moderaterne,nordsjælland,37 år,37.0,Kandidat-/masteruddannelse,,1.0,rasmuslundnielsen_,8.0,1.0,1.0,1.0,1.0,1.0,2.1972245773362196,0.6931471805599453,0.6931471805599453,0.6931471805599453,0.6931471805599453,0.6931471805599453,3574,274775,0.013007005731962515,,,
Rasmus Paludan,(Uden for parti),københavn,,46.0,Unknown,,,,,,,,,,,,,,,,156,2436,0.06403940886699508,,,
Rasmus Petersen,Enhedslisten - De Rød-Grønne,nordsjælland,45 år,45.0,Kandidat-/masteruddannelse,,0.0,,0.0,0.0,0.0,0.0,0.0,0.0,0.0,0.0,0.0,0.0,0.0,0.0,224,226037,0.0009909882010467313,,,
Rasmus Sandvej,Det Konservative Folkeparti,sydjylland,,46.0,Bachelor-/diplomuddannelse,,0.0,,0.0,0.0,0.0,0.0,0.0,0.0,0.0,0.0,0.0,0.0,0.0,0.0,474,270749,0.0017506989868845315,442.0,194820.0,0.002268760907504363
Rasmus Stoklund,Socialdemokratiet,nordsjælland,42 år,42.0,Kandidat-/masteruddannelse,,0.0,,0.0,0.0,0.0,0.0,0.0,0.0,0.0,0.0,0.0,0.0,0.0,0.0,4528,779252,0.005810700517932582,4647.0,971995.0,0.004780888790580198
Rasmus T. Mortensen,SF - Socialistisk Folkeparti,østjylland,37 år,37.0,Bachelor-/diplomuddannelse,,0.0,,0.0,0.0,0.0,0.0,0.0,0.0,0.0,0.0,0.0,0.0,0.0,0.0,550,413306,0.0013307331613864788,,,
Rasmus Vestergaard Madsen,Enhedslisten - De Rød-Grønne,sydjylland,,46.0,Unknown,,,,,,,,,,,,,,,,856,226037,0.00378699062542858,486.0,181452.0,0.0026783942860921896
Reinout Bosch,Enhedslisten - De Rød-Grønne,københavn,35 år,35.0,Kandidat-/masteruddannelse,,0.0,,0.0,0.0,0.0,0.0,0.0,0.0,0.0,0.0,0.0,0.0,0.0,0.0,258,226037,0.0011414060529913244,,,
René Flou,Det Konservative Folkeparti,nordjylland,,46.0,Ikke oplyst,,0.0,,0.0,0.0,0.0,0.0,0.0,0.0,0.0,0.0,0.0,0.0,0.0,0.0,222,270749,0.0008199476267687046,,,
Reza Javid,Enhedslisten - De Rød-Grønne,fyn,63 år,63.0,Kandidat-/masteruddannelse,,1.0,reza_javid,3.0,1.0,2.0,0.0,0.0,0.0,1.3862943611198906,0.6931471805599453,1.0986122886681098,0.0,0.0,0.0,597,226037,0.002641160517968297,489.0,181452.0,0.002694927584154487
Ricki Vejsmose,"Venstre, Danmarks Liberale Parti",københavns omegn,,46.0,Unknown,,,,,,,,,,,,,,,,143,361689,0.00039536729068343244,350.0,470546.0,0.0007438167575539905
Rikke Christensen,Radikale Venstre,østjylland,55 år,55.0,Seminaruddannelse,,0.0,,0.0,0.0,0.0,0.0,0.0,0.0,0.0,0.0,0.0,0.0,0.0,0.0,844,207442,0.0040686071287396,,,
Rikke Hansen,Borgernes Parti - Lars Boje Mathiesen,københavn,46 år,46.0,Bachelor-/diplomuddannelse,,0.0,,0.0,0.0,0.0,0.0,0.0,0.0,0.0,0.0,0.0,0.0,0.0,0.0,284,75928,0.0037403856284901485,,,
Rikke Olssen,Liberal Alliance,nordjylland,48 år,48.0,Erhvervsuddannelse,,1.0,rikkeolssen,75.0,22.0,22.0,20.0,10.0,5.0,4.330733340286331,3.1354942159291497,3.1354942159291497,3.044522437723423,2.3978952727983707,1.791759469228055,137,334421,0.0004096632687540555,,,
Robert Mørck,Liberal Alliance,nordsjælland,44 år,44.0,Kandidat-/masteruddannelse,,0.0,,0.0,0.0,0.0,0.0,0.0,0.0,0.0,0.0,0.0,0.0,0.0,0.0,190,334421,0.0005681461391479602,156.0,278656.0,0.0005598300413412954
Roger Courage Matthisen,Alternativet,københavn,50 år,50.0,Bachelor-/diplomuddannelse,,1.0,rogercourage2026,0.0,0.0,0.0,0.0,0.0,0.0,0.0,0.0,0.0,0.0,0.0,0.0,325,91770,0.0035414623515310014,,,
Romeo Troelsgaard,Dansk Folkeparti,fyn,20 år,20.0,Gymnasial uddannelse,2006-03-21T00:00:00,1.0,romeotroelsgaard,151.0,140.0,144.0,91.0,37.0,19.0,5.0238805208462765,4.948759890378168,4.976733742420574,4.5217885770490405,3.6375861597263857,2.995732273553991,326,324518,0.0010045667728754645,,,
Rosa Eriksen,Moderaterne,fyn,36 år,36.0,Bachelor-/diplomuddannelse,,0.0,,0.0,0.0,0.0,0.0,0.0,0.0,0.0,0.0,0.0,0.0,0.0,0.0,2016,274775,0.007336912018924575,4469.0,327699.0,0.013637514914601509
Rosa Lund,Enhedslisten - De Rød-Grønne,københavn,39 år,39.0,Kandidat-/masteruddannelse,,1.0,denrigtigerosalund,23.0,19.0,19.0,12.0,5.0,3.0,3.1780538303479458,2.995732273553991,2.995732273553991,2.5649493574615367,1.791759469228055,1.3862943611198906,8621,226037,0.03813977357689228,9670.0,181452.0,0.053292330754138834
Ruben Kidde,Radikale Venstre,københavns omegn,39 år,39.0,Kandidat-/masteruddannelse,,1.0,radikaleruben,22.0,16.0,17.0,9.0,3.0,1.0,3.1354942159291497,2.833213344056216,2.8903717578961645,2.302585092994046,1.3862943611198906,0.6931471805599453,862,207442,0.0041553783708217235,,,
Runa Friis Hansen,Enhedslisten - De Rød-Grønne,nordjylland,41 år,41.0,Bachelor-/diplomuddannelse,,1.0,runa.friis.hansen,0.0,0.0,0.0,0.0,0.0,0.0,0.0,0.0,0.0,0.0,0.0,0.0,459,226037,0.0020306410012520073,259.0,181452.0,0.0014273747327116814
Rune Bønnelykke,Dansk Folkeparti,sydjylland,53 år,53.0,Bachelor-/diplomuddannelse,1972-07-19T00:00:00,1.0,runebonnelykke,4.0,2.0,2.0,1.0,1.0,1.0,1.6094379124341003,1.0986122886681098,1.0986122886681098,0.6931471805599453,0.6931471805599453,0.6931471805599453,814,324518,0.002508335439020332,,,
Rune Christiansen,Radikale Venstre,østjylland,48 år,48.0,Kandidat-/masteruddannelse,,0.0,,0.0,0.0,0.0,0.0,0.0,0.0,0.0,0.0,0.0,0.0,0.0,0.0,683,207442,0.0032924865745606,1227.0,133931.0,0.009161433872665777
Rune Højer,Dansk Folkeparti,sydjylland,36 år,36.0,Ikke oplyst,,0.0,,0.0,0.0,0.0,0.0,0.0,0.0,0.0,0.0,0.0,0.0,0.0,0.0,123,324518,0.00037902365970454645,,,
Rune Kristensen,Det Konservative Folkeparti,sjælland,44 år,44.0,Kandidat-/masteruddannelse,,0.0,,0.0,0.0,0.0,0.0,0.0,0.0,0.0,0.0,0.0,0.0,0.0,0.0,1880,270749,0.006943700623086327,1673.0,194820.0,0.008587414023200903
Rune Mikkelsen,Danmarksdemokraterne - Inger Støjberg,østjylland,,46.0,Unknown,,0.0,,0.0,0.0,0.0,0.0,0.0,0.0,0.0,0.0,0.0,0.0,0.0,0.0,675,205302,0.003287839378086916,,,
Rune Palm,SF - Socialistisk Folkeparti,københavn,41 år,41.0,Kandidat-/masteruddannelse,,0.0,,0.0,0.0,0.0,0.0,0.0,0.0,0.0,0.0,0.0,0.0,0.0,0.0,801,413306,0.00193803138594649,,,
Sadek Al-Amood,SF - Socialistisk Folkeparti,københavn,26 år,26.0,Kandidat-/masteruddannelse,,1.0,sadekalamood,61.0,35.0,35.0,24.0,13.0,8.0,4.127134385045092,3.58351893845611,3.58351893845611,3.2188758248682006,2.6390573296152584,2.1972245773362196,1560,413306,0.0037744431486598307,356.0,293186.0,0.0012142462464101286
Salik Anders Rosing,Alternativet,nordsjælland,40 år,40.0,Ph.d.-uddannelse,,0.0,,0.0,0.0,0.0,0.0,0.0,0.0,0.0,0.0,0.0,0.0,0.0,0.0,198,91770,0.002157567832625041,,,
Samira Nawa,Radikale Venstre,københavn,38 år,38.0,Kandidat-/masteruddannelse,,1.0,samira.nawa,28.0,16.0,16.0,11.0,3.0,1.0,3.367295829986474,2.833213344056216,2.833213344056216,2.4849066497880004,1.3862943611198906,0.6931471805599453,10372,207442,0.04999951793754399,6302.0,133931.0,0.047054080086014444
Sandra Skalvig,Liberal Alliance,sjælland,35 år,35.0,Bachelor-/diplomuddannelse,1990-10-09T00:00:00,0.0,,0.0,0.0,0.0,0.0,0.0,0.0,0.0,0.0,0.0,0.0,0.0,0.0,191,334421,0.000571136381985581,,,
Sanne Pilgaard,Borgernes Parti - Lars Boje Mathiesen,sjælland,47 år,47.0,Ikke oplyst,,0.0,,0.0,0.0,0.0,0.0,0.0,0.0,0.0,0.0,0.0,0.0,0.0,0.0,586,75928,0.0077178379517437576,,,
Sara Emil Baaring,Socialdemokratiet,fyn,39 år,39.0,Seminaruddannelse,1986-10-11T00:00:00,1.0,saraemilbaaring,0.0,0.0,0.0,0.0,0.0,0.0,0.0,0.0,0.0,0.0,0.0,0.0,3641,779252,0.004672429457993049,5247.0,971995.0,0.005398175916542781
Sara Pernille Jespersen,Moderaterne,østjylland,34 år,34.0,Bachelor-/diplomuddannelse,,0.0,,0.0,0.0,0.0,0.0,0.0,0.0,0.0,0.0,0.0,0.0,0.0,0.0,428,274775,0.0015576380675097808,,,
Sara Tvilling,Liberal Alliance,nordjylland,,46.0,Ikke oplyst,,1.0,saratvillingla,20.0,20.0,20.0,20.0,8.0,4.0,3.044522437723423,3.044522437723423,3.044522437723423,3.044522437723423,2.1972245773362196,1.6094379124341003,406,334421,0.0012140385920740623,,,
Sarah Nørris,Enhedslisten - De Rød-Grønne,sydjylland,,46.0,Ikke oplyst,,0.0,,0.0,0.0,0.0,0.0,0.0,0.0,0.0,0.0,0.0,0.0,0.0,0.0,226,226037,0.0009998363099846485,380.0,181452.0,0.002094217754557679
Sascha Faxe,Alternativet,sjælland,54 år,54.0,Kandidat-/masteruddannelse,,1.0,saschafaxe1,17.0,12.0,12.0,9.0,5.0,3.0,2.8903717578961645,2.5649493574615367,2.5649493574615367,2.302585092994046,1.791759469228055,1.3862943611198906,1290,91770,0.014056881333769205,1129.0,117567.0,0.009603034865225787
Sasja Elkjær Krogsdal,Alternativet,østjylland,,46.0,Ikke oplyst,,0.0,,0.0,0.0,0.0,0.0,0.0,0.0,0.0,0.0,0.0,0.0,0.0,0.0,56,91770,0.0006102212051868803,,,
Sebastian Bloch Jensen,SF - Socialistisk Folkeparti,bornholm,36 år,36.0,Kandidat-/masteruddannelse,1990-03-24T00:00:00,0.0,,0.0,0.0,0.0,0.0,0.0,0.0,0.0,0.0,0.0,0.0,0.0,0.0,1059,413306,0.002562266214378693,,,
Sebastian Mylsted,Danmarksdemokraterne - Inger Støjberg,københavns omegn,,46.0,Unknown,,0.0,,0.0,0.0,0.0,0.0,0.0,0.0,0.0,0.0,0.0,0.0,0.0,0.0,157,205302,0.000764727084977253,,,
Sebastian Støckler,"Venstre, Danmarks Liberale Parti",østjylland,,46.0,Unknown,,,,,,,,,,,,,,,,581,361689,0.001606352418790729,,,
Selma Bolø,Enhedslisten - De Rød-Grønne,sydjylland,,46.0,Unknown,,,,,,,,,,,,,,,,1192,226037,0.005273472926998677,490.0,181452.0,0.0027004386835085864
Siff Tang Lassen,Det Konservative Folkeparti,vestjylland,24 år,24.0,Bachelor-/diplomuddannelse,,0.0,,0.0,0.0,0.0,0.0,0.0,0.0,0.0,0.0,0.0,0.0,0.0,0.0,295,270749,0.0010895700445800354,203.0,194820.0,0.0010419874756185197
Signe Munk,SF - Socialistisk Folkeparti,vestjylland,36 år,36.0,Bachelor-/diplomuddannelse,1990-03-10T00:00:00,0.0,,0.0,0.0,0.0,0.0,0.0,0.0,0.0,0.0,0.0,0.0,0.0,0.0,13806,413306,0.033403821865639505,8032.0,293186.0,0.027395578233612793
Signe Sofie Larsen,Alternativet,vestjylland,25 år,25.0,Ikke oplyst,,0.0,,0.0,0.0,0.0,0.0,0.0,0.0,0.0,0.0,0.0,0.0,0.0,0.0,457,91770,0.004979840906614362,,,
Signe Wenneberg,Alternativet,københavns omegn,57 år,57.0,Bachelor-/diplomuddannelse,,0.0,,0.0,0.0,0.0,0.0,0.0,0.0,0.0,0.0,0.0,0.0,0.0,0.0,3349,91770,0.036493407431622535,,,
Sigurd Agersnap,SF - Socialistisk Folkeparti,københavns omegn,33 år,33.0,Kandidat-/masteruddannelse,1993-03-02T00:00:00,0.0,,0.0,0.0,0.0,0.0,0.0,0.0,0.0,0.0,0.0,0.0,0.0,0.0,3546,413306,0.008579599618684462,2857.0,293186.0,0.009744667207847578
Sigurd Hebo Lønholdt,Det Konservative Folkeparti,københavns omegn,26 år,26.0,Kandidat-/masteruddannelse,1999-10-01T00:00:00,0.0,,0.0,0.0,0.0,0.0,0.0,0.0,0.0,0.0,0.0,0.0,0.0,0.0,128,270749,0.0004727625956143882,,,
Silas Ipsen,Det Konservative Folkeparti,sjælland,20 år,20.0,Gymnasial uddannelse,,0.0,,0.0,0.0,0.0,0.0,0.0,0.0,0.0,0.0,0.0,0.0,0.0,0.0,568,270749,0.0020978840180388477,,,
Simon Bech Munch-Petersen,Radikale Venstre,bornholm,23 år,23.0,Ikke oplyst,,0.0,,0.0,0.0,0.0,0.0,0.0,0.0,0.0,0.0,0.0,0.0,0.0,0.0,36,207442,0.00017354248416424833,,,
Simon Hampe,Dansk Folkeparti,sjælland,32 år,32.0,Bachelor-/diplomuddannelse,1994-01-02T00:00:00,0.0,,0.0,0.0,0.0,0.0,0.0,0.0,0.0,0.0,0.0,0.0,0.0,0.0,179,324518,0.0005515872771310066,91.0,93428.0,0.0009740120734683393
Simon Højer,Det Konservative Folkeparti,vestjylland,39 år,39.0,Ikke oplyst,,0.0,,0.0,0.0,0.0,0.0,0.0,0.0,0.0,0.0,0.0,0.0,0.0,0.0,255,270749,0.0009418317334505391,,,
Simon Kollerup,Socialdemokratiet,nordjylland,39 år,39.0,Kandidat-/masteruddannelse,1986-05-20T00:00:00,1.0,politikkersimonkollerup,10.0,10.0,10.0,10.0,9.0,4.0,2.3978952727983707,2.3978952727983707,2.3978952727983707,2.3978952727983707,2.302585092994046,1.6094379124341003,9050,779252,0.011613701344366135,9947.0,971995.0,0.010233591736583007
Simon Meyer Off,SF - Socialistisk Folkeparti,fyn,30 år,30.0,Kandidat-/masteruddannelse,,1.0,simonmeyeroff,16.0,3.0,3.0,3.0,2.0,0.0,2.833213344056216,1.3862943611198906,1.3862943611198906,1.3862943611198906,1.0986122886681098,0.0,645,413306,0.001560587071080507,,,
Simon Rigét,Alternativet,nordsjælland,,46.0,Ikke oplyst,,0.0,,0.0,0.0,0.0,0.0,0.0,0.0,0.0,0.0,0.0,0.0,0.0,0.0,63,91770,0.0006864988558352403,,,
Sinem Dybvad Demir,Enhedslisten - De Rød-Grønne,nordsjælland,33 år,33.0,Erhvervsuddannelse,1992-04-11T00:00:00,1.0,sinemdybvaddemirehl,21.0,21.0,21.0,17.0,10.0,6.0,3.091042453358316,3.091042453358316,3.091042453358316,2.8903717578961645,2.3978952727983707,1.9459101490553132,1318,226037,0.0058309037900874635,,,
Sofie Christiansen,SF - Socialistisk Folkeparti,bornholm,20 år,20.0,Gymnasial uddannelse,2005-06-15T00:00:00,0.0,,0.0,0.0,0.0,0.0,0.0,0.0,0.0,0.0,0.0,0.0,0.0,0.0,266,413306,0.0006435909471432788,,,
Sofie F. Villadsen,SF - Socialistisk Folkeparti,københavns omegn,32 år,32.0,Kandidat-/masteruddannelse,,1.0,sofie_f_villadsen,17.0,15.0,16.0,10.0,3.0,1.0,2.8903717578961645,2.772588722239781,2.833213344056216,2.3978952727983707,1.3862943611198906,0.6931471805599453,3349,413306,0.008102955195424213,1889.0,293186.0,0.006443008874912171
Sofie Faureholm Lundsberg,Alternativet,nordsjælland,,46.0,Ikke oplyst,,0.0,,0.0,0.0,0.0,0.0,0.0,0.0,0.0,0.0,0.0,0.0,0.0,0.0,36,91770,0.00039228506047728017,,,
Sofie Holm,Radikale Venstre,sjælland,26 år,26.0,Bachelor-/diplomuddannelse,2000-02-01T00:00:00,1.0,sofiewlholm,30.0,14.0,14.0,10.0,4.0,0.0,3.4339872044851463,2.70805020110221,2.70805020110221,2.3978952727983707,1.6094379124341003,0.0,831,207442,0.0040059390094580654,,,
Sofie Lippert,SF - Socialistisk Folkeparti,østjylland,30 år,30.0,Bachelor-/diplomuddannelse,,1.0,sofielippert,32.0,30.0,30.0,21.0,8.0,5.0,3.4965075614664802,3.4339872044851463,3.4339872044851463,3.091042453358316,2.1972245773362196,1.791759469228055,4516,413306,0.010926529012402432,2338.0,293186.0,0.007974459899176632
Sofie Mosgaard,"Venstre, Danmarks Liberale Parti",fyn,,46.0,Unknown,,,,,,,,,,,,,,,,1151,361689,0.003182291969067348,,,
Sofie Therese Svendsen,Det Konservative Folkeparti,nordjylland,23 år,23.0,Ikke oplyst,,0.0,,0.0,0.0,0.0,0.0,0.0,0.0,0.0,0.0,0.0,0.0,0.0,0.0,2488,270749,0.00918932295225467,,,
Sofie Valbjørn,Alternativet,bornholm,,46.0,Ikke oplyst,,0.0,,0.0,0.0,0.0,0.0,0.0,0.0,0.0,0.0,0.0,0.0,0.0,0.0,57,91770,0.0006211180124223603,,,
Sofie de Bretteville,Socialdemokratiet,københavns omegn,25 år,25.0,Ikke oplyst,,0.0,,0.0,0.0,0.0,0.0,0.0,0.0,0.0,0.0,0.0,0.0,0.0,0.0,4431,779252,0.005686222172031641,,,
Sofus Teislev,SF - Socialistisk Folkeparti,sydjylland,51 år,51.0,Kandidat-/masteruddannelse,,0.0,,0.0,0.0,0.0,0.0,0.0,0.0,0.0,0.0,0.0,0.0,0.0,0.0,471,413306,0.0011395914891146027,,,
Sophie Hæstorp Andersen,Socialdemokratiet,københavn,51 år,51.0,Kandidat-/masteruddannelse,1974-09-26T00:00:00,0.0,,0.0,0.0,0.0,0.0,0.0,0.0,0.0,0.0,0.0,0.0,0.0,0.0,2187,779252,0.0028065375513954406,,,
Sophie Løhde,"Venstre, Danmarks Liberale Parti",nordsjælland,,46.0,Unknown,,,,,,,,,,,,,,,,6784,361689,0.01875644545452032,12210.0,470546.0,0.025948578884954925
Steen Asgeir Petersen,Radikale Venstre,nordjylland,58 år,58.0,Bachelor-/diplomuddannelse,1967-07-27T00:00:00,0.0,,0.0,0.0,0.0,0.0,0.0,0.0,0.0,0.0,0.0,0.0,0.0,0.0,119,207442,0.0005736543226540431,,,
Steen Tofteng,Liberal Alliance,nordsjælland,66 år,66.0,Erhvervsuddannelse,1959-04-12T00:00:00,0.0,,0.0,0.0,0.0,0.0,0.0,0.0,0.0,0.0,0.0,0.0,0.0,0.0,94,334421,0.00028108282673635927,,,
Steffen Friis,Liberal Alliance,sjælland,36 år,36.0,Erhvervsuddannelse,1990-03-15T00:00:00,1.0,steffen.friis,12.0,12.0,12.0,12.0,6.0,4.0,2.5649493574615367,2.5649493574615367,2.5649493574615367,2.5649493574615367,1.9459101490553132,1.6094379124341003,92,334421,0.00027510234106111755,,,
Steffen Hedegaard Attermann Brinch,Alternativet,østjylland,27 år,27.0,Erhvervsuddannelse,,0.0,,0.0,0.0,0.0,0.0,0.0,0.0,0.0,0.0,0.0,0.0,0.0,0.0,393,91770,0.004282445243543642,,,
Steffen Holme Helledie,Radikale Venstre,nordjylland,36 år,36.0,Kandidat-/masteruddannelse,1989-10-12T00:00:00,0.0,,0.0,0.0,0.0,0.0,0.0,0.0,0.0,0.0,0.0,0.0,0.0,0.0,1124,207442,0.005418382005572642,444.0,133931.0,0.0033151398854634104
Steffen Larsen,Liberal Alliance,sydjylland,42 år,42.0,Erhvervsuddannelse,1983-12-05T00:00:00,1.0,liberalbulldozer,5.0,5.0,5.0,5.0,3.0,0.0,1.791759469228055,1.791759469228055,1.791759469228055,1.791759469228055,1.3862943611198906,0.0,1593,334421,0.004763456840330004,,,
Steffen Sjørslev,Liberal Alliance,nordsjælland,29 år,29.0,Ikke oplyst,,0.0,,0.0,0.0,0.0,0.0,0.0,0.0,0.0,0.0,0.0,0.0,0.0,0.0,92,334421,0.00027510234106111755,161.0,278656.0,0.0005777733118971061
Steffen Tolstrup,Alternativet,vestjylland,35 år,35.0,Bachelor-/diplomuddannelse,,0.0,,0.0,0.0,0.0,0.0,0.0,0.0,0.0,0.0,0.0,0.0,0.0,0.0,58,91770,0.0006320148196578403,,,
Steffen Troldtoft,Liberal Alliance,vestjylland,,46.0,Kandidat-/masteruddannelse,,0.0,,0.0,0.0,0.0,0.0,0.0,0.0,0.0,0.0,0.0,0.0,0.0,0.0,132,334421,0.0003947120545659513,234.0,278656.0,0.000839745062011943
Steffen W. Frølund,Liberal Alliance,nordsjælland,41 år,41.0,Kandidat-/masteruddannelse,,1.0,steffenfrolund,0.0,0.0,0.0,0.0,0.0,0.0,0.0,0.0,0.0,0.0,0.0,0.0,1868,334421,0.005585773620675735,2120.0,278656.0,0.007607946715663757
Sten Larsen,Moderaterne,østjylland,68 år,68.0,Kandidat-/masteruddannelse,1958-01-22T00:00:00,0.0,,0.0,0.0,0.0,0.0,0.0,0.0,0.0,0.0,0.0,0.0,0.0,0.0,713,274775,0.0025948503320898917,,,
Sten Schmidl Søbjærg,Liberal Alliance,nordsjælland,53 år,53.0,Ph.d.-uddannelse,,0.0,,0.0,0.0,0.0,0.0,0.0,0.0,0.0,0.0,0.0,0.0,0.0,0.0,78,334421,0.00023323894133442578,,,
Stephanie Lose,"Venstre, Danmarks Liberale Parti",sydjylland,,46.0,Unknown,,,,,,,,,,,,,,,,31008,361689,0.08573111153504806,,,
Stig Ekman,Socialdemokratiet,københavn,65 år,65.0,Bachelor-/diplomuddannelse,,0.0,,0.0,0.0,0.0,0.0,0.0,0.0,0.0,0.0,0.0,0.0,0.0,0.0,189,779252,0.00024254028221935907,,,
Stina Egedius Miller,SF - Socialistisk Folkeparti,nordsjælland,51 år,51.0,Bachelor-/diplomuddannelse,,0.0,,0.0,0.0,0.0,0.0,0.0,0.0,0.0,0.0,0.0,0.0,0.0,0.0,444,413306,0.001074264588464721,,,
Stine Larsen,Alternativet,fyn,46 år,46.0,Kandidat-/masteruddannelse,,0.0,,0.0,0.0,0.0,0.0,0.0,0.0,0.0,0.0,0.0,0.0,0.0,0.0,470,91770,0.005121499400675602,,,
Stine Ry Andersen,Enhedslisten - De Rød-Grønne,vestjylland,,46.0,Unknown,,,,,,,,,,,,,,,,764,226037,0.003379977614284387,,,
Stine Thier-Andersen,Det Konservative Folkeparti,nordjylland,20 år,20.0,Gymnasial uddannelse,,1.0,stinethierandersen,0.0,0.0,0.0,0.0,0.0,0.0,0.0,0.0,0.0,0.0,0.0,0.0,284,270749,0.0010489420090194239,,,
Stine Øllegaard,Enhedslisten - De Rød-Grønne,fyn,35 år,35.0,Bachelor-/diplomuddannelse,,0.0,,0.0,0.0,0.0,0.0,0.0,0.0,0.0,0.0,0.0,0.0,0.0,0.0,278,226037,0.001229887142370497,,,
Stinus Lindgreen,Radikale Venstre,københavns omegn,45 år,45.0,Ph.d.-uddannelse,,0.0,,0.0,0.0,0.0,0.0,0.0,0.0,0.0,0.0,0.0,0.0,0.0,0.0,2837,207442,0.013676111877054791,2221.0,133931.0,0.016583165958590617
Sune Nørgaard Jakobsen,Dansk Folkeparti,sydjylland,49 år,49.0,Erhvervsuddannelse,,0.0,,0.0,0.0,0.0,0.0,0.0,0.0,0.0,0.0,0.0,0.0,0.0,0.0,531,324518,0.001636272872383042,,,
Sune Rastad Bahn,Enhedslisten - De Rød-Grønne,københavns omegn,54 år,54.0,Ikke oplyst,,0.0,,0.0,0.0,0.0,0.0,0.0,0.0,0.0,0.0,0.0,0.0,0.0,0.0,168,226037,0.0007432411507850485,,,
Susan H. Møller,Liberal Alliance,sjælland,49 år,49.0,Bachelor-/diplomuddannelse,1976-12-28T00:00:00,0.0,,0.0,0.0,0.0,0.0,0.0,0.0,0.0,0.0,0.0,0.0,0.0,0.0,33,334421,9.867801364148782e-05,,,
Susan Kronborg,Moderaterne,østjylland,57 år,57.0,Kandidat-/masteruddannelse,,0.0,,0.0,0.0,0.0,0.0,0.0,0.0,0.0,0.0,0.0,0.0,0.0,0.0,776,274775,0.0028241288326812846,,,
Susanne Blegvad Posselt,SF - Socialistisk Folkeparti,sydjylland,,46.0,Ikke oplyst,,0.0,,0.0,0.0,0.0,0.0,0.0,0.0,0.0,0.0,0.0,0.0,0.0,0.0,310,413306,0.0007500496000541971,,,
Susanne Damsgaard,Danmarksdemokraterne - Inger Støjberg,københavns omegn,,46.0,Unknown,,1.0,susannedamsgaarddd,12.0,7.0,7.0,7.0,7.0,3.0,2.5649493574615367,2.0794415416798357,2.0794415416798357,2.0794415416798357,2.0794415416798357,1.3862943611198906,237,205302,0.0011543969371949616,,,
Susanne Krebs,Radikale Venstre,nordjylland,60 år,60.0,Seminaruddannelse,1965-10-09T00:00:00,0.0,,0.0,0.0,0.0,0.0,0.0,0.0,0.0,0.0,0.0,0.0,0.0,0.0,286,207442,0.0013786986241937505,,,
Susie Jessen,Danmarksdemokraterne - Inger Støjberg,sjælland,,46.0,Unknown,,0.0,,0.0,0.0,0.0,0.0,0.0,0.0,0.0,0.0,0.0,0.0,0.0,0.0,1946,205302,0.00947871915519576,,,
Suzette Frovin,SF - Socialistisk Folkeparti,fyn,51 år,51.0,Kandidat-/masteruddannelse,,0.0,,0.0,0.0,0.0,0.0,0.0,0.0,0.0,0.0,0.0,0.0,0.0,0.0,1486,413306,0.0035953990505823773,,,
Svend Stein Olsen,Liberal Alliance,vestjylland,22 år,22.0,Bachelor-/diplomuddannelse,,1.0,svends047,1.0,1.0,1.0,1.0,1.0,0.0,0.6931471805599453,0.6931471805599453,0.6931471805599453,0.6931471805599453,0.6931471805599453,0.0,111,334421,0.0003319169549759136,116.0,278656.0,0.00041628387689480935
Sólbjørg Jakobsen,Liberal Alliance,nordjylland,34 år,34.0,Kandidat-/masteruddannelse,1991-08-08T00:00:00,1.0,solbjorgjacobsen,0.0,0.0,0.0,0.0,0.0,0.0,0.0,0.0,0.0,0.0,0.0,0.0,7618,334421,0.022779669936995584,4421.0,278656.0,0.015865439825447865
Søren Boel Olesen,Dansk Folkeparti,vestjylland,41 år,41.0,Erhvervsuddannelse,1984-06-21T00:00:00,0.0,,0.0,0.0,0.0,0.0,0.0,0.0,0.0,0.0,0.0,0.0,0.0,0.0,2446,324518,0.007537332289734314,,,
Søren Gade,"Venstre, Danmarks Liberale Parti",vestjylland,,46.0,Unknown,,,,,,,,,,,,,,,,15775,361689,0.04361481825546257,17998.0,470546.0,0.03824918286416206
Søren Homann,Det Konservative Folkeparti,nordjylland,49 år,49.0,Gymnasial uddannelse,,1.0,sorenhomann,23.0,15.0,15.0,8.0,3.0,1.0,3.1780538303479458,2.772588722239781,2.772588722239781,2.1972245773362196,1.3862943611198906,0.6931471805599453,1234,270749,0.004557726898344962,,,
Søren Jensen,Liberal Alliance,østjylland,27 år,27.0,Kandidat-/masteruddannelse,,1.0,sorenjensenla,32.0,17.0,17.0,17.0,14.0,8.0,3.4965075614664802,2.8903717578961645,2.8903717578961645,2.8903717578961645,2.70805020110221,2.1972245773362196,157,334421,0.00046946812550647236,,,
Søren Lahn Sloth,SF - Socialistisk Folkeparti,østjylland,36 år,36.0,Kandidat-/masteruddannelse,,0.0,,0.0,0.0,0.0,0.0,0.0,0.0,0.0,0.0,0.0,0.0,0.0,0.0,883,413306,0.0021364316027350197,498.0,293186.0,0.0016985804233490003
Søren Lund Hansen,Dansk Folkeparti,sjælland,51 år,51.0,Erhvervsuddannelse,,0.0,,0.0,0.0,0.0,0.0,0.0,0.0,0.0,0.0,0.0,0.0,0.0,0.0,415,324518,0.001278819664856803,247.0,93428.0,0.0026437470565569207
Søren Rye,Socialdemokratiet,nordsjælland,57 år,57.0,Kandidat-/masteruddannelse,,0.0,,0.0,0.0,0.0,0.0,0.0,0.0,0.0,0.0,0.0,0.0,0.0,0.0,688,779252,0.0008828979585551272,,,
Søren Skjold Andersen,(Uden for parti),østjylland,,46.0,Unknown,,,,,,,,,,,,,,,,158,2436,0.06486042692939245,,,
Søren T. Fugleberg,Borgernes Parti - Lars Boje Mathiesen,københavns omegn,,46.0,Ikke oplyst,,0.0,,0.0,0.0,0.0,0.0,0.0,0.0,0.0,0.0,0.0,0.0,0.0,0.0,44,75928,0.0005794963649773469,,,
Søren Vanting,Moderaterne,østjylland,53 år,53.0,Gymnasial uddannelse,1972-07-24T00:00:00,1.0,sorenvanting,0.0,0.0,0.0,0.0,0.0,0.0,0.0,0.0,0.0,0.0,0.0,0.0,502,274775,0.0018269493221726868,,,
Taner Genc,SF - Socialistisk Folkeparti,københavns omegn,40 år,40.0,Kandidat-/masteruddannelse,1985-10-01T00:00:00,0.0,,0.0,0.0,0.0,0.0,0.0,0.0,0.0,0.0,0.0,0.0,0.0,0.0,576,413306,0.001393640547197476,,,
Tanja Glückstadt,Dansk Folkeparti,sjælland,52 år,52.0,Kandidat-/masteruddannelse,1974-01-27T00:00:00,0.0,,0.0,0.0,0.0,0.0,0.0,0.0,0.0,0.0,0.0,0.0,0.0,0.0,276,324518,0.0008504921144589822,,,
Tanja Larsson,Socialdemokratiet,sjælland,,46.0,Bachelor-/diplomuddannelse,,0.0,,0.0,0.0,0.0,0.0,0.0,0.0,0.0,0.0,0.0,0.0,0.0,0.0,2580,779252,0.003310867344581727,2889.0,971995.0,0.0029722375115098327
Tenna Duch Schaldemose,Alternativet,østjylland,,46.0,Ikke oplyst,,0.0,,0.0,0.0,0.0,0.0,0.0,0.0,0.0,0.0,0.0,0.0,0.0,0.0,35,91770,0.00038138825324180017,,,
Tenna Røberg,Dansk Folkeparti,københavns omegn,24 år,24.0,Kandidat-/masteruddannelse,,0.0,,0.0,0.0,0.0,0.0,0.0,0.0,0.0,0.0,0.0,0.0,0.0,0.0,503,324518,0.0015499910636698117,,,
Theis Kylling Hommeltoft,Socialdemokratiet,sydjylland,40 år,40.0,Bachelor-/diplomuddannelse,,0.0,,0.0,0.0,0.0,0.0,0.0,0.0,0.0,0.0,0.0,0.0,0.0,0.0,2197,779252,0.0028193703705604862,3150.0,971995.0,0.0032407574113035562
Theresa Berg Andersen,SF - Socialistisk Folkeparti,nordjylland,46 år,46.0,Erhvervsuddannelse,1979-12-29T00:00:00,1.0,theresabergandersen,0.0,0.0,0.0,0.0,0.0,0.0,0.0,0.0,0.0,0.0,0.0,0.0,4623,413306,0.011185417100163075,4115.0,293186.0,0.014035458719038427
Theresa Scavenius,(Uden for parti),københavn,,46.0,Unknown,,,,,,,,,,,,,,,,1749,2436,0.7179802955665024,,,
Thomas Andresen,"Venstre, Danmarks Liberale Parti",sydjylland,,46.0,Unknown,,,,,,,,,,,,,,,,2656,361689,0.007343325343043333,,,
Thomas Anker,Alternativet,københavns omegn,50 år,50.0,Kandidat-/masteruddannelse,1975-04-11T00:00:00,1.0,thomas_anker,75.0,75.0,75.0,75.0,53.0,30.0,4.330733340286331,4.330733340286331,4.330733340286331,4.330733340286331,3.9889840465642745,3.4339872044851463,143,91770,0.0015582434346736406,474.0,117567.0,0.004031743601520835
Thomas Christiansen,Liberal Alliance,nordjylland,,46.0,Ikke oplyst,,0.0,,0.0,0.0,0.0,0.0,0.0,0.0,0.0,0.0,0.0,0.0,0.0,0.0,48,334421,0.00014353165620580046,,,
Thomas Danielsen,"Venstre, Danmarks Liberale Parti",vestjylland,,46.0,Unknown,,,,,,,,,,,,,,,,5966,361689,0.016494833959561944,7568.0,470546.0,0.01608344348905314
Thomas Due Nielsen,Alternativet,østjylland,52 år,52.0,Bachelor-/diplomuddannelse,,0.0,,0.0,0.0,0.0,0.0,0.0,0.0,0.0,0.0,0.0,0.0,0.0,0.0,46,91770,0.0005012531328320802,14.0,117567.0,0.0001190810346440753
Thomas Estrup,Liberal Alliance,fyn,51 år,51.0,Kandidat-/masteruddannelse,1975-03-25T00:00:00,0.0,,0.0,0.0,0.0,0.0,0.0,0.0,0.0,0.0,0.0,0.0,0.0,0.0,142,334421,0.00042461448294215976,,,
Thomas Heuniche,Liberal Alliance,nordjylland,,46.0,Ikke oplyst,,0.0,,0.0,0.0,0.0,0.0,0.0,0.0,0.0,0.0,0.0,0.0,0.0,0.0,48,334421,0.00014353165620580046,,,
Thomas Hjort,Dansk Folkeparti,nordjylland,70 år,70.0,Bachelor-/diplomuddannelse,,0.0,,0.0,0.0,0.0,0.0,0.0,0.0,0.0,0.0,0.0,0.0,0.0,0.0,570,324518,0.001756451105947898,,,
Thomas Kjeldsen,SF - Socialistisk Folkeparti,nordjylland,,46.0,Ikke oplyst,,0.0,,0.0,0.0,0.0,0.0,0.0,0.0,0.0,0.0,0.0,0.0,0.0,0.0,103,413306,0.0002492100284051042,43.0,293186.0,0.00014666457470684138
Thomas Klimek,Socialdemokratiet,nordjylland,,46.0,Erhvervsuddannelse,,0.0,,0.0,0.0,0.0,0.0,0.0,0.0,0.0,0.0,0.0,0.0,0.0,0.0,4116,779252,0.0052819883683327086,,,
Thomas Lindqvist,Alternativet,københavns omegn,36 år,36.0,Kandidat-/masteruddannelse,,0.0,,0.0,0.0,0.0,0.0,0.0,0.0,0.0,0.0,0.0,0.0,0.0,0.0,119,91770,0.0012967200610221204,293.0,117567.0,0.0024921959393367187
Thomas Majgaard Byrsing,Danmarksdemokraterne - Inger Støjberg,sydjylland,,46.0,Unknown,,1.0,thomasmajgaardbyr,19.0,19.0,19.0,18.0,8.0,3.0,2.995732273553991,2.995732273553991,2.995732273553991,2.9444389791664403,2.1972245773362196,1.3862943611198906,415,205302,0.0020214123583793633,,,
Thomas Markmann,Radikale Venstre,københavn,54 år,54.0,Bachelor-/diplomuddannelse,1971-05-25T00:00:00,0.0,,0.0,0.0,0.0,0.0,0.0,0.0,0.0,0.0,0.0,0.0,0.0,0.0,404,207442,0.0019475323222876756,,,
Thomas Monberg,Socialdemokratiet,østjylland,49 år,49.0,Erhvervsuddannelse,,0.0,,0.0,0.0,0.0,0.0,0.0,0.0,0.0,0.0,0.0,0.0,0.0,0.0,4652,779252,0.005969827475579145,5479.0,971995.0,0.005636860271914979
Thomas Quist Mortensen,Alternativet,østjylland,47 år,47.0,Bachelor-/diplomuddannelse,,0.0,,0.0,0.0,0.0,0.0,0.0,0.0,0.0,0.0,0.0,0.0,0.0,0.0,43,91770,0.0004685627111256402,,,
Thomas Rohden,Radikale Venstre,københavn,30 år,30.0,Bachelor-/diplomuddannelse,,1.0,radikaleeeforrohden,78.0,78.0,78.0,68.0,39.0,22.0,4.3694478524670215,4.3694478524670215,4.3694478524670215,4.23410650459726,3.6888794541139363,3.1354942159291497,4136,207442,0.019938103180648085,3655.0,133931.0,0.027290171804884605
Thomas Skovgaard,Moderaterne,nordjylland,50 år,50.0,Ikke oplyst,1976-03-23T00:00:00,1.0,thomasskovgaard44,24.0,0.0,0.0,0.0,0.0,0.0,3.2188758248682006,0.0,0.0,0.0,0.0,0.0,288,274775,0.0010481302884177964,,,
Thomas Skriver Jensen,Socialdemokratiet,fyn,30 år,30.0,Erhvervsuddannelse,,1.0,thomas.skriver,15.0,9.0,9.0,6.0,2.0,0.0,2.772588722239781,2.302585092994046,2.302585092994046,1.9459101490553132,1.0986122886681098,0.0,4231,779252,0.005429565788730732,3726.0,971995.0,0.003833353052227635
Thor Clasen Jonasen,Alternativet,østjylland,51 år,51.0,Kandidat-/masteruddannelse,,0.0,,0.0,0.0,0.0,0.0,0.0,0.0,0.0,0.0,0.0,0.0,0.0,0.0,124,91770,0.0013512040971995205,145.0,117567.0,0.0012333392873850656
Thorbern Alexander Klingert,"Venstre, Danmarks Liberale Parti",sjælland,,46.0,Unknown,,,,,,,,,,,,,,,,336,361689,0.0009289748927946385,,,
Thorbjørn Jacobsen,Liberal Alliance,vestjylland,45 år,45.0,Bachelor-/diplomuddannelse,,0.0,,0.0,0.0,0.0,0.0,0.0,0.0,0.0,0.0,0.0,0.0,0.0,0.0,1836,334421,0.005490085849871868,748.0,278656.0,0.002684313275149288
Tilde Holch Duedahl,"Venstre, Danmarks Liberale Parti",sydjylland,,46.0,Unknown,,,,,,,,,,,,,,,,1373,361689,0.0037960789518066626,2182.0,470546.0,0.004637166185665164
Tim Larsen,Borgernes Parti - Lars Boje Mathiesen,sjælland,49 år,49.0,Ikke oplyst,,0.0,,0.0,0.0,0.0,0.0,0.0,0.0,0.0,0.0,0.0,0.0,0.0,0.0,319,75928,0.004201348646085765,,,
Tim Wodskou,Alternativet,københavns omegn,48 år,48.0,Kandidat-/masteruddannelse,,0.0,,0.0,0.0,0.0,0.0,0.0,0.0,0.0,0.0,0.0,0.0,0.0,0.0,188,91770,0.0020485997602702408,,,
Timm Bøttger,SF - Socialistisk Folkeparti,sydjylland,24 år,24.0,Gymnasial uddannelse,,0.0,,0.0,0.0,0.0,0.0,0.0,0.0,0.0,0.0,0.0,0.0,0.0,0.0,379,413306,0.0009169961239372281,,,
Tina Cartey Hansen,Det Konservative Folkeparti,københavns omegn,47 år,47.0,Bachelor-/diplomuddannelse,1978-06-07T00:00:00,1.0,tinacartey,14.0,7.0,7.0,5.0,2.0,2.0,2.70805020110221,2.0794415416798357,2.0794415416798357,1.791759469228055,1.0986122886681098,1.0986122886681098,1421,270749,0.005248403502875357,681.0,194820.0,0.0034955343393902063
Tina Kjær,Alternativet,østjylland,43 år,43.0,Kandidat-/masteruddannelse,,0.0,,0.0,0.0,0.0,0.0,0.0,0.0,0.0,0.0,0.0,0.0,0.0,0.0,321,91770,0.0034978751225890814,,,
Tina Mandrup,"Venstre, Danmarks Liberale Parti",sjælland,,46.0,Unknown,,,,,,,,,,,,,,,,1144,361689,0.0031629383254674595,,,
Tine Hessner,Radikale Venstre,nordsjælland,58 år,58.0,Kandidat-/masteruddannelse,1967-11-27T00:00:00,0.0,,0.0,0.0,0.0,0.0,0.0,0.0,0.0,0.0,0.0,0.0,0.0,0.0,1086,207442,0.005235198272288157,594.0,133931.0,0.004435119576498346
Tine Loft Thomsen,Alternativet,nordsjælland,50 år,50.0,Bachelor-/diplomuddannelse,,0.0,,0.0,0.0,0.0,0.0,0.0,0.0,0.0,0.0,0.0,0.0,0.0,0.0,120,91770,0.0013076168682576005,,,
Tobias Bennedsen,Det Konservative Folkeparti,fyn,39 år,39.0,Bachelor-/diplomuddannelse,1986-04-14T00:00:00,0.0,,0.0,0.0,0.0,0.0,0.0,0.0,0.0,0.0,0.0,0.0,0.0,0.0,339,270749,0.0012520821868224814,133.0,194820.0,0.0006826814495431681
Tobias Brus Mikkelsen,Dansk Folkeparti,sydjylland,25 år,25.0,Erhvervsuddannelse,,1.0,tobias.b.mikkelsen,17.0,7.0,7.0,6.0,4.0,2.0,2.8903717578961645,2.0794415416798357,2.0794415416798357,1.9459101490553132,1.6094379124341003,1.0986122886681098,203,324518,0.0006255431131709181,,,
Tobias Jørgensen,"Venstre, Danmarks Liberale Parti",sydjylland,,46.0,Unknown,,,,,,,,,,,,,,,,2066,361689,0.005712089668195605,2165.0,470546.0,0.004601037943155398
Tobias Weische,Dansk Folkeparti,fyn,28 år,28.0,Gymnasial uddannelse,,1.0,tobiasweische,10.0,10.0,10.0,5.0,1.0,0.0,2.3978952727983707,2.3978952727983707,2.3978952727983707,1.791759469228055,0.6931471805599453,0.0,1054,324518,0.003247893799419447,,,
Tommi Christensen,Socialdemokratiet,sydjylland,,46.0,Ikke oplyst,,0.0,,0.0,0.0,0.0,0.0,0.0,0.0,0.0,0.0,0.0,0.0,0.0,0.0,239,779252,0.00030670437804458634,313.0,971995.0,0.000322018117377147
Tonny Vest,Liberal Alliance,fyn,,46.0,Ikke oplyst,,0.0,,0.0,0.0,0.0,0.0,0.0,0.0,0.0,0.0,0.0,0.0,0.0,0.0,79,334421,0.0002362291841720466,,,
Torben Guldbæk,Liberal Alliance,københavn,59 år,59.0,Erhvervsuddannelse,1966-04-11T00:00:00,0.0,,0.0,0.0,0.0,0.0,0.0,0.0,0.0,0.0,0.0,0.0,0.0,0.0,50,334421,0.00014951214188104215,,,
Torben Povlsen,"Venstre, Danmarks Liberale Parti",fyn,,46.0,Unknown,,,,,,,,,,,,,,,,2445,361689,0.006759951228818129,,,
Torsten Gejl,Alternativet,østjylland,62 år,62.0,Erhvervsuddannelse,,1.0,torsten.gejl,10.0,10.0,10.0,10.0,8.0,4.0,2.3978952727983707,2.3978952727983707,2.3978952727983707,2.3978952727983707,2.1972245773362196,1.6094379124341003,3316,91770,0.036133812792851695,3444.0,117567.0,0.02929393452244252
Torsten Ringgaard,Enhedslisten - De Rød-Grønne,fyn,49 år,49.0,Erhvervsuddannelse,,0.0,,0.0,0.0,0.0,0.0,0.0,0.0,0.0,0.0,0.0,0.0,0.0,0.0,219,226037,0.0009688679287019382,129.0,181452.0,0.000710931816678791
Torsten Schack Pedersen,"Venstre, Danmarks Liberale Parti",nordjylland,,46.0,Unknown,,,,,,,,,,,,,,,,4433,361689,0.012256386011186405,5248.0,470546.0,0.01115300098183812
Torsten Wetche,Radikale Venstre,nordjylland,,46.0,Kandidat-/masteruddannelse,,0.0,,0.0,0.0,0.0,0.0,0.0,0.0,0.0,0.0,0.0,0.0,0.0,0.0,679,207442,0.003273204076320128,,,
Trine Birk Andersen,Socialdemokratiet,sjælland,51 år,51.0,Bachelor-/diplomuddannelse,,0.0,,0.0,0.0,0.0,0.0,0.0,0.0,0.0,0.0,0.0,0.0,0.0,0.0,4106,779252,0.005269155549167663,,,
Trine Bramsen,Socialdemokratiet,fyn,45 år,45.0,Ikke oplyst,,0.0,,0.0,0.0,0.0,0.0,0.0,0.0,0.0,0.0,0.0,0.0,0.0,0.0,8112,779252,0.010409982906684873,6456.0,971995.0,0.006642009475357384
Trine Dybkjær,Radikale Venstre,københavns omegn,58 år,58.0,Kandidat-/masteruddannelse,,0.0,,0.0,0.0,0.0,0.0,0.0,0.0,0.0,0.0,0.0,0.0,0.0,0.0,1497,207442,0.007216474966496659,,,
Trine Jepsen,"Venstre, Danmarks Liberale Parti",vestjylland,,46.0,Unknown,,,,,,,,,,,,,,,,4921,361689,0.013605611450721476,,,
Trine Mach,Enhedslisten - De Rød-Grønne,østjylland,,46.0,Unknown,,,,,,,,,,,,,,,,3397,226037,0.015028513031052439,,,
Troels Brandt,Radikale Venstre,sjælland,58 år,58.0,Kandidat-/masteruddannelse,1967-04-25T00:00:00,0.0,,0.0,0.0,0.0,0.0,0.0,0.0,0.0,0.0,0.0,0.0,0.0,0.0,281,207442,0.0013545955013931606,194.0,133931.0,0.0014485070670718504
Troels Lund Poulsen,"Venstre, Danmarks Liberale Parti",østjylland,,46.0,Unknown,,,,,,,,,,,,,,,,19857,361689,0.054900757280426,4584.0,470546.0,0.009741874333221406
Troels Overgaard,"Venstre, Danmarks Liberale Parti",sydjylland,,46.0,Unknown,,,,,,,,,,,,,,,,562,361689,0.001553821100448175,,,
Troels Simonsen,Liberal Alliance,sydjylland,48 år,48.0,Kandidat-/masteruddannelse,,0.0,,0.0,0.0,0.0,0.0,0.0,0.0,0.0,0.0,0.0,0.0,0.0,0.0,446,334421,0.0013336483055788962,,,
Troels Stru Schmidt,SF - Socialistisk Folkeparti,københavns omegn,,46.0,Ph.d.-uddannelse,,0.0,,0.0,0.0,0.0,0.0,0.0,0.0,0.0,0.0,0.0,0.0,0.0,0.0,903,413306,0.0021848218995127095,746.0,293186.0,0.0025444598309605506
Tue Villebro,"Venstre, Danmarks Liberale Parti",nordsjælland,,46.0,Unknown,,,,,,,,,,,,,,,,1205,361689,0.0033315915054093433,,,
Ulla Kokfelt,Dansk Folkeparti,nordsjælland,52 år,52.0,Ph.d.-uddannelse,1973-08-14T00:00:00,0.0,,0.0,0.0,0.0,0.0,0.0,0.0,0.0,0.0,0.0,0.0,0.0,0.0,376,324518,0.0011586414312919468,,,
Ulrik Appel,Enhedslisten - De Rød-Grønne,nordjylland,49 år,49.0,Kandidat-/masteruddannelse,,0.0,,0.0,0.0,0.0,0.0,0.0,0.0,0.0,0.0,0.0,0.0,0.0,0.0,97,226037,0.0004291332834889863,,,
Ulrik Knudsen,Danmarksdemokraterne - Inger Støjberg,sydjylland,,46.0,Unknown,,0.0,,0.0,0.0,0.0,0.0,0.0,0.0,0.0,0.0,0.0,0.0,0.0,0.0,2023,205302,0.009853776387955305,,,
Ulrik Lassen,Liberal Alliance,sjælland,58 år,58.0,Ikke oplyst,,0.0,,0.0,0.0,0.0,0.0,0.0,0.0,0.0,0.0,0.0,0.0,0.0,0.0,155,334421,0.0004634876398312307,,,
Valdemar Alban,Socialdemokratiet,sjælland,22 år,22.0,Bachelor-/diplomuddannelse,,0.0,,0.0,0.0,0.0,0.0,0.0,0.0,0.0,0.0,0.0,0.0,0.0,0.0,1569,779252,0.002013469326995632,,,
Valentina Crast,Alternativet,sjælland,46 år,46.0,Bachelor-/diplomuddannelse,,0.0,,0.0,0.0,0.0,0.0,0.0,0.0,0.0,0.0,0.0,0.0,0.0,0.0,329,91770,0.0035850495804729213,,,
Vibeke Frost,Alternativet,københavn,35 år,35.0,Kandidat-/masteruddannelse,1990-08-10T00:00:00,0.0,,0.0,0.0,0.0,0.0,0.0,0.0,0.0,0.0,0.0,0.0,0.0,0.0,159,91770,0.0017325923504413207,,,
Vibeke Syppli Enrum,Enhedslisten - De Rød-Grønne,fyn,,46.0,Kandidat-/masteruddannelse,,0.0,,0.0,0.0,0.0,0.0,0.0,0.0,0.0,0.0,0.0,0.0,0.0,0.0,202,226037,0.0008936590027296416,361.0,181452.0,0.0019895068668297953
Vibeke Westh,Socialdemokratiet,københavns omegn,62 år,62.0,Bachelor-/diplomuddannelse,1963-05-16T00:00:00,0.0,,0.0,0.0,0.0,0.0,0.0,0.0,0.0,0.0,0.0,0.0,0.0,0.0,350,779252,0.00044914867077659086,,,
Victoria Helene Olsen,Det Konservative Folkeparti,sjælland,21 år,21.0,Gymnasial uddannelse,,0.0,,0.0,0.0,0.0,0.0,0.0,0.0,0.0,0.0,0.0,0.0,0.0,0.0,1874,270749,0.006921539876416903,,,
Victoria Velásquez,Enhedslisten - De Rød-Grønne,fyn,34 år,34.0,Kandidat-/masteruddannelse,,1.0,victoria__velasquez,12.0,0.0,0.0,0.0,0.0,0.0,2.5649493574615367,0.0,0.0,0.0,0.0,0.0,4973,226037,0.022000822874131225,3416.0,181452.0,0.018825915393602715
Viktor Thyregod Sivertsen,Det Konservative Folkeparti,østjylland,22 år,22.0,Bachelor-/diplomuddannelse,,0.0,,0.0,0.0,0.0,0.0,0.0,0.0,0.0,0.0,0.0,0.0,0.0,0.0,270,270749,0.0009972336001241,,,
Vilhelm Møller,Det Konservative Folkeparti,sjælland,50 år,50.0,Bachelor-/diplomuddannelse,1975-05-18T00:00:00,0.0,,0.0,0.0,0.0,0.0,0.0,0.0,0.0,0.0,0.0,0.0,0.0,0.0,546,270749,0.0020166279469176246,,,
Vinnie Borbjerg,Socialdemokratiet,vestjylland,54 år,54.0,Seminaruddannelse,1972-03-24T00:00:00,0.0,,0.0,0.0,0.0,0.0,0.0,0.0,0.0,0.0,0.0,0.0,0.0,0.0,838,779252,0.001075390246030809,,,
Vivi Altenburg,Danmarksdemokraterne - Inger Støjberg,vestjylland,,46.0,Unknown,,0.0,,0.0,0.0,0.0,0.0,0.0,0.0,0.0,0.0,0.0,0.0,0.0,0.0,393,205302,0.0019142531490194932,,,
Vivi Nør Jacobsen,SF - Socialistisk Folkeparti,københavns omegn,49 år,49.0,Kandidat-/masteruddannelse,1976-07-05T00:00:00,0.0,,0.0,0.0,0.0,0.0,0.0,0.0,0.0,0.0,0.0,0.0,0.0,0.0,2506,413306,0.006063304186244574,2290.0,293186.0,0.007810741304155042
Vivian Lindberg Larsen,Danmarksdemokraterne - Inger Støjberg,fyn,,46.0,Unknown,,0.0,,0.0,0.0,0.0,0.0,0.0,0.0,0.0,0.0,0.0,0.0,0.0,0.0,587,205302,0.0028592025406474365,,,
Viviane Ellasofie Karlsen,Borgernes Parti - Lars Boje Mathiesen,østjylland,,46.0,Ikke oplyst,,0.0,,0.0,0.0,0.0,0.0,0.0,0.0,0.0,0.0,0.0,0.0,0.0,0.0,239,75928,0.003147718891581498,,,
Yildiz Akdogan,Socialdemokratiet,københavn,52 år,52.0,Kandidat-/masteruddannelse,1973-04-29T00:00:00,0.0,,0.0,0.0,0.0,0.0,0.0,0.0,0.0,0.0,0.0,0.0,0.0,0.0,1140,779252,0.0014629413848151818,2883.0,971995.0,0.002966064640250207
Yurdal Cicek,Alternativet,sjælland,47 år,47.0,Seminaruddannelse,1978-07-30T00:00:00,0.0,,0.0,0.0,0.0,0.0,0.0,0.0,0.0,0.0,0.0,0.0,0.0,0.0,243,91770,0.002647924158221641,,,
Zandra Thulstrup Pihl,Dansk Folkeparti,københavns omegn,46 år,46.0,Kandidat-/masteruddannelse,,0.0,,0.0,0.0,0.0,0.0,0.0,0.0,0.0,0.0,0.0,0.0,0.0,0.0,412,324518,0.001269575185351814,,,
Zenia Stampe,Radikale Venstre,sjælland,47 år,47.0,Kandidat-/masteruddannelse,1979-03-30T00:00:00,1.0,zenia.stampe,1.0,1.0,1.0,1.0,1.0,0.0,0.6931471805599453,0.6931471805599453,0.6931471805599453,0.6931471805599453,0.6931471805599453,0.0,4242,207442,0.020449089384020593,2836.0,133931.0,0.021175082691833855
Zeynep Bardakci,"Venstre, Danmarks Liberale Parti",københavn,,46.0,Unknown,,,,,,,,,,,,,,,,126,361689,0.00034836558479798944,,,
Zishan Ali,Moderaterne,københavns omegn,41 år,41.0,Seminaruddannelse,1985-01-21T00:00:00,1.0,zishan.ali2101,28.0,16.0,17.0,15.0,10.0,7.0,3.367295829986474,2.833213344056216,2.8903717578961645,2.772588722239781,2.3978952727983707,2.0794415416798357,874,274775,0.0031807842780456736,,,
Zohair Ali,Radikale Venstre,københavns omegn,34 år,34.0,Kandidat-/masteruddannelse,,0.0,,0.0,0.0,0.0,0.0,0.0,0.0,0.0,0.0,0.0,0.0,0.0,0.0,1997,207442,0.009626787246555664,,,
Özkan Kocak,Moderaterne,københavns omegn,,46.0,Unknown,,,,,,,,,,,,,,,,1151,274775,0.004188881812391957,,,
