nomination_label,nomination_url,polling_label,polling_url
Aabenraakredsen,https://valg.dk/fv/987875fe-0dae-42ac-be5b-62cf0bd5d65e/nomination-district/60dd49b8-262c-4a88-9b06-3eee46af1bfa,Aabenraa Midt,https://valg.dk/fv/987875fe-0dae-42ac-be5b-62cf0bd5d65e/nomination-district/60dd49b8-262c-4a88-9b06-3eee46af1bfa/polling-district/af8dc050-1974-40aa-9fc0-01a0831dae84
Aabenraakredsen,https://valg.dk/fv/987875fe-0dae-42ac-be5b-62cf0bd5d65e/nomination-district/60dd49b8-262c-4a88-9b06-3eee46af1bfa,Aabenraa Nord,https://valg.dk/fv/987875fe-0dae-42ac-be5b-62cf0bd5d65e/nomination-district/60dd49b8-262c-4a88-9b06-3eee46af1bfa/polling-district/f1616c48-2c13-49f6-8d7b-bfb3ca0d5d0a
Aabenraakredsen,https://valg.dk/fv/987875fe-0dae-42ac-be5b-62cf0bd5d65e/nomination-district/60dd49b8-262c-4a88-9b06-3eee46af1bfa,Aabenraa Syd,https://valg.dk/fv/987875fe-0dae-42ac-be5b-62cf0bd5d65e/nomination-district/60dd49b8-262c-4a88-9b06-3eee46af1bfa/polling-district/b49dd38b-5c8b-42fc-b209-151f5660f7aa
Aabenraakredsen,https://valg.dk/fv/987875fe-0dae-42ac-be5b-62cf0bd5d65e/nomination-district/60dd49b8-262c-4a88-9b06-3eee46af1bfa,Bolderslev,https://valg.dk/fv/987875fe-0dae-42ac-be5b-62cf0bd5d65e/nomination-district/60dd49b8-262c-4a88-9b06-3eee46af1bfa/polling-district/82287fff-523f-4ee8-9dca-e211503293a3
Aabenraakredsen,https://valg.dk/fv/987875fe-0dae-42ac-be5b-62cf0bd5d65e/nomination-district/60dd49b8-262c-4a88-9b06-3eee46af1bfa,Bylderup,https://valg.dk/fv/987875fe-0dae-42ac-be5b-62cf0bd5d65e/nomination-district/60dd49b8-262c-4a88-9b06-3eee46af1bfa/polling-district/db63d524-734f-496d-9fd7-36cc0fd937a4
Aabenraakredsen,https://valg.dk/fv/987875fe-0dae-42ac-be5b-62cf0bd5d65e/nomination-district/60dd49b8-262c-4a88-9b06-3eee46af1bfa,Ensted,https://valg.dk/fv/987875fe-0dae-42ac-be5b-62cf0bd5d65e/nomination-district/60dd49b8-262c-4a88-9b06-3eee46af1bfa/polling-district/91df0c86-248b-4527-b90d-7989874bd1af
Aabenraakredsen,https://valg.dk/fv/987875fe-0dae-42ac-be5b-62cf0bd5d65e/nomination-district/60dd49b8-262c-4a88-9b06-3eee46af1bfa,Felsted,https://valg.dk/fv/987875fe-0dae-42ac-be5b-62cf0bd5d65e/nomination-district/60dd49b8-262c-4a88-9b06-3eee46af1bfa/polling-district/891c89f7-cc97-43a5-a05f-2af6e8c541f2
Aabenraakredsen,https://valg.dk/fv/987875fe-0dae-42ac-be5b-62cf0bd5d65e/nomination-district/60dd49b8-262c-4a88-9b06-3eee46af1bfa,Hellevad,https://valg.dk/fv/987875fe-0dae-42ac-be5b-62cf0bd5d65e/nomination-district/60dd49b8-262c-4a88-9b06-3eee46af1bfa/polling-district/5b8a03b2-c822-47e0-96cb-eeee7de7758c
Aabenraakredsen,https://valg.dk/fv/987875fe-0dae-42ac-be5b-62cf0bd5d65e/nomination-district/60dd49b8-262c-4a88-9b06-3eee46af1bfa,Hjordkær,https://valg.dk/fv/987875fe-0dae-42ac-be5b-62cf0bd5d65e/nomination-district/60dd49b8-262c-4a88-9b06-3eee46af1bfa/polling-district/7d475edc-90d5-4762-88f7-bc657b6abab3
Aabenraakredsen,https://valg.dk/fv/987875fe-0dae-42ac-be5b-62cf0bd5d65e/nomination-district/60dd49b8-262c-4a88-9b06-3eee46af1bfa,Hovslund,https://valg.dk/fv/987875fe-0dae-42ac-be5b-62cf0bd5d65e/nomination-district/60dd49b8-262c-4a88-9b06-3eee46af1bfa/polling-district/ac7f7423-97a5-4b89-8d87-202f57080126
Aabenraakredsen,https://valg.dk/fv/987875fe-0dae-42ac-be5b-62cf0bd5d65e/nomination-district/60dd49b8-262c-4a88-9b06-3eee46af1bfa,Kliplev,https://valg.dk/fv/987875fe-0dae-42ac-be5b-62cf0bd5d65e/nomination-district/60dd49b8-262c-4a88-9b06-3eee46af1bfa/polling-district/3479a386-732a-4f2b-b504-788ced83bc69
Aabenraakredsen,https://valg.dk/fv/987875fe-0dae-42ac-be5b-62cf0bd5d65e/nomination-district/60dd49b8-262c-4a88-9b06-3eee46af1bfa,Kruså,https://valg.dk/fv/987875fe-0dae-42ac-be5b-62cf0bd5d65e/nomination-district/60dd49b8-262c-4a88-9b06-3eee46af1bfa/polling-district/e199de68-63a1-45e8-a84b-65cf0e6bc6c8
Aabenraakredsen,https://valg.dk/fv/987875fe-0dae-42ac-be5b-62cf0bd5d65e/nomination-district/60dd49b8-262c-4a88-9b06-3eee46af1bfa,Løjt,https://valg.dk/fv/987875fe-0dae-42ac-be5b-62cf0bd5d65e/nomination-district/60dd49b8-262c-4a88-9b06-3eee46af1bfa/polling-district/721dd195-0452-46ea-a6d1-da2a6966bf68
Aabenraakredsen,https://valg.dk/fv/987875fe-0dae-42ac-be5b-62cf0bd5d65e/nomination-district/60dd49b8-262c-4a88-9b06-3eee46af1bfa,Padborg,https://valg.dk/fv/987875fe-0dae-42ac-be5b-62cf0bd5d65e/nomination-district/60dd49b8-262c-4a88-9b06-3eee46af1bfa/polling-district/6e3d7e24-5ff8-4585-bb31-e6bc01c7a628
Aabenraakredsen,https://valg.dk/fv/987875fe-0dae-42ac-be5b-62cf0bd5d65e/nomination-district/60dd49b8-262c-4a88-9b06-3eee46af1bfa,Ravsted,https://valg.dk/fv/987875fe-0dae-42ac-be5b-62cf0bd5d65e/nomination-district/60dd49b8-262c-4a88-9b06-3eee46af1bfa/polling-district/b565687f-c18b-4fee-8966-647663001ad7
Aabenraakredsen,https://valg.dk/fv/987875fe-0dae-42ac-be5b-62cf0bd5d65e/nomination-district/60dd49b8-262c-4a88-9b06-3eee46af1bfa,Rødekro,https://valg.dk/fv/987875fe-0dae-42ac-be5b-62cf0bd5d65e/nomination-district/60dd49b8-262c-4a88-9b06-3eee46af1bfa/polling-district/e3205271-dab5-4d09-8fe5-c0101ebd2e8d
Aabenraakredsen,https://valg.dk/fv/987875fe-0dae-42ac-be5b-62cf0bd5d65e/nomination-district/60dd49b8-262c-4a88-9b06-3eee46af1bfa,Tinglev,https://valg.dk/fv/987875fe-0dae-42ac-be5b-62cf0bd5d65e/nomination-district/60dd49b8-262c-4a88-9b06-3eee46af1bfa/polling-district/ec429b1c-a56d-47ab-a91e-a55281d1d134
Aabenraakredsen,https://valg.dk/fv/987875fe-0dae-42ac-be5b-62cf0bd5d65e/nomination-district/60dd49b8-262c-4a88-9b06-3eee46af1bfa,Varnæs,https://valg.dk/fv/987875fe-0dae-42ac-be5b-62cf0bd5d65e/nomination-district/60dd49b8-262c-4a88-9b06-3eee46af1bfa/polling-district/47c982d0-7a26-4c2e-bcb9-e5a746f20f24
Aakirkebykredsen,https://valg.dk/fv/987875fe-0dae-42ac-be5b-62cf0bd5d65e/nomination-district/7cd5e0f1-d646-42a8-84da-45fcbf44780e,Aakirkeby,https://valg.dk/fv/987875fe-0dae-42ac-be5b-62cf0bd5d65e/nomination-district/7cd5e0f1-d646-42a8-84da-45fcbf44780e/polling-district/7d0c4fd5-06c7-4a0e-8ba7-8d5b77867a7d
Aakirkebykredsen,https://valg.dk/fv/987875fe-0dae-42ac-be5b-62cf0bd5d65e/nomination-district/7cd5e0f1-d646-42a8-84da-45fcbf44780e,Allinge,https://valg.dk/fv/987875fe-0dae-42ac-be5b-62cf0bd5d65e/nomination-district/7cd5e0f1-d646-42a8-84da-45fcbf44780e/polling-district/7fe55e74-4607-42a2-9ce2-d1c373c872e4
Aakirkebykredsen,https://valg.dk/fv/987875fe-0dae-42ac-be5b-62cf0bd5d65e/nomination-district/7cd5e0f1-d646-42a8-84da-45fcbf44780e,Christiansø,https://valg.dk/fv/987875fe-0dae-42ac-be5b-62cf0bd5d65e/nomination-district/7cd5e0f1-d646-42a8-84da-45fcbf44780e/polling-district/562e19a7-bdb4-4a41-9b01-95de5efe561b
Aakirkebykredsen,https://valg.dk/fv/987875fe-0dae-42ac-be5b-62cf0bd5d65e/nomination-district/7cd5e0f1-d646-42a8-84da-45fcbf44780e,Nexø,https://valg.dk/fv/987875fe-0dae-42ac-be5b-62cf0bd5d65e/nomination-district/7cd5e0f1-d646-42a8-84da-45fcbf44780e/polling-district/32ffccd3-b978-4040-9837-2250b9f37749
Aakirkebykredsen,https://valg.dk/fv/987875fe-0dae-42ac-be5b-62cf0bd5d65e/nomination-district/7cd5e0f1-d646-42a8-84da-45fcbf44780e,Pedersker,https://valg.dk/fv/987875fe-0dae-42ac-be5b-62cf0bd5d65e/nomination-district/7cd5e0f1-d646-42a8-84da-45fcbf44780e/polling-district/e8809fbe-fb02-4dec-b1cd-a67da87ef773
Aakirkebykredsen,https://valg.dk/fv/987875fe-0dae-42ac-be5b-62cf0bd5d65e/nomination-district/7cd5e0f1-d646-42a8-84da-45fcbf44780e,Svaneke,https://valg.dk/fv/987875fe-0dae-42ac-be5b-62cf0bd5d65e/nomination-district/7cd5e0f1-d646-42a8-84da-45fcbf44780e/polling-district/29575f7b-3b4a-4836-9050-e104fac33157
Aakirkebykredsen,https://valg.dk/fv/987875fe-0dae-42ac-be5b-62cf0bd5d65e/nomination-district/7cd5e0f1-d646-42a8-84da-45fcbf44780e,Østermarie,https://valg.dk/fv/987875fe-0dae-42ac-be5b-62cf0bd5d65e/nomination-district/7cd5e0f1-d646-42a8-84da-45fcbf44780e/polling-district/152c68c8-1f5d-4a2b-9da2-33f77c6bd94b
Aalborg Nordkredsen,https://valg.dk/fv/987875fe-0dae-42ac-be5b-62cf0bd5d65e/nomination-district/6ee0a433-c27c-49dd-a3eb-35d5bd9080ec,Aalborghallen,https://valg.dk/fv/987875fe-0dae-42ac-be5b-62cf0bd5d65e/nomination-district/6ee0a433-c27c-49dd-a3eb-35d5bd9080ec/polling-district/481e9130-a11b-49e8-bf8b-8ad35b30f568
Aalborg Nordkredsen,https://valg.dk/fv/987875fe-0dae-42ac-be5b-62cf0bd5d65e/nomination-district/6ee0a433-c27c-49dd-a3eb-35d5bd9080ec,"Gl. Lindholm Skole, Kulturhus",https://valg.dk/fv/987875fe-0dae-42ac-be5b-62cf0bd5d65e/nomination-district/6ee0a433-c27c-49dd-a3eb-35d5bd9080ec/polling-district/224fd760-3582-4d0f-9d57-2bb753a672a0
Aalborg Nordkredsen,https://valg.dk/fv/987875fe-0dae-42ac-be5b-62cf0bd5d65e/nomination-district/6ee0a433-c27c-49dd-a3eb-35d5bd9080ec,"HF&VUC Nord, Godsbanen",https://valg.dk/fv/987875fe-0dae-42ac-be5b-62cf0bd5d65e/nomination-district/6ee0a433-c27c-49dd-a3eb-35d5bd9080ec/polling-district/fb0b0e16-6791-4d3e-a156-013c368042e0
Aalborg Nordkredsen,https://valg.dk/fv/987875fe-0dae-42ac-be5b-62cf0bd5d65e/nomination-district/6ee0a433-c27c-49dd-a3eb-35d5bd9080ec,Hals Skole,https://valg.dk/fv/987875fe-0dae-42ac-be5b-62cf0bd5d65e/nomination-district/6ee0a433-c27c-49dd-a3eb-35d5bd9080ec/polling-district/e9509c27-403b-4f2e-b518-c834b338ba32
Aalborg Nordkredsen,https://valg.dk/fv/987875fe-0dae-42ac-be5b-62cf0bd5d65e/nomination-district/6ee0a433-c27c-49dd-a3eb-35d5bd9080ec,Løvvanghallen,https://valg.dk/fv/987875fe-0dae-42ac-be5b-62cf0bd5d65e/nomination-district/6ee0a433-c27c-49dd-a3eb-35d5bd9080ec/polling-district/c2666e1a-2d1d-42f5-bab5-87c80f74b0d0
Aalborg Nordkredsen,https://valg.dk/fv/987875fe-0dae-42ac-be5b-62cf0bd5d65e/nomination-district/6ee0a433-c27c-49dd-a3eb-35d5bd9080ec,Multihallen Ved Vadumhallen,https://valg.dk/fv/987875fe-0dae-42ac-be5b-62cf0bd5d65e/nomination-district/6ee0a433-c27c-49dd-a3eb-35d5bd9080ec/polling-district/b0c5631d-b89e-447f-982a-8efb0edc337c
Aalborg Nordkredsen,https://valg.dk/fv/987875fe-0dae-42ac-be5b-62cf0bd5d65e/nomination-district/6ee0a433-c27c-49dd-a3eb-35d5bd9080ec,PFA Kollegiet i Nørresundby,https://valg.dk/fv/987875fe-0dae-42ac-be5b-62cf0bd5d65e/nomination-district/6ee0a433-c27c-49dd-a3eb-35d5bd9080ec/polling-district/9d8a5dea-7b94-470c-883a-420af4d98dcb
Aalborg Nordkredsen,https://valg.dk/fv/987875fe-0dae-42ac-be5b-62cf0bd5d65e/nomination-district/6ee0a433-c27c-49dd-a3eb-35d5bd9080ec,Sulsted Skolehal,https://valg.dk/fv/987875fe-0dae-42ac-be5b-62cf0bd5d65e/nomination-district/6ee0a433-c27c-49dd-a3eb-35d5bd9080ec/polling-district/3b61414e-cbfa-4ff1-8f9c-5184a0abd978
Aalborg Nordkredsen,https://valg.dk/fv/987875fe-0dae-42ac-be5b-62cf0bd5d65e/nomination-district/6ee0a433-c27c-49dd-a3eb-35d5bd9080ec,Ulstedhallen,https://valg.dk/fv/987875fe-0dae-42ac-be5b-62cf0bd5d65e/nomination-district/6ee0a433-c27c-49dd-a3eb-35d5bd9080ec/polling-district/7a9dbd57-d594-483a-9a59-bbc2a64fa1fe
Aalborg Nordkredsen,https://valg.dk/fv/987875fe-0dae-42ac-be5b-62cf0bd5d65e/nomination-district/6ee0a433-c27c-49dd-a3eb-35d5bd9080ec,Vester Hassing Hallen,https://valg.dk/fv/987875fe-0dae-42ac-be5b-62cf0bd5d65e/nomination-district/6ee0a433-c27c-49dd-a3eb-35d5bd9080ec/polling-district/78c20f75-8d11-4544-82fc-98a0eee50e15
Aalborg Nordkredsen,https://valg.dk/fv/987875fe-0dae-42ac-be5b-62cf0bd5d65e/nomination-district/6ee0a433-c27c-49dd-a3eb-35d5bd9080ec,Vodskov Kultur & Idrætscenter,https://valg.dk/fv/987875fe-0dae-42ac-be5b-62cf0bd5d65e/nomination-district/6ee0a433-c27c-49dd-a3eb-35d5bd9080ec/polling-district/6a598a47-07c8-4e73-8683-d80a08d0ea8f
Aalborg Vestkredsen,https://valg.dk/fv/987875fe-0dae-42ac-be5b-62cf0bd5d65e/nomination-district/323f1d94-244a-402b-b154-751b37df23a0,Farstruphallen,https://valg.dk/fv/987875fe-0dae-42ac-be5b-62cf0bd5d65e/nomination-district/323f1d94-244a-402b-b154-751b37df23a0/polling-district/a290985d-1b1e-41d9-bba1-5d2179c64801
Aalborg Vestkredsen,https://valg.dk/fv/987875fe-0dae-42ac-be5b-62cf0bd5d65e/nomination-district/323f1d94-244a-402b-b154-751b37df23a0,Ferslev Skolehal,https://valg.dk/fv/987875fe-0dae-42ac-be5b-62cf0bd5d65e/nomination-district/323f1d94-244a-402b-b154-751b37df23a0/polling-district/19837e9c-aada-4611-9815-737dbc92809b
Aalborg Vestkredsen,https://valg.dk/fv/987875fe-0dae-42ac-be5b-62cf0bd5d65e/nomination-district/323f1d94-244a-402b-b154-751b37df23a0,Frejlev Skoles Idrætshal,https://valg.dk/fv/987875fe-0dae-42ac-be5b-62cf0bd5d65e/nomination-district/323f1d94-244a-402b-b154-751b37df23a0/polling-district/1dd8bbb9-b14d-4865-a7d9-6d008694e614
Aalborg Vestkredsen,https://valg.dk/fv/987875fe-0dae-42ac-be5b-62cf0bd5d65e/nomination-district/323f1d94-244a-402b-b154-751b37df23a0,Hallen Ved Skalborggård,https://valg.dk/fv/987875fe-0dae-42ac-be5b-62cf0bd5d65e/nomination-district/323f1d94-244a-402b-b154-751b37df23a0/polling-district/a5ce3eaf-3e17-40c1-8cad-780dcab07ae4
Aalborg Vestkredsen,https://valg.dk/fv/987875fe-0dae-42ac-be5b-62cf0bd5d65e/nomination-district/323f1d94-244a-402b-b154-751b37df23a0,Haraldslund,https://valg.dk/fv/987875fe-0dae-42ac-be5b-62cf0bd5d65e/nomination-district/323f1d94-244a-402b-b154-751b37df23a0/polling-district/2abf05d0-06d2-4a32-a9a3-f42dbc0c2918
Aalborg Vestkredsen,https://valg.dk/fv/987875fe-0dae-42ac-be5b-62cf0bd5d65e/nomination-district/323f1d94-244a-402b-b154-751b37df23a0,Hasseris Gymnasium,https://valg.dk/fv/987875fe-0dae-42ac-be5b-62cf0bd5d65e/nomination-district/323f1d94-244a-402b-b154-751b37df23a0/polling-district/ed6fa715-9833-45fb-88e0-3a393932a7a0
Aalborg Vestkredsen,https://valg.dk/fv/987875fe-0dae-42ac-be5b-62cf0bd5d65e/nomination-district/323f1d94-244a-402b-b154-751b37df23a0,Kfum - Hallen,https://valg.dk/fv/987875fe-0dae-42ac-be5b-62cf0bd5d65e/nomination-district/323f1d94-244a-402b-b154-751b37df23a0/polling-district/0d74af94-f46d-48db-9f0d-96aa3ff9a065
Aalborg Vestkredsen,https://valg.dk/fv/987875fe-0dae-42ac-be5b-62cf0bd5d65e/nomination-district/323f1d94-244a-402b-b154-751b37df23a0,Nibe Hallen,https://valg.dk/fv/987875fe-0dae-42ac-be5b-62cf0bd5d65e/nomination-district/323f1d94-244a-402b-b154-751b37df23a0/polling-district/04075bd7-9d29-4e39-92de-6c001c59bf1d
Aalborg Vestkredsen,https://valg.dk/fv/987875fe-0dae-42ac-be5b-62cf0bd5d65e/nomination-district/323f1d94-244a-402b-b154-751b37df23a0,Skipperens Idrætshus,https://valg.dk/fv/987875fe-0dae-42ac-be5b-62cf0bd5d65e/nomination-district/323f1d94-244a-402b-b154-751b37df23a0/polling-district/6027ce23-af64-4e49-8152-4eabc6dda84d
Aalborg Vestkredsen,https://valg.dk/fv/987875fe-0dae-42ac-be5b-62cf0bd5d65e/nomination-district/323f1d94-244a-402b-b154-751b37df23a0,Svenstruphallen,https://valg.dk/fv/987875fe-0dae-42ac-be5b-62cf0bd5d65e/nomination-district/323f1d94-244a-402b-b154-751b37df23a0/polling-district/be6db844-391c-4d63-abd1-d6978d27873c
Aalborg Vestkredsen,https://valg.dk/fv/987875fe-0dae-42ac-be5b-62cf0bd5d65e/nomination-district/323f1d94-244a-402b-b154-751b37df23a0,Vesterkærets Skole,https://valg.dk/fv/987875fe-0dae-42ac-be5b-62cf0bd5d65e/nomination-district/323f1d94-244a-402b-b154-751b37df23a0/polling-district/8ae63afa-9473-4efc-9a95-3824164003ac
Aalborg Østkredsen,https://valg.dk/fv/987875fe-0dae-42ac-be5b-62cf0bd5d65e/nomination-district/bcb78384-2e7a-4daf-ac38-eae9adfef629,Aalborghus Gymnasium,https://valg.dk/fv/987875fe-0dae-42ac-be5b-62cf0bd5d65e/nomination-district/bcb78384-2e7a-4daf-ac38-eae9adfef629/polling-district/1bcb472b-917b-482a-9418-fe5a25a0baf6
Aalborg Østkredsen,https://valg.dk/fv/987875fe-0dae-42ac-be5b-62cf0bd5d65e/nomination-district/bcb78384-2e7a-4daf-ac38-eae9adfef629,Båndby - Hallen,https://valg.dk/fv/987875fe-0dae-42ac-be5b-62cf0bd5d65e/nomination-district/bcb78384-2e7a-4daf-ac38-eae9adfef629/polling-district/ef36beeb-5d1d-4d2f-aeee-ac553152c0c2
Aalborg Østkredsen,https://valg.dk/fv/987875fe-0dae-42ac-be5b-62cf0bd5d65e/nomination-district/bcb78384-2e7a-4daf-ac38-eae9adfef629,Gigantium,https://valg.dk/fv/987875fe-0dae-42ac-be5b-62cf0bd5d65e/nomination-district/bcb78384-2e7a-4daf-ac38-eae9adfef629/polling-district/5a1cbf9b-ecc6-48f8-bca5-4b3114148a99
Aalborg Østkredsen,https://valg.dk/fv/987875fe-0dae-42ac-be5b-62cf0bd5d65e/nomination-district/bcb78384-2e7a-4daf-ac38-eae9adfef629,Gistrup Skoles Idrætshal,https://valg.dk/fv/987875fe-0dae-42ac-be5b-62cf0bd5d65e/nomination-district/bcb78384-2e7a-4daf-ac38-eae9adfef629/polling-district/610c58be-11b6-4109-9e7f-c51ec1125ad0
Aalborg Østkredsen,https://valg.dk/fv/987875fe-0dae-42ac-be5b-62cf0bd5d65e/nomination-district/bcb78384-2e7a-4daf-ac38-eae9adfef629,Gug Skole,https://valg.dk/fv/987875fe-0dae-42ac-be5b-62cf0bd5d65e/nomination-district/bcb78384-2e7a-4daf-ac38-eae9adfef629/polling-district/db68f698-eb8a-46f5-8aca-43cc794cc185
Aalborg Østkredsen,https://valg.dk/fv/987875fe-0dae-42ac-be5b-62cf0bd5d65e/nomination-district/bcb78384-2e7a-4daf-ac38-eae9adfef629,Idrætscentret Kongerslev,https://valg.dk/fv/987875fe-0dae-42ac-be5b-62cf0bd5d65e/nomination-district/bcb78384-2e7a-4daf-ac38-eae9adfef629/polling-district/140df0ca-3798-47e4-bd7c-b6d3e8b5e973
Aalborg Østkredsen,https://valg.dk/fv/987875fe-0dae-42ac-be5b-62cf0bd5d65e/nomination-district/bcb78384-2e7a-4daf-ac38-eae9adfef629,Klaruphallen,https://valg.dk/fv/987875fe-0dae-42ac-be5b-62cf0bd5d65e/nomination-district/bcb78384-2e7a-4daf-ac38-eae9adfef629/polling-district/91104929-95b7-4484-9480-28cd877faab8
Aalborg Østkredsen,https://valg.dk/fv/987875fe-0dae-42ac-be5b-62cf0bd5d65e/nomination-district/bcb78384-2e7a-4daf-ac38-eae9adfef629,Mellervangskolens Idrætshal,https://valg.dk/fv/987875fe-0dae-42ac-be5b-62cf0bd5d65e/nomination-district/bcb78384-2e7a-4daf-ac38-eae9adfef629/polling-district/1a719ee1-8192-4789-917c-4aaacd9ac4db
Aalborg Østkredsen,https://valg.dk/fv/987875fe-0dae-42ac-be5b-62cf0bd5d65e/nomination-district/bcb78384-2e7a-4daf-ac38-eae9adfef629,Mou Hotel,https://valg.dk/fv/987875fe-0dae-42ac-be5b-62cf0bd5d65e/nomination-district/bcb78384-2e7a-4daf-ac38-eae9adfef629/polling-district/9f7a9d0d-6795-4621-8d16-67dce1f4b343
Aalborg Østkredsen,https://valg.dk/fv/987875fe-0dae-42ac-be5b-62cf0bd5d65e/nomination-district/bcb78384-2e7a-4daf-ac38-eae9adfef629,Nordkraft,https://valg.dk/fv/987875fe-0dae-42ac-be5b-62cf0bd5d65e/nomination-district/bcb78384-2e7a-4daf-ac38-eae9adfef629/polling-district/35860d00-5f28-43f3-8c3d-db668a2e1a83
Aalborg Østkredsen,https://valg.dk/fv/987875fe-0dae-42ac-be5b-62cf0bd5d65e/nomination-district/bcb78384-2e7a-4daf-ac38-eae9adfef629,Sønderbroskolen,https://valg.dk/fv/987875fe-0dae-42ac-be5b-62cf0bd5d65e/nomination-district/bcb78384-2e7a-4daf-ac38-eae9adfef629/polling-district/f8b1b6b4-0e0d-4ee3-b65a-3db9bd8e8708
Aalborg Østkredsen,https://valg.dk/fv/987875fe-0dae-42ac-be5b-62cf0bd5d65e/nomination-district/bcb78384-2e7a-4daf-ac38-eae9adfef629,"Tornhøjskolen, Hallen",https://valg.dk/fv/987875fe-0dae-42ac-be5b-62cf0bd5d65e/nomination-district/bcb78384-2e7a-4daf-ac38-eae9adfef629/polling-district/c56da935-76ad-4535-9e9a-66c2d92deac3
Aalborg Østkredsen,https://valg.dk/fv/987875fe-0dae-42ac-be5b-62cf0bd5d65e/nomination-district/bcb78384-2e7a-4daf-ac38-eae9adfef629,Vejgaard Østre Skole,https://valg.dk/fv/987875fe-0dae-42ac-be5b-62cf0bd5d65e/nomination-district/bcb78384-2e7a-4daf-ac38-eae9adfef629/polling-district/03322e91-af64-465d-b87d-8a10eecd5108
Aalborg Østkredsen,https://valg.dk/fv/987875fe-0dae-42ac-be5b-62cf0bd5d65e/nomination-district/bcb78384-2e7a-4daf-ac38-eae9adfef629,Vejgaardhallen,https://valg.dk/fv/987875fe-0dae-42ac-be5b-62cf0bd5d65e/nomination-district/bcb78384-2e7a-4daf-ac38-eae9adfef629/polling-district/cac7e39b-2331-4765-a998-abd4050e90f1
Aarhus Nordkredsen,https://valg.dk/fv/987875fe-0dae-42ac-be5b-62cf0bd5d65e/nomination-district/abc6eeda-f9f3-4340-889b-465a8bd6a50a,"Bjørnshøjcentret, Trige",https://valg.dk/fv/987875fe-0dae-42ac-be5b-62cf0bd5d65e/nomination-district/abc6eeda-f9f3-4340-889b-465a8bd6a50a/polling-district/b9606239-ef97-4061-abf2-226e3d3e7bcc
Aarhus Nordkredsen,https://valg.dk/fv/987875fe-0dae-42ac-be5b-62cf0bd5d65e/nomination-district/abc6eeda-f9f3-4340-889b-465a8bd6a50a,"Folkesundhed Aarhus, Frydenlun",https://valg.dk/fv/987875fe-0dae-42ac-be5b-62cf0bd5d65e/nomination-district/abc6eeda-f9f3-4340-889b-465a8bd6a50a/polling-district/07b9fbb1-e633-4cd5-bdcb-f177993eae75
Aarhus Nordkredsen,https://valg.dk/fv/987875fe-0dae-42ac-be5b-62cf0bd5d65e/nomination-district/abc6eeda-f9f3-4340-889b-465a8bd6a50a,"Gammelgårdskolen, Åbyhøj",https://valg.dk/fv/987875fe-0dae-42ac-be5b-62cf0bd5d65e/nomination-district/abc6eeda-f9f3-4340-889b-465a8bd6a50a/polling-district/c15db84d-1643-4bf4-b7c3-a1897a4258dd
Aarhus Nordkredsen,https://valg.dk/fv/987875fe-0dae-42ac-be5b-62cf0bd5d65e/nomination-district/abc6eeda-f9f3-4340-889b-465a8bd6a50a,Hasle Skole,https://valg.dk/fv/987875fe-0dae-42ac-be5b-62cf0bd5d65e/nomination-district/abc6eeda-f9f3-4340-889b-465a8bd6a50a/polling-district/13936e42-f21f-4470-b781-76d261cff824
Aarhus Nordkredsen,https://valg.dk/fv/987875fe-0dae-42ac-be5b-62cf0bd5d65e/nomination-district/abc6eeda-f9f3-4340-889b-465a8bd6a50a,Hårup Hallen,https://valg.dk/fv/987875fe-0dae-42ac-be5b-62cf0bd5d65e/nomination-district/abc6eeda-f9f3-4340-889b-465a8bd6a50a/polling-district/825d8da4-f058-41f8-bc0d-2bce157c6eff
Aarhus Nordkredsen,https://valg.dk/fv/987875fe-0dae-42ac-be5b-62cf0bd5d65e/nomination-district/abc6eeda-f9f3-4340-889b-465a8bd6a50a,Katrinebjergskolen,https://valg.dk/fv/987875fe-0dae-42ac-be5b-62cf0bd5d65e/nomination-district/abc6eeda-f9f3-4340-889b-465a8bd6a50a/polling-district/0ac34e86-595c-453a-a305-9ca64faa6eec
Aarhus Nordkredsen,https://valg.dk/fv/987875fe-0dae-42ac-be5b-62cf0bd5d65e/nomination-district/abc6eeda-f9f3-4340-889b-465a8bd6a50a,Lisbjergskolen,https://valg.dk/fv/987875fe-0dae-42ac-be5b-62cf0bd5d65e/nomination-district/abc6eeda-f9f3-4340-889b-465a8bd6a50a/polling-district/00160ee5-61a2-482b-b8c6-7129ddc94702
Aarhus Nordkredsen,https://valg.dk/fv/987875fe-0dae-42ac-be5b-62cf0bd5d65e/nomination-district/abc6eeda-f9f3-4340-889b-465a8bd6a50a,Lystrup Hallen,https://valg.dk/fv/987875fe-0dae-42ac-be5b-62cf0bd5d65e/nomination-district/abc6eeda-f9f3-4340-889b-465a8bd6a50a/polling-district/ca8b7c99-288c-4525-9470-7369f08332ed
Aarhus Nordkredsen,https://valg.dk/fv/987875fe-0dae-42ac-be5b-62cf0bd5d65e/nomination-district/abc6eeda-f9f3-4340-889b-465a8bd6a50a,Møllevangskolen,https://valg.dk/fv/987875fe-0dae-42ac-be5b-62cf0bd5d65e/nomination-district/abc6eeda-f9f3-4340-889b-465a8bd6a50a/polling-district/4812b09a-1c33-448c-bd85-ac1bcfc5683b
Aarhus Nordkredsen,https://valg.dk/fv/987875fe-0dae-42ac-be5b-62cf0bd5d65e/nomination-district/abc6eeda-f9f3-4340-889b-465a8bd6a50a,Skovvangskolen,https://valg.dk/fv/987875fe-0dae-42ac-be5b-62cf0bd5d65e/nomination-district/abc6eeda-f9f3-4340-889b-465a8bd6a50a/polling-district/f21ccc2d-3c86-44d2-8ff4-34767486cb08
Aarhus Nordkredsen,https://valg.dk/fv/987875fe-0dae-42ac-be5b-62cf0bd5d65e/nomination-district/abc6eeda-f9f3-4340-889b-465a8bd6a50a,Spørring Fælleshus,https://valg.dk/fv/987875fe-0dae-42ac-be5b-62cf0bd5d65e/nomination-district/abc6eeda-f9f3-4340-889b-465a8bd6a50a/polling-district/0d62e999-e8e7-4758-a2b2-3fed9c54f69d
Aarhus Nordkredsen,https://valg.dk/fv/987875fe-0dae-42ac-be5b-62cf0bd5d65e/nomination-district/abc6eeda-f9f3-4340-889b-465a8bd6a50a,"Via University, Ceresbyen",https://valg.dk/fv/987875fe-0dae-42ac-be5b-62cf0bd5d65e/nomination-district/abc6eeda-f9f3-4340-889b-465a8bd6a50a/polling-district/57c47fb3-0b0b-4c75-9de1-1ee685b3c6d2
Aarhus Nordkredsen,https://valg.dk/fv/987875fe-0dae-42ac-be5b-62cf0bd5d65e/nomination-district/abc6eeda-f9f3-4340-889b-465a8bd6a50a,Vorrevangskolen,https://valg.dk/fv/987875fe-0dae-42ac-be5b-62cf0bd5d65e/nomination-district/abc6eeda-f9f3-4340-889b-465a8bd6a50a/polling-district/6b447d2e-9505-4ac2-a5c2-46580131861f
Aarhus Sydkredsen,https://valg.dk/fv/987875fe-0dae-42ac-be5b-62cf0bd5d65e/nomination-district/d58a1c97-9b2d-45ed-b0fb-473d7a126004,Beder Skole,https://valg.dk/fv/987875fe-0dae-42ac-be5b-62cf0bd5d65e/nomination-district/d58a1c97-9b2d-45ed-b0fb-473d7a126004/polling-district/90f3c98f-ec3c-46a0-9316-9b729440381d
Aarhus Sydkredsen,https://valg.dk/fv/987875fe-0dae-42ac-be5b-62cf0bd5d65e/nomination-district/d58a1c97-9b2d-45ed-b0fb-473d7a126004,Frederiksbjerghallerne,https://valg.dk/fv/987875fe-0dae-42ac-be5b-62cf0bd5d65e/nomination-district/d58a1c97-9b2d-45ed-b0fb-473d7a126004/polling-district/034d32d1-b000-46f5-824c-bcaf2680e364
Aarhus Sydkredsen,https://valg.dk/fv/987875fe-0dae-42ac-be5b-62cf0bd5d65e/nomination-district/d58a1c97-9b2d-45ed-b0fb-473d7a126004,"Kragelundskolen, Højbjerg",https://valg.dk/fv/987875fe-0dae-42ac-be5b-62cf0bd5d65e/nomination-district/d58a1c97-9b2d-45ed-b0fb-473d7a126004/polling-district/ea8a22e8-96f9-48b7-b7a8-656975f3ef57
Aarhus Sydkredsen,https://valg.dk/fv/987875fe-0dae-42ac-be5b-62cf0bd5d65e/nomination-district/d58a1c97-9b2d-45ed-b0fb-473d7a126004,Malling Skole,https://valg.dk/fv/987875fe-0dae-42ac-be5b-62cf0bd5d65e/nomination-district/d58a1c97-9b2d-45ed-b0fb-473d7a126004/polling-district/1e2836b7-72c0-45a4-b69a-8a5e468ac1f9
Aarhus Sydkredsen,https://valg.dk/fv/987875fe-0dae-42ac-be5b-62cf0bd5d65e/nomination-district/d58a1c97-9b2d-45ed-b0fb-473d7a126004,Mårslet Skole,https://valg.dk/fv/987875fe-0dae-42ac-be5b-62cf0bd5d65e/nomination-district/d58a1c97-9b2d-45ed-b0fb-473d7a126004/polling-district/ecb3a984-0393-4a66-93c2-e238bf26bc02
Aarhus Sydkredsen,https://valg.dk/fv/987875fe-0dae-42ac-be5b-62cf0bd5d65e/nomination-district/d58a1c97-9b2d-45ed-b0fb-473d7a126004,"Rundhøjhallen, Holme",https://valg.dk/fv/987875fe-0dae-42ac-be5b-62cf0bd5d65e/nomination-district/d58a1c97-9b2d-45ed-b0fb-473d7a126004/polling-district/73a0eefa-7bcc-42fd-ab90-78adef6aadb3
Aarhus Sydkredsen,https://valg.dk/fv/987875fe-0dae-42ac-be5b-62cf0bd5d65e/nomination-district/d58a1c97-9b2d-45ed-b0fb-473d7a126004,Skåde Skole,https://valg.dk/fv/987875fe-0dae-42ac-be5b-62cf0bd5d65e/nomination-district/d58a1c97-9b2d-45ed-b0fb-473d7a126004/polling-district/350d888a-6a08-4369-a8de-e2b2d16eb43d
Aarhus Sydkredsen,https://valg.dk/fv/987875fe-0dae-42ac-be5b-62cf0bd5d65e/nomination-district/d58a1c97-9b2d-45ed-b0fb-473d7a126004,Solbjergskolen,https://valg.dk/fv/987875fe-0dae-42ac-be5b-62cf0bd5d65e/nomination-district/d58a1c97-9b2d-45ed-b0fb-473d7a126004/polling-district/0386d564-597a-4d4c-92de-d3b07165e422
Aarhus Sydkredsen,https://valg.dk/fv/987875fe-0dae-42ac-be5b-62cf0bd5d65e/nomination-district/d58a1c97-9b2d-45ed-b0fb-473d7a126004,Sundh.- & Kulturc. Fr.bjerg/La,https://valg.dk/fv/987875fe-0dae-42ac-be5b-62cf0bd5d65e/nomination-district/d58a1c97-9b2d-45ed-b0fb-473d7a126004/polling-district/6c502edc-8144-4c00-97c0-14719d7f65c6
Aarhus Sydkredsen,https://valg.dk/fv/987875fe-0dae-42ac-be5b-62cf0bd5d65e/nomination-district/d58a1c97-9b2d-45ed-b0fb-473d7a126004,Tranbjerg Skole,https://valg.dk/fv/987875fe-0dae-42ac-be5b-62cf0bd5d65e/nomination-district/d58a1c97-9b2d-45ed-b0fb-473d7a126004/polling-district/74085c30-c701-45ab-b4c9-477f41c5b0e9
Aarhus Vestkredsen,https://valg.dk/fv/987875fe-0dae-42ac-be5b-62cf0bd5d65e/nomination-district/65cfe541-fbd7-462d-8801-4766bc83fead,Borum Forsamlingshus,https://valg.dk/fv/987875fe-0dae-42ac-be5b-62cf0bd5d65e/nomination-district/65cfe541-fbd7-462d-8801-4766bc83fead/polling-district/6acda7c5-8111-4fcd-89fb-7af37b4a9665
Aarhus Vestkredsen,https://valg.dk/fv/987875fe-0dae-42ac-be5b-62cf0bd5d65e/nomination-district/65cfe541-fbd7-462d-8801-4766bc83fead,Brabrand Hallen,https://valg.dk/fv/987875fe-0dae-42ac-be5b-62cf0bd5d65e/nomination-district/65cfe541-fbd7-462d-8801-4766bc83fead/polling-district/2ed4428f-ed75-4228-ac22-e1e44712e19e
Aarhus Vestkredsen,https://valg.dk/fv/987875fe-0dae-42ac-be5b-62cf0bd5d65e/nomination-district/65cfe541-fbd7-462d-8801-4766bc83fead,Globus 1,https://valg.dk/fv/987875fe-0dae-42ac-be5b-62cf0bd5d65e/nomination-district/65cfe541-fbd7-462d-8801-4766bc83fead/polling-district/c702702e-c960-44d7-a474-9eb1a29792b2
Aarhus Vestkredsen,https://valg.dk/fv/987875fe-0dae-42ac-be5b-62cf0bd5d65e/nomination-district/65cfe541-fbd7-462d-8801-4766bc83fead,Hasselager Hallen,https://valg.dk/fv/987875fe-0dae-42ac-be5b-62cf0bd5d65e/nomination-district/65cfe541-fbd7-462d-8801-4766bc83fead/polling-district/1dbce576-7c2c-46f0-b555-bedf9d40d768
Aarhus Vestkredsen,https://valg.dk/fv/987875fe-0dae-42ac-be5b-62cf0bd5d65e/nomination-district/65cfe541-fbd7-462d-8801-4766bc83fead,"Højvangskolen, Stavtrup",https://valg.dk/fv/987875fe-0dae-42ac-be5b-62cf0bd5d65e/nomination-district/65cfe541-fbd7-462d-8801-4766bc83fead/polling-district/019d1299-4a71-4f83-8bec-939969e5a4ca
Aarhus Vestkredsen,https://valg.dk/fv/987875fe-0dae-42ac-be5b-62cf0bd5d65e/nomination-district/65cfe541-fbd7-462d-8801-4766bc83fead,Næshøjhallen,https://valg.dk/fv/987875fe-0dae-42ac-be5b-62cf0bd5d65e/nomination-district/65cfe541-fbd7-462d-8801-4766bc83fead/polling-district/7847082d-75d3-4bd5-a068-d904240f151d
Aarhus Vestkredsen,https://valg.dk/fv/987875fe-0dae-42ac-be5b-62cf0bd5d65e/nomination-district/65cfe541-fbd7-462d-8801-4766bc83fead,Ormslev Præstegård,https://valg.dk/fv/987875fe-0dae-42ac-be5b-62cf0bd5d65e/nomination-district/65cfe541-fbd7-462d-8801-4766bc83fead/polling-district/4d4d1077-d58f-418f-8289-0b0fbb6e6e54
Aarhus Vestkredsen,https://valg.dk/fv/987875fe-0dae-42ac-be5b-62cf0bd5d65e/nomination-district/65cfe541-fbd7-462d-8801-4766bc83fead,"Rosenvangskolen, Viby J",https://valg.dk/fv/987875fe-0dae-42ac-be5b-62cf0bd5d65e/nomination-district/65cfe541-fbd7-462d-8801-4766bc83fead/polling-district/3a3a0866-d2dd-466a-8f66-500d079e51d1
Aarhus Vestkredsen,https://valg.dk/fv/987875fe-0dae-42ac-be5b-62cf0bd5d65e/nomination-district/65cfe541-fbd7-462d-8801-4766bc83fead,"Sabro-Korsvejskolen, Sabro",https://valg.dk/fv/987875fe-0dae-42ac-be5b-62cf0bd5d65e/nomination-district/65cfe541-fbd7-462d-8801-4766bc83fead/polling-district/52bcdf27-5275-462b-b4c3-4db9e7658286
Aarhus Vestkredsen,https://valg.dk/fv/987875fe-0dae-42ac-be5b-62cf0bd5d65e/nomination-district/65cfe541-fbd7-462d-8801-4766bc83fead,Skjoldhøjskolen,https://valg.dk/fv/987875fe-0dae-42ac-be5b-62cf0bd5d65e/nomination-district/65cfe541-fbd7-462d-8801-4766bc83fead/polling-district/9f1c3173-e55b-464e-b013-42e2617be77b
Aarhus Vestkredsen,https://valg.dk/fv/987875fe-0dae-42ac-be5b-62cf0bd5d65e/nomination-district/65cfe541-fbd7-462d-8801-4766bc83fead,"Søndervangskolen, Viby J",https://valg.dk/fv/987875fe-0dae-42ac-be5b-62cf0bd5d65e/nomination-district/65cfe541-fbd7-462d-8801-4766bc83fead/polling-district/7a2743a4-e2d2-42db-9dd1-e2e6a32b3fec
Aarhus Vestkredsen,https://valg.dk/fv/987875fe-0dae-42ac-be5b-62cf0bd5d65e/nomination-district/65cfe541-fbd7-462d-8801-4766bc83fead,"TST Aktiv-Center, Tilst",https://valg.dk/fv/987875fe-0dae-42ac-be5b-62cf0bd5d65e/nomination-district/65cfe541-fbd7-462d-8801-4766bc83fead/polling-district/0f69ac3d-e42b-4003-8b72-1dc2f7161200
Aarhus Vestkredsen,https://valg.dk/fv/987875fe-0dae-42ac-be5b-62cf0bd5d65e/nomination-district/65cfe541-fbd7-462d-8801-4766bc83fead,Viby Hallen,https://valg.dk/fv/987875fe-0dae-42ac-be5b-62cf0bd5d65e/nomination-district/65cfe541-fbd7-462d-8801-4766bc83fead/polling-district/06eb8094-9e48-4c73-ac88-8792220960d9
Aarhus Vestkredsen,https://valg.dk/fv/987875fe-0dae-42ac-be5b-62cf0bd5d65e/nomination-district/65cfe541-fbd7-462d-8801-4766bc83fead,Åby Hallen,https://valg.dk/fv/987875fe-0dae-42ac-be5b-62cf0bd5d65e/nomination-district/65cfe541-fbd7-462d-8801-4766bc83fead/polling-district/a8eab52f-e4a3-4717-869c-3454a74c44aa
Aarhus Østkredsen,https://valg.dk/fv/987875fe-0dae-42ac-be5b-62cf0bd5d65e/nomination-district/28d4198a-7bcb-4094-9714-3cc8c7084af3,Bellevuehallerne,https://valg.dk/fv/987875fe-0dae-42ac-be5b-62cf0bd5d65e/nomination-district/28d4198a-7bcb-4094-9714-3cc8c7084af3/polling-district/77595065-5adb-41d7-b177-11e20cc2479c
Aarhus Østkredsen,https://valg.dk/fv/987875fe-0dae-42ac-be5b-62cf0bd5d65e/nomination-district/28d4198a-7bcb-4094-9714-3cc8c7084af3,DOKK1,https://valg.dk/fv/987875fe-0dae-42ac-be5b-62cf0bd5d65e/nomination-district/28d4198a-7bcb-4094-9714-3cc8c7084af3/polling-district/04e90843-c9ca-4d5a-ae01-fd4d415bd6ab
Aarhus Østkredsen,https://valg.dk/fv/987875fe-0dae-42ac-be5b-62cf0bd5d65e/nomination-district/28d4198a-7bcb-4094-9714-3cc8c7084af3,"Ellevangskolen, Risskov",https://valg.dk/fv/987875fe-0dae-42ac-be5b-62cf0bd5d65e/nomination-district/28d4198a-7bcb-4094-9714-3cc8c7084af3/polling-district/cda5e21f-35c5-411f-a411-bb0b5b10ff36
Aarhus Østkredsen,https://valg.dk/fv/987875fe-0dae-42ac-be5b-62cf0bd5d65e/nomination-district/28d4198a-7bcb-4094-9714-3cc8c7084af3,"Folkestedet, Carl Blochs Gade",https://valg.dk/fv/987875fe-0dae-42ac-be5b-62cf0bd5d65e/nomination-district/28d4198a-7bcb-4094-9714-3cc8c7084af3/polling-district/cb4ec72c-df0a-41e1-8446-ba2c0c12ddcd
Aarhus Østkredsen,https://valg.dk/fv/987875fe-0dae-42ac-be5b-62cf0bd5d65e/nomination-district/28d4198a-7bcb-4094-9714-3cc8c7084af3,"Generationernes Hus, Aarhus Ø",https://valg.dk/fv/987875fe-0dae-42ac-be5b-62cf0bd5d65e/nomination-district/28d4198a-7bcb-4094-9714-3cc8c7084af3/polling-district/67672c56-ee5b-4a5d-9a9f-b7745ea3a74e
Aarhus Østkredsen,https://valg.dk/fv/987875fe-0dae-42ac-be5b-62cf0bd5d65e/nomination-district/28d4198a-7bcb-4094-9714-3cc8c7084af3,Rådhushallen,https://valg.dk/fv/987875fe-0dae-42ac-be5b-62cf0bd5d65e/nomination-district/28d4198a-7bcb-4094-9714-3cc8c7084af3/polling-district/6abf8d27-73d8-42db-afe2-2f4175d784bd
Aarhus Østkredsen,https://valg.dk/fv/987875fe-0dae-42ac-be5b-62cf0bd5d65e/nomination-district/28d4198a-7bcb-4094-9714-3cc8c7084af3,Samsøgades Skole,https://valg.dk/fv/987875fe-0dae-42ac-be5b-62cf0bd5d65e/nomination-district/28d4198a-7bcb-4094-9714-3cc8c7084af3/polling-district/84a8bc3a-6abc-4e00-8f3a-4fa5a240e0a9
Aarhus Østkredsen,https://valg.dk/fv/987875fe-0dae-42ac-be5b-62cf0bd5d65e/nomination-district/28d4198a-7bcb-4094-9714-3cc8c7084af3,Skæring Skole,https://valg.dk/fv/987875fe-0dae-42ac-be5b-62cf0bd5d65e/nomination-district/28d4198a-7bcb-4094-9714-3cc8c7084af3/polling-district/a7452e46-7233-44f7-a554-1ecdf74233e2
Aarhus Østkredsen,https://valg.dk/fv/987875fe-0dae-42ac-be5b-62cf0bd5d65e/nomination-district/28d4198a-7bcb-4094-9714-3cc8c7084af3,Skødstrup Hallen,https://valg.dk/fv/987875fe-0dae-42ac-be5b-62cf0bd5d65e/nomination-district/28d4198a-7bcb-4094-9714-3cc8c7084af3/polling-district/9e39ee0f-8608-4101-b456-6a8e4baf2097
Aarhus Østkredsen,https://valg.dk/fv/987875fe-0dae-42ac-be5b-62cf0bd5d65e/nomination-district/28d4198a-7bcb-4094-9714-3cc8c7084af3,"Sølystskolen, Egå",https://valg.dk/fv/987875fe-0dae-42ac-be5b-62cf0bd5d65e/nomination-district/28d4198a-7bcb-4094-9714-3cc8c7084af3/polling-district/e8dbf09f-7f4f-4b06-a2ff-e5a9e1e028ae
Aarhus Østkredsen,https://valg.dk/fv/987875fe-0dae-42ac-be5b-62cf0bd5d65e/nomination-district/28d4198a-7bcb-4094-9714-3cc8c7084af3,Vejlby-Risskov Hallen,https://valg.dk/fv/987875fe-0dae-42ac-be5b-62cf0bd5d65e/nomination-district/28d4198a-7bcb-4094-9714-3cc8c7084af3/polling-district/b78da768-1f51-4f08-b4af-941b9c6f0f28
Aarhus Østkredsen,https://valg.dk/fv/987875fe-0dae-42ac-be5b-62cf0bd5d65e/nomination-district/28d4198a-7bcb-4094-9714-3cc8c7084af3,Viruphuset,https://valg.dk/fv/987875fe-0dae-42ac-be5b-62cf0bd5d65e/nomination-district/28d4198a-7bcb-4094-9714-3cc8c7084af3/polling-district/6b3e9692-4def-40be-814d-f25c56f1b1d8
Assenskredsen,https://valg.dk/fv/987875fe-0dae-42ac-be5b-62cf0bd5d65e/nomination-district/5bf6771c-389d-48f1-82e5-5afd80986232,Aarup/Kerte,https://valg.dk/fv/987875fe-0dae-42ac-be5b-62cf0bd5d65e/nomination-district/5bf6771c-389d-48f1-82e5-5afd80986232/polling-district/9daa1e7f-01a7-46b4-b244-9ebf4ce48987
Assenskredsen,https://valg.dk/fv/987875fe-0dae-42ac-be5b-62cf0bd5d65e/nomination-district/5bf6771c-389d-48f1-82e5-5afd80986232,Assens,https://valg.dk/fv/987875fe-0dae-42ac-be5b-62cf0bd5d65e/nomination-district/5bf6771c-389d-48f1-82e5-5afd80986232/polling-district/04f72fa1-a97c-441d-b50f-c97443a06fcd
Assenskredsen,https://valg.dk/fv/987875fe-0dae-42ac-be5b-62cf0bd5d65e/nomination-district/5bf6771c-389d-48f1-82e5-5afd80986232,Brylle,https://valg.dk/fv/987875fe-0dae-42ac-be5b-62cf0bd5d65e/nomination-district/5bf6771c-389d-48f1-82e5-5afd80986232/polling-district/a87f6dbd-422e-4ee8-8039-7340d30a4708
Assenskredsen,https://valg.dk/fv/987875fe-0dae-42ac-be5b-62cf0bd5d65e/nomination-district/5bf6771c-389d-48f1-82e5-5afd80986232,Dreslette/Helnæs,https://valg.dk/fv/987875fe-0dae-42ac-be5b-62cf0bd5d65e/nomination-district/5bf6771c-389d-48f1-82e5-5afd80986232/polling-district/996c0de6-b72b-43c7-b1bb-9b9c2ce98c39
Assenskredsen,https://valg.dk/fv/987875fe-0dae-42ac-be5b-62cf0bd5d65e/nomination-district/5bf6771c-389d-48f1-82e5-5afd80986232,Ebberup,https://valg.dk/fv/987875fe-0dae-42ac-be5b-62cf0bd5d65e/nomination-district/5bf6771c-389d-48f1-82e5-5afd80986232/polling-district/006309b4-44d1-49cf-af02-5fb8a0431b6d
Assenskredsen,https://valg.dk/fv/987875fe-0dae-42ac-be5b-62cf0bd5d65e/nomination-district/5bf6771c-389d-48f1-82e5-5afd80986232,Flemløse,https://valg.dk/fv/987875fe-0dae-42ac-be5b-62cf0bd5d65e/nomination-district/5bf6771c-389d-48f1-82e5-5afd80986232/polling-district/6f3e9a79-2c90-4d17-8476-017817d9f0cc
Assenskredsen,https://valg.dk/fv/987875fe-0dae-42ac-be5b-62cf0bd5d65e/nomination-district/5bf6771c-389d-48f1-82e5-5afd80986232,Glamsbjerg/Søllested,https://valg.dk/fv/987875fe-0dae-42ac-be5b-62cf0bd5d65e/nomination-district/5bf6771c-389d-48f1-82e5-5afd80986232/polling-district/f27f1a2a-c19f-444c-8240-a4f799a680fd
Assenskredsen,https://valg.dk/fv/987875fe-0dae-42ac-be5b-62cf0bd5d65e/nomination-district/5bf6771c-389d-48f1-82e5-5afd80986232,Haarby,https://valg.dk/fv/987875fe-0dae-42ac-be5b-62cf0bd5d65e/nomination-district/5bf6771c-389d-48f1-82e5-5afd80986232/polling-district/6e8e9a09-32f8-43bf-bc93-2a8585105a36
Assenskredsen,https://valg.dk/fv/987875fe-0dae-42ac-be5b-62cf0bd5d65e/nomination-district/5bf6771c-389d-48f1-82e5-5afd80986232,Jordløse,https://valg.dk/fv/987875fe-0dae-42ac-be5b-62cf0bd5d65e/nomination-district/5bf6771c-389d-48f1-82e5-5afd80986232/polling-district/1b65ff7b-e654-4a2c-a5ab-bd96eb9c2f3f
Assenskredsen,https://valg.dk/fv/987875fe-0dae-42ac-be5b-62cf0bd5d65e/nomination-district/5bf6771c-389d-48f1-82e5-5afd80986232,Køng,https://valg.dk/fv/987875fe-0dae-42ac-be5b-62cf0bd5d65e/nomination-district/5bf6771c-389d-48f1-82e5-5afd80986232/polling-district/44136679-fd1b-4709-9f71-4540c033fa7b
Assenskredsen,https://valg.dk/fv/987875fe-0dae-42ac-be5b-62cf0bd5d65e/nomination-district/5bf6771c-389d-48f1-82e5-5afd80986232,Orte/Ørsted,https://valg.dk/fv/987875fe-0dae-42ac-be5b-62cf0bd5d65e/nomination-district/5bf6771c-389d-48f1-82e5-5afd80986232/polling-district/d4f5eeec-325c-4540-91d1-81f50a8cac72
Assenskredsen,https://valg.dk/fv/987875fe-0dae-42ac-be5b-62cf0bd5d65e/nomination-district/5bf6771c-389d-48f1-82e5-5afd80986232,Rørup,https://valg.dk/fv/987875fe-0dae-42ac-be5b-62cf0bd5d65e/nomination-district/5bf6771c-389d-48f1-82e5-5afd80986232/polling-district/5c92ec49-0ae2-47e5-8742-70bd12feaf09
Assenskredsen,https://valg.dk/fv/987875fe-0dae-42ac-be5b-62cf0bd5d65e/nomination-district/5bf6771c-389d-48f1-82e5-5afd80986232,Salbrovad,https://valg.dk/fv/987875fe-0dae-42ac-be5b-62cf0bd5d65e/nomination-district/5bf6771c-389d-48f1-82e5-5afd80986232/polling-district/de35733e-85ac-4430-942a-6bfaf43550fd
Assenskredsen,https://valg.dk/fv/987875fe-0dae-42ac-be5b-62cf0bd5d65e/nomination-district/5bf6771c-389d-48f1-82e5-5afd80986232,Tommerup,https://valg.dk/fv/987875fe-0dae-42ac-be5b-62cf0bd5d65e/nomination-district/5bf6771c-389d-48f1-82e5-5afd80986232/polling-district/90a9dd68-6a8e-4080-9e48-8c056b8d1848
Assenskredsen,https://valg.dk/fv/987875fe-0dae-42ac-be5b-62cf0bd5d65e/nomination-district/5bf6771c-389d-48f1-82e5-5afd80986232,Tommerup St,https://valg.dk/fv/987875fe-0dae-42ac-be5b-62cf0bd5d65e/nomination-district/5bf6771c-389d-48f1-82e5-5afd80986232/polling-district/ad7afe47-da7b-4279-b943-9f4a434a3902
Assenskredsen,https://valg.dk/fv/987875fe-0dae-42ac-be5b-62cf0bd5d65e/nomination-district/5bf6771c-389d-48f1-82e5-5afd80986232,Turup,https://valg.dk/fv/987875fe-0dae-42ac-be5b-62cf0bd5d65e/nomination-district/5bf6771c-389d-48f1-82e5-5afd80986232/polling-district/de8feb71-3fea-40d7-9901-63b322e356e9
Assenskredsen,https://valg.dk/fv/987875fe-0dae-42ac-be5b-62cf0bd5d65e/nomination-district/5bf6771c-389d-48f1-82e5-5afd80986232,Verninge/Nårup,https://valg.dk/fv/987875fe-0dae-42ac-be5b-62cf0bd5d65e/nomination-district/5bf6771c-389d-48f1-82e5-5afd80986232/polling-district/e08ffc47-40aa-45e0-acd6-05abe9f1866d
Assenskredsen,https://valg.dk/fv/987875fe-0dae-42ac-be5b-62cf0bd5d65e/nomination-district/5bf6771c-389d-48f1-82e5-5afd80986232,Vissenbjerg,https://valg.dk/fv/987875fe-0dae-42ac-be5b-62cf0bd5d65e/nomination-district/5bf6771c-389d-48f1-82e5-5afd80986232/polling-district/215967ba-59f7-4886-8d16-025d88673f2b
Ballerupkredsen,https://valg.dk/fv/987875fe-0dae-42ac-be5b-62cf0bd5d65e/nomination-district/be121979-3812-4c87-a515-e7e68752f613,Aktivitetscentret Sydvestvej,https://valg.dk/fv/987875fe-0dae-42ac-be5b-62cf0bd5d65e/nomination-district/be121979-3812-4c87-a515-e7e68752f613/polling-district/72446146-c494-486c-bf07-40ab372b5bb6
Ballerupkredsen,https://valg.dk/fv/987875fe-0dae-42ac-be5b-62cf0bd5d65e/nomination-district/be121979-3812-4c87-a515-e7e68752f613,Baltorpskolen - Rugvænget,https://valg.dk/fv/987875fe-0dae-42ac-be5b-62cf0bd5d65e/nomination-district/be121979-3812-4c87-a515-e7e68752f613/polling-district/5703732b-1fc7-4cc9-91ac-7b9e1d5b21da
Ballerupkredsen,https://valg.dk/fv/987875fe-0dae-42ac-be5b-62cf0bd5d65e/nomination-district/be121979-3812-4c87-a515-e7e68752f613,Egebjerghallen,https://valg.dk/fv/987875fe-0dae-42ac-be5b-62cf0bd5d65e/nomination-district/be121979-3812-4c87-a515-e7e68752f613/polling-district/80198a89-3677-42a2-bfe3-acdac6499b21
Ballerupkredsen,https://valg.dk/fv/987875fe-0dae-42ac-be5b-62cf0bd5d65e/nomination-district/be121979-3812-4c87-a515-e7e68752f613,Ejbyhallen,https://valg.dk/fv/987875fe-0dae-42ac-be5b-62cf0bd5d65e/nomination-district/be121979-3812-4c87-a515-e7e68752f613/polling-district/ad995d79-63a1-4462-894b-7d0bd9b605bd
Ballerupkredsen,https://valg.dk/fv/987875fe-0dae-42ac-be5b-62cf0bd5d65e/nomination-district/be121979-3812-4c87-a515-e7e68752f613,Grantoftehallen,https://valg.dk/fv/987875fe-0dae-42ac-be5b-62cf0bd5d65e/nomination-district/be121979-3812-4c87-a515-e7e68752f613/polling-district/6ce4f490-465d-42a2-b5f8-e7f0f58c4b95
Ballerupkredsen,https://valg.dk/fv/987875fe-0dae-42ac-be5b-62cf0bd5d65e/nomination-district/be121979-3812-4c87-a515-e7e68752f613,Hvissingehallen,https://valg.dk/fv/987875fe-0dae-42ac-be5b-62cf0bd5d65e/nomination-district/be121979-3812-4c87-a515-e7e68752f613/polling-district/f3870524-98ac-4973-b1bf-f67e49866f43
Ballerupkredsen,https://valg.dk/fv/987875fe-0dae-42ac-be5b-62cf0bd5d65e/nomination-district/be121979-3812-4c87-a515-e7e68752f613,Idrætshallen,https://valg.dk/fv/987875fe-0dae-42ac-be5b-62cf0bd5d65e/nomination-district/be121979-3812-4c87-a515-e7e68752f613/polling-district/565473d0-dc03-4371-bd2a-e13b9dc19c6c
Ballerupkredsen,https://valg.dk/fv/987875fe-0dae-42ac-be5b-62cf0bd5d65e/nomination-district/be121979-3812-4c87-a515-e7e68752f613,Måløv Ny Hal,https://valg.dk/fv/987875fe-0dae-42ac-be5b-62cf0bd5d65e/nomination-district/be121979-3812-4c87-a515-e7e68752f613/polling-district/beac80b2-7139-48ed-a597-443d81c27142
Ballerupkredsen,https://valg.dk/fv/987875fe-0dae-42ac-be5b-62cf0bd5d65e/nomination-district/be121979-3812-4c87-a515-e7e68752f613,Nordvanghallen,https://valg.dk/fv/987875fe-0dae-42ac-be5b-62cf0bd5d65e/nomination-district/be121979-3812-4c87-a515-e7e68752f613/polling-district/05bbeed2-8e35-419a-8f6c-af22f624e81f
Ballerupkredsen,https://valg.dk/fv/987875fe-0dae-42ac-be5b-62cf0bd5d65e/nomination-district/be121979-3812-4c87-a515-e7e68752f613,"Skoleafdeling, Vestervang",https://valg.dk/fv/987875fe-0dae-42ac-be5b-62cf0bd5d65e/nomination-district/be121979-3812-4c87-a515-e7e68752f613/polling-district/e7f709cf-5139-4926-8d1d-177d7629ec5c
Ballerupkredsen,https://valg.dk/fv/987875fe-0dae-42ac-be5b-62cf0bd5d65e/nomination-district/be121979-3812-4c87-a515-e7e68752f613,Skovlunde Skole - Lundebjerg,https://valg.dk/fv/987875fe-0dae-42ac-be5b-62cf0bd5d65e/nomination-district/be121979-3812-4c87-a515-e7e68752f613/polling-district/b7f562a8-aa4a-4f0d-9a5e-700cb351756c
Ballerupkredsen,https://valg.dk/fv/987875fe-0dae-42ac-be5b-62cf0bd5d65e/nomination-district/be121979-3812-4c87-a515-e7e68752f613,Skovvejens Skole - Vest,https://valg.dk/fv/987875fe-0dae-42ac-be5b-62cf0bd5d65e/nomination-district/be121979-3812-4c87-a515-e7e68752f613/polling-district/14249d51-d44c-4443-afa7-66287de4b088
Ballerupkredsen,https://valg.dk/fv/987875fe-0dae-42ac-be5b-62cf0bd5d65e/nomination-district/be121979-3812-4c87-a515-e7e68752f613,Søndervanghallen,https://valg.dk/fv/987875fe-0dae-42ac-be5b-62cf0bd5d65e/nomination-district/be121979-3812-4c87-a515-e7e68752f613/polling-district/f4803dec-a95e-416e-a9a3-86125beb3e5e
Ballerupkredsen,https://valg.dk/fv/987875fe-0dae-42ac-be5b-62cf0bd5d65e/nomination-district/be121979-3812-4c87-a515-e7e68752f613,Tapeten,https://valg.dk/fv/987875fe-0dae-42ac-be5b-62cf0bd5d65e/nomination-district/be121979-3812-4c87-a515-e7e68752f613/polling-district/163b359d-b5a9-4b85-90f1-b18f17ffb5db
Ballerupkredsen,https://valg.dk/fv/987875fe-0dae-42ac-be5b-62cf0bd5d65e/nomination-district/be121979-3812-4c87-a515-e7e68752f613,Østerhøjhallen,https://valg.dk/fv/987875fe-0dae-42ac-be5b-62cf0bd5d65e/nomination-district/be121979-3812-4c87-a515-e7e68752f613/polling-district/f38ca965-5d6e-42fe-ac6b-e9f9ba62dae7
Bispebjergkredsen,https://valg.dk/fv/987875fe-0dae-42ac-be5b-62cf0bd5d65e/nomination-district/74499f88-b959-4178-994b-afa29bea7ab2,6. Bispebjerg,https://valg.dk/fv/987875fe-0dae-42ac-be5b-62cf0bd5d65e/nomination-district/74499f88-b959-4178-994b-afa29bea7ab2/polling-district/c5b3c314-aad0-428c-98f2-bfe573ded6be
Bispebjergkredsen,https://valg.dk/fv/987875fe-0dae-42ac-be5b-62cf0bd5d65e/nomination-district/74499f88-b959-4178-994b-afa29bea7ab2,6. Nord,https://valg.dk/fv/987875fe-0dae-42ac-be5b-62cf0bd5d65e/nomination-district/74499f88-b959-4178-994b-afa29bea7ab2/polling-district/9e5c77a7-a703-4551-8b99-8eb47225b113
Bispebjergkredsen,https://valg.dk/fv/987875fe-0dae-42ac-be5b-62cf0bd5d65e/nomination-district/74499f88-b959-4178-994b-afa29bea7ab2,6. Syd,https://valg.dk/fv/987875fe-0dae-42ac-be5b-62cf0bd5d65e/nomination-district/74499f88-b959-4178-994b-afa29bea7ab2/polling-district/f40095a5-1937-4d98-b279-b4eb4999c7b7
Bispebjergkredsen,https://valg.dk/fv/987875fe-0dae-42ac-be5b-62cf0bd5d65e/nomination-district/74499f88-b959-4178-994b-afa29bea7ab2,6. Vest,https://valg.dk/fv/987875fe-0dae-42ac-be5b-62cf0bd5d65e/nomination-district/74499f88-b959-4178-994b-afa29bea7ab2/polling-district/4f0f402d-88b2-4ce9-beea-c5ba63008766
Bispebjergkredsen,https://valg.dk/fv/987875fe-0dae-42ac-be5b-62cf0bd5d65e/nomination-district/74499f88-b959-4178-994b-afa29bea7ab2,6. Øst,https://valg.dk/fv/987875fe-0dae-42ac-be5b-62cf0bd5d65e/nomination-district/74499f88-b959-4178-994b-afa29bea7ab2/polling-district/5b8b5f32-1ef1-4322-b526-fcf40e63eb9d
Brøndbykredsen,https://valg.dk/fv/987875fe-0dae-42ac-be5b-62cf0bd5d65e/nomination-district/f3ed2bd8-6506-4150-89cb-b1837c9d81c2,Brøndbyvester Skole,https://valg.dk/fv/987875fe-0dae-42ac-be5b-62cf0bd5d65e/nomination-district/f3ed2bd8-6506-4150-89cb-b1837c9d81c2/polling-district/c63b76b2-e93b-47d2-a1c2-193b1ac9a03e
Brøndbykredsen,https://valg.dk/fv/987875fe-0dae-42ac-be5b-62cf0bd5d65e/nomination-district/f3ed2bd8-6506-4150-89cb-b1837c9d81c2,Egholmskolen,https://valg.dk/fv/987875fe-0dae-42ac-be5b-62cf0bd5d65e/nomination-district/f3ed2bd8-6506-4150-89cb-b1837c9d81c2/polling-district/ae4c75f9-1cd4-4389-bcd9-88cb99417365
Brøndbykredsen,https://valg.dk/fv/987875fe-0dae-42ac-be5b-62cf0bd5d65e/nomination-district/f3ed2bd8-6506-4150-89cb-b1837c9d81c2,Gildbroskolen,https://valg.dk/fv/987875fe-0dae-42ac-be5b-62cf0bd5d65e/nomination-district/f3ed2bd8-6506-4150-89cb-b1837c9d81c2/polling-district/e2de5e33-857d-41be-95c0-1297f964bfc8
Brøndbykredsen,https://valg.dk/fv/987875fe-0dae-42ac-be5b-62cf0bd5d65e/nomination-district/f3ed2bd8-6506-4150-89cb-b1837c9d81c2,Ishøj Bycenter,https://valg.dk/fv/987875fe-0dae-42ac-be5b-62cf0bd5d65e/nomination-district/f3ed2bd8-6506-4150-89cb-b1837c9d81c2/polling-district/88a14f84-4e63-41b7-9b78-e68734bcf723
Brøndbykredsen,https://valg.dk/fv/987875fe-0dae-42ac-be5b-62cf0bd5d65e/nomination-district/f3ed2bd8-6506-4150-89cb-b1837c9d81c2,Ishøj Landsby,https://valg.dk/fv/987875fe-0dae-42ac-be5b-62cf0bd5d65e/nomination-district/f3ed2bd8-6506-4150-89cb-b1837c9d81c2/polling-district/49520994-0299-4e76-866d-6c6004c14b55
Brøndbykredsen,https://valg.dk/fv/987875fe-0dae-42ac-be5b-62cf0bd5d65e/nomination-district/f3ed2bd8-6506-4150-89cb-b1837c9d81c2,Kulturhuset Brønden,https://valg.dk/fv/987875fe-0dae-42ac-be5b-62cf0bd5d65e/nomination-district/f3ed2bd8-6506-4150-89cb-b1837c9d81c2/polling-district/166975c0-641c-4a25-9616-7b66e60b40b3
Brøndbykredsen,https://valg.dk/fv/987875fe-0dae-42ac-be5b-62cf0bd5d65e/nomination-district/f3ed2bd8-6506-4150-89cb-b1837c9d81c2,Lindelundshallen,https://valg.dk/fv/987875fe-0dae-42ac-be5b-62cf0bd5d65e/nomination-district/f3ed2bd8-6506-4150-89cb-b1837c9d81c2/polling-district/3dd516e4-4c0d-49b2-a972-abff7716cf32
Brøndbykredsen,https://valg.dk/fv/987875fe-0dae-42ac-be5b-62cf0bd5d65e/nomination-district/f3ed2bd8-6506-4150-89cb-b1837c9d81c2,Nørregård,https://valg.dk/fv/987875fe-0dae-42ac-be5b-62cf0bd5d65e/nomination-district/f3ed2bd8-6506-4150-89cb-b1837c9d81c2/polling-district/bae4137c-896f-4d23-bca4-3e158d5610e6
Brøndbykredsen,https://valg.dk/fv/987875fe-0dae-42ac-be5b-62cf0bd5d65e/nomination-district/f3ed2bd8-6506-4150-89cb-b1837c9d81c2,Pilehaveskolen,https://valg.dk/fv/987875fe-0dae-42ac-be5b-62cf0bd5d65e/nomination-district/f3ed2bd8-6506-4150-89cb-b1837c9d81c2/polling-district/8ea24c2d-21ab-45a1-bd6f-a6fc2afd7ee9
Brøndbykredsen,https://valg.dk/fv/987875fe-0dae-42ac-be5b-62cf0bd5d65e/nomination-district/f3ed2bd8-6506-4150-89cb-b1837c9d81c2,Strandgårdskolen,https://valg.dk/fv/987875fe-0dae-42ac-be5b-62cf0bd5d65e/nomination-district/f3ed2bd8-6506-4150-89cb-b1837c9d81c2/polling-district/33248380-d8d7-4d37-89e3-f45328032737
Brøndbykredsen,https://valg.dk/fv/987875fe-0dae-42ac-be5b-62cf0bd5d65e/nomination-district/f3ed2bd8-6506-4150-89cb-b1837c9d81c2,Tjørnehøjhallen,https://valg.dk/fv/987875fe-0dae-42ac-be5b-62cf0bd5d65e/nomination-district/f3ed2bd8-6506-4150-89cb-b1837c9d81c2/polling-district/41c54764-0a24-45b5-b8e6-93a221dcced2
Brøndbykredsen,https://valg.dk/fv/987875fe-0dae-42ac-be5b-62cf0bd5d65e/nomination-district/f3ed2bd8-6506-4150-89cb-b1837c9d81c2,"Vallensbæk Skole, Multisalen",https://valg.dk/fv/987875fe-0dae-42ac-be5b-62cf0bd5d65e/nomination-district/f3ed2bd8-6506-4150-89cb-b1837c9d81c2/polling-district/dc150c4a-d807-42be-a59e-768aee65e453
Brøndbykredsen,https://valg.dk/fv/987875fe-0dae-42ac-be5b-62cf0bd5d65e/nomination-district/f3ed2bd8-6506-4150-89cb-b1837c9d81c2,Vibeholmskolen,https://valg.dk/fv/987875fe-0dae-42ac-be5b-62cf0bd5d65e/nomination-district/f3ed2bd8-6506-4150-89cb-b1837c9d81c2/polling-district/c0981661-1aec-44a4-8681-ddffdccf1b0f
Brønderslevkredsen,https://valg.dk/fv/987875fe-0dae-42ac-be5b-62cf0bd5d65e/nomination-district/7737ee57-d058-49a0-ab87-0a4f3b524f78,Aabybro,https://valg.dk/fv/987875fe-0dae-42ac-be5b-62cf0bd5d65e/nomination-district/7737ee57-d058-49a0-ab87-0a4f3b524f78/polling-district/bb705c09-be52-47f3-9e4c-21146b8d9c40
Brønderslevkredsen,https://valg.dk/fv/987875fe-0dae-42ac-be5b-62cf0bd5d65e/nomination-district/7737ee57-d058-49a0-ab87-0a4f3b524f78,Agersted,https://valg.dk/fv/987875fe-0dae-42ac-be5b-62cf0bd5d65e/nomination-district/7737ee57-d058-49a0-ab87-0a4f3b524f78/polling-district/9be6755a-64f3-456a-bdd3-534862583c27
Brønderslevkredsen,https://valg.dk/fv/987875fe-0dae-42ac-be5b-62cf0bd5d65e/nomination-district/7737ee57-d058-49a0-ab87-0a4f3b524f78,Arentsminde,https://valg.dk/fv/987875fe-0dae-42ac-be5b-62cf0bd5d65e/nomination-district/7737ee57-d058-49a0-ab87-0a4f3b524f78/polling-district/3de595e6-13ba-4113-8498-4566d80ec36c
Brønderslevkredsen,https://valg.dk/fv/987875fe-0dae-42ac-be5b-62cf0bd5d65e/nomination-district/7737ee57-d058-49a0-ab87-0a4f3b524f78,Asaa,https://valg.dk/fv/987875fe-0dae-42ac-be5b-62cf0bd5d65e/nomination-district/7737ee57-d058-49a0-ab87-0a4f3b524f78/polling-district/1cc1638c-f0f9-45bb-9d8e-c75663da1c6a
Brønderslevkredsen,https://valg.dk/fv/987875fe-0dae-42ac-be5b-62cf0bd5d65e/nomination-district/7737ee57-d058-49a0-ab87-0a4f3b524f78,Biersted,https://valg.dk/fv/987875fe-0dae-42ac-be5b-62cf0bd5d65e/nomination-district/7737ee57-d058-49a0-ab87-0a4f3b524f78/polling-district/f77213f7-4bf2-470b-946c-f2e65a0d7502
Brønderslevkredsen,https://valg.dk/fv/987875fe-0dae-42ac-be5b-62cf0bd5d65e/nomination-district/7737ee57-d058-49a0-ab87-0a4f3b524f78,Brovst,https://valg.dk/fv/987875fe-0dae-42ac-be5b-62cf0bd5d65e/nomination-district/7737ee57-d058-49a0-ab87-0a4f3b524f78/polling-district/32b961be-af80-48de-af8a-5abb086fcbbb
Brønderslevkredsen,https://valg.dk/fv/987875fe-0dae-42ac-be5b-62cf0bd5d65e/nomination-district/7737ee57-d058-49a0-ab87-0a4f3b524f78,Brønderslev,https://valg.dk/fv/987875fe-0dae-42ac-be5b-62cf0bd5d65e/nomination-district/7737ee57-d058-49a0-ab87-0a4f3b524f78/polling-district/991dd239-3165-4a9b-adec-24b213379646
Brønderslevkredsen,https://valg.dk/fv/987875fe-0dae-42ac-be5b-62cf0bd5d65e/nomination-district/7737ee57-d058-49a0-ab87-0a4f3b524f78,Dronninglund,https://valg.dk/fv/987875fe-0dae-42ac-be5b-62cf0bd5d65e/nomination-district/7737ee57-d058-49a0-ab87-0a4f3b524f78/polling-district/73ce339d-e2f9-443b-81d0-b3e58904a9de
Brønderslevkredsen,https://valg.dk/fv/987875fe-0dae-42ac-be5b-62cf0bd5d65e/nomination-district/7737ee57-d058-49a0-ab87-0a4f3b524f78,Fjerritslev,https://valg.dk/fv/987875fe-0dae-42ac-be5b-62cf0bd5d65e/nomination-district/7737ee57-d058-49a0-ab87-0a4f3b524f78/polling-district/88917f88-7ead-4f5d-88cc-6f77bd040d99
Brønderslevkredsen,https://valg.dk/fv/987875fe-0dae-42ac-be5b-62cf0bd5d65e/nomination-district/7737ee57-d058-49a0-ab87-0a4f3b524f78,Flauenskjold,https://valg.dk/fv/987875fe-0dae-42ac-be5b-62cf0bd5d65e/nomination-district/7737ee57-d058-49a0-ab87-0a4f3b524f78/polling-district/96a051da-c89c-43da-afd3-1720283929bb
Brønderslevkredsen,https://valg.dk/fv/987875fe-0dae-42ac-be5b-62cf0bd5d65e/nomination-district/7737ee57-d058-49a0-ab87-0a4f3b524f78,Gjøl,https://valg.dk/fv/987875fe-0dae-42ac-be5b-62cf0bd5d65e/nomination-district/7737ee57-d058-49a0-ab87-0a4f3b524f78/polling-district/855abd08-9a32-4b3b-b614-85e971f64911
Brønderslevkredsen,https://valg.dk/fv/987875fe-0dae-42ac-be5b-62cf0bd5d65e/nomination-district/7737ee57-d058-49a0-ab87-0a4f3b524f78,Hallund,https://valg.dk/fv/987875fe-0dae-42ac-be5b-62cf0bd5d65e/nomination-district/7737ee57-d058-49a0-ab87-0a4f3b524f78/polling-district/89fd8d8c-cec1-4b25-9f83-6583bb13b03e
Brønderslevkredsen,https://valg.dk/fv/987875fe-0dae-42ac-be5b-62cf0bd5d65e/nomination-district/7737ee57-d058-49a0-ab87-0a4f3b524f78,Halvrimmen,https://valg.dk/fv/987875fe-0dae-42ac-be5b-62cf0bd5d65e/nomination-district/7737ee57-d058-49a0-ab87-0a4f3b524f78/polling-district/6ffa7485-9788-450d-9114-70b0e663c837
Brønderslevkredsen,https://valg.dk/fv/987875fe-0dae-42ac-be5b-62cf0bd5d65e/nomination-district/7737ee57-d058-49a0-ab87-0a4f3b524f78,Hjallerup,https://valg.dk/fv/987875fe-0dae-42ac-be5b-62cf0bd5d65e/nomination-district/7737ee57-d058-49a0-ab87-0a4f3b524f78/polling-district/51d4dc5c-e4d5-4db1-aa4d-1890aa9443aa
Brønderslevkredsen,https://valg.dk/fv/987875fe-0dae-42ac-be5b-62cf0bd5d65e/nomination-district/7737ee57-d058-49a0-ab87-0a4f3b524f78,Hune,https://valg.dk/fv/987875fe-0dae-42ac-be5b-62cf0bd5d65e/nomination-district/7737ee57-d058-49a0-ab87-0a4f3b524f78/polling-district/47978324-820b-4cd8-9aeb-c72995b44404
Brønderslevkredsen,https://valg.dk/fv/987875fe-0dae-42ac-be5b-62cf0bd5d65e/nomination-district/7737ee57-d058-49a0-ab87-0a4f3b524f78,Ingstrup,https://valg.dk/fv/987875fe-0dae-42ac-be5b-62cf0bd5d65e/nomination-district/7737ee57-d058-49a0-ab87-0a4f3b524f78/polling-district/7d6467e2-5d52-490f-8612-d405032f7add
Brønderslevkredsen,https://valg.dk/fv/987875fe-0dae-42ac-be5b-62cf0bd5d65e/nomination-district/7737ee57-d058-49a0-ab87-0a4f3b524f78,Jerslev,https://valg.dk/fv/987875fe-0dae-42ac-be5b-62cf0bd5d65e/nomination-district/7737ee57-d058-49a0-ab87-0a4f3b524f78/polling-district/324a4972-b9d6-45e2-a28a-cf1a4dc2b585
Brønderslevkredsen,https://valg.dk/fv/987875fe-0dae-42ac-be5b-62cf0bd5d65e/nomination-district/7737ee57-d058-49a0-ab87-0a4f3b524f78,Kaas,https://valg.dk/fv/987875fe-0dae-42ac-be5b-62cf0bd5d65e/nomination-district/7737ee57-d058-49a0-ab87-0a4f3b524f78/polling-district/f1dbfb06-66c4-4ea8-ac38-94e9bb9c15e5
Brønderslevkredsen,https://valg.dk/fv/987875fe-0dae-42ac-be5b-62cf0bd5d65e/nomination-district/7737ee57-d058-49a0-ab87-0a4f3b524f78,Klokkerholm,https://valg.dk/fv/987875fe-0dae-42ac-be5b-62cf0bd5d65e/nomination-district/7737ee57-d058-49a0-ab87-0a4f3b524f78/polling-district/77023980-6134-4337-8412-f8a985c62400
Brønderslevkredsen,https://valg.dk/fv/987875fe-0dae-42ac-be5b-62cf0bd5d65e/nomination-district/7737ee57-d058-49a0-ab87-0a4f3b524f78,Nørhalne,https://valg.dk/fv/987875fe-0dae-42ac-be5b-62cf0bd5d65e/nomination-district/7737ee57-d058-49a0-ab87-0a4f3b524f78/polling-district/59b31e93-4309-49bd-af57-5befbf775aa8
Brønderslevkredsen,https://valg.dk/fv/987875fe-0dae-42ac-be5b-62cf0bd5d65e/nomination-district/7737ee57-d058-49a0-ab87-0a4f3b524f78,Pandrup,https://valg.dk/fv/987875fe-0dae-42ac-be5b-62cf0bd5d65e/nomination-district/7737ee57-d058-49a0-ab87-0a4f3b524f78/polling-district/fb241224-a879-4d0c-a161-d62c2b34acf5
Brønderslevkredsen,https://valg.dk/fv/987875fe-0dae-42ac-be5b-62cf0bd5d65e/nomination-district/7737ee57-d058-49a0-ab87-0a4f3b524f78,Saltum,https://valg.dk/fv/987875fe-0dae-42ac-be5b-62cf0bd5d65e/nomination-district/7737ee57-d058-49a0-ab87-0a4f3b524f78/polling-district/c5e97c6e-f05a-4b0d-aaf6-4e6d606d6978
Brønderslevkredsen,https://valg.dk/fv/987875fe-0dae-42ac-be5b-62cf0bd5d65e/nomination-district/7737ee57-d058-49a0-ab87-0a4f3b524f78,Serritslev,https://valg.dk/fv/987875fe-0dae-42ac-be5b-62cf0bd5d65e/nomination-district/7737ee57-d058-49a0-ab87-0a4f3b524f78/polling-district/2450ac91-1214-4a37-a2f7-1384de55a595
Brønderslevkredsen,https://valg.dk/fv/987875fe-0dae-42ac-be5b-62cf0bd5d65e/nomination-district/7737ee57-d058-49a0-ab87-0a4f3b524f78,Skovsgård,https://valg.dk/fv/987875fe-0dae-42ac-be5b-62cf0bd5d65e/nomination-district/7737ee57-d058-49a0-ab87-0a4f3b524f78/polling-district/cfb24923-37a4-43b1-90f8-9d23552a0615
Brønderslevkredsen,https://valg.dk/fv/987875fe-0dae-42ac-be5b-62cf0bd5d65e/nomination-district/7737ee57-d058-49a0-ab87-0a4f3b524f78,Stenum,https://valg.dk/fv/987875fe-0dae-42ac-be5b-62cf0bd5d65e/nomination-district/7737ee57-d058-49a0-ab87-0a4f3b524f78/polling-district/fb25a1a8-784e-4c79-9d19-1646c601b47e
Brønderslevkredsen,https://valg.dk/fv/987875fe-0dae-42ac-be5b-62cf0bd5d65e/nomination-district/7737ee57-d058-49a0-ab87-0a4f3b524f78,Thise,https://valg.dk/fv/987875fe-0dae-42ac-be5b-62cf0bd5d65e/nomination-district/7737ee57-d058-49a0-ab87-0a4f3b524f78/polling-district/19b7dec2-dc8f-48f0-8ee8-d450f988d7db
Brønderslevkredsen,https://valg.dk/fv/987875fe-0dae-42ac-be5b-62cf0bd5d65e/nomination-district/7737ee57-d058-49a0-ab87-0a4f3b524f78,Thorup,https://valg.dk/fv/987875fe-0dae-42ac-be5b-62cf0bd5d65e/nomination-district/7737ee57-d058-49a0-ab87-0a4f3b524f78/polling-district/0c59031e-c1cf-4eaf-af06-4f958668227b
Brønderslevkredsen,https://valg.dk/fv/987875fe-0dae-42ac-be5b-62cf0bd5d65e/nomination-district/7737ee57-d058-49a0-ab87-0a4f3b524f78,Tranum,https://valg.dk/fv/987875fe-0dae-42ac-be5b-62cf0bd5d65e/nomination-district/7737ee57-d058-49a0-ab87-0a4f3b524f78/polling-district/f300f143-d7ef-4d8a-bef0-71c12d81e205
Brønderslevkredsen,https://valg.dk/fv/987875fe-0dae-42ac-be5b-62cf0bd5d65e/nomination-district/7737ee57-d058-49a0-ab87-0a4f3b524f78,Trekroner,https://valg.dk/fv/987875fe-0dae-42ac-be5b-62cf0bd5d65e/nomination-district/7737ee57-d058-49a0-ab87-0a4f3b524f78/polling-district/18326879-c654-4fa7-96eb-b6934e4fd15b
Brønderslevkredsen,https://valg.dk/fv/987875fe-0dae-42ac-be5b-62cf0bd5d65e/nomination-district/7737ee57-d058-49a0-ab87-0a4f3b524f78,V. Hjermitslev,https://valg.dk/fv/987875fe-0dae-42ac-be5b-62cf0bd5d65e/nomination-district/7737ee57-d058-49a0-ab87-0a4f3b524f78/polling-district/36311885-34ca-42f9-953c-8dfd268e4640
Brønderslevkredsen,https://valg.dk/fv/987875fe-0dae-42ac-be5b-62cf0bd5d65e/nomination-district/7737ee57-d058-49a0-ab87-0a4f3b524f78,Vedsted,https://valg.dk/fv/987875fe-0dae-42ac-be5b-62cf0bd5d65e/nomination-district/7737ee57-d058-49a0-ab87-0a4f3b524f78/polling-district/28e2050d-d8a3-4a91-a297-1a1a29757fe2
Brønderslevkredsen,https://valg.dk/fv/987875fe-0dae-42ac-be5b-62cf0bd5d65e/nomination-district/7737ee57-d058-49a0-ab87-0a4f3b524f78,Ø. Brønderslev,https://valg.dk/fv/987875fe-0dae-42ac-be5b-62cf0bd5d65e/nomination-district/7737ee57-d058-49a0-ab87-0a4f3b524f78/polling-district/9b8c8162-036f-4f77-91e5-4ceeb9642a04
Brønderslevkredsen,https://valg.dk/fv/987875fe-0dae-42ac-be5b-62cf0bd5d65e/nomination-district/7737ee57-d058-49a0-ab87-0a4f3b524f78,Ørebro,https://valg.dk/fv/987875fe-0dae-42ac-be5b-62cf0bd5d65e/nomination-district/7737ee57-d058-49a0-ab87-0a4f3b524f78/polling-district/ba080a80-d207-4e84-b82c-8259b6f4c840
Brønshøjkredsen,https://valg.dk/fv/987875fe-0dae-42ac-be5b-62cf0bd5d65e/nomination-district/42a7aacc-2927-4c70-ba7c-7ac54892e204,7. Brønshøj,https://valg.dk/fv/987875fe-0dae-42ac-be5b-62cf0bd5d65e/nomination-district/42a7aacc-2927-4c70-ba7c-7ac54892e204/polling-district/3024b275-99f0-421b-a059-f8b60e89ee11
Brønshøjkredsen,https://valg.dk/fv/987875fe-0dae-42ac-be5b-62cf0bd5d65e/nomination-district/42a7aacc-2927-4c70-ba7c-7ac54892e204,7. Katrinedal,https://valg.dk/fv/987875fe-0dae-42ac-be5b-62cf0bd5d65e/nomination-district/42a7aacc-2927-4c70-ba7c-7ac54892e204/polling-district/b3a59d70-d9dd-4ece-8cac-345b2530e0de
Brønshøjkredsen,https://valg.dk/fv/987875fe-0dae-42ac-be5b-62cf0bd5d65e/nomination-district/42a7aacc-2927-4c70-ba7c-7ac54892e204,7. Kirkebjerg,https://valg.dk/fv/987875fe-0dae-42ac-be5b-62cf0bd5d65e/nomination-district/42a7aacc-2927-4c70-ba7c-7ac54892e204/polling-district/c6399cd8-bcee-462e-87cc-d84070a9d035
Brønshøjkredsen,https://valg.dk/fv/987875fe-0dae-42ac-be5b-62cf0bd5d65e/nomination-district/42a7aacc-2927-4c70-ba7c-7ac54892e204,7. Nord,https://valg.dk/fv/987875fe-0dae-42ac-be5b-62cf0bd5d65e/nomination-district/42a7aacc-2927-4c70-ba7c-7ac54892e204/polling-district/d647fc6b-4420-45d2-acef-9c3b5647e46b
Brønshøjkredsen,https://valg.dk/fv/987875fe-0dae-42ac-be5b-62cf0bd5d65e/nomination-district/42a7aacc-2927-4c70-ba7c-7ac54892e204,7. Nordvest,https://valg.dk/fv/987875fe-0dae-42ac-be5b-62cf0bd5d65e/nomination-district/42a7aacc-2927-4c70-ba7c-7ac54892e204/polling-district/c8197f42-5f32-4580-aed5-4c90bc97dd5a
Brønshøjkredsen,https://valg.dk/fv/987875fe-0dae-42ac-be5b-62cf0bd5d65e/nomination-district/42a7aacc-2927-4c70-ba7c-7ac54892e204,7. Rødkilde,https://valg.dk/fv/987875fe-0dae-42ac-be5b-62cf0bd5d65e/nomination-district/42a7aacc-2927-4c70-ba7c-7ac54892e204/polling-district/239a1e83-0fa6-4ac9-9106-19a1218390bd
Brønshøjkredsen,https://valg.dk/fv/987875fe-0dae-42ac-be5b-62cf0bd5d65e/nomination-district/42a7aacc-2927-4c70-ba7c-7ac54892e204,7. Vanløse,https://valg.dk/fv/987875fe-0dae-42ac-be5b-62cf0bd5d65e/nomination-district/42a7aacc-2927-4c70-ba7c-7ac54892e204/polling-district/094e5eb8-18a0-4ff8-8e8b-7c293d3b5392
Brønshøjkredsen,https://valg.dk/fv/987875fe-0dae-42ac-be5b-62cf0bd5d65e/nomination-district/42a7aacc-2927-4c70-ba7c-7ac54892e204,7. Vest,https://valg.dk/fv/987875fe-0dae-42ac-be5b-62cf0bd5d65e/nomination-district/42a7aacc-2927-4c70-ba7c-7ac54892e204/polling-district/db0f8e33-17a4-4116-bc4c-36abf9ae48b4
Brønshøjkredsen,https://valg.dk/fv/987875fe-0dae-42ac-be5b-62cf0bd5d65e/nomination-district/42a7aacc-2927-4c70-ba7c-7ac54892e204,7. Øst,https://valg.dk/fv/987875fe-0dae-42ac-be5b-62cf0bd5d65e/nomination-district/42a7aacc-2927-4c70-ba7c-7ac54892e204/polling-district/1766cd2d-d981-4e32-858c-fcd873f4c997
Djurskredsen,https://valg.dk/fv/987875fe-0dae-42ac-be5b-62cf0bd5d65e/nomination-district/b7c7dd16-5ce6-47ee-a9b0-6396003f8109,Allingåbro,https://valg.dk/fv/987875fe-0dae-42ac-be5b-62cf0bd5d65e/nomination-district/b7c7dd16-5ce6-47ee-a9b0-6396003f8109/polling-district/86616477-5efc-4c90-9e09-cdb2268c4b6b
Djurskredsen,https://valg.dk/fv/987875fe-0dae-42ac-be5b-62cf0bd5d65e/nomination-district/b7c7dd16-5ce6-47ee-a9b0-6396003f8109,Anholt Skole,https://valg.dk/fv/987875fe-0dae-42ac-be5b-62cf0bd5d65e/nomination-district/b7c7dd16-5ce6-47ee-a9b0-6396003f8109/polling-district/f7385db1-8599-4331-833e-fa0bf5aafc65
Djurskredsen,https://valg.dk/fv/987875fe-0dae-42ac-be5b-62cf0bd5d65e/nomination-district/b7c7dd16-5ce6-47ee-a9b0-6396003f8109,Auning,https://valg.dk/fv/987875fe-0dae-42ac-be5b-62cf0bd5d65e/nomination-district/b7c7dd16-5ce6-47ee-a9b0-6396003f8109/polling-district/5d63814e-0cb4-43fb-b86b-532f3acb2568
Djurskredsen,https://valg.dk/fv/987875fe-0dae-42ac-be5b-62cf0bd5d65e/nomination-district/b7c7dd16-5ce6-47ee-a9b0-6396003f8109,Ebeltoft,https://valg.dk/fv/987875fe-0dae-42ac-be5b-62cf0bd5d65e/nomination-district/b7c7dd16-5ce6-47ee-a9b0-6396003f8109/polling-district/2f805178-2e88-4cec-9a57-799dcc03c914
Djurskredsen,https://valg.dk/fv/987875fe-0dae-42ac-be5b-62cf0bd5d65e/nomination-district/b7c7dd16-5ce6-47ee-a9b0-6396003f8109,Glesborg,https://valg.dk/fv/987875fe-0dae-42ac-be5b-62cf0bd5d65e/nomination-district/b7c7dd16-5ce6-47ee-a9b0-6396003f8109/polling-district/d8916861-c501-4443-9a8d-1b6be8e1987e
Djurskredsen,https://valg.dk/fv/987875fe-0dae-42ac-be5b-62cf0bd5d65e/nomination-district/b7c7dd16-5ce6-47ee-a9b0-6396003f8109,Grenaa Idrætscenter,https://valg.dk/fv/987875fe-0dae-42ac-be5b-62cf0bd5d65e/nomination-district/b7c7dd16-5ce6-47ee-a9b0-6396003f8109/polling-district/8d635250-0593-4685-902c-ac379b400747
Djurskredsen,https://valg.dk/fv/987875fe-0dae-42ac-be5b-62cf0bd5d65e/nomination-district/b7c7dd16-5ce6-47ee-a9b0-6396003f8109,Hornslet,https://valg.dk/fv/987875fe-0dae-42ac-be5b-62cf0bd5d65e/nomination-district/b7c7dd16-5ce6-47ee-a9b0-6396003f8109/polling-district/241cb5a1-5b21-4a4c-8d34-47751a7056a9
Djurskredsen,https://valg.dk/fv/987875fe-0dae-42ac-be5b-62cf0bd5d65e/nomination-district/b7c7dd16-5ce6-47ee-a9b0-6396003f8109,Kolind,https://valg.dk/fv/987875fe-0dae-42ac-be5b-62cf0bd5d65e/nomination-district/b7c7dd16-5ce6-47ee-a9b0-6396003f8109/polling-district/c24896bf-71a3-41ab-82e8-5e5adcc15e33
Djurskredsen,https://valg.dk/fv/987875fe-0dae-42ac-be5b-62cf0bd5d65e/nomination-district/b7c7dd16-5ce6-47ee-a9b0-6396003f8109,Kulturhuset Pavillonen,https://valg.dk/fv/987875fe-0dae-42ac-be5b-62cf0bd5d65e/nomination-district/b7c7dd16-5ce6-47ee-a9b0-6396003f8109/polling-district/c8eca8a9-b4b5-490a-ad4b-42b94d255b16
Djurskredsen,https://valg.dk/fv/987875fe-0dae-42ac-be5b-62cf0bd5d65e/nomination-district/b7c7dd16-5ce6-47ee-a9b0-6396003f8109,Kulturhuset Stationen,https://valg.dk/fv/987875fe-0dae-42ac-be5b-62cf0bd5d65e/nomination-district/b7c7dd16-5ce6-47ee-a9b0-6396003f8109/polling-district/5bdb8af8-20b6-4b24-9d73-ab7ec2ce4e71
Djurskredsen,https://valg.dk/fv/987875fe-0dae-42ac-be5b-62cf0bd5d65e/nomination-district/b7c7dd16-5ce6-47ee-a9b0-6396003f8109,Mols,https://valg.dk/fv/987875fe-0dae-42ac-be5b-62cf0bd5d65e/nomination-district/b7c7dd16-5ce6-47ee-a9b0-6396003f8109/polling-district/2cb3a34c-677e-41d9-8235-f9fd1814a0c0
Djurskredsen,https://valg.dk/fv/987875fe-0dae-42ac-be5b-62cf0bd5d65e/nomination-district/b7c7dd16-5ce6-47ee-a9b0-6396003f8109,Mørke,https://valg.dk/fv/987875fe-0dae-42ac-be5b-62cf0bd5d65e/nomination-district/b7c7dd16-5ce6-47ee-a9b0-6396003f8109/polling-district/24571d75-9da7-45c9-b1cf-b44f9796653c
Djurskredsen,https://valg.dk/fv/987875fe-0dae-42ac-be5b-62cf0bd5d65e/nomination-district/b7c7dd16-5ce6-47ee-a9b0-6396003f8109,Ryomgård,https://valg.dk/fv/987875fe-0dae-42ac-be5b-62cf0bd5d65e/nomination-district/b7c7dd16-5ce6-47ee-a9b0-6396003f8109/polling-district/312536f3-0c31-4513-809f-90c40f5720f9
Djurskredsen,https://valg.dk/fv/987875fe-0dae-42ac-be5b-62cf0bd5d65e/nomination-district/b7c7dd16-5ce6-47ee-a9b0-6396003f8109,Rønde,https://valg.dk/fv/987875fe-0dae-42ac-be5b-62cf0bd5d65e/nomination-district/b7c7dd16-5ce6-47ee-a9b0-6396003f8109/polling-district/c5afd349-612f-45bf-8c60-0940404d8896
Djurskredsen,https://valg.dk/fv/987875fe-0dae-42ac-be5b-62cf0bd5d65e/nomination-district/b7c7dd16-5ce6-47ee-a9b0-6396003f8109,Tirstrup,https://valg.dk/fv/987875fe-0dae-42ac-be5b-62cf0bd5d65e/nomination-district/b7c7dd16-5ce6-47ee-a9b0-6396003f8109/polling-district/5285014b-9729-4848-981f-4a214049637e
Djurskredsen,https://valg.dk/fv/987875fe-0dae-42ac-be5b-62cf0bd5d65e/nomination-district/b7c7dd16-5ce6-47ee-a9b0-6396003f8109,Vivild,https://valg.dk/fv/987875fe-0dae-42ac-be5b-62cf0bd5d65e/nomination-district/b7c7dd16-5ce6-47ee-a9b0-6396003f8109/polling-district/f983754d-4488-478a-b262-b4d756ee0365
Djurskredsen,https://valg.dk/fv/987875fe-0dae-42ac-be5b-62cf0bd5d65e/nomination-district/b7c7dd16-5ce6-47ee-a9b0-6396003f8109,Ørsted,https://valg.dk/fv/987875fe-0dae-42ac-be5b-62cf0bd5d65e/nomination-district/b7c7dd16-5ce6-47ee-a9b0-6396003f8109/polling-district/d92b9c17-dd37-43c5-bb2b-0cd0dfa2685b
Djurskredsen,https://valg.dk/fv/987875fe-0dae-42ac-be5b-62cf0bd5d65e/nomination-district/b7c7dd16-5ce6-47ee-a9b0-6396003f8109,Ørum,https://valg.dk/fv/987875fe-0dae-42ac-be5b-62cf0bd5d65e/nomination-district/b7c7dd16-5ce6-47ee-a9b0-6396003f8109/polling-district/687a62df-fae5-4698-b21a-25b7d69476c7
Egedalkredsen,https://valg.dk/fv/987875fe-0dae-42ac-be5b-62cf0bd5d65e/nomination-district/57603878-39b5-48d5-955a-9af8377665ae,Bækkegårdsskolen,https://valg.dk/fv/987875fe-0dae-42ac-be5b-62cf0bd5d65e/nomination-district/57603878-39b5-48d5-955a-9af8377665ae/polling-district/b4ee0f55-1248-47ae-be98-3d3c761d3ed1
Egedalkredsen,https://valg.dk/fv/987875fe-0dae-42ac-be5b-62cf0bd5d65e/nomination-district/57603878-39b5-48d5-955a-9af8377665ae,Ganløse,https://valg.dk/fv/987875fe-0dae-42ac-be5b-62cf0bd5d65e/nomination-district/57603878-39b5-48d5-955a-9af8377665ae/polling-district/9d026211-a37a-4a27-afdc-bc2336be6b4e
Egedalkredsen,https://valg.dk/fv/987875fe-0dae-42ac-be5b-62cf0bd5d65e/nomination-district/57603878-39b5-48d5-955a-9af8377665ae,Hareskov,https://valg.dk/fv/987875fe-0dae-42ac-be5b-62cf0bd5d65e/nomination-district/57603878-39b5-48d5-955a-9af8377665ae/polling-district/d9e386c1-5535-4a66-84a2-57a47f198432
Egedalkredsen,https://valg.dk/fv/987875fe-0dae-42ac-be5b-62cf0bd5d65e/nomination-district/57603878-39b5-48d5-955a-9af8377665ae,Jonstrup,https://valg.dk/fv/987875fe-0dae-42ac-be5b-62cf0bd5d65e/nomination-district/57603878-39b5-48d5-955a-9af8377665ae/polling-district/83b3b7fa-e2a6-4d29-90f9-8fc8ed0cf1ab
Egedalkredsen,https://valg.dk/fv/987875fe-0dae-42ac-be5b-62cf0bd5d65e/nomination-district/57603878-39b5-48d5-955a-9af8377665ae,Ledøje Forsamlingshus,https://valg.dk/fv/987875fe-0dae-42ac-be5b-62cf0bd5d65e/nomination-district/57603878-39b5-48d5-955a-9af8377665ae/polling-district/1b3ea65b-7ff4-4c59-9a44-4493d7aebc9f
Egedalkredsen,https://valg.dk/fv/987875fe-0dae-42ac-be5b-62cf0bd5d65e/nomination-district/57603878-39b5-48d5-955a-9af8377665ae,Paltholm,https://valg.dk/fv/987875fe-0dae-42ac-be5b-62cf0bd5d65e/nomination-district/57603878-39b5-48d5-955a-9af8377665ae/polling-district/a57f432a-5b2b-4464-a456-2f7ef99533a0
Egedalkredsen,https://valg.dk/fv/987875fe-0dae-42ac-be5b-62cf0bd5d65e/nomination-district/57603878-39b5-48d5-955a-9af8377665ae,Slagslunde,https://valg.dk/fv/987875fe-0dae-42ac-be5b-62cf0bd5d65e/nomination-district/57603878-39b5-48d5-955a-9af8377665ae/polling-district/f82e151b-0824-4643-9e2e-cec16cca126c
Egedalkredsen,https://valg.dk/fv/987875fe-0dae-42ac-be5b-62cf0bd5d65e/nomination-district/57603878-39b5-48d5-955a-9af8377665ae,Smørum Idrætscenter,https://valg.dk/fv/987875fe-0dae-42ac-be5b-62cf0bd5d65e/nomination-district/57603878-39b5-48d5-955a-9af8377665ae/polling-district/9edd42e4-80b5-4394-a63a-d74b2ba7a6d1
Egedalkredsen,https://valg.dk/fv/987875fe-0dae-42ac-be5b-62cf0bd5d65e/nomination-district/57603878-39b5-48d5-955a-9af8377665ae,Solvang,https://valg.dk/fv/987875fe-0dae-42ac-be5b-62cf0bd5d65e/nomination-district/57603878-39b5-48d5-955a-9af8377665ae/polling-district/1efddf9b-50bb-4b90-b439-d7cc3dde88a3
Egedalkredsen,https://valg.dk/fv/987875fe-0dae-42ac-be5b-62cf0bd5d65e/nomination-district/57603878-39b5-48d5-955a-9af8377665ae,Stavnsholt,https://valg.dk/fv/987875fe-0dae-42ac-be5b-62cf0bd5d65e/nomination-district/57603878-39b5-48d5-955a-9af8377665ae/polling-district/8b7b7354-2bc0-4e8d-8b4e-bd556883e249
Egedalkredsen,https://valg.dk/fv/987875fe-0dae-42ac-be5b-62cf0bd5d65e/nomination-district/57603878-39b5-48d5-955a-9af8377665ae,Stengårdsskolen,https://valg.dk/fv/987875fe-0dae-42ac-be5b-62cf0bd5d65e/nomination-district/57603878-39b5-48d5-955a-9af8377665ae/polling-district/da4acc80-10ca-442f-ae25-4a428ff48a35
Egedalkredsen,https://valg.dk/fv/987875fe-0dae-42ac-be5b-62cf0bd5d65e/nomination-district/57603878-39b5-48d5-955a-9af8377665ae,Stenløse,https://valg.dk/fv/987875fe-0dae-42ac-be5b-62cf0bd5d65e/nomination-district/57603878-39b5-48d5-955a-9af8377665ae/polling-district/48be5e3c-271c-46e2-ad3d-ff633e3effae
Egedalkredsen,https://valg.dk/fv/987875fe-0dae-42ac-be5b-62cf0bd5d65e/nomination-district/57603878-39b5-48d5-955a-9af8377665ae,Søndersø,https://valg.dk/fv/987875fe-0dae-42ac-be5b-62cf0bd5d65e/nomination-district/57603878-39b5-48d5-955a-9af8377665ae/polling-district/a19ce416-6301-4c75-ac7e-5a78a2965fac
Egedalkredsen,https://valg.dk/fv/987875fe-0dae-42ac-be5b-62cf0bd5d65e/nomination-district/57603878-39b5-48d5-955a-9af8377665ae,Veksø,https://valg.dk/fv/987875fe-0dae-42ac-be5b-62cf0bd5d65e/nomination-district/57603878-39b5-48d5-955a-9af8377665ae/polling-district/f12b9e28-83fa-435c-9620-be086b7e07ac
Egedalkredsen,https://valg.dk/fv/987875fe-0dae-42ac-be5b-62cf0bd5d65e/nomination-district/57603878-39b5-48d5-955a-9af8377665ae,Værløse,https://valg.dk/fv/987875fe-0dae-42ac-be5b-62cf0bd5d65e/nomination-district/57603878-39b5-48d5-955a-9af8377665ae/polling-district/87b28295-eac6-40a7-b473-9c6047b568fd
Egedalkredsen,https://valg.dk/fv/987875fe-0dae-42ac-be5b-62cf0bd5d65e/nomination-district/57603878-39b5-48d5-955a-9af8377665ae,Ølstykke,https://valg.dk/fv/987875fe-0dae-42ac-be5b-62cf0bd5d65e/nomination-district/57603878-39b5-48d5-955a-9af8377665ae/polling-district/e67da9c8-3b79-4de7-9536-68275a4fe0b1
Esbjerg Bykredsen,https://valg.dk/fv/987875fe-0dae-42ac-be5b-62cf0bd5d65e/nomination-district/b3505a98-c87a-43d4-960c-ce0e996be668,Boldesager,https://valg.dk/fv/987875fe-0dae-42ac-be5b-62cf0bd5d65e/nomination-district/b3505a98-c87a-43d4-960c-ce0e996be668/polling-district/9b5e63ed-39b6-4543-b8c5-3ec26267300b
Esbjerg Bykredsen,https://valg.dk/fv/987875fe-0dae-42ac-be5b-62cf0bd5d65e/nomination-district/b3505a98-c87a-43d4-960c-ce0e996be668,Esbjerg Rådhus,https://valg.dk/fv/987875fe-0dae-42ac-be5b-62cf0bd5d65e/nomination-district/b3505a98-c87a-43d4-960c-ce0e996be668/polling-district/96c06c59-9522-4b7d-88f2-b57b0b1be286
Esbjerg Bykredsen,https://valg.dk/fv/987875fe-0dae-42ac-be5b-62cf0bd5d65e/nomination-district/b3505a98-c87a-43d4-960c-ce0e996be668,Gjesing,https://valg.dk/fv/987875fe-0dae-42ac-be5b-62cf0bd5d65e/nomination-district/b3505a98-c87a-43d4-960c-ce0e996be668/polling-district/a404e3aa-9f62-41fe-a4ff-e88b3de7da91
Esbjerg Bykredsen,https://valg.dk/fv/987875fe-0dae-42ac-be5b-62cf0bd5d65e/nomination-district/b3505a98-c87a-43d4-960c-ce0e996be668,Grønlandsparken,https://valg.dk/fv/987875fe-0dae-42ac-be5b-62cf0bd5d65e/nomination-district/b3505a98-c87a-43d4-960c-ce0e996be668/polling-district/d1974835-391b-4382-ac83-975eb30ef626
Esbjerg Bykredsen,https://valg.dk/fv/987875fe-0dae-42ac-be5b-62cf0bd5d65e/nomination-district/b3505a98-c87a-43d4-960c-ce0e996be668,Jerne,https://valg.dk/fv/987875fe-0dae-42ac-be5b-62cf0bd5d65e/nomination-district/b3505a98-c87a-43d4-960c-ce0e996be668/polling-district/f7175032-d847-428a-af9b-42f42b48933b
Esbjerg Bykredsen,https://valg.dk/fv/987875fe-0dae-42ac-be5b-62cf0bd5d65e/nomination-district/b3505a98-c87a-43d4-960c-ce0e996be668,Kvaglund,https://valg.dk/fv/987875fe-0dae-42ac-be5b-62cf0bd5d65e/nomination-district/b3505a98-c87a-43d4-960c-ce0e996be668/polling-district/6bac3246-4f8b-44f9-87d8-e06edbd07b9a
Esbjerg Bykredsen,https://valg.dk/fv/987875fe-0dae-42ac-be5b-62cf0bd5d65e/nomination-district/b3505a98-c87a-43d4-960c-ce0e996be668,Nordby,https://valg.dk/fv/987875fe-0dae-42ac-be5b-62cf0bd5d65e/nomination-district/b3505a98-c87a-43d4-960c-ce0e996be668/polling-district/2b03bea4-d4e8-49f8-8ac5-331dfb6e5b8b
Esbjerg Bykredsen,https://valg.dk/fv/987875fe-0dae-42ac-be5b-62cf0bd5d65e/nomination-district/b3505a98-c87a-43d4-960c-ce0e996be668,Rørkjær,https://valg.dk/fv/987875fe-0dae-42ac-be5b-62cf0bd5d65e/nomination-district/b3505a98-c87a-43d4-960c-ce0e996be668/polling-district/fff8b8cf-6d24-46b3-807b-40afe1f10992
Esbjerg Bykredsen,https://valg.dk/fv/987875fe-0dae-42ac-be5b-62cf0bd5d65e/nomination-district/b3505a98-c87a-43d4-960c-ce0e996be668,Skovbo,https://valg.dk/fv/987875fe-0dae-42ac-be5b-62cf0bd5d65e/nomination-district/b3505a98-c87a-43d4-960c-ce0e996be668/polling-district/05e303d2-7ee5-47eb-b9c8-08245da3a953
Esbjerg Bykredsen,https://valg.dk/fv/987875fe-0dae-42ac-be5b-62cf0bd5d65e/nomination-district/b3505a98-c87a-43d4-960c-ce0e996be668,Sædding,https://valg.dk/fv/987875fe-0dae-42ac-be5b-62cf0bd5d65e/nomination-district/b3505a98-c87a-43d4-960c-ce0e996be668/polling-district/3cf3ac76-a8b5-469a-8f56-b7636b728048
Esbjerg Bykredsen,https://valg.dk/fv/987875fe-0dae-42ac-be5b-62cf0bd5d65e/nomination-district/b3505a98-c87a-43d4-960c-ce0e996be668,Sønderho,https://valg.dk/fv/987875fe-0dae-42ac-be5b-62cf0bd5d65e/nomination-district/b3505a98-c87a-43d4-960c-ce0e996be668/polling-district/d7643e99-3660-4be2-a9f5-d4907638317a
Esbjerg Bykredsen,https://valg.dk/fv/987875fe-0dae-42ac-be5b-62cf0bd5d65e/nomination-district/b3505a98-c87a-43d4-960c-ce0e996be668,Ådalen,https://valg.dk/fv/987875fe-0dae-42ac-be5b-62cf0bd5d65e/nomination-district/b3505a98-c87a-43d4-960c-ce0e996be668/polling-district/a40ce6e3-4cab-40fc-a0ad-c4543e993dcf
Esbjerg Bykredsen,https://valg.dk/fv/987875fe-0dae-42ac-be5b-62cf0bd5d65e/nomination-district/b3505a98-c87a-43d4-960c-ce0e996be668,Østerbyen,https://valg.dk/fv/987875fe-0dae-42ac-be5b-62cf0bd5d65e/nomination-district/b3505a98-c87a-43d4-960c-ce0e996be668/polling-district/04f097ee-c813-42be-be87-8e7d09651307
Esbjerg Omegnskredsen,https://valg.dk/fv/987875fe-0dae-42ac-be5b-62cf0bd5d65e/nomination-district/b60366b1-2fee-46eb-a347-71017d3bcc58,Bramming,https://valg.dk/fv/987875fe-0dae-42ac-be5b-62cf0bd5d65e/nomination-district/b60366b1-2fee-46eb-a347-71017d3bcc58/polling-district/69213079-346c-4316-b128-42765efcb40c
Esbjerg Omegnskredsen,https://valg.dk/fv/987875fe-0dae-42ac-be5b-62cf0bd5d65e/nomination-district/b60366b1-2fee-46eb-a347-71017d3bcc58,Bryndum,https://valg.dk/fv/987875fe-0dae-42ac-be5b-62cf0bd5d65e/nomination-district/b60366b1-2fee-46eb-a347-71017d3bcc58/polling-district/00cb09f1-0b1c-49b4-9090-8f71606bf3c0
Esbjerg Omegnskredsen,https://valg.dk/fv/987875fe-0dae-42ac-be5b-62cf0bd5d65e/nomination-district/b60366b1-2fee-46eb-a347-71017d3bcc58,Egebæk-Hviding,https://valg.dk/fv/987875fe-0dae-42ac-be5b-62cf0bd5d65e/nomination-district/b60366b1-2fee-46eb-a347-71017d3bcc58/polling-district/6b45566f-f48d-4058-b794-813a48d7fca5
Esbjerg Omegnskredsen,https://valg.dk/fv/987875fe-0dae-42ac-be5b-62cf0bd5d65e/nomination-district/b60366b1-2fee-46eb-a347-71017d3bcc58,Gredstedbro,https://valg.dk/fv/987875fe-0dae-42ac-be5b-62cf0bd5d65e/nomination-district/b60366b1-2fee-46eb-a347-71017d3bcc58/polling-district/0f364537-45e1-47da-ba4c-f1c332a82fb9
Esbjerg Omegnskredsen,https://valg.dk/fv/987875fe-0dae-42ac-be5b-62cf0bd5d65e/nomination-district/b60366b1-2fee-46eb-a347-71017d3bcc58,Guldager,https://valg.dk/fv/987875fe-0dae-42ac-be5b-62cf0bd5d65e/nomination-district/b60366b1-2fee-46eb-a347-71017d3bcc58/polling-district/97423cbf-8e23-4d0a-9b7b-dde0fffdf38f
Esbjerg Omegnskredsen,https://valg.dk/fv/987875fe-0dae-42ac-be5b-62cf0bd5d65e/nomination-district/b60366b1-2fee-46eb-a347-71017d3bcc58,Gørding,https://valg.dk/fv/987875fe-0dae-42ac-be5b-62cf0bd5d65e/nomination-district/b60366b1-2fee-46eb-a347-71017d3bcc58/polling-district/111a0b34-29fa-4b6b-abdc-aad6e37bd119
Esbjerg Omegnskredsen,https://valg.dk/fv/987875fe-0dae-42ac-be5b-62cf0bd5d65e/nomination-district/b60366b1-2fee-46eb-a347-71017d3bcc58,Hjerting,https://valg.dk/fv/987875fe-0dae-42ac-be5b-62cf0bd5d65e/nomination-district/b60366b1-2fee-46eb-a347-71017d3bcc58/polling-district/cc3a50b5-e091-4ea0-9934-9c31b354e214
Esbjerg Omegnskredsen,https://valg.dk/fv/987875fe-0dae-42ac-be5b-62cf0bd5d65e/nomination-district/b60366b1-2fee-46eb-a347-71017d3bcc58,Høm,https://valg.dk/fv/987875fe-0dae-42ac-be5b-62cf0bd5d65e/nomination-district/b60366b1-2fee-46eb-a347-71017d3bcc58/polling-district/79adc029-da5d-43b2-b3c0-1012ecc4d91f
Esbjerg Omegnskredsen,https://valg.dk/fv/987875fe-0dae-42ac-be5b-62cf0bd5d65e/nomination-district/b60366b1-2fee-46eb-a347-71017d3bcc58,Mandø,https://valg.dk/fv/987875fe-0dae-42ac-be5b-62cf0bd5d65e/nomination-district/b60366b1-2fee-46eb-a347-71017d3bcc58/polling-district/44a3bae3-af01-4cb2-a3cf-1d52a79a7df4
Esbjerg Omegnskredsen,https://valg.dk/fv/987875fe-0dae-42ac-be5b-62cf0bd5d65e/nomination-district/b60366b1-2fee-46eb-a347-71017d3bcc58,Ribe,https://valg.dk/fv/987875fe-0dae-42ac-be5b-62cf0bd5d65e/nomination-district/b60366b1-2fee-46eb-a347-71017d3bcc58/polling-district/9024b54a-2f2a-4f80-9807-796ab518783b
Esbjerg Omegnskredsen,https://valg.dk/fv/987875fe-0dae-42ac-be5b-62cf0bd5d65e/nomination-district/b60366b1-2fee-46eb-a347-71017d3bcc58,Skads,https://valg.dk/fv/987875fe-0dae-42ac-be5b-62cf0bd5d65e/nomination-district/b60366b1-2fee-46eb-a347-71017d3bcc58/polling-district/e45566df-ccff-45e4-a0c1-a776eb859a8a
Esbjerg Omegnskredsen,https://valg.dk/fv/987875fe-0dae-42ac-be5b-62cf0bd5d65e/nomination-district/b60366b1-2fee-46eb-a347-71017d3bcc58,Sønderris,https://valg.dk/fv/987875fe-0dae-42ac-be5b-62cf0bd5d65e/nomination-district/b60366b1-2fee-46eb-a347-71017d3bcc58/polling-district/4120d40d-2569-4846-9c6e-98f8b11ac2bc
Esbjerg Omegnskredsen,https://valg.dk/fv/987875fe-0dae-42ac-be5b-62cf0bd5d65e/nomination-district/b60366b1-2fee-46eb-a347-71017d3bcc58,Tjæreborg,https://valg.dk/fv/987875fe-0dae-42ac-be5b-62cf0bd5d65e/nomination-district/b60366b1-2fee-46eb-a347-71017d3bcc58/polling-district/0922a24f-dff7-4b14-b827-cab925747a91
Faaborgkredsen,https://valg.dk/fv/987875fe-0dae-42ac-be5b-62cf0bd5d65e/nomination-district/5d1c69fa-812f-4b6d-a390-58eb9fb69ebf,Allested-Vejle,https://valg.dk/fv/987875fe-0dae-42ac-be5b-62cf0bd5d65e/nomination-district/5d1c69fa-812f-4b6d-a390-58eb9fb69ebf/polling-district/d86c2dbe-1e96-483d-9fab-d10a52067ee1
Faaborgkredsen,https://valg.dk/fv/987875fe-0dae-42ac-be5b-62cf0bd5d65e/nomination-district/5d1c69fa-812f-4b6d-a390-58eb9fb69ebf,Avernakø,https://valg.dk/fv/987875fe-0dae-42ac-be5b-62cf0bd5d65e/nomination-district/5d1c69fa-812f-4b6d-a390-58eb9fb69ebf/polling-district/1cda6924-78ce-43d6-a412-0573e858c5f2
Faaborgkredsen,https://valg.dk/fv/987875fe-0dae-42ac-be5b-62cf0bd5d65e/nomination-district/5d1c69fa-812f-4b6d-a390-58eb9fb69ebf,Brobyværk,https://valg.dk/fv/987875fe-0dae-42ac-be5b-62cf0bd5d65e/nomination-district/5d1c69fa-812f-4b6d-a390-58eb9fb69ebf/polling-district/c7c6a47c-9797-43aa-a4ea-c7e251ec9586
Faaborgkredsen,https://valg.dk/fv/987875fe-0dae-42ac-be5b-62cf0bd5d65e/nomination-district/5d1c69fa-812f-4b6d-a390-58eb9fb69ebf,Espe,https://valg.dk/fv/987875fe-0dae-42ac-be5b-62cf0bd5d65e/nomination-district/5d1c69fa-812f-4b6d-a390-58eb9fb69ebf/polling-district/8969ccf4-9c68-46ae-bcb9-c6a16651e64c
Faaborgkredsen,https://valg.dk/fv/987875fe-0dae-42ac-be5b-62cf0bd5d65e/nomination-district/5d1c69fa-812f-4b6d-a390-58eb9fb69ebf,Faaborg,https://valg.dk/fv/987875fe-0dae-42ac-be5b-62cf0bd5d65e/nomination-district/5d1c69fa-812f-4b6d-a390-58eb9fb69ebf/polling-district/b6a08741-11f7-44d5-94d9-5ad74b3b87f6
Faaborgkredsen,https://valg.dk/fv/987875fe-0dae-42ac-be5b-62cf0bd5d65e/nomination-district/5d1c69fa-812f-4b6d-a390-58eb9fb69ebf,Ferritslev,https://valg.dk/fv/987875fe-0dae-42ac-be5b-62cf0bd5d65e/nomination-district/5d1c69fa-812f-4b6d-a390-58eb9fb69ebf/polling-district/114d055c-00ee-4f56-bd7e-59839afc165b
Faaborgkredsen,https://valg.dk/fv/987875fe-0dae-42ac-be5b-62cf0bd5d65e/nomination-district/5d1c69fa-812f-4b6d-a390-58eb9fb69ebf,Gislev,https://valg.dk/fv/987875fe-0dae-42ac-be5b-62cf0bd5d65e/nomination-district/5d1c69fa-812f-4b6d-a390-58eb9fb69ebf/polling-district/dc89e5e3-c27d-4ca9-a230-15ca2f09baa5
Faaborgkredsen,https://valg.dk/fv/987875fe-0dae-42ac-be5b-62cf0bd5d65e/nomination-district/5d1c69fa-812f-4b6d-a390-58eb9fb69ebf,Hillerslev,https://valg.dk/fv/987875fe-0dae-42ac-be5b-62cf0bd5d65e/nomination-district/5d1c69fa-812f-4b6d-a390-58eb9fb69ebf/polling-district/84bb2a97-d663-4e12-91e0-fa783abda1af
Faaborgkredsen,https://valg.dk/fv/987875fe-0dae-42ac-be5b-62cf0bd5d65e/nomination-district/5d1c69fa-812f-4b6d-a390-58eb9fb69ebf,Horne,https://valg.dk/fv/987875fe-0dae-42ac-be5b-62cf0bd5d65e/nomination-district/5d1c69fa-812f-4b6d-a390-58eb9fb69ebf/polling-district/1c34bf07-d104-490b-b57c-b1290b03d1e5
Faaborgkredsen,https://valg.dk/fv/987875fe-0dae-42ac-be5b-62cf0bd5d65e/nomination-district/5d1c69fa-812f-4b6d-a390-58eb9fb69ebf,Korinth,https://valg.dk/fv/987875fe-0dae-42ac-be5b-62cf0bd5d65e/nomination-district/5d1c69fa-812f-4b6d-a390-58eb9fb69ebf/polling-district/38989d63-397d-48b0-a667-381d4c9d617e
Faaborgkredsen,https://valg.dk/fv/987875fe-0dae-42ac-be5b-62cf0bd5d65e/nomination-district/5d1c69fa-812f-4b6d-a390-58eb9fb69ebf,Kværndrup,https://valg.dk/fv/987875fe-0dae-42ac-be5b-62cf0bd5d65e/nomination-district/5d1c69fa-812f-4b6d-a390-58eb9fb69ebf/polling-district/c5f9a048-06ca-4e8b-ac6a-35117c2a168e
Faaborgkredsen,https://valg.dk/fv/987875fe-0dae-42ac-be5b-62cf0bd5d65e/nomination-district/5d1c69fa-812f-4b6d-a390-58eb9fb69ebf,Lyø,https://valg.dk/fv/987875fe-0dae-42ac-be5b-62cf0bd5d65e/nomination-district/5d1c69fa-812f-4b6d-a390-58eb9fb69ebf/polling-district/1b19a4a9-be5d-426a-af45-30d86ad70e60
Faaborgkredsen,https://valg.dk/fv/987875fe-0dae-42ac-be5b-62cf0bd5d65e/nomination-district/5d1c69fa-812f-4b6d-a390-58eb9fb69ebf,Marstal,https://valg.dk/fv/987875fe-0dae-42ac-be5b-62cf0bd5d65e/nomination-district/5d1c69fa-812f-4b6d-a390-58eb9fb69ebf/polling-district/b0346e10-842f-482d-93a6-dabf3a142df9
Faaborgkredsen,https://valg.dk/fv/987875fe-0dae-42ac-be5b-62cf0bd5d65e/nomination-district/5d1c69fa-812f-4b6d-a390-58eb9fb69ebf,Nr. Lyndelse,https://valg.dk/fv/987875fe-0dae-42ac-be5b-62cf0bd5d65e/nomination-district/5d1c69fa-812f-4b6d-a390-58eb9fb69ebf/polling-district/ca55e355-931b-4c45-9635-2764fca58962
Faaborgkredsen,https://valg.dk/fv/987875fe-0dae-42ac-be5b-62cf0bd5d65e/nomination-district/5d1c69fa-812f-4b6d-a390-58eb9fb69ebf,Nørre Broby,https://valg.dk/fv/987875fe-0dae-42ac-be5b-62cf0bd5d65e/nomination-district/5d1c69fa-812f-4b6d-a390-58eb9fb69ebf/polling-district/c2d2284e-7d7a-427f-99dc-8acd07ec22f9
Faaborgkredsen,https://valg.dk/fv/987875fe-0dae-42ac-be5b-62cf0bd5d65e/nomination-district/5d1c69fa-812f-4b6d-a390-58eb9fb69ebf,Ringe,https://valg.dk/fv/987875fe-0dae-42ac-be5b-62cf0bd5d65e/nomination-district/5d1c69fa-812f-4b6d-a390-58eb9fb69ebf/polling-district/742f7b09-0627-4a3c-941c-e7d663c2477c
Faaborgkredsen,https://valg.dk/fv/987875fe-0dae-42ac-be5b-62cf0bd5d65e/nomination-district/5d1c69fa-812f-4b6d-a390-58eb9fb69ebf,Ryslinge,https://valg.dk/fv/987875fe-0dae-42ac-be5b-62cf0bd5d65e/nomination-district/5d1c69fa-812f-4b6d-a390-58eb9fb69ebf/polling-district/0bcfc926-fe66-4f3b-824b-8adabf1fe528
Faaborgkredsen,https://valg.dk/fv/987875fe-0dae-42ac-be5b-62cf0bd5d65e/nomination-district/5d1c69fa-812f-4b6d-a390-58eb9fb69ebf,Svanninge,https://valg.dk/fv/987875fe-0dae-42ac-be5b-62cf0bd5d65e/nomination-district/5d1c69fa-812f-4b6d-a390-58eb9fb69ebf/polling-district/f26a781b-faaa-4936-9968-9087da4bd6b1
Faaborgkredsen,https://valg.dk/fv/987875fe-0dae-42ac-be5b-62cf0bd5d65e/nomination-district/5d1c69fa-812f-4b6d-a390-58eb9fb69ebf,Søby,https://valg.dk/fv/987875fe-0dae-42ac-be5b-62cf0bd5d65e/nomination-district/5d1c69fa-812f-4b6d-a390-58eb9fb69ebf/polling-district/25deca1a-a0ac-4e06-ba52-ff6e125e2493
Faaborgkredsen,https://valg.dk/fv/987875fe-0dae-42ac-be5b-62cf0bd5d65e/nomination-district/5d1c69fa-812f-4b6d-a390-58eb9fb69ebf,Søllinge,https://valg.dk/fv/987875fe-0dae-42ac-be5b-62cf0bd5d65e/nomination-district/5d1c69fa-812f-4b6d-a390-58eb9fb69ebf/polling-district/7881e0a4-6992-4adb-9fa9-2bf81e3ac44c
Faaborgkredsen,https://valg.dk/fv/987875fe-0dae-42ac-be5b-62cf0bd5d65e/nomination-district/5d1c69fa-812f-4b6d-a390-58eb9fb69ebf,Vester Aaby,https://valg.dk/fv/987875fe-0dae-42ac-be5b-62cf0bd5d65e/nomination-district/5d1c69fa-812f-4b6d-a390-58eb9fb69ebf/polling-district/7818855f-4bb2-46a1-b237-6b538daeb10b
Faaborgkredsen,https://valg.dk/fv/987875fe-0dae-42ac-be5b-62cf0bd5d65e/nomination-district/5d1c69fa-812f-4b6d-a390-58eb9fb69ebf,Vester Hæsinge,https://valg.dk/fv/987875fe-0dae-42ac-be5b-62cf0bd5d65e/nomination-district/5d1c69fa-812f-4b6d-a390-58eb9fb69ebf/polling-district/6aa98ec9-9fd4-48b1-b469-3108c346eab5
Faaborgkredsen,https://valg.dk/fv/987875fe-0dae-42ac-be5b-62cf0bd5d65e/nomination-district/5d1c69fa-812f-4b6d-a390-58eb9fb69ebf,Årslev,https://valg.dk/fv/987875fe-0dae-42ac-be5b-62cf0bd5d65e/nomination-district/5d1c69fa-812f-4b6d-a390-58eb9fb69ebf/polling-district/1d8f8e6f-1844-4211-ae11-4f76cc6fa463
Faaborgkredsen,https://valg.dk/fv/987875fe-0dae-42ac-be5b-62cf0bd5d65e/nomination-district/5d1c69fa-812f-4b6d-a390-58eb9fb69ebf,Ærøskøbing,https://valg.dk/fv/987875fe-0dae-42ac-be5b-62cf0bd5d65e/nomination-district/5d1c69fa-812f-4b6d-a390-58eb9fb69ebf/polling-district/8d459feb-9301-4050-b157-0f85fb7cccdf
Falkonerkredsen,https://valg.dk/fv/987875fe-0dae-42ac-be5b-62cf0bd5d65e/nomination-district/fe46034d-96ce-44fb-a7fe-dc490bbcec8e,"10. Kreds, Bülowsvej",https://valg.dk/fv/987875fe-0dae-42ac-be5b-62cf0bd5d65e/nomination-district/fe46034d-96ce-44fb-a7fe-dc490bbcec8e/polling-district/4d25b97c-226a-43e7-9bda-549303ba14e2
Falkonerkredsen,https://valg.dk/fv/987875fe-0dae-42ac-be5b-62cf0bd5d65e/nomination-district/fe46034d-96ce-44fb-a7fe-dc490bbcec8e,"10. Kreds, Duevej",https://valg.dk/fv/987875fe-0dae-42ac-be5b-62cf0bd5d65e/nomination-district/fe46034d-96ce-44fb-a7fe-dc490bbcec8e/polling-district/a44c0f4f-74d9-43b6-b5c4-57c1c1a3ed1d
Falkonerkredsen,https://valg.dk/fv/987875fe-0dae-42ac-be5b-62cf0bd5d65e/nomination-district/fe46034d-96ce-44fb-a7fe-dc490bbcec8e,"10. Kreds, Grundtvigsvej",https://valg.dk/fv/987875fe-0dae-42ac-be5b-62cf0bd5d65e/nomination-district/fe46034d-96ce-44fb-a7fe-dc490bbcec8e/polling-district/3598f042-2933-449f-9eba-4cd6b4eb2031
Falkonerkredsen,https://valg.dk/fv/987875fe-0dae-42ac-be5b-62cf0bd5d65e/nomination-district/fe46034d-96ce-44fb-a7fe-dc490bbcec8e,"10. Kreds, Søerne",https://valg.dk/fv/987875fe-0dae-42ac-be5b-62cf0bd5d65e/nomination-district/fe46034d-96ce-44fb-a7fe-dc490bbcec8e/polling-district/c43c2879-c419-49d2-88e6-3d31a5040a88
Favrskovkredsen,https://valg.dk/fv/987875fe-0dae-42ac-be5b-62cf0bd5d65e/nomination-district/8592a2dc-58c3-4682-b7f1-3b1f9fdba91f,Foldby,https://valg.dk/fv/987875fe-0dae-42ac-be5b-62cf0bd5d65e/nomination-district/8592a2dc-58c3-4682-b7f1-3b1f9fdba91f/polling-district/92fb564e-66bc-4391-ad3f-04d0b0691bdb
Favrskovkredsen,https://valg.dk/fv/987875fe-0dae-42ac-be5b-62cf0bd5d65e/nomination-district/8592a2dc-58c3-4682-b7f1-3b1f9fdba91f,Hadbjerg,https://valg.dk/fv/987875fe-0dae-42ac-be5b-62cf0bd5d65e/nomination-district/8592a2dc-58c3-4682-b7f1-3b1f9fdba91f/polling-district/9deab630-9b9f-4a3f-85f5-f641a3721df3
Favrskovkredsen,https://valg.dk/fv/987875fe-0dae-42ac-be5b-62cf0bd5d65e/nomination-district/8592a2dc-58c3-4682-b7f1-3b1f9fdba91f,Hadsten Nord,https://valg.dk/fv/987875fe-0dae-42ac-be5b-62cf0bd5d65e/nomination-district/8592a2dc-58c3-4682-b7f1-3b1f9fdba91f/polling-district/69eb9b56-80cc-42cc-b862-f6cdc87bffe8
Favrskovkredsen,https://valg.dk/fv/987875fe-0dae-42ac-be5b-62cf0bd5d65e/nomination-district/8592a2dc-58c3-4682-b7f1-3b1f9fdba91f,Hadsten Syd,https://valg.dk/fv/987875fe-0dae-42ac-be5b-62cf0bd5d65e/nomination-district/8592a2dc-58c3-4682-b7f1-3b1f9fdba91f/polling-district/fcb694a2-bf1d-4ec2-8b90-ef7b6c631758
Favrskovkredsen,https://valg.dk/fv/987875fe-0dae-42ac-be5b-62cf0bd5d65e/nomination-district/8592a2dc-58c3-4682-b7f1-3b1f9fdba91f,Haldum-Hinnerup/Vitten,https://valg.dk/fv/987875fe-0dae-42ac-be5b-62cf0bd5d65e/nomination-district/8592a2dc-58c3-4682-b7f1-3b1f9fdba91f/polling-district/2cb1b200-1c3d-4eb4-9286-6a16c8eb908c
Favrskovkredsen,https://valg.dk/fv/987875fe-0dae-42ac-be5b-62cf0bd5d65e/nomination-district/8592a2dc-58c3-4682-b7f1-3b1f9fdba91f,Hammel Nord,https://valg.dk/fv/987875fe-0dae-42ac-be5b-62cf0bd5d65e/nomination-district/8592a2dc-58c3-4682-b7f1-3b1f9fdba91f/polling-district/82045e70-2640-4dd7-8923-ac0013ac64e2
Favrskovkredsen,https://valg.dk/fv/987875fe-0dae-42ac-be5b-62cf0bd5d65e/nomination-district/8592a2dc-58c3-4682-b7f1-3b1f9fdba91f,Hammel Syd,https://valg.dk/fv/987875fe-0dae-42ac-be5b-62cf0bd5d65e/nomination-district/8592a2dc-58c3-4682-b7f1-3b1f9fdba91f/polling-district/15f17dc4-3ce6-42e2-a2cd-b3273e43cf02
Favrskovkredsen,https://valg.dk/fv/987875fe-0dae-42ac-be5b-62cf0bd5d65e/nomination-district/8592a2dc-58c3-4682-b7f1-3b1f9fdba91f,Lading,https://valg.dk/fv/987875fe-0dae-42ac-be5b-62cf0bd5d65e/nomination-district/8592a2dc-58c3-4682-b7f1-3b1f9fdba91f/polling-district/278c8633-d71d-4449-9827-fed662f9aa27
Favrskovkredsen,https://valg.dk/fv/987875fe-0dae-42ac-be5b-62cf0bd5d65e/nomination-district/8592a2dc-58c3-4682-b7f1-3b1f9fdba91f,Laurbjerg/Houlbjerg,https://valg.dk/fv/987875fe-0dae-42ac-be5b-62cf0bd5d65e/nomination-district/8592a2dc-58c3-4682-b7f1-3b1f9fdba91f/polling-district/ba412e25-6a35-48f8-9179-f568fa915a89
Favrskovkredsen,https://valg.dk/fv/987875fe-0dae-42ac-be5b-62cf0bd5d65e/nomination-district/8592a2dc-58c3-4682-b7f1-3b1f9fdba91f,Rønbæk/Grundfør,https://valg.dk/fv/987875fe-0dae-42ac-be5b-62cf0bd5d65e/nomination-district/8592a2dc-58c3-4682-b7f1-3b1f9fdba91f/polling-district/561bd94b-672c-4cf0-91b0-3bfa25f995b4
Favrskovkredsen,https://valg.dk/fv/987875fe-0dae-42ac-be5b-62cf0bd5d65e/nomination-district/8592a2dc-58c3-4682-b7f1-3b1f9fdba91f,Søften,https://valg.dk/fv/987875fe-0dae-42ac-be5b-62cf0bd5d65e/nomination-district/8592a2dc-58c3-4682-b7f1-3b1f9fdba91f/polling-district/ea27409d-bc2d-45fa-a18b-5b989d5e415e
Favrskovkredsen,https://valg.dk/fv/987875fe-0dae-42ac-be5b-62cf0bd5d65e/nomination-district/8592a2dc-58c3-4682-b7f1-3b1f9fdba91f,Thorsø/Haurum/Sall,https://valg.dk/fv/987875fe-0dae-42ac-be5b-62cf0bd5d65e/nomination-district/8592a2dc-58c3-4682-b7f1-3b1f9fdba91f/polling-district/deaeb1fc-b2f6-4e99-a922-77039e1f3c6f
Favrskovkredsen,https://valg.dk/fv/987875fe-0dae-42ac-be5b-62cf0bd5d65e/nomination-district/8592a2dc-58c3-4682-b7f1-3b1f9fdba91f,Ulstrup,https://valg.dk/fv/987875fe-0dae-42ac-be5b-62cf0bd5d65e/nomination-district/8592a2dc-58c3-4682-b7f1-3b1f9fdba91f/polling-district/0da7031e-55a2-4edf-9120-305f48708392
Favrskovkredsen,https://valg.dk/fv/987875fe-0dae-42ac-be5b-62cf0bd5d65e/nomination-district/8592a2dc-58c3-4682-b7f1-3b1f9fdba91f,Voldum,https://valg.dk/fv/987875fe-0dae-42ac-be5b-62cf0bd5d65e/nomination-district/8592a2dc-58c3-4682-b7f1-3b1f9fdba91f/polling-district/e66c468c-97e6-48fa-8d19-7d37c69cabc8
Faxekredsen,https://valg.dk/fv/987875fe-0dae-42ac-be5b-62cf0bd5d65e/nomination-district/9f9e2919-2429-47a0-ba23-1188a2c0a133,Dalby,https://valg.dk/fv/987875fe-0dae-42ac-be5b-62cf0bd5d65e/nomination-district/9f9e2919-2429-47a0-ba23-1188a2c0a133/polling-district/0a40f0b9-7a96-4e1c-8aea-fac439c50948
Faxekredsen,https://valg.dk/fv/987875fe-0dae-42ac-be5b-62cf0bd5d65e/nomination-district/9f9e2919-2429-47a0-ba23-1188a2c0a133,Faxe,https://valg.dk/fv/987875fe-0dae-42ac-be5b-62cf0bd5d65e/nomination-district/9f9e2919-2429-47a0-ba23-1188a2c0a133/polling-district/167c0b68-7668-4017-b39f-7272525a61fd
Faxekredsen,https://valg.dk/fv/987875fe-0dae-42ac-be5b-62cf0bd5d65e/nomination-district/9f9e2919-2429-47a0-ba23-1188a2c0a133,Haslev 01,https://valg.dk/fv/987875fe-0dae-42ac-be5b-62cf0bd5d65e/nomination-district/9f9e2919-2429-47a0-ba23-1188a2c0a133/polling-district/0bcdf9d4-7b71-4750-bbce-7926bd9a99d9
Faxekredsen,https://valg.dk/fv/987875fe-0dae-42ac-be5b-62cf0bd5d65e/nomination-district/9f9e2919-2429-47a0-ba23-1188a2c0a133,Haslev 02,https://valg.dk/fv/987875fe-0dae-42ac-be5b-62cf0bd5d65e/nomination-district/9f9e2919-2429-47a0-ba23-1188a2c0a133/polling-district/57a998e3-1dee-410b-900c-339a353ba5cd
Faxekredsen,https://valg.dk/fv/987875fe-0dae-42ac-be5b-62cf0bd5d65e/nomination-district/9f9e2919-2429-47a0-ba23-1188a2c0a133,Hylleholt,https://valg.dk/fv/987875fe-0dae-42ac-be5b-62cf0bd5d65e/nomination-district/9f9e2919-2429-47a0-ba23-1188a2c0a133/polling-district/6275ef0c-57ea-43ef-98eb-4f8f08261bb3
Faxekredsen,https://valg.dk/fv/987875fe-0dae-42ac-be5b-62cf0bd5d65e/nomination-district/9f9e2919-2429-47a0-ba23-1188a2c0a133,Hårlevhallen,https://valg.dk/fv/987875fe-0dae-42ac-be5b-62cf0bd5d65e/nomination-district/9f9e2919-2429-47a0-ba23-1188a2c0a133/polling-district/a8f22758-7e20-43ac-a801-a97b24610482
Faxekredsen,https://valg.dk/fv/987875fe-0dae-42ac-be5b-62cf0bd5d65e/nomination-district/9f9e2919-2429-47a0-ba23-1188a2c0a133,Karise,https://valg.dk/fv/987875fe-0dae-42ac-be5b-62cf0bd5d65e/nomination-district/9f9e2919-2429-47a0-ba23-1188a2c0a133/polling-district/772413a9-ff07-49ff-b5fe-bd93f8c8dac4
Faxekredsen,https://valg.dk/fv/987875fe-0dae-42ac-be5b-62cf0bd5d65e/nomination-district/9f9e2919-2429-47a0-ba23-1188a2c0a133,Rønnede,https://valg.dk/fv/987875fe-0dae-42ac-be5b-62cf0bd5d65e/nomination-district/9f9e2919-2429-47a0-ba23-1188a2c0a133/polling-district/e1e190f0-4898-421d-8ae4-440281a75928
Faxekredsen,https://valg.dk/fv/987875fe-0dae-42ac-be5b-62cf0bd5d65e/nomination-district/9f9e2919-2429-47a0-ba23-1188a2c0a133,Stevnshallen,https://valg.dk/fv/987875fe-0dae-42ac-be5b-62cf0bd5d65e/nomination-district/9f9e2919-2429-47a0-ba23-1188a2c0a133/polling-district/2586c527-c668-43df-a133-52f1862c1432
Faxekredsen,https://valg.dk/fv/987875fe-0dae-42ac-be5b-62cf0bd5d65e/nomination-district/9f9e2919-2429-47a0-ba23-1188a2c0a133,Strøby Idrætscenter,https://valg.dk/fv/987875fe-0dae-42ac-be5b-62cf0bd5d65e/nomination-district/9f9e2919-2429-47a0-ba23-1188a2c0a133/polling-district/db2709bc-d080-4f1b-ad5f-a47c43841143
Faxekredsen,https://valg.dk/fv/987875fe-0dae-42ac-be5b-62cf0bd5d65e/nomination-district/9f9e2919-2429-47a0-ba23-1188a2c0a133,Sydstevnshallen,https://valg.dk/fv/987875fe-0dae-42ac-be5b-62cf0bd5d65e/nomination-district/9f9e2919-2429-47a0-ba23-1188a2c0a133/polling-district/78b02430-c6b3-410d-b66c-0fea0ef29aec
Fredensborgkredsen,https://valg.dk/fv/987875fe-0dae-42ac-be5b-62cf0bd5d65e/nomination-district/34a0391e-932a-405a-ad77-a6ee5aa1a51e,Asminderød,https://valg.dk/fv/987875fe-0dae-42ac-be5b-62cf0bd5d65e/nomination-district/34a0391e-932a-405a-ad77-a6ee5aa1a51e/polling-district/43aac16f-e98b-44d9-868c-2ff0abc2a441
Fredensborgkredsen,https://valg.dk/fv/987875fe-0dae-42ac-be5b-62cf0bd5d65e/nomination-district/34a0391e-932a-405a-ad77-a6ee5aa1a51e,Baunebjerg,https://valg.dk/fv/987875fe-0dae-42ac-be5b-62cf0bd5d65e/nomination-district/34a0391e-932a-405a-ad77-a6ee5aa1a51e/polling-district/3c71caee-4477-445b-879b-4fb5c58c97d2
Fredensborgkredsen,https://valg.dk/fv/987875fe-0dae-42ac-be5b-62cf0bd5d65e/nomination-district/34a0391e-932a-405a-ad77-a6ee5aa1a51e,Fredensborg,https://valg.dk/fv/987875fe-0dae-42ac-be5b-62cf0bd5d65e/nomination-district/34a0391e-932a-405a-ad77-a6ee5aa1a51e/polling-district/82864265-73f5-4adf-9b8e-a5698dc38daf
Fredensborgkredsen,https://valg.dk/fv/987875fe-0dae-42ac-be5b-62cf0bd5d65e/nomination-district/34a0391e-932a-405a-ad77-a6ee5aa1a51e,Grønnegade,https://valg.dk/fv/987875fe-0dae-42ac-be5b-62cf0bd5d65e/nomination-district/34a0391e-932a-405a-ad77-a6ee5aa1a51e/polling-district/381718da-7cbb-4a73-af2a-5b90a1a60b6f
Fredensborgkredsen,https://valg.dk/fv/987875fe-0dae-42ac-be5b-62cf0bd5d65e/nomination-district/34a0391e-932a-405a-ad77-a6ee5aa1a51e,Humlebæk,https://valg.dk/fv/987875fe-0dae-42ac-be5b-62cf0bd5d65e/nomination-district/34a0391e-932a-405a-ad77-a6ee5aa1a51e/polling-district/59511582-84ab-4d8d-8598-33da7e2ac98c
Fredensborgkredsen,https://valg.dk/fv/987875fe-0dae-42ac-be5b-62cf0bd5d65e/nomination-district/34a0391e-932a-405a-ad77-a6ee5aa1a51e,Hørsholm,https://valg.dk/fv/987875fe-0dae-42ac-be5b-62cf0bd5d65e/nomination-district/34a0391e-932a-405a-ad77-a6ee5aa1a51e/polling-district/44e64ab8-2244-4ed3-8e68-a7b87e980962
Fredensborgkredsen,https://valg.dk/fv/987875fe-0dae-42ac-be5b-62cf0bd5d65e/nomination-district/34a0391e-932a-405a-ad77-a6ee5aa1a51e,Karlebo,https://valg.dk/fv/987875fe-0dae-42ac-be5b-62cf0bd5d65e/nomination-district/34a0391e-932a-405a-ad77-a6ee5aa1a51e/polling-district/7ba81266-7b4d-48d4-a13c-c27b9d3f9676
Fredensborgkredsen,https://valg.dk/fv/987875fe-0dae-42ac-be5b-62cf0bd5d65e/nomination-district/34a0391e-932a-405a-ad77-a6ee5aa1a51e,Kokkedal,https://valg.dk/fv/987875fe-0dae-42ac-be5b-62cf0bd5d65e/nomination-district/34a0391e-932a-405a-ad77-a6ee5aa1a51e/polling-district/deb4572b-e47d-489a-b043-0b3559e63412
Fredensborgkredsen,https://valg.dk/fv/987875fe-0dae-42ac-be5b-62cf0bd5d65e/nomination-district/34a0391e-932a-405a-ad77-a6ee5aa1a51e,Niverød,https://valg.dk/fv/987875fe-0dae-42ac-be5b-62cf0bd5d65e/nomination-district/34a0391e-932a-405a-ad77-a6ee5aa1a51e/polling-district/19dbbd56-787d-45ef-8a0c-6e3086e11c8b
Fredensborgkredsen,https://valg.dk/fv/987875fe-0dae-42ac-be5b-62cf0bd5d65e/nomination-district/34a0391e-932a-405a-ad77-a6ee5aa1a51e,Nivå,https://valg.dk/fv/987875fe-0dae-42ac-be5b-62cf0bd5d65e/nomination-district/34a0391e-932a-405a-ad77-a6ee5aa1a51e/polling-district/cc905944-e38b-46fe-86b6-f826c5e2101b
Fredensborgkredsen,https://valg.dk/fv/987875fe-0dae-42ac-be5b-62cf0bd5d65e/nomination-district/34a0391e-932a-405a-ad77-a6ee5aa1a51e,Rungsted,https://valg.dk/fv/987875fe-0dae-42ac-be5b-62cf0bd5d65e/nomination-district/34a0391e-932a-405a-ad77-a6ee5aa1a51e/polling-district/35b70ac9-be99-419a-82a5-4fd6e29d09d5
Fredensborgkredsen,https://valg.dk/fv/987875fe-0dae-42ac-be5b-62cf0bd5d65e/nomination-district/34a0391e-932a-405a-ad77-a6ee5aa1a51e,Usserød,https://valg.dk/fv/987875fe-0dae-42ac-be5b-62cf0bd5d65e/nomination-district/34a0391e-932a-405a-ad77-a6ee5aa1a51e/polling-district/c188e8d8-41a4-482a-8de2-b73229c1ad26
Fredensborgkredsen,https://valg.dk/fv/987875fe-0dae-42ac-be5b-62cf0bd5d65e/nomination-district/34a0391e-932a-405a-ad77-a6ee5aa1a51e,Vallerød,https://valg.dk/fv/987875fe-0dae-42ac-be5b-62cf0bd5d65e/nomination-district/34a0391e-932a-405a-ad77-a6ee5aa1a51e/polling-district/cd804d83-d3cf-4000-a646-54b32bfe5ce4
Fredericiakredsen,https://valg.dk/fv/987875fe-0dae-42ac-be5b-62cf0bd5d65e/nomination-district/1114e654-7e40-4f0e-bc4f-89e4e8dfbb89,Bredstrup-Pjedsted,https://valg.dk/fv/987875fe-0dae-42ac-be5b-62cf0bd5d65e/nomination-district/1114e654-7e40-4f0e-bc4f-89e4e8dfbb89/polling-district/74cfeac2-e69f-4901-bc28-264c1a1fed2d
Fredericiakredsen,https://valg.dk/fv/987875fe-0dae-42ac-be5b-62cf0bd5d65e/nomination-district/1114e654-7e40-4f0e-bc4f-89e4e8dfbb89,Bøgeskov,https://valg.dk/fv/987875fe-0dae-42ac-be5b-62cf0bd5d65e/nomination-district/1114e654-7e40-4f0e-bc4f-89e4e8dfbb89/polling-district/cf162fa8-abd1-4225-98d6-4fd88b350e80
Fredericiakredsen,https://valg.dk/fv/987875fe-0dae-42ac-be5b-62cf0bd5d65e/nomination-district/1114e654-7e40-4f0e-bc4f-89e4e8dfbb89,Erritsø,https://valg.dk/fv/987875fe-0dae-42ac-be5b-62cf0bd5d65e/nomination-district/1114e654-7e40-4f0e-bc4f-89e4e8dfbb89/polling-district/3eaaece2-9993-4f05-bf54-435e546c2536
Fredericiakredsen,https://valg.dk/fv/987875fe-0dae-42ac-be5b-62cf0bd5d65e/nomination-district/1114e654-7e40-4f0e-bc4f-89e4e8dfbb89,Gymnasiet,https://valg.dk/fv/987875fe-0dae-42ac-be5b-62cf0bd5d65e/nomination-district/1114e654-7e40-4f0e-bc4f-89e4e8dfbb89/polling-district/70f39ce6-4217-442e-827a-0dc9d9e3f02c
Fredericiakredsen,https://valg.dk/fv/987875fe-0dae-42ac-be5b-62cf0bd5d65e/nomination-district/1114e654-7e40-4f0e-bc4f-89e4e8dfbb89,Herslev,https://valg.dk/fv/987875fe-0dae-42ac-be5b-62cf0bd5d65e/nomination-district/1114e654-7e40-4f0e-bc4f-89e4e8dfbb89/polling-district/206d4d27-31ea-4a04-9aa1-2c0ed8b77558
Fredericiakredsen,https://valg.dk/fv/987875fe-0dae-42ac-be5b-62cf0bd5d65e/nomination-district/1114e654-7e40-4f0e-bc4f-89e4e8dfbb89,Indre By,https://valg.dk/fv/987875fe-0dae-42ac-be5b-62cf0bd5d65e/nomination-district/1114e654-7e40-4f0e-bc4f-89e4e8dfbb89/polling-district/9eb41d24-e5e3-4ac5-a847-102e8d723360
Fredericiakredsen,https://valg.dk/fv/987875fe-0dae-42ac-be5b-62cf0bd5d65e/nomination-district/1114e654-7e40-4f0e-bc4f-89e4e8dfbb89,Søndermarken,https://valg.dk/fv/987875fe-0dae-42ac-be5b-62cf0bd5d65e/nomination-district/1114e654-7e40-4f0e-bc4f-89e4e8dfbb89/polling-district/d45a7844-0aa4-4062-bb01-6707bead8b14
Fredericiakredsen,https://valg.dk/fv/987875fe-0dae-42ac-be5b-62cf0bd5d65e/nomination-district/1114e654-7e40-4f0e-bc4f-89e4e8dfbb89,Taulov,https://valg.dk/fv/987875fe-0dae-42ac-be5b-62cf0bd5d65e/nomination-district/1114e654-7e40-4f0e-bc4f-89e4e8dfbb89/polling-district/41bf943f-e17b-4951-81a1-4b120944a934
Frederikshavnkredsen,https://valg.dk/fv/987875fe-0dae-42ac-be5b-62cf0bd5d65e/nomination-district/419ccb08-a204-4e0a-80d9-92329ef17033,Dybvad,https://valg.dk/fv/987875fe-0dae-42ac-be5b-62cf0bd5d65e/nomination-district/419ccb08-a204-4e0a-80d9-92329ef17033/polling-district/792e4fa2-c2e1-4ad2-84fc-9ae5f18b3ca0
Frederikshavnkredsen,https://valg.dk/fv/987875fe-0dae-42ac-be5b-62cf0bd5d65e/nomination-district/419ccb08-a204-4e0a-80d9-92329ef17033,Elling,https://valg.dk/fv/987875fe-0dae-42ac-be5b-62cf0bd5d65e/nomination-district/419ccb08-a204-4e0a-80d9-92329ef17033/polling-district/eb7cad13-f35b-4c9e-907a-cddf40ba3f50
Frederikshavnkredsen,https://valg.dk/fv/987875fe-0dae-42ac-be5b-62cf0bd5d65e/nomination-district/419ccb08-a204-4e0a-80d9-92329ef17033,Frederikshavn,https://valg.dk/fv/987875fe-0dae-42ac-be5b-62cf0bd5d65e/nomination-district/419ccb08-a204-4e0a-80d9-92329ef17033/polling-district/cf871cbc-1e47-4e42-adab-ef09d6359f8f
Frederikshavnkredsen,https://valg.dk/fv/987875fe-0dae-42ac-be5b-62cf0bd5d65e/nomination-district/419ccb08-a204-4e0a-80d9-92329ef17033,Gærum,https://valg.dk/fv/987875fe-0dae-42ac-be5b-62cf0bd5d65e/nomination-district/419ccb08-a204-4e0a-80d9-92329ef17033/polling-district/1eaaeb37-1577-41c4-996e-59d6eba550bb
Frederikshavnkredsen,https://valg.dk/fv/987875fe-0dae-42ac-be5b-62cf0bd5d65e/nomination-district/419ccb08-a204-4e0a-80d9-92329ef17033,Hørby,https://valg.dk/fv/987875fe-0dae-42ac-be5b-62cf0bd5d65e/nomination-district/419ccb08-a204-4e0a-80d9-92329ef17033/polling-district/2881033a-2f08-4b87-b7c3-88f7ce73e134
Frederikshavnkredsen,https://valg.dk/fv/987875fe-0dae-42ac-be5b-62cf0bd5d65e/nomination-district/419ccb08-a204-4e0a-80d9-92329ef17033,Jerup,https://valg.dk/fv/987875fe-0dae-42ac-be5b-62cf0bd5d65e/nomination-district/419ccb08-a204-4e0a-80d9-92329ef17033/polling-district/e4104f8f-9e31-4bd3-958d-e8210b58ec7d
Frederikshavnkredsen,https://valg.dk/fv/987875fe-0dae-42ac-be5b-62cf0bd5d65e/nomination-district/419ccb08-a204-4e0a-80d9-92329ef17033,Læsø,https://valg.dk/fv/987875fe-0dae-42ac-be5b-62cf0bd5d65e/nomination-district/419ccb08-a204-4e0a-80d9-92329ef17033/polling-district/15a730b4-cede-4a53-82b8-eedf5dbe8c29
Frederikshavnkredsen,https://valg.dk/fv/987875fe-0dae-42ac-be5b-62cf0bd5d65e/nomination-district/419ccb08-a204-4e0a-80d9-92329ef17033,Ravnshøj,https://valg.dk/fv/987875fe-0dae-42ac-be5b-62cf0bd5d65e/nomination-district/419ccb08-a204-4e0a-80d9-92329ef17033/polling-district/2a09e950-1c10-41bb-b241-778829687e34
Frederikshavnkredsen,https://valg.dk/fv/987875fe-0dae-42ac-be5b-62cf0bd5d65e/nomination-district/419ccb08-a204-4e0a-80d9-92329ef17033,Skagen,https://valg.dk/fv/987875fe-0dae-42ac-be5b-62cf0bd5d65e/nomination-district/419ccb08-a204-4e0a-80d9-92329ef17033/polling-district/6b343877-09a1-4262-aa89-caf0a37fa414
Frederikshavnkredsen,https://valg.dk/fv/987875fe-0dae-42ac-be5b-62cf0bd5d65e/nomination-district/419ccb08-a204-4e0a-80d9-92329ef17033,Strandby,https://valg.dk/fv/987875fe-0dae-42ac-be5b-62cf0bd5d65e/nomination-district/419ccb08-a204-4e0a-80d9-92329ef17033/polling-district/8d534cbb-f8d3-4d5d-a465-dc0d61c5d5c4
Frederikshavnkredsen,https://valg.dk/fv/987875fe-0dae-42ac-be5b-62cf0bd5d65e/nomination-district/419ccb08-a204-4e0a-80d9-92329ef17033,Sæby,https://valg.dk/fv/987875fe-0dae-42ac-be5b-62cf0bd5d65e/nomination-district/419ccb08-a204-4e0a-80d9-92329ef17033/polling-district/d43ac67b-ca79-4297-828c-ce5d6a9d5c4d
Frederikshavnkredsen,https://valg.dk/fv/987875fe-0dae-42ac-be5b-62cf0bd5d65e/nomination-district/419ccb08-a204-4e0a-80d9-92329ef17033,Thorshøj,https://valg.dk/fv/987875fe-0dae-42ac-be5b-62cf0bd5d65e/nomination-district/419ccb08-a204-4e0a-80d9-92329ef17033/polling-district/04a8f883-495e-4ae2-927b-69292af220de
Frederikshavnkredsen,https://valg.dk/fv/987875fe-0dae-42ac-be5b-62cf0bd5d65e/nomination-district/419ccb08-a204-4e0a-80d9-92329ef17033,Voerså,https://valg.dk/fv/987875fe-0dae-42ac-be5b-62cf0bd5d65e/nomination-district/419ccb08-a204-4e0a-80d9-92329ef17033/polling-district/e3072987-fcb5-41a9-9504-ee3bedeb45d8
Frederikshavnkredsen,https://valg.dk/fv/987875fe-0dae-42ac-be5b-62cf0bd5d65e/nomination-district/419ccb08-a204-4e0a-80d9-92329ef17033,Volstrup,https://valg.dk/fv/987875fe-0dae-42ac-be5b-62cf0bd5d65e/nomination-district/419ccb08-a204-4e0a-80d9-92329ef17033/polling-district/905661f9-557c-4d01-90ca-d67d31e6b6cd
Frederikshavnkredsen,https://valg.dk/fv/987875fe-0dae-42ac-be5b-62cf0bd5d65e/nomination-district/419ccb08-a204-4e0a-80d9-92329ef17033,Ålbæk,https://valg.dk/fv/987875fe-0dae-42ac-be5b-62cf0bd5d65e/nomination-district/419ccb08-a204-4e0a-80d9-92329ef17033/polling-district/9363820c-9202-42a0-9da8-4ded7e03ede5
Frederikshavnkredsen,https://valg.dk/fv/987875fe-0dae-42ac-be5b-62cf0bd5d65e/nomination-district/419ccb08-a204-4e0a-80d9-92329ef17033,Østervrå,https://valg.dk/fv/987875fe-0dae-42ac-be5b-62cf0bd5d65e/nomination-district/419ccb08-a204-4e0a-80d9-92329ef17033/polling-district/0d796ae4-e748-45c8-97d8-d512956c5fe1
Frederikssundkredsen,https://valg.dk/fv/987875fe-0dae-42ac-be5b-62cf0bd5d65e/nomination-district/7411a9cd-4aed-47eb-a152-122b073490bd,Enghaven,https://valg.dk/fv/987875fe-0dae-42ac-be5b-62cf0bd5d65e/nomination-district/7411a9cd-4aed-47eb-a152-122b073490bd/polling-district/7c9978e2-fc13-473e-942f-a76e041d6fca
Frederikssundkredsen,https://valg.dk/fv/987875fe-0dae-42ac-be5b-62cf0bd5d65e/nomination-district/7411a9cd-4aed-47eb-a152-122b073490bd,Frederikssund Midt,https://valg.dk/fv/987875fe-0dae-42ac-be5b-62cf0bd5d65e/nomination-district/7411a9cd-4aed-47eb-a152-122b073490bd/polling-district/7c7c4ee7-bf81-4635-aca6-7b1f931fe921
Frederikssundkredsen,https://valg.dk/fv/987875fe-0dae-42ac-be5b-62cf0bd5d65e/nomination-district/7411a9cd-4aed-47eb-a152-122b073490bd,Frederikssund Nord,https://valg.dk/fv/987875fe-0dae-42ac-be5b-62cf0bd5d65e/nomination-district/7411a9cd-4aed-47eb-a152-122b073490bd/polling-district/3788a7c3-50e1-4cb4-9690-fdc120c38d28
Frederikssundkredsen,https://valg.dk/fv/987875fe-0dae-42ac-be5b-62cf0bd5d65e/nomination-district/7411a9cd-4aed-47eb-a152-122b073490bd,Frederikssund Syd,https://valg.dk/fv/987875fe-0dae-42ac-be5b-62cf0bd5d65e/nomination-district/7411a9cd-4aed-47eb-a152-122b073490bd/polling-district/18da2c9d-c90b-4834-8dd4-1d022f611b6d
Frederikssundkredsen,https://valg.dk/fv/987875fe-0dae-42ac-be5b-62cf0bd5d65e/nomination-district/7411a9cd-4aed-47eb-a152-122b073490bd,Frederiksværk,https://valg.dk/fv/987875fe-0dae-42ac-be5b-62cf0bd5d65e/nomination-district/7411a9cd-4aed-47eb-a152-122b073490bd/polling-district/9569518f-39a5-4e24-a640-c618bd0b64b8
Frederikssundkredsen,https://valg.dk/fv/987875fe-0dae-42ac-be5b-62cf0bd5d65e/nomination-district/7411a9cd-4aed-47eb-a152-122b073490bd,Hundested,https://valg.dk/fv/987875fe-0dae-42ac-be5b-62cf0bd5d65e/nomination-district/7411a9cd-4aed-47eb-a152-122b073490bd/polling-district/16d7e136-6da4-4360-b4cc-6944f9e5585a
Frederikssundkredsen,https://valg.dk/fv/987875fe-0dae-42ac-be5b-62cf0bd5d65e/nomination-district/7411a9cd-4aed-47eb-a152-122b073490bd,Jægerspris,https://valg.dk/fv/987875fe-0dae-42ac-be5b-62cf0bd5d65e/nomination-district/7411a9cd-4aed-47eb-a152-122b073490bd/polling-district/ba421a42-aa30-447f-b2e9-ad7a94e61021
Frederikssundkredsen,https://valg.dk/fv/987875fe-0dae-42ac-be5b-62cf0bd5d65e/nomination-district/7411a9cd-4aed-47eb-a152-122b073490bd,Melby,https://valg.dk/fv/987875fe-0dae-42ac-be5b-62cf0bd5d65e/nomination-district/7411a9cd-4aed-47eb-a152-122b073490bd/polling-district/8518f0e3-1676-4eb4-9fe5-b6f7a8cacc16
Frederikssundkredsen,https://valg.dk/fv/987875fe-0dae-42ac-be5b-62cf0bd5d65e/nomination-district/7411a9cd-4aed-47eb-a152-122b073490bd,Skibby,https://valg.dk/fv/987875fe-0dae-42ac-be5b-62cf0bd5d65e/nomination-district/7411a9cd-4aed-47eb-a152-122b073490bd/polling-district/9e2a1746-5b75-4286-8ece-bf0acc172da5
Frederikssundkredsen,https://valg.dk/fv/987875fe-0dae-42ac-be5b-62cf0bd5d65e/nomination-district/7411a9cd-4aed-47eb-a152-122b073490bd,Slangerup,https://valg.dk/fv/987875fe-0dae-42ac-be5b-62cf0bd5d65e/nomination-district/7411a9cd-4aed-47eb-a152-122b073490bd/polling-district/537b2091-c7a4-4668-8424-53e6b866bbd0
Frederikssundkredsen,https://valg.dk/fv/987875fe-0dae-42ac-be5b-62cf0bd5d65e/nomination-district/7411a9cd-4aed-47eb-a152-122b073490bd,Ølsted,https://valg.dk/fv/987875fe-0dae-42ac-be5b-62cf0bd5d65e/nomination-district/7411a9cd-4aed-47eb-a152-122b073490bd/polling-district/ed4d9d1c-85cd-474e-94c4-feedef63f094
Gentoftekredsen,https://valg.dk/fv/987875fe-0dae-42ac-be5b-62cf0bd5d65e/nomination-district/ad32adcd-a707-4aa8-960e-0fa56cb2d837,Bakkegård,https://valg.dk/fv/987875fe-0dae-42ac-be5b-62cf0bd5d65e/nomination-district/ad32adcd-a707-4aa8-960e-0fa56cb2d837/polling-district/0955ced3-f6cf-42d1-a622-b1d498a577c0
Gentoftekredsen,https://valg.dk/fv/987875fe-0dae-42ac-be5b-62cf0bd5d65e/nomination-district/ad32adcd-a707-4aa8-960e-0fa56cb2d837,Dyssegård,https://valg.dk/fv/987875fe-0dae-42ac-be5b-62cf0bd5d65e/nomination-district/ad32adcd-a707-4aa8-960e-0fa56cb2d837/polling-district/5f4a2beb-60aa-496a-b11a-e3283f42f9bc
Gentoftekredsen,https://valg.dk/fv/987875fe-0dae-42ac-be5b-62cf0bd5d65e/nomination-district/ad32adcd-a707-4aa8-960e-0fa56cb2d837,Hellerup,https://valg.dk/fv/987875fe-0dae-42ac-be5b-62cf0bd5d65e/nomination-district/ad32adcd-a707-4aa8-960e-0fa56cb2d837/polling-district/bb2b07c2-6f8b-4629-b3d4-b9072f094a39
Gentoftekredsen,https://valg.dk/fv/987875fe-0dae-42ac-be5b-62cf0bd5d65e/nomination-district/ad32adcd-a707-4aa8-960e-0fa56cb2d837,Jægersborg,https://valg.dk/fv/987875fe-0dae-42ac-be5b-62cf0bd5d65e/nomination-district/ad32adcd-a707-4aa8-960e-0fa56cb2d837/polling-district/b2a6bfdc-94cd-4ae5-a588-891428e242e5
Gentoftekredsen,https://valg.dk/fv/987875fe-0dae-42ac-be5b-62cf0bd5d65e/nomination-district/ad32adcd-a707-4aa8-960e-0fa56cb2d837,Maglegård,https://valg.dk/fv/987875fe-0dae-42ac-be5b-62cf0bd5d65e/nomination-district/ad32adcd-a707-4aa8-960e-0fa56cb2d837/polling-district/6c5b77c3-debc-4ba4-8043-162f3ed3a974
Gentoftekredsen,https://valg.dk/fv/987875fe-0dae-42ac-be5b-62cf0bd5d65e/nomination-district/ad32adcd-a707-4aa8-960e-0fa56cb2d837,Munkegård,https://valg.dk/fv/987875fe-0dae-42ac-be5b-62cf0bd5d65e/nomination-district/ad32adcd-a707-4aa8-960e-0fa56cb2d837/polling-district/e14ed532-c5de-4983-abae-0ddc9d4139fd
Gentoftekredsen,https://valg.dk/fv/987875fe-0dae-42ac-be5b-62cf0bd5d65e/nomination-district/ad32adcd-a707-4aa8-960e-0fa56cb2d837,Ordrup,https://valg.dk/fv/987875fe-0dae-42ac-be5b-62cf0bd5d65e/nomination-district/ad32adcd-a707-4aa8-960e-0fa56cb2d837/polling-district/5963c698-d584-404a-8764-b9b4e32a9c6e
Gentoftekredsen,https://valg.dk/fv/987875fe-0dae-42ac-be5b-62cf0bd5d65e/nomination-district/ad32adcd-a707-4aa8-960e-0fa56cb2d837,Rådhuset,https://valg.dk/fv/987875fe-0dae-42ac-be5b-62cf0bd5d65e/nomination-district/ad32adcd-a707-4aa8-960e-0fa56cb2d837/polling-district/f3796a56-708d-49f1-97c4-1b3e887d9c8c
Gentoftekredsen,https://valg.dk/fv/987875fe-0dae-42ac-be5b-62cf0bd5d65e/nomination-district/ad32adcd-a707-4aa8-960e-0fa56cb2d837,Skovgård,https://valg.dk/fv/987875fe-0dae-42ac-be5b-62cf0bd5d65e/nomination-district/ad32adcd-a707-4aa8-960e-0fa56cb2d837/polling-district/e10f9603-a61c-49f0-8e61-bc02ae9cb6fd
Gentoftekredsen,https://valg.dk/fv/987875fe-0dae-42ac-be5b-62cf0bd5d65e/nomination-district/ad32adcd-a707-4aa8-960e-0fa56cb2d837,Skovshoved,https://valg.dk/fv/987875fe-0dae-42ac-be5b-62cf0bd5d65e/nomination-district/ad32adcd-a707-4aa8-960e-0fa56cb2d837/polling-district/1b18e944-f671-40a5-8a94-a8926cf78a3c
Gladsaxekredsen,https://valg.dk/fv/987875fe-0dae-42ac-be5b-62cf0bd5d65e/nomination-district/d820d5a8-990e-47d0-a99e-29f4fda8a1ba,Bagsværd,https://valg.dk/fv/987875fe-0dae-42ac-be5b-62cf0bd5d65e/nomination-district/d820d5a8-990e-47d0-a99e-29f4fda8a1ba/polling-district/82330afa-763f-4c82-88eb-5c617f755071
Gladsaxekredsen,https://valg.dk/fv/987875fe-0dae-42ac-be5b-62cf0bd5d65e/nomination-district/d820d5a8-990e-47d0-a99e-29f4fda8a1ba,Egegård,https://valg.dk/fv/987875fe-0dae-42ac-be5b-62cf0bd5d65e/nomination-district/d820d5a8-990e-47d0-a99e-29f4fda8a1ba/polling-district/b922a449-846c-473e-b415-195b7e219378
Gladsaxekredsen,https://valg.dk/fv/987875fe-0dae-42ac-be5b-62cf0bd5d65e/nomination-district/d820d5a8-990e-47d0-a99e-29f4fda8a1ba,Grønnemose,https://valg.dk/fv/987875fe-0dae-42ac-be5b-62cf0bd5d65e/nomination-district/d820d5a8-990e-47d0-a99e-29f4fda8a1ba/polling-district/8e1f4197-e612-4afe-95b1-d8bc3d0c9829
Gladsaxekredsen,https://valg.dk/fv/987875fe-0dae-42ac-be5b-62cf0bd5d65e/nomination-district/d820d5a8-990e-47d0-a99e-29f4fda8a1ba,Hovedbiblioteket,https://valg.dk/fv/987875fe-0dae-42ac-be5b-62cf0bd5d65e/nomination-district/d820d5a8-990e-47d0-a99e-29f4fda8a1ba/polling-district/e6427342-f3c5-4299-88ac-ea31981b8457
Gladsaxekredsen,https://valg.dk/fv/987875fe-0dae-42ac-be5b-62cf0bd5d65e/nomination-district/d820d5a8-990e-47d0-a99e-29f4fda8a1ba,Mørkhøj,https://valg.dk/fv/987875fe-0dae-42ac-be5b-62cf0bd5d65e/nomination-district/d820d5a8-990e-47d0-a99e-29f4fda8a1ba/polling-district/28b0e35f-130b-4ff2-87c0-97ee4e5cc2fc
Gladsaxekredsen,https://valg.dk/fv/987875fe-0dae-42ac-be5b-62cf0bd5d65e/nomination-district/d820d5a8-990e-47d0-a99e-29f4fda8a1ba,Stengård,https://valg.dk/fv/987875fe-0dae-42ac-be5b-62cf0bd5d65e/nomination-district/d820d5a8-990e-47d0-a99e-29f4fda8a1ba/polling-district/f49d334e-1bbc-4d64-a168-1e665173f2c0
Gladsaxekredsen,https://valg.dk/fv/987875fe-0dae-42ac-be5b-62cf0bd5d65e/nomination-district/d820d5a8-990e-47d0-a99e-29f4fda8a1ba,Søborg,https://valg.dk/fv/987875fe-0dae-42ac-be5b-62cf0bd5d65e/nomination-district/d820d5a8-990e-47d0-a99e-29f4fda8a1ba/polling-district/7f37628c-ddce-4669-b123-c4533d156a7f
Gladsaxekredsen,https://valg.dk/fv/987875fe-0dae-42ac-be5b-62cf0bd5d65e/nomination-district/d820d5a8-990e-47d0-a99e-29f4fda8a1ba,Vadgård,https://valg.dk/fv/987875fe-0dae-42ac-be5b-62cf0bd5d65e/nomination-district/d820d5a8-990e-47d0-a99e-29f4fda8a1ba/polling-district/e22ce8e5-4be2-477c-8122-8464695e47bd
Gladsaxekredsen,https://valg.dk/fv/987875fe-0dae-42ac-be5b-62cf0bd5d65e/nomination-district/d820d5a8-990e-47d0-a99e-29f4fda8a1ba,Værebro,https://valg.dk/fv/987875fe-0dae-42ac-be5b-62cf0bd5d65e/nomination-district/d820d5a8-990e-47d0-a99e-29f4fda8a1ba/polling-district/62409faa-7b22-4fe8-8089-b44a01b399ee
Grevekredsen,https://valg.dk/fv/987875fe-0dae-42ac-be5b-62cf0bd5d65e/nomination-district/3b025e38-f1f8-476b-9573-9ba273c5f779,Arenaskolen,https://valg.dk/fv/987875fe-0dae-42ac-be5b-62cf0bd5d65e/nomination-district/3b025e38-f1f8-476b-9573-9ba273c5f779/polling-district/e8bbc74b-f5ae-4422-a778-707bac8b4b9f
Grevekredsen,https://valg.dk/fv/987875fe-0dae-42ac-be5b-62cf0bd5d65e/nomination-district/3b025e38-f1f8-476b-9573-9ba273c5f779,Det Nordlige Strandområde,https://valg.dk/fv/987875fe-0dae-42ac-be5b-62cf0bd5d65e/nomination-district/3b025e38-f1f8-476b-9573-9ba273c5f779/polling-district/d2e9d80a-071e-41bd-af6e-6d8639efbb7c
Grevekredsen,https://valg.dk/fv/987875fe-0dae-42ac-be5b-62cf0bd5d65e/nomination-district/3b025e38-f1f8-476b-9573-9ba273c5f779,Det Sydlige Strandområde,https://valg.dk/fv/987875fe-0dae-42ac-be5b-62cf0bd5d65e/nomination-district/3b025e38-f1f8-476b-9573-9ba273c5f779/polling-district/1495c29d-a878-4717-9c59-62cb987750a4
Grevekredsen,https://valg.dk/fv/987875fe-0dae-42ac-be5b-62cf0bd5d65e/nomination-district/3b025e38-f1f8-476b-9573-9ba273c5f779,Greve Idrætscenter,https://valg.dk/fv/987875fe-0dae-42ac-be5b-62cf0bd5d65e/nomination-district/3b025e38-f1f8-476b-9573-9ba273c5f779/polling-district/4944b984-edc0-464a-8c8d-2b1379db7203
Grevekredsen,https://valg.dk/fv/987875fe-0dae-42ac-be5b-62cf0bd5d65e/nomination-district/3b025e38-f1f8-476b-9573-9ba273c5f779,Havdrup,https://valg.dk/fv/987875fe-0dae-42ac-be5b-62cf0bd5d65e/nomination-district/3b025e38-f1f8-476b-9573-9ba273c5f779/polling-district/d6890b0c-201a-4050-bcff-217deb877816
Grevekredsen,https://valg.dk/fv/987875fe-0dae-42ac-be5b-62cf0bd5d65e/nomination-district/3b025e38-f1f8-476b-9573-9ba273c5f779,Karlslundehallerne,https://valg.dk/fv/987875fe-0dae-42ac-be5b-62cf0bd5d65e/nomination-district/3b025e38-f1f8-476b-9573-9ba273c5f779/polling-district/019e891c-fddd-48ac-83f2-14af86761b62
Grevekredsen,https://valg.dk/fv/987875fe-0dae-42ac-be5b-62cf0bd5d65e/nomination-district/3b025e38-f1f8-476b-9573-9ba273c5f779,Mosedeskolen,https://valg.dk/fv/987875fe-0dae-42ac-be5b-62cf0bd5d65e/nomination-district/3b025e38-f1f8-476b-9573-9ba273c5f779/polling-district/bdcba72b-a803-40af-8599-aa9df2970045
Grevekredsen,https://valg.dk/fv/987875fe-0dae-42ac-be5b-62cf0bd5d65e/nomination-district/3b025e38-f1f8-476b-9573-9ba273c5f779,Tunehallerne,https://valg.dk/fv/987875fe-0dae-42ac-be5b-62cf0bd5d65e/nomination-district/3b025e38-f1f8-476b-9573-9ba273c5f779/polling-district/f28c8452-401c-4e98-8b1a-dbc99ebd5cf8
Guldborgsundkredsen,https://valg.dk/fv/987875fe-0dae-42ac-be5b-62cf0bd5d65e/nomination-district/2f3e2abd-d25d-4acd-b9ff-df21e2b24ffe,Byen,https://valg.dk/fv/987875fe-0dae-42ac-be5b-62cf0bd5d65e/nomination-district/2f3e2abd-d25d-4acd-b9ff-df21e2b24ffe/polling-district/d40a2024-e01e-480e-aa3f-02618e073096
Guldborgsundkredsen,https://valg.dk/fv/987875fe-0dae-42ac-be5b-62cf0bd5d65e/nomination-district/2f3e2abd-d25d-4acd-b9ff-df21e2b24ffe,Ejegod,https://valg.dk/fv/987875fe-0dae-42ac-be5b-62cf0bd5d65e/nomination-district/2f3e2abd-d25d-4acd-b9ff-df21e2b24ffe/polling-district/1f810a78-f5f6-4ab1-8726-5d0e5314bd47
Guldborgsundkredsen,https://valg.dk/fv/987875fe-0dae-42ac-be5b-62cf0bd5d65e/nomination-district/2f3e2abd-d25d-4acd-b9ff-df21e2b24ffe,Eskilstrup,https://valg.dk/fv/987875fe-0dae-42ac-be5b-62cf0bd5d65e/nomination-district/2f3e2abd-d25d-4acd-b9ff-df21e2b24ffe/polling-district/7ec171e8-892e-4fda-bb5e-cb3cca6336f6
Guldborgsundkredsen,https://valg.dk/fv/987875fe-0dae-42ac-be5b-62cf0bd5d65e/nomination-district/2f3e2abd-d25d-4acd-b9ff-df21e2b24ffe,Gedser,https://valg.dk/fv/987875fe-0dae-42ac-be5b-62cf0bd5d65e/nomination-district/2f3e2abd-d25d-4acd-b9ff-df21e2b24ffe/polling-district/ff25f8f0-1aea-4b7c-9362-bda11af77fee
Guldborgsundkredsen,https://valg.dk/fv/987875fe-0dae-42ac-be5b-62cf0bd5d65e/nomination-district/2f3e2abd-d25d-4acd-b9ff-df21e2b24ffe,Horreby,https://valg.dk/fv/987875fe-0dae-42ac-be5b-62cf0bd5d65e/nomination-district/2f3e2abd-d25d-4acd-b9ff-df21e2b24ffe/polling-district/06a67e04-8770-43b7-94db-d6354619bb48
Guldborgsundkredsen,https://valg.dk/fv/987875fe-0dae-42ac-be5b-62cf0bd5d65e/nomination-district/2f3e2abd-d25d-4acd-b9ff-df21e2b24ffe,Idestrup,https://valg.dk/fv/987875fe-0dae-42ac-be5b-62cf0bd5d65e/nomination-district/2f3e2abd-d25d-4acd-b9ff-df21e2b24ffe/polling-district/144b36ec-4b67-462d-817b-29a8c66ef170
Guldborgsundkredsen,https://valg.dk/fv/987875fe-0dae-42ac-be5b-62cf0bd5d65e/nomination-district/2f3e2abd-d25d-4acd-b9ff-df21e2b24ffe,Kraghave,https://valg.dk/fv/987875fe-0dae-42ac-be5b-62cf0bd5d65e/nomination-district/2f3e2abd-d25d-4acd-b9ff-df21e2b24ffe/polling-district/2093195f-f1a3-4f64-a709-da442fa4dfa9
Guldborgsundkredsen,https://valg.dk/fv/987875fe-0dae-42ac-be5b-62cf0bd5d65e/nomination-district/2f3e2abd-d25d-4acd-b9ff-df21e2b24ffe,Lindeskov,https://valg.dk/fv/987875fe-0dae-42ac-be5b-62cf0bd5d65e/nomination-district/2f3e2abd-d25d-4acd-b9ff-df21e2b24ffe/polling-district/03a48b3a-c89b-4e5d-b867-3fe001ada7a0
Guldborgsundkredsen,https://valg.dk/fv/987875fe-0dae-42ac-be5b-62cf0bd5d65e/nomination-district/2f3e2abd-d25d-4acd-b9ff-df21e2b24ffe,Majbølle,https://valg.dk/fv/987875fe-0dae-42ac-be5b-62cf0bd5d65e/nomination-district/2f3e2abd-d25d-4acd-b9ff-df21e2b24ffe/polling-district/8f3684ef-3bbe-4a66-9f7b-4ceee518f75d
Guldborgsundkredsen,https://valg.dk/fv/987875fe-0dae-42ac-be5b-62cf0bd5d65e/nomination-district/2f3e2abd-d25d-4acd-b9ff-df21e2b24ffe,Nysted,https://valg.dk/fv/987875fe-0dae-42ac-be5b-62cf0bd5d65e/nomination-district/2f3e2abd-d25d-4acd-b9ff-df21e2b24ffe/polling-district/c71ebe89-edd1-45ed-bb95-d886c22b3bf7
Guldborgsundkredsen,https://valg.dk/fv/987875fe-0dae-42ac-be5b-62cf0bd5d65e/nomination-district/2f3e2abd-d25d-4acd-b9ff-df21e2b24ffe,Nørre Alslev,https://valg.dk/fv/987875fe-0dae-42ac-be5b-62cf0bd5d65e/nomination-district/2f3e2abd-d25d-4acd-b9ff-df21e2b24ffe/polling-district/3e502463-ae2b-4181-ae21-0626f2be7bc2
Guldborgsundkredsen,https://valg.dk/fv/987875fe-0dae-42ac-be5b-62cf0bd5d65e/nomination-district/2f3e2abd-d25d-4acd-b9ff-df21e2b24ffe,Nørre Vedby,https://valg.dk/fv/987875fe-0dae-42ac-be5b-62cf0bd5d65e/nomination-district/2f3e2abd-d25d-4acd-b9ff-df21e2b24ffe/polling-district/78a2d3aa-1016-43ca-9ea5-0405e8592c75
Guldborgsundkredsen,https://valg.dk/fv/987875fe-0dae-42ac-be5b-62cf0bd5d65e/nomination-district/2f3e2abd-d25d-4acd-b9ff-df21e2b24ffe,Sakskøbing,https://valg.dk/fv/987875fe-0dae-42ac-be5b-62cf0bd5d65e/nomination-district/2f3e2abd-d25d-4acd-b9ff-df21e2b24ffe/polling-district/0d25cd10-4acb-48f1-9ebc-1ff43d52b6ad
Guldborgsundkredsen,https://valg.dk/fv/987875fe-0dae-42ac-be5b-62cf0bd5d65e/nomination-district/2f3e2abd-d25d-4acd-b9ff-df21e2b24ffe,Stubbekøbing,https://valg.dk/fv/987875fe-0dae-42ac-be5b-62cf0bd5d65e/nomination-district/2f3e2abd-d25d-4acd-b9ff-df21e2b24ffe/polling-district/19f58594-2d2d-447e-9f79-e1cd8df9a6d5
Guldborgsundkredsen,https://valg.dk/fv/987875fe-0dae-42ac-be5b-62cf0bd5d65e/nomination-district/2f3e2abd-d25d-4acd-b9ff-df21e2b24ffe,Sundby,https://valg.dk/fv/987875fe-0dae-42ac-be5b-62cf0bd5d65e/nomination-district/2f3e2abd-d25d-4acd-b9ff-df21e2b24ffe/polling-district/bf79aefb-e7f4-44dd-b2fc-8123a3f7b6c8
Guldborgsundkredsen,https://valg.dk/fv/987875fe-0dae-42ac-be5b-62cf0bd5d65e/nomination-district/2f3e2abd-d25d-4acd-b9ff-df21e2b24ffe,Toreby,https://valg.dk/fv/987875fe-0dae-42ac-be5b-62cf0bd5d65e/nomination-district/2f3e2abd-d25d-4acd-b9ff-df21e2b24ffe/polling-district/cc4c9a7e-4eca-44a1-a48c-537701c21192
Guldborgsundkredsen,https://valg.dk/fv/987875fe-0dae-42ac-be5b-62cf0bd5d65e/nomination-district/2f3e2abd-d25d-4acd-b9ff-df21e2b24ffe,Våbensted,https://valg.dk/fv/987875fe-0dae-42ac-be5b-62cf0bd5d65e/nomination-district/2f3e2abd-d25d-4acd-b9ff-df21e2b24ffe/polling-district/37824fa6-3e51-4ba5-8cdc-7342156ea7c0
Guldborgsundkredsen,https://valg.dk/fv/987875fe-0dae-42ac-be5b-62cf0bd5d65e/nomination-district/2f3e2abd-d25d-4acd-b9ff-df21e2b24ffe,Væggerløse,https://valg.dk/fv/987875fe-0dae-42ac-be5b-62cf0bd5d65e/nomination-district/2f3e2abd-d25d-4acd-b9ff-df21e2b24ffe/polling-district/da4d1435-d35d-4fac-95ac-33fa95a0b431
Guldborgsundkredsen,https://valg.dk/fv/987875fe-0dae-42ac-be5b-62cf0bd5d65e/nomination-district/2f3e2abd-d25d-4acd-b9ff-df21e2b24ffe,Øster Ulslev,https://valg.dk/fv/987875fe-0dae-42ac-be5b-62cf0bd5d65e/nomination-district/2f3e2abd-d25d-4acd-b9ff-df21e2b24ffe/polling-district/54752394-d2ef-4a65-a3ae-7fdf6a516e0c
Guldborgsundkredsen,https://valg.dk/fv/987875fe-0dae-42ac-be5b-62cf0bd5d65e/nomination-district/2f3e2abd-d25d-4acd-b9ff-df21e2b24ffe,Østerbro,https://valg.dk/fv/987875fe-0dae-42ac-be5b-62cf0bd5d65e/nomination-district/2f3e2abd-d25d-4acd-b9ff-df21e2b24ffe/polling-district/2ed93a5a-eabc-4b89-940a-3f3c57082aaa
Haderslevkredsen,https://valg.dk/fv/987875fe-0dae-42ac-be5b-62cf0bd5d65e/nomination-district/cc4324db-9aea-4a6c-926d-aaed94adbec3,Aarø,https://valg.dk/fv/987875fe-0dae-42ac-be5b-62cf0bd5d65e/nomination-district/cc4324db-9aea-4a6c-926d-aaed94adbec3/polling-district/c0bdaccc-0a82-435b-92cb-891b8e122404
Haderslevkredsen,https://valg.dk/fv/987875fe-0dae-42ac-be5b-62cf0bd5d65e/nomination-district/cc4324db-9aea-4a6c-926d-aaed94adbec3,Aastrup,https://valg.dk/fv/987875fe-0dae-42ac-be5b-62cf0bd5d65e/nomination-district/cc4324db-9aea-4a6c-926d-aaed94adbec3/polling-district/2df994b9-4372-4ac2-920e-6ed91a158bb5
Haderslevkredsen,https://valg.dk/fv/987875fe-0dae-42ac-be5b-62cf0bd5d65e/nomination-district/cc4324db-9aea-4a6c-926d-aaed94adbec3,Arnum,https://valg.dk/fv/987875fe-0dae-42ac-be5b-62cf0bd5d65e/nomination-district/cc4324db-9aea-4a6c-926d-aaed94adbec3/polling-district/231cb6b9-22a6-48d8-8231-1b6b9394d81f
Haderslevkredsen,https://valg.dk/fv/987875fe-0dae-42ac-be5b-62cf0bd5d65e/nomination-district/cc4324db-9aea-4a6c-926d-aaed94adbec3,Bevtoft,https://valg.dk/fv/987875fe-0dae-42ac-be5b-62cf0bd5d65e/nomination-district/cc4324db-9aea-4a6c-926d-aaed94adbec3/polling-district/f830c82a-095b-47b0-b947-ad5b1ec8bfea
Haderslevkredsen,https://valg.dk/fv/987875fe-0dae-42ac-be5b-62cf0bd5d65e/nomination-district/cc4324db-9aea-4a6c-926d-aaed94adbec3,Fjelstrup,https://valg.dk/fv/987875fe-0dae-42ac-be5b-62cf0bd5d65e/nomination-district/cc4324db-9aea-4a6c-926d-aaed94adbec3/polling-district/8515fa30-d87d-48ac-aebd-7945f30bd346
Haderslevkredsen,https://valg.dk/fv/987875fe-0dae-42ac-be5b-62cf0bd5d65e/nomination-district/cc4324db-9aea-4a6c-926d-aaed94adbec3,Fole,https://valg.dk/fv/987875fe-0dae-42ac-be5b-62cf0bd5d65e/nomination-district/cc4324db-9aea-4a6c-926d-aaed94adbec3/polling-district/a9ba0493-678d-4bae-ab7c-4cf05831d12e
Haderslevkredsen,https://valg.dk/fv/987875fe-0dae-42ac-be5b-62cf0bd5d65e/nomination-district/cc4324db-9aea-4a6c-926d-aaed94adbec3,Gram,https://valg.dk/fv/987875fe-0dae-42ac-be5b-62cf0bd5d65e/nomination-district/cc4324db-9aea-4a6c-926d-aaed94adbec3/polling-district/ed298078-06d2-471f-8c0d-dacb698d5bec
Haderslevkredsen,https://valg.dk/fv/987875fe-0dae-42ac-be5b-62cf0bd5d65e/nomination-district/cc4324db-9aea-4a6c-926d-aaed94adbec3,Haderslev Midtby,https://valg.dk/fv/987875fe-0dae-42ac-be5b-62cf0bd5d65e/nomination-district/cc4324db-9aea-4a6c-926d-aaed94adbec3/polling-district/92f3130c-0723-4e95-809f-2091abc41334
Haderslevkredsen,https://valg.dk/fv/987875fe-0dae-42ac-be5b-62cf0bd5d65e/nomination-district/cc4324db-9aea-4a6c-926d-aaed94adbec3,Haderslev Nord,https://valg.dk/fv/987875fe-0dae-42ac-be5b-62cf0bd5d65e/nomination-district/cc4324db-9aea-4a6c-926d-aaed94adbec3/polling-district/fd9e4a48-4b0b-4b08-b944-e1f59fb1b070
Haderslevkredsen,https://valg.dk/fv/987875fe-0dae-42ac-be5b-62cf0bd5d65e/nomination-district/cc4324db-9aea-4a6c-926d-aaed94adbec3,Haderslev Syd,https://valg.dk/fv/987875fe-0dae-42ac-be5b-62cf0bd5d65e/nomination-district/cc4324db-9aea-4a6c-926d-aaed94adbec3/polling-district/dc5e7dab-9e7b-4e72-87d8-36b8d403a47f
Haderslevkredsen,https://valg.dk/fv/987875fe-0dae-42ac-be5b-62cf0bd5d65e/nomination-district/cc4324db-9aea-4a6c-926d-aaed94adbec3,Haderslev Syd-Vest,https://valg.dk/fv/987875fe-0dae-42ac-be5b-62cf0bd5d65e/nomination-district/cc4324db-9aea-4a6c-926d-aaed94adbec3/polling-district/101212e4-3cd5-4866-bf22-21b5db57d70d
Haderslevkredsen,https://valg.dk/fv/987875fe-0dae-42ac-be5b-62cf0bd5d65e/nomination-district/cc4324db-9aea-4a6c-926d-aaed94adbec3,Haderslev Vest,https://valg.dk/fv/987875fe-0dae-42ac-be5b-62cf0bd5d65e/nomination-district/cc4324db-9aea-4a6c-926d-aaed94adbec3/polling-district/990629eb-0990-4145-b4b1-dd37db3ecc08
Haderslevkredsen,https://valg.dk/fv/987875fe-0dae-42ac-be5b-62cf0bd5d65e/nomination-district/cc4324db-9aea-4a6c-926d-aaed94adbec3,Haderslev Øst,https://valg.dk/fv/987875fe-0dae-42ac-be5b-62cf0bd5d65e/nomination-district/cc4324db-9aea-4a6c-926d-aaed94adbec3/polling-district/491c79b1-b14f-4563-b882-d561102d28cb
Haderslevkredsen,https://valg.dk/fv/987875fe-0dae-42ac-be5b-62cf0bd5d65e/nomination-district/cc4324db-9aea-4a6c-926d-aaed94adbec3,Halk,https://valg.dk/fv/987875fe-0dae-42ac-be5b-62cf0bd5d65e/nomination-district/cc4324db-9aea-4a6c-926d-aaed94adbec3/polling-district/e78ffe66-ed94-4fb4-9432-c03e850604ff
Haderslevkredsen,https://valg.dk/fv/987875fe-0dae-42ac-be5b-62cf0bd5d65e/nomination-district/cc4324db-9aea-4a6c-926d-aaed94adbec3,Hammelev,https://valg.dk/fv/987875fe-0dae-42ac-be5b-62cf0bd5d65e/nomination-district/cc4324db-9aea-4a6c-926d-aaed94adbec3/polling-district/e0de76a4-098b-45fe-a1d6-dd91a6859e3b
Haderslevkredsen,https://valg.dk/fv/987875fe-0dae-42ac-be5b-62cf0bd5d65e/nomination-district/cc4324db-9aea-4a6c-926d-aaed94adbec3,Hoptrup,https://valg.dk/fv/987875fe-0dae-42ac-be5b-62cf0bd5d65e/nomination-district/cc4324db-9aea-4a6c-926d-aaed94adbec3/polling-district/6a58373d-82b3-420d-91cb-be173f14f49c
Haderslevkredsen,https://valg.dk/fv/987875fe-0dae-42ac-be5b-62cf0bd5d65e/nomination-district/cc4324db-9aea-4a6c-926d-aaed94adbec3,Jegerup,https://valg.dk/fv/987875fe-0dae-42ac-be5b-62cf0bd5d65e/nomination-district/cc4324db-9aea-4a6c-926d-aaed94adbec3/polling-district/5f82ec26-6a9a-4505-bc57-1f37f071991b
Haderslevkredsen,https://valg.dk/fv/987875fe-0dae-42ac-be5b-62cf0bd5d65e/nomination-district/cc4324db-9aea-4a6c-926d-aaed94adbec3,Kelstrup,https://valg.dk/fv/987875fe-0dae-42ac-be5b-62cf0bd5d65e/nomination-district/cc4324db-9aea-4a6c-926d-aaed94adbec3/polling-district/414cd671-2e91-4b79-852f-2a40ce71f01a
Haderslevkredsen,https://valg.dk/fv/987875fe-0dae-42ac-be5b-62cf0bd5d65e/nomination-district/cc4324db-9aea-4a6c-926d-aaed94adbec3,Marstrup,https://valg.dk/fv/987875fe-0dae-42ac-be5b-62cf0bd5d65e/nomination-district/cc4324db-9aea-4a6c-926d-aaed94adbec3/polling-district/47b44a07-8020-4156-9a24-db0b4c391d18
Haderslevkredsen,https://valg.dk/fv/987875fe-0dae-42ac-be5b-62cf0bd5d65e/nomination-district/cc4324db-9aea-4a6c-926d-aaed94adbec3,Moltrup,https://valg.dk/fv/987875fe-0dae-42ac-be5b-62cf0bd5d65e/nomination-district/cc4324db-9aea-4a6c-926d-aaed94adbec3/polling-district/a946e0c1-0eb4-4cf3-b99a-0fa1730107ca
Haderslevkredsen,https://valg.dk/fv/987875fe-0dae-42ac-be5b-62cf0bd5d65e/nomination-district/cc4324db-9aea-4a6c-926d-aaed94adbec3,Nustrup,https://valg.dk/fv/987875fe-0dae-42ac-be5b-62cf0bd5d65e/nomination-district/cc4324db-9aea-4a6c-926d-aaed94adbec3/polling-district/e528ba0f-8613-4614-818c-36d3c7ba057c
Haderslevkredsen,https://valg.dk/fv/987875fe-0dae-42ac-be5b-62cf0bd5d65e/nomination-district/cc4324db-9aea-4a6c-926d-aaed94adbec3,Oksenvad,https://valg.dk/fv/987875fe-0dae-42ac-be5b-62cf0bd5d65e/nomination-district/cc4324db-9aea-4a6c-926d-aaed94adbec3/polling-district/7ab3ba47-b6eb-482a-8cf6-722be5fcd847
Haderslevkredsen,https://valg.dk/fv/987875fe-0dae-42ac-be5b-62cf0bd5d65e/nomination-district/cc4324db-9aea-4a6c-926d-aaed94adbec3,Over Jerstal,https://valg.dk/fv/987875fe-0dae-42ac-be5b-62cf0bd5d65e/nomination-district/cc4324db-9aea-4a6c-926d-aaed94adbec3/polling-district/c6579f81-01c7-48bf-bdf1-44b7f79636b3
Haderslevkredsen,https://valg.dk/fv/987875fe-0dae-42ac-be5b-62cf0bd5d65e/nomination-district/cc4324db-9aea-4a6c-926d-aaed94adbec3,Simmersted,https://valg.dk/fv/987875fe-0dae-42ac-be5b-62cf0bd5d65e/nomination-district/cc4324db-9aea-4a6c-926d-aaed94adbec3/polling-district/501b2e14-d942-47e3-b740-15c60a775dad
Haderslevkredsen,https://valg.dk/fv/987875fe-0dae-42ac-be5b-62cf0bd5d65e/nomination-district/cc4324db-9aea-4a6c-926d-aaed94adbec3,Skrydstrup,https://valg.dk/fv/987875fe-0dae-42ac-be5b-62cf0bd5d65e/nomination-district/cc4324db-9aea-4a6c-926d-aaed94adbec3/polling-district/204d7037-09fa-4878-8636-27d5670bc929
Haderslevkredsen,https://valg.dk/fv/987875fe-0dae-42ac-be5b-62cf0bd5d65e/nomination-district/cc4324db-9aea-4a6c-926d-aaed94adbec3,Sommersted,https://valg.dk/fv/987875fe-0dae-42ac-be5b-62cf0bd5d65e/nomination-district/cc4324db-9aea-4a6c-926d-aaed94adbec3/polling-district/22612fe1-542d-4f93-84bc-619f27042b8c
Haderslevkredsen,https://valg.dk/fv/987875fe-0dae-42ac-be5b-62cf0bd5d65e/nomination-district/cc4324db-9aea-4a6c-926d-aaed94adbec3,Starup,https://valg.dk/fv/987875fe-0dae-42ac-be5b-62cf0bd5d65e/nomination-district/cc4324db-9aea-4a6c-926d-aaed94adbec3/polling-district/73bfcd89-6087-4987-b643-967d6209f778
Haderslevkredsen,https://valg.dk/fv/987875fe-0dae-42ac-be5b-62cf0bd5d65e/nomination-district/cc4324db-9aea-4a6c-926d-aaed94adbec3,Tiset,https://valg.dk/fv/987875fe-0dae-42ac-be5b-62cf0bd5d65e/nomination-district/cc4324db-9aea-4a6c-926d-aaed94adbec3/polling-district/2f5328cf-9c53-41ba-8841-e9c533f925f3
Haderslevkredsen,https://valg.dk/fv/987875fe-0dae-42ac-be5b-62cf0bd5d65e/nomination-district/cc4324db-9aea-4a6c-926d-aaed94adbec3,Vedsted,https://valg.dk/fv/987875fe-0dae-42ac-be5b-62cf0bd5d65e/nomination-district/cc4324db-9aea-4a6c-926d-aaed94adbec3/polling-district/de20e078-a216-46f9-9cbf-3dc33dd46061
Haderslevkredsen,https://valg.dk/fv/987875fe-0dae-42ac-be5b-62cf0bd5d65e/nomination-district/cc4324db-9aea-4a6c-926d-aaed94adbec3,Vilstrup,https://valg.dk/fv/987875fe-0dae-42ac-be5b-62cf0bd5d65e/nomination-district/cc4324db-9aea-4a6c-926d-aaed94adbec3/polling-district/c106ea4f-4cf4-4176-9837-282e847b00b4
Haderslevkredsen,https://valg.dk/fv/987875fe-0dae-42ac-be5b-62cf0bd5d65e/nomination-district/cc4324db-9aea-4a6c-926d-aaed94adbec3,Vojens Vest,https://valg.dk/fv/987875fe-0dae-42ac-be5b-62cf0bd5d65e/nomination-district/cc4324db-9aea-4a6c-926d-aaed94adbec3/polling-district/ccb2c849-4121-4550-92a6-e7cc5192a77e
Haderslevkredsen,https://valg.dk/fv/987875fe-0dae-42ac-be5b-62cf0bd5d65e/nomination-district/cc4324db-9aea-4a6c-926d-aaed94adbec3,Vojens Øst,https://valg.dk/fv/987875fe-0dae-42ac-be5b-62cf0bd5d65e/nomination-district/cc4324db-9aea-4a6c-926d-aaed94adbec3/polling-district/b8672ed7-d1ef-44a0-af87-a7e0d9b7e5d5
Haderslevkredsen,https://valg.dk/fv/987875fe-0dae-42ac-be5b-62cf0bd5d65e/nomination-district/cc4324db-9aea-4a6c-926d-aaed94adbec3,Vonsbæk,https://valg.dk/fv/987875fe-0dae-42ac-be5b-62cf0bd5d65e/nomination-district/cc4324db-9aea-4a6c-926d-aaed94adbec3/polling-district/1607fa13-76c8-4bca-ad2d-96882f485a73
Haderslevkredsen,https://valg.dk/fv/987875fe-0dae-42ac-be5b-62cf0bd5d65e/nomination-district/cc4324db-9aea-4a6c-926d-aaed94adbec3,Øsby,https://valg.dk/fv/987875fe-0dae-42ac-be5b-62cf0bd5d65e/nomination-district/cc4324db-9aea-4a6c-926d-aaed94adbec3/polling-district/7d90ec44-677f-467c-81ae-9c926067233b
Hedenstedkredsen,https://valg.dk/fv/987875fe-0dae-42ac-be5b-62cf0bd5d65e/nomination-district/ca6ffc95-5dc2-48ed-8ebe-7f50b5d46191,Aale,https://valg.dk/fv/987875fe-0dae-42ac-be5b-62cf0bd5d65e/nomination-district/ca6ffc95-5dc2-48ed-8ebe-7f50b5d46191/polling-district/b4990eee-bb2b-4f62-825c-a116fd4b35bc
Hedenstedkredsen,https://valg.dk/fv/987875fe-0dae-42ac-be5b-62cf0bd5d65e/nomination-district/ca6ffc95-5dc2-48ed-8ebe-7f50b5d46191,As,https://valg.dk/fv/987875fe-0dae-42ac-be5b-62cf0bd5d65e/nomination-district/ca6ffc95-5dc2-48ed-8ebe-7f50b5d46191/polling-district/2c3ddeb2-7acc-404d-93b6-a2db64a12a6e
Hedenstedkredsen,https://valg.dk/fv/987875fe-0dae-42ac-be5b-62cf0bd5d65e/nomination-district/ca6ffc95-5dc2-48ed-8ebe-7f50b5d46191,Barrit,https://valg.dk/fv/987875fe-0dae-42ac-be5b-62cf0bd5d65e/nomination-district/ca6ffc95-5dc2-48ed-8ebe-7f50b5d46191/polling-district/80f8437c-de4f-4ec0-9f2b-d5c59c6c509e
Hedenstedkredsen,https://valg.dk/fv/987875fe-0dae-42ac-be5b-62cf0bd5d65e/nomination-district/ca6ffc95-5dc2-48ed-8ebe-7f50b5d46191,Bjerre,https://valg.dk/fv/987875fe-0dae-42ac-be5b-62cf0bd5d65e/nomination-district/ca6ffc95-5dc2-48ed-8ebe-7f50b5d46191/polling-district/617bac5e-8196-4b65-872b-2dfa22f02626
Hedenstedkredsen,https://valg.dk/fv/987875fe-0dae-42ac-be5b-62cf0bd5d65e/nomination-district/ca6ffc95-5dc2-48ed-8ebe-7f50b5d46191,Daugård Og Ørum Sogne,https://valg.dk/fv/987875fe-0dae-42ac-be5b-62cf0bd5d65e/nomination-district/ca6ffc95-5dc2-48ed-8ebe-7f50b5d46191/polling-district/b9d6eb10-13fa-4a5b-95cc-e61407dc366d
Hedenstedkredsen,https://valg.dk/fv/987875fe-0dae-42ac-be5b-62cf0bd5d65e/nomination-district/ca6ffc95-5dc2-48ed-8ebe-7f50b5d46191,Glud,https://valg.dk/fv/987875fe-0dae-42ac-be5b-62cf0bd5d65e/nomination-district/ca6ffc95-5dc2-48ed-8ebe-7f50b5d46191/polling-district/24f268b8-682b-4c1b-a48a-34a8da28a330
Hedenstedkredsen,https://valg.dk/fv/987875fe-0dae-42ac-be5b-62cf0bd5d65e/nomination-district/ca6ffc95-5dc2-48ed-8ebe-7f50b5d46191,"Hedensted, St.Dalby Og Urlev",https://valg.dk/fv/987875fe-0dae-42ac-be5b-62cf0bd5d65e/nomination-district/ca6ffc95-5dc2-48ed-8ebe-7f50b5d46191/polling-district/34e42794-a775-4fdc-8f49-3e564c742e43
Hedenstedkredsen,https://valg.dk/fv/987875fe-0dae-42ac-be5b-62cf0bd5d65e/nomination-district/ca6ffc95-5dc2-48ed-8ebe-7f50b5d46191,Hjarnø,https://valg.dk/fv/987875fe-0dae-42ac-be5b-62cf0bd5d65e/nomination-district/ca6ffc95-5dc2-48ed-8ebe-7f50b5d46191/polling-district/5f64e1b9-c321-481e-b72e-1b3349b55649
Hedenstedkredsen,https://valg.dk/fv/987875fe-0dae-42ac-be5b-62cf0bd5d65e/nomination-district/ca6ffc95-5dc2-48ed-8ebe-7f50b5d46191,Hjortsvang,https://valg.dk/fv/987875fe-0dae-42ac-be5b-62cf0bd5d65e/nomination-district/ca6ffc95-5dc2-48ed-8ebe-7f50b5d46191/polling-district/36a48afe-5ae0-4ff2-aa83-205323544fb4
Hedenstedkredsen,https://valg.dk/fv/987875fe-0dae-42ac-be5b-62cf0bd5d65e/nomination-district/ca6ffc95-5dc2-48ed-8ebe-7f50b5d46191,Hornborg,https://valg.dk/fv/987875fe-0dae-42ac-be5b-62cf0bd5d65e/nomination-district/ca6ffc95-5dc2-48ed-8ebe-7f50b5d46191/polling-district/e9dd1e44-e2cd-48e0-8e99-157b2fd7feeb
Hedenstedkredsen,https://valg.dk/fv/987875fe-0dae-42ac-be5b-62cf0bd5d65e/nomination-district/ca6ffc95-5dc2-48ed-8ebe-7f50b5d46191,Hornsyld,https://valg.dk/fv/987875fe-0dae-42ac-be5b-62cf0bd5d65e/nomination-district/ca6ffc95-5dc2-48ed-8ebe-7f50b5d46191/polling-district/5fb41907-276b-4839-9278-1947fec242ba
Hedenstedkredsen,https://valg.dk/fv/987875fe-0dae-42ac-be5b-62cf0bd5d65e/nomination-district/ca6ffc95-5dc2-48ed-8ebe-7f50b5d46191,Hvirring,https://valg.dk/fv/987875fe-0dae-42ac-be5b-62cf0bd5d65e/nomination-district/ca6ffc95-5dc2-48ed-8ebe-7f50b5d46191/polling-district/8cb682cb-07c8-4f21-bb3b-b4963388cd57
Hedenstedkredsen,https://valg.dk/fv/987875fe-0dae-42ac-be5b-62cf0bd5d65e/nomination-district/ca6ffc95-5dc2-48ed-8ebe-7f50b5d46191,Juelsminde/Klakring,https://valg.dk/fv/987875fe-0dae-42ac-be5b-62cf0bd5d65e/nomination-district/ca6ffc95-5dc2-48ed-8ebe-7f50b5d46191/polling-district/53690696-8d76-4c5c-b723-13deee0038aa
Hedenstedkredsen,https://valg.dk/fv/987875fe-0dae-42ac-be5b-62cf0bd5d65e/nomination-district/ca6ffc95-5dc2-48ed-8ebe-7f50b5d46191,Korning Sogn,https://valg.dk/fv/987875fe-0dae-42ac-be5b-62cf0bd5d65e/nomination-district/ca6ffc95-5dc2-48ed-8ebe-7f50b5d46191/polling-district/90861922-a510-439b-99c5-c6adf73dccd3
Hedenstedkredsen,https://valg.dk/fv/987875fe-0dae-42ac-be5b-62cf0bd5d65e/nomination-district/ca6ffc95-5dc2-48ed-8ebe-7f50b5d46191,Lindved,https://valg.dk/fv/987875fe-0dae-42ac-be5b-62cf0bd5d65e/nomination-district/ca6ffc95-5dc2-48ed-8ebe-7f50b5d46191/polling-district/81e7d2f6-6135-4429-9916-550d0710ae77
Hedenstedkredsen,https://valg.dk/fv/987875fe-0dae-42ac-be5b-62cf0bd5d65e/nomination-district/ca6ffc95-5dc2-48ed-8ebe-7f50b5d46191,Løsning Sogn,https://valg.dk/fv/987875fe-0dae-42ac-be5b-62cf0bd5d65e/nomination-district/ca6ffc95-5dc2-48ed-8ebe-7f50b5d46191/polling-district/74bbd955-3ce9-4cc3-8a2b-91bb3c5966d0
Hedenstedkredsen,https://valg.dk/fv/987875fe-0dae-42ac-be5b-62cf0bd5d65e/nomination-district/ca6ffc95-5dc2-48ed-8ebe-7f50b5d46191,Rask Mølle,https://valg.dk/fv/987875fe-0dae-42ac-be5b-62cf0bd5d65e/nomination-district/ca6ffc95-5dc2-48ed-8ebe-7f50b5d46191/polling-district/18a7cdd1-e8b4-418e-a2b5-c087fe36e4f5
Hedenstedkredsen,https://valg.dk/fv/987875fe-0dae-42ac-be5b-62cf0bd5d65e/nomination-district/ca6ffc95-5dc2-48ed-8ebe-7f50b5d46191,Rårup,https://valg.dk/fv/987875fe-0dae-42ac-be5b-62cf0bd5d65e/nomination-district/ca6ffc95-5dc2-48ed-8ebe-7f50b5d46191/polling-district/8b79c8a5-67b8-4247-9fea-91a3100a4ed9
Hedenstedkredsen,https://valg.dk/fv/987875fe-0dae-42ac-be5b-62cf0bd5d65e/nomination-district/ca6ffc95-5dc2-48ed-8ebe-7f50b5d46191,Stouby,https://valg.dk/fv/987875fe-0dae-42ac-be5b-62cf0bd5d65e/nomination-district/ca6ffc95-5dc2-48ed-8ebe-7f50b5d46191/polling-district/43e5a129-bba9-4d21-91d0-9d4437af2ba8
Hedenstedkredsen,https://valg.dk/fv/987875fe-0dae-42ac-be5b-62cf0bd5d65e/nomination-district/ca6ffc95-5dc2-48ed-8ebe-7f50b5d46191,Tørring,https://valg.dk/fv/987875fe-0dae-42ac-be5b-62cf0bd5d65e/nomination-district/ca6ffc95-5dc2-48ed-8ebe-7f50b5d46191/polling-district/41a6074f-ac9e-4145-a4f0-fa617c566afb
Hedenstedkredsen,https://valg.dk/fv/987875fe-0dae-42ac-be5b-62cf0bd5d65e/nomination-district/ca6ffc95-5dc2-48ed-8ebe-7f50b5d46191,Uldum,https://valg.dk/fv/987875fe-0dae-42ac-be5b-62cf0bd5d65e/nomination-district/ca6ffc95-5dc2-48ed-8ebe-7f50b5d46191/polling-district/c074a9c1-55ea-4579-a33d-add6f58f86ee
Hedenstedkredsen,https://valg.dk/fv/987875fe-0dae-42ac-be5b-62cf0bd5d65e/nomination-district/ca6ffc95-5dc2-48ed-8ebe-7f50b5d46191,Ø. Snede Sogn,https://valg.dk/fv/987875fe-0dae-42ac-be5b-62cf0bd5d65e/nomination-district/ca6ffc95-5dc2-48ed-8ebe-7f50b5d46191/polling-district/10643acf-b76e-4cec-a497-a89bf13a2d21
Hedenstedkredsen,https://valg.dk/fv/987875fe-0dae-42ac-be5b-62cf0bd5d65e/nomination-district/ca6ffc95-5dc2-48ed-8ebe-7f50b5d46191,Ølholm,https://valg.dk/fv/987875fe-0dae-42ac-be5b-62cf0bd5d65e/nomination-district/ca6ffc95-5dc2-48ed-8ebe-7f50b5d46191/polling-district/2866f243-3bf1-421b-8835-b3507a0da7e2
Hedenstedkredsen,https://valg.dk/fv/987875fe-0dae-42ac-be5b-62cf0bd5d65e/nomination-district/ca6ffc95-5dc2-48ed-8ebe-7f50b5d46191,Ølsted Og Eriknauer-Området,https://valg.dk/fv/987875fe-0dae-42ac-be5b-62cf0bd5d65e/nomination-district/ca6ffc95-5dc2-48ed-8ebe-7f50b5d46191/polling-district/51b277ea-fea6-46f8-acd3-9e15f43ff364
Helsingørkredsen,https://valg.dk/fv/987875fe-0dae-42ac-be5b-62cf0bd5d65e/nomination-district/f5626257-9041-4192-9dbf-10036ca68207,Bølgen,https://valg.dk/fv/987875fe-0dae-42ac-be5b-62cf0bd5d65e/nomination-district/f5626257-9041-4192-9dbf-10036ca68207/polling-district/146a5745-bebb-4ae9-a5e3-c8f6b4ecc683
Helsingørkredsen,https://valg.dk/fv/987875fe-0dae-42ac-be5b-62cf0bd5d65e/nomination-district/f5626257-9041-4192-9dbf-10036ca68207,Espergærde Bibliotek,https://valg.dk/fv/987875fe-0dae-42ac-be5b-62cf0bd5d65e/nomination-district/f5626257-9041-4192-9dbf-10036ca68207/polling-district/3023e869-456f-4a9d-8cf5-023c8550f1ba
Helsingørkredsen,https://valg.dk/fv/987875fe-0dae-42ac-be5b-62cf0bd5d65e/nomination-district/f5626257-9041-4192-9dbf-10036ca68207,Helsingør Hallen,https://valg.dk/fv/987875fe-0dae-42ac-be5b-62cf0bd5d65e/nomination-district/f5626257-9041-4192-9dbf-10036ca68207/polling-district/b8392979-1043-4a13-94d9-23f461a33881
Helsingørkredsen,https://valg.dk/fv/987875fe-0dae-42ac-be5b-62cf0bd5d65e/nomination-district/f5626257-9041-4192-9dbf-10036ca68207,Hornbæk Skole,https://valg.dk/fv/987875fe-0dae-42ac-be5b-62cf0bd5d65e/nomination-district/f5626257-9041-4192-9dbf-10036ca68207/polling-district/c27ba5f6-c5b9-49d2-b757-a92fa570fbae
Helsingørkredsen,https://valg.dk/fv/987875fe-0dae-42ac-be5b-62cf0bd5d65e/nomination-district/f5626257-9041-4192-9dbf-10036ca68207,Kvistgård Idrætsanlæg,https://valg.dk/fv/987875fe-0dae-42ac-be5b-62cf0bd5d65e/nomination-district/f5626257-9041-4192-9dbf-10036ca68207/polling-district/4c56927f-d618-4b3d-9d40-1c5e6cb2ea4d
Helsingørkredsen,https://valg.dk/fv/987875fe-0dae-42ac-be5b-62cf0bd5d65e/nomination-district/f5626257-9041-4192-9dbf-10036ca68207,"Laden, Gl. Vapnagård",https://valg.dk/fv/987875fe-0dae-42ac-be5b-62cf0bd5d65e/nomination-district/f5626257-9041-4192-9dbf-10036ca68207/polling-district/a4235496-86a8-4a9b-827d-a118a5495340
Helsingørkredsen,https://valg.dk/fv/987875fe-0dae-42ac-be5b-62cf0bd5d65e/nomination-district/f5626257-9041-4192-9dbf-10036ca68207,Mørdrupskolen,https://valg.dk/fv/987875fe-0dae-42ac-be5b-62cf0bd5d65e/nomination-district/f5626257-9041-4192-9dbf-10036ca68207/polling-district/5f9cae31-f386-4633-9c6f-730546ee2a52
Helsingørkredsen,https://valg.dk/fv/987875fe-0dae-42ac-be5b-62cf0bd5d65e/nomination-district/f5626257-9041-4192-9dbf-10036ca68207,Nygård Skole,https://valg.dk/fv/987875fe-0dae-42ac-be5b-62cf0bd5d65e/nomination-district/f5626257-9041-4192-9dbf-10036ca68207/polling-district/4dcf22b4-b3f1-4a09-b870-78f7b52ffa80
Helsingørkredsen,https://valg.dk/fv/987875fe-0dae-42ac-be5b-62cf0bd5d65e/nomination-district/f5626257-9041-4192-9dbf-10036ca68207,Skolen ved Gurrevej,https://valg.dk/fv/987875fe-0dae-42ac-be5b-62cf0bd5d65e/nomination-district/f5626257-9041-4192-9dbf-10036ca68207/polling-district/3db64f8c-caa2-4ec8-b3a9-6ac28dd69b41
Helsingørkredsen,https://valg.dk/fv/987875fe-0dae-42ac-be5b-62cf0bd5d65e/nomination-district/f5626257-9041-4192-9dbf-10036ca68207,Snekkersten Hallen,https://valg.dk/fv/987875fe-0dae-42ac-be5b-62cf0bd5d65e/nomination-district/f5626257-9041-4192-9dbf-10036ca68207/polling-district/8320b623-3c1f-41dc-9ffb-9a79d667118a
Helsingørkredsen,https://valg.dk/fv/987875fe-0dae-42ac-be5b-62cf0bd5d65e/nomination-district/f5626257-9041-4192-9dbf-10036ca68207,Tikøb Skole,https://valg.dk/fv/987875fe-0dae-42ac-be5b-62cf0bd5d65e/nomination-district/f5626257-9041-4192-9dbf-10036ca68207/polling-district/83f4c5c3-bdf4-41cd-90b6-2ce7b9c8fff1
Helsingørkredsen,https://valg.dk/fv/987875fe-0dae-42ac-be5b-62cf0bd5d65e/nomination-district/f5626257-9041-4192-9dbf-10036ca68207,Toldkammeret,https://valg.dk/fv/987875fe-0dae-42ac-be5b-62cf0bd5d65e/nomination-district/f5626257-9041-4192-9dbf-10036ca68207/polling-district/ab35dc8b-6e20-4246-b7b7-1c35d335b3b0
Herning Nordkredsen,https://valg.dk/fv/987875fe-0dae-42ac-be5b-62cf0bd5d65e/nomination-district/bea63140-4331-49e9-8e2d-b487a3ac2551,Aulum,https://valg.dk/fv/987875fe-0dae-42ac-be5b-62cf0bd5d65e/nomination-district/bea63140-4331-49e9-8e2d-b487a3ac2551/polling-district/e14a1cf5-702f-4bc5-bfdc-08482437ed9e
Herning Nordkredsen,https://valg.dk/fv/987875fe-0dae-42ac-be5b-62cf0bd5d65e/nomination-district/bea63140-4331-49e9-8e2d-b487a3ac2551,Feldborg,https://valg.dk/fv/987875fe-0dae-42ac-be5b-62cf0bd5d65e/nomination-district/bea63140-4331-49e9-8e2d-b487a3ac2551/polling-district/cf143063-4dad-4929-b17f-dd4742485880
Herning Nordkredsen,https://valg.dk/fv/987875fe-0dae-42ac-be5b-62cf0bd5d65e/nomination-district/bea63140-4331-49e9-8e2d-b487a3ac2551,Gullestrup,https://valg.dk/fv/987875fe-0dae-42ac-be5b-62cf0bd5d65e/nomination-district/bea63140-4331-49e9-8e2d-b487a3ac2551/polling-district/af5ff88a-2471-4ce6-bc56-92cc8696a8f0
Herning Nordkredsen,https://valg.dk/fv/987875fe-0dae-42ac-be5b-62cf0bd5d65e/nomination-district/bea63140-4331-49e9-8e2d-b487a3ac2551,Haderup,https://valg.dk/fv/987875fe-0dae-42ac-be5b-62cf0bd5d65e/nomination-district/bea63140-4331-49e9-8e2d-b487a3ac2551/polling-district/1c85c687-3066-402a-b162-22255dc7c226
Herning Nordkredsen,https://valg.dk/fv/987875fe-0dae-42ac-be5b-62cf0bd5d65e/nomination-district/bea63140-4331-49e9-8e2d-b487a3ac2551,Hammerum,https://valg.dk/fv/987875fe-0dae-42ac-be5b-62cf0bd5d65e/nomination-district/bea63140-4331-49e9-8e2d-b487a3ac2551/polling-district/4225ab10-9c3d-46ad-8376-2a9ce44c9e48
Herning Nordkredsen,https://valg.dk/fv/987875fe-0dae-42ac-be5b-62cf0bd5d65e/nomination-district/bea63140-4331-49e9-8e2d-b487a3ac2551,Hodsager,https://valg.dk/fv/987875fe-0dae-42ac-be5b-62cf0bd5d65e/nomination-district/bea63140-4331-49e9-8e2d-b487a3ac2551/polling-district/bf0eb147-7741-4d85-861c-8f0b4a156ae0
Herning Nordkredsen,https://valg.dk/fv/987875fe-0dae-42ac-be5b-62cf0bd5d65e/nomination-district/bea63140-4331-49e9-8e2d-b487a3ac2551,Ilskov,https://valg.dk/fv/987875fe-0dae-42ac-be5b-62cf0bd5d65e/nomination-district/bea63140-4331-49e9-8e2d-b487a3ac2551/polling-district/11132ce4-20ba-4b80-869a-943df5faf3c1
Herning Nordkredsen,https://valg.dk/fv/987875fe-0dae-42ac-be5b-62cf0bd5d65e/nomination-district/bea63140-4331-49e9-8e2d-b487a3ac2551,Simmelkær,https://valg.dk/fv/987875fe-0dae-42ac-be5b-62cf0bd5d65e/nomination-district/bea63140-4331-49e9-8e2d-b487a3ac2551/polling-district/4365e5e0-daed-47ae-b7ac-b786463f0d54
Herning Nordkredsen,https://valg.dk/fv/987875fe-0dae-42ac-be5b-62cf0bd5d65e/nomination-district/bea63140-4331-49e9-8e2d-b487a3ac2551,Sinding,https://valg.dk/fv/987875fe-0dae-42ac-be5b-62cf0bd5d65e/nomination-district/bea63140-4331-49e9-8e2d-b487a3ac2551/polling-district/eb8fd533-8425-4cc8-8da6-ad4013aa0d76
Herning Nordkredsen,https://valg.dk/fv/987875fe-0dae-42ac-be5b-62cf0bd5d65e/nomination-district/bea63140-4331-49e9-8e2d-b487a3ac2551,Skibbild/Nøvling,https://valg.dk/fv/987875fe-0dae-42ac-be5b-62cf0bd5d65e/nomination-district/bea63140-4331-49e9-8e2d-b487a3ac2551/polling-district/7424ae12-e704-45a0-8bd0-a770935a0dab
Herning Nordkredsen,https://valg.dk/fv/987875fe-0dae-42ac-be5b-62cf0bd5d65e/nomination-district/bea63140-4331-49e9-8e2d-b487a3ac2551,Snejbjerg,https://valg.dk/fv/987875fe-0dae-42ac-be5b-62cf0bd5d65e/nomination-district/bea63140-4331-49e9-8e2d-b487a3ac2551/polling-district/17688ef2-0524-4934-bbac-cd334b57cc7d
Herning Nordkredsen,https://valg.dk/fv/987875fe-0dae-42ac-be5b-62cf0bd5d65e/nomination-district/bea63140-4331-49e9-8e2d-b487a3ac2551,Sunds,https://valg.dk/fv/987875fe-0dae-42ac-be5b-62cf0bd5d65e/nomination-district/bea63140-4331-49e9-8e2d-b487a3ac2551/polling-district/c27bd532-3b62-416d-a9dc-3195ab2e21c1
Herning Nordkredsen,https://valg.dk/fv/987875fe-0dae-42ac-be5b-62cf0bd5d65e/nomination-district/bea63140-4331-49e9-8e2d-b487a3ac2551,Timring,https://valg.dk/fv/987875fe-0dae-42ac-be5b-62cf0bd5d65e/nomination-district/bea63140-4331-49e9-8e2d-b487a3ac2551/polling-district/97aa55f9-bcea-46a7-a466-dd5a15be9834
Herning Nordkredsen,https://valg.dk/fv/987875fe-0dae-42ac-be5b-62cf0bd5d65e/nomination-district/bea63140-4331-49e9-8e2d-b487a3ac2551,Tjørring,https://valg.dk/fv/987875fe-0dae-42ac-be5b-62cf0bd5d65e/nomination-district/bea63140-4331-49e9-8e2d-b487a3ac2551/polling-district/ef193b8f-b05a-4e43-81ec-0a88baf71817
Herning Nordkredsen,https://valg.dk/fv/987875fe-0dae-42ac-be5b-62cf0bd5d65e/nomination-district/bea63140-4331-49e9-8e2d-b487a3ac2551,Vildbjerg,https://valg.dk/fv/987875fe-0dae-42ac-be5b-62cf0bd5d65e/nomination-district/bea63140-4331-49e9-8e2d-b487a3ac2551/polling-district/c696e6db-de5b-4963-92c9-1dd3feaf2f5a
Herning Nordkredsen,https://valg.dk/fv/987875fe-0dae-42ac-be5b-62cf0bd5d65e/nomination-district/bea63140-4331-49e9-8e2d-b487a3ac2551,Vind,https://valg.dk/fv/987875fe-0dae-42ac-be5b-62cf0bd5d65e/nomination-district/bea63140-4331-49e9-8e2d-b487a3ac2551/polling-district/3f4f1792-b498-4402-b1e9-a40391ff6240
Herning Nordkredsen,https://valg.dk/fv/987875fe-0dae-42ac-be5b-62cf0bd5d65e/nomination-district/bea63140-4331-49e9-8e2d-b487a3ac2551,Vinding,https://valg.dk/fv/987875fe-0dae-42ac-be5b-62cf0bd5d65e/nomination-district/bea63140-4331-49e9-8e2d-b487a3ac2551/polling-district/8bb8f6e5-59d4-4121-ba09-0f1d9d68a5b7
Herning Nordkredsen,https://valg.dk/fv/987875fe-0dae-42ac-be5b-62cf0bd5d65e/nomination-district/bea63140-4331-49e9-8e2d-b487a3ac2551,Ørnhøj,https://valg.dk/fv/987875fe-0dae-42ac-be5b-62cf0bd5d65e/nomination-district/bea63140-4331-49e9-8e2d-b487a3ac2551/polling-district/c37e4a09-e42f-4edf-bcc7-8588a06673be
Herning Sydkredsen,https://valg.dk/fv/987875fe-0dae-42ac-be5b-62cf0bd5d65e/nomination-district/ba3b7500-057e-4dc4-b458-be4b88f79362,Arnborg,https://valg.dk/fv/987875fe-0dae-42ac-be5b-62cf0bd5d65e/nomination-district/ba3b7500-057e-4dc4-b458-be4b88f79362/polling-district/da4b85ff-7dad-4302-bbc3-f4984c99297f
Herning Sydkredsen,https://valg.dk/fv/987875fe-0dae-42ac-be5b-62cf0bd5d65e/nomination-district/ba3b7500-057e-4dc4-b458-be4b88f79362,Herning,https://valg.dk/fv/987875fe-0dae-42ac-be5b-62cf0bd5d65e/nomination-district/ba3b7500-057e-4dc4-b458-be4b88f79362/polling-district/59cd53c2-9622-4d8e-9ee8-43f90db929b6
Herning Sydkredsen,https://valg.dk/fv/987875fe-0dae-42ac-be5b-62cf0bd5d65e/nomination-district/ba3b7500-057e-4dc4-b458-be4b88f79362,Kibæk,https://valg.dk/fv/987875fe-0dae-42ac-be5b-62cf0bd5d65e/nomination-district/ba3b7500-057e-4dc4-b458-be4b88f79362/polling-district/ad971e8b-302b-4533-90e0-8d9496c40dfc
Herning Sydkredsen,https://valg.dk/fv/987875fe-0dae-42ac-be5b-62cf0bd5d65e/nomination-district/ba3b7500-057e-4dc4-b458-be4b88f79362,Kølkær,https://valg.dk/fv/987875fe-0dae-42ac-be5b-62cf0bd5d65e/nomination-district/ba3b7500-057e-4dc4-b458-be4b88f79362/polling-district/4dc97270-67c5-4d16-a579-4f2b3e9f6073
Herning Sydkredsen,https://valg.dk/fv/987875fe-0dae-42ac-be5b-62cf0bd5d65e/nomination-district/ba3b7500-057e-4dc4-b458-be4b88f79362,Lind,https://valg.dk/fv/987875fe-0dae-42ac-be5b-62cf0bd5d65e/nomination-district/ba3b7500-057e-4dc4-b458-be4b88f79362/polling-district/0a55a4c1-1757-4b3e-b542-43033c038332
Herning Sydkredsen,https://valg.dk/fv/987875fe-0dae-42ac-be5b-62cf0bd5d65e/nomination-district/ba3b7500-057e-4dc4-b458-be4b88f79362,Sdr. Felding,https://valg.dk/fv/987875fe-0dae-42ac-be5b-62cf0bd5d65e/nomination-district/ba3b7500-057e-4dc4-b458-be4b88f79362/polling-district/0c528900-3fa3-46f4-9d83-bd799b5802df
Herning Sydkredsen,https://valg.dk/fv/987875fe-0dae-42ac-be5b-62cf0bd5d65e/nomination-district/ba3b7500-057e-4dc4-b458-be4b88f79362,Skarrild,https://valg.dk/fv/987875fe-0dae-42ac-be5b-62cf0bd5d65e/nomination-district/ba3b7500-057e-4dc4-b458-be4b88f79362/polling-district/15044a39-1939-41df-bda3-cc406deae325
Herning Sydkredsen,https://valg.dk/fv/987875fe-0dae-42ac-be5b-62cf0bd5d65e/nomination-district/ba3b7500-057e-4dc4-b458-be4b88f79362,Studsgård,https://valg.dk/fv/987875fe-0dae-42ac-be5b-62cf0bd5d65e/nomination-district/ba3b7500-057e-4dc4-b458-be4b88f79362/polling-district/9c2349e9-a451-41ff-9c20-8ccec8c24a67
Hillerødkredsen,https://valg.dk/fv/987875fe-0dae-42ac-be5b-62cf0bd5d65e/nomination-district/96a58592-649d-444d-a232-01e34c52e43d,Alsønderup,https://valg.dk/fv/987875fe-0dae-42ac-be5b-62cf0bd5d65e/nomination-district/96a58592-649d-444d-a232-01e34c52e43d/polling-district/0fdebabc-9670-4579-a0b6-1f40d0eb081f
Hillerødkredsen,https://valg.dk/fv/987875fe-0dae-42ac-be5b-62cf0bd5d65e/nomination-district/96a58592-649d-444d-a232-01e34c52e43d,Annisse,https://valg.dk/fv/987875fe-0dae-42ac-be5b-62cf0bd5d65e/nomination-district/96a58592-649d-444d-a232-01e34c52e43d/polling-district/1e081407-e828-4d87-9b8e-4834e36487a9
Hillerødkredsen,https://valg.dk/fv/987875fe-0dae-42ac-be5b-62cf0bd5d65e/nomination-district/96a58592-649d-444d-a232-01e34c52e43d,Blistrup,https://valg.dk/fv/987875fe-0dae-42ac-be5b-62cf0bd5d65e/nomination-district/96a58592-649d-444d-a232-01e34c52e43d/polling-district/af234dd4-3af7-4db1-9be1-7f6d3ed3c7a7
Hillerødkredsen,https://valg.dk/fv/987875fe-0dae-42ac-be5b-62cf0bd5d65e/nomination-district/96a58592-649d-444d-a232-01e34c52e43d,Brødeskov,https://valg.dk/fv/987875fe-0dae-42ac-be5b-62cf0bd5d65e/nomination-district/96a58592-649d-444d-a232-01e34c52e43d/polling-district/1d60cc6f-15cc-4068-b880-82276f8495f2
Hillerødkredsen,https://valg.dk/fv/987875fe-0dae-42ac-be5b-62cf0bd5d65e/nomination-district/96a58592-649d-444d-a232-01e34c52e43d,Esbønderup,https://valg.dk/fv/987875fe-0dae-42ac-be5b-62cf0bd5d65e/nomination-district/96a58592-649d-444d-a232-01e34c52e43d/polling-district/5e8d87d7-e8ef-467b-b7f8-66a993249c87
Hillerødkredsen,https://valg.dk/fv/987875fe-0dae-42ac-be5b-62cf0bd5d65e/nomination-district/96a58592-649d-444d-a232-01e34c52e43d,Gadevang,https://valg.dk/fv/987875fe-0dae-42ac-be5b-62cf0bd5d65e/nomination-district/96a58592-649d-444d-a232-01e34c52e43d/polling-district/cb63a73d-4969-429d-afec-e0d8a7864f7c
Hillerødkredsen,https://valg.dk/fv/987875fe-0dae-42ac-be5b-62cf0bd5d65e/nomination-district/96a58592-649d-444d-a232-01e34c52e43d,Gilleleje,https://valg.dk/fv/987875fe-0dae-42ac-be5b-62cf0bd5d65e/nomination-district/96a58592-649d-444d-a232-01e34c52e43d/polling-district/98985387-e7ec-4d8c-b68c-89035fa73d82
Hillerødkredsen,https://valg.dk/fv/987875fe-0dae-42ac-be5b-62cf0bd5d65e/nomination-district/96a58592-649d-444d-a232-01e34c52e43d,Græsted,https://valg.dk/fv/987875fe-0dae-42ac-be5b-62cf0bd5d65e/nomination-district/96a58592-649d-444d-a232-01e34c52e43d/polling-district/b9b67ad5-b858-4e7c-b308-c355afa8ef0e
Hillerødkredsen,https://valg.dk/fv/987875fe-0dae-42ac-be5b-62cf0bd5d65e/nomination-district/96a58592-649d-444d-a232-01e34c52e43d,"Grønnevang Skole, Jespervej",https://valg.dk/fv/987875fe-0dae-42ac-be5b-62cf0bd5d65e/nomination-district/96a58592-649d-444d-a232-01e34c52e43d/polling-district/5137d33f-4831-4936-ad9b-b3b21551a109
Hillerødkredsen,https://valg.dk/fv/987875fe-0dae-42ac-be5b-62cf0bd5d65e/nomination-district/96a58592-649d-444d-a232-01e34c52e43d,"Grønnevang Skole, Østervang",https://valg.dk/fv/987875fe-0dae-42ac-be5b-62cf0bd5d65e/nomination-district/96a58592-649d-444d-a232-01e34c52e43d/polling-district/2cf277fd-dcd9-4c9a-8931-e48202d38e7e
Hillerødkredsen,https://valg.dk/fv/987875fe-0dae-42ac-be5b-62cf0bd5d65e/nomination-district/96a58592-649d-444d-a232-01e34c52e43d,Gørløse,https://valg.dk/fv/987875fe-0dae-42ac-be5b-62cf0bd5d65e/nomination-district/96a58592-649d-444d-a232-01e34c52e43d/polling-district/d6cc77ab-17c6-4c81-b6cd-ac7e19043576
Hillerødkredsen,https://valg.dk/fv/987875fe-0dae-42ac-be5b-62cf0bd5d65e/nomination-district/96a58592-649d-444d-a232-01e34c52e43d,Hammersholt,https://valg.dk/fv/987875fe-0dae-42ac-be5b-62cf0bd5d65e/nomination-district/96a58592-649d-444d-a232-01e34c52e43d/polling-district/88314486-0976-4249-a2d8-484ea0d24ec9
Hillerødkredsen,https://valg.dk/fv/987875fe-0dae-42ac-be5b-62cf0bd5d65e/nomination-district/96a58592-649d-444d-a232-01e34c52e43d,Helsinge,https://valg.dk/fv/987875fe-0dae-42ac-be5b-62cf0bd5d65e/nomination-district/96a58592-649d-444d-a232-01e34c52e43d/polling-district/639f9700-5296-465b-b929-e4c8c55c15bb
Hillerødkredsen,https://valg.dk/fv/987875fe-0dae-42ac-be5b-62cf0bd5d65e/nomination-district/96a58592-649d-444d-a232-01e34c52e43d,Hillerødsholmsskolen,https://valg.dk/fv/987875fe-0dae-42ac-be5b-62cf0bd5d65e/nomination-district/96a58592-649d-444d-a232-01e34c52e43d/polling-district/6025088b-0c0d-436e-90f6-2024892f091d
Hillerødkredsen,https://valg.dk/fv/987875fe-0dae-42ac-be5b-62cf0bd5d65e/nomination-district/96a58592-649d-444d-a232-01e34c52e43d,Lille Lyngby,https://valg.dk/fv/987875fe-0dae-42ac-be5b-62cf0bd5d65e/nomination-district/96a58592-649d-444d-a232-01e34c52e43d/polling-district/2e0db089-17bd-4bbf-8bb7-75819f91612a
Hillerødkredsen,https://valg.dk/fv/987875fe-0dae-42ac-be5b-62cf0bd5d65e/nomination-district/96a58592-649d-444d-a232-01e34c52e43d,Mårum,https://valg.dk/fv/987875fe-0dae-42ac-be5b-62cf0bd5d65e/nomination-district/96a58592-649d-444d-a232-01e34c52e43d/polling-district/b03d9f9a-86b8-465b-9964-5b674e1acb46
Hillerødkredsen,https://valg.dk/fv/987875fe-0dae-42ac-be5b-62cf0bd5d65e/nomination-district/96a58592-649d-444d-a232-01e34c52e43d,Nødebo,https://valg.dk/fv/987875fe-0dae-42ac-be5b-62cf0bd5d65e/nomination-district/96a58592-649d-444d-a232-01e34c52e43d/polling-district/e5e43e4e-86d2-499b-b2e9-663f59a783ac
Hillerødkredsen,https://valg.dk/fv/987875fe-0dae-42ac-be5b-62cf0bd5d65e/nomination-district/96a58592-649d-444d-a232-01e34c52e43d,Ramløse,https://valg.dk/fv/987875fe-0dae-42ac-be5b-62cf0bd5d65e/nomination-district/96a58592-649d-444d-a232-01e34c52e43d/polling-district/a54ee2fc-cec3-472c-9cb5-4282b5ea3196
Hillerødkredsen,https://valg.dk/fv/987875fe-0dae-42ac-be5b-62cf0bd5d65e/nomination-district/96a58592-649d-444d-a232-01e34c52e43d,Royal Stage,https://valg.dk/fv/987875fe-0dae-42ac-be5b-62cf0bd5d65e/nomination-district/96a58592-649d-444d-a232-01e34c52e43d/polling-district/163ae552-be62-44d8-a46f-536dfbcab9ed
Hillerødkredsen,https://valg.dk/fv/987875fe-0dae-42ac-be5b-62cf0bd5d65e/nomination-district/96a58592-649d-444d-a232-01e34c52e43d,"Skævinge, Harløse, Strø",https://valg.dk/fv/987875fe-0dae-42ac-be5b-62cf0bd5d65e/nomination-district/96a58592-649d-444d-a232-01e34c52e43d/polling-district/d5c3fc6e-a899-4f6c-8ddb-f78fa0314b25
Hillerødkredsen,https://valg.dk/fv/987875fe-0dae-42ac-be5b-62cf0bd5d65e/nomination-district/96a58592-649d-444d-a232-01e34c52e43d,Søborg,https://valg.dk/fv/987875fe-0dae-42ac-be5b-62cf0bd5d65e/nomination-district/96a58592-649d-444d-a232-01e34c52e43d/polling-district/156f5fc1-32f1-48ce-8579-df8aa3d02edf
Hillerødkredsen,https://valg.dk/fv/987875fe-0dae-42ac-be5b-62cf0bd5d65e/nomination-district/96a58592-649d-444d-a232-01e34c52e43d,Tibirke,https://valg.dk/fv/987875fe-0dae-42ac-be5b-62cf0bd5d65e/nomination-district/96a58592-649d-444d-a232-01e34c52e43d/polling-district/c6aec9b8-eb0a-4a7a-8f98-8d712cf23566
Hillerødkredsen,https://valg.dk/fv/987875fe-0dae-42ac-be5b-62cf0bd5d65e/nomination-district/96a58592-649d-444d-a232-01e34c52e43d,Ullerød,https://valg.dk/fv/987875fe-0dae-42ac-be5b-62cf0bd5d65e/nomination-district/96a58592-649d-444d-a232-01e34c52e43d/polling-district/8d61dee7-cb32-42b3-a614-82dd3f0c058a
Hillerødkredsen,https://valg.dk/fv/987875fe-0dae-42ac-be5b-62cf0bd5d65e/nomination-district/96a58592-649d-444d-a232-01e34c52e43d,Uvelse,https://valg.dk/fv/987875fe-0dae-42ac-be5b-62cf0bd5d65e/nomination-district/96a58592-649d-444d-a232-01e34c52e43d/polling-district/2b74f032-c6a5-4617-b45e-49f4cf11dcc2
Hillerødkredsen,https://valg.dk/fv/987875fe-0dae-42ac-be5b-62cf0bd5d65e/nomination-district/96a58592-649d-444d-a232-01e34c52e43d,Valby,https://valg.dk/fv/987875fe-0dae-42ac-be5b-62cf0bd5d65e/nomination-district/96a58592-649d-444d-a232-01e34c52e43d/polling-district/0d2d10d9-a29d-44e7-8cd6-0de1ab49ea31
Hillerødkredsen,https://valg.dk/fv/987875fe-0dae-42ac-be5b-62cf0bd5d65e/nomination-district/96a58592-649d-444d-a232-01e34c52e43d,Vejby,https://valg.dk/fv/987875fe-0dae-42ac-be5b-62cf0bd5d65e/nomination-district/96a58592-649d-444d-a232-01e34c52e43d/polling-district/45ab00a7-d777-457f-96f2-0602787359c5
Himmerlandkredsen,https://valg.dk/fv/987875fe-0dae-42ac-be5b-62cf0bd5d65e/nomination-district/dbf639f6-e893-4c93-9740-f857d2e123ab,Aalestrup,https://valg.dk/fv/987875fe-0dae-42ac-be5b-62cf0bd5d65e/nomination-district/dbf639f6-e893-4c93-9740-f857d2e123ab/polling-district/3cc9a1a0-636b-4c97-a0a5-7fed27e5346e
Himmerlandkredsen,https://valg.dk/fv/987875fe-0dae-42ac-be5b-62cf0bd5d65e/nomination-district/dbf639f6-e893-4c93-9740-f857d2e123ab,Aars,https://valg.dk/fv/987875fe-0dae-42ac-be5b-62cf0bd5d65e/nomination-district/dbf639f6-e893-4c93-9740-f857d2e123ab/polling-district/9aee27aa-839e-4937-ba34-f393a2372105
Himmerlandkredsen,https://valg.dk/fv/987875fe-0dae-42ac-be5b-62cf0bd5d65e/nomination-district/dbf639f6-e893-4c93-9740-f857d2e123ab,Blenstrup,https://valg.dk/fv/987875fe-0dae-42ac-be5b-62cf0bd5d65e/nomination-district/dbf639f6-e893-4c93-9740-f857d2e123ab/polling-district/bdd4595d-209c-4157-868c-3a6bc91c358f
Himmerlandkredsen,https://valg.dk/fv/987875fe-0dae-42ac-be5b-62cf0bd5d65e/nomination-district/dbf639f6-e893-4c93-9740-f857d2e123ab,Bælum,https://valg.dk/fv/987875fe-0dae-42ac-be5b-62cf0bd5d65e/nomination-district/dbf639f6-e893-4c93-9740-f857d2e123ab/polling-district/e7b0b468-81d6-4e4c-98db-a62a2f56c27f
Himmerlandkredsen,https://valg.dk/fv/987875fe-0dae-42ac-be5b-62cf0bd5d65e/nomination-district/dbf639f6-e893-4c93-9740-f857d2e123ab,Farsø,https://valg.dk/fv/987875fe-0dae-42ac-be5b-62cf0bd5d65e/nomination-district/dbf639f6-e893-4c93-9740-f857d2e123ab/polling-district/cd419557-f340-4ac4-84df-1378610597ca
Himmerlandkredsen,https://valg.dk/fv/987875fe-0dae-42ac-be5b-62cf0bd5d65e/nomination-district/dbf639f6-e893-4c93-9740-f857d2e123ab,Gedsted,https://valg.dk/fv/987875fe-0dae-42ac-be5b-62cf0bd5d65e/nomination-district/dbf639f6-e893-4c93-9740-f857d2e123ab/polling-district/f14015f5-ee25-46e5-9411-dc4d118bccf1
Himmerlandkredsen,https://valg.dk/fv/987875fe-0dae-42ac-be5b-62cf0bd5d65e/nomination-district/dbf639f6-e893-4c93-9740-f857d2e123ab,Gislum-Vognsild,https://valg.dk/fv/987875fe-0dae-42ac-be5b-62cf0bd5d65e/nomination-district/dbf639f6-e893-4c93-9740-f857d2e123ab/polling-district/b2dea66a-936e-4f61-b503-8d9fbaf9cc6e
Himmerlandkredsen,https://valg.dk/fv/987875fe-0dae-42ac-be5b-62cf0bd5d65e/nomination-district/dbf639f6-e893-4c93-9740-f857d2e123ab,Haverslev,https://valg.dk/fv/987875fe-0dae-42ac-be5b-62cf0bd5d65e/nomination-district/dbf639f6-e893-4c93-9740-f857d2e123ab/polling-district/0b4912df-83eb-4dd3-a64e-96e300614432
Himmerlandkredsen,https://valg.dk/fv/987875fe-0dae-42ac-be5b-62cf0bd5d65e/nomination-district/dbf639f6-e893-4c93-9740-f857d2e123ab,Hornum-Ulstrup,https://valg.dk/fv/987875fe-0dae-42ac-be5b-62cf0bd5d65e/nomination-district/dbf639f6-e893-4c93-9740-f857d2e123ab/polling-district/a5925c09-37c9-4eb6-b439-0bb524b4148e
Himmerlandkredsen,https://valg.dk/fv/987875fe-0dae-42ac-be5b-62cf0bd5d65e/nomination-district/dbf639f6-e893-4c93-9740-f857d2e123ab,Hvalpsund,https://valg.dk/fv/987875fe-0dae-42ac-be5b-62cf0bd5d65e/nomination-district/dbf639f6-e893-4c93-9740-f857d2e123ab/polling-district/b8704ba1-f913-4dcc-b82d-bc5cbafc565d
Himmerlandkredsen,https://valg.dk/fv/987875fe-0dae-42ac-be5b-62cf0bd5d65e/nomination-district/dbf639f6-e893-4c93-9740-f857d2e123ab,Løgstør,https://valg.dk/fv/987875fe-0dae-42ac-be5b-62cf0bd5d65e/nomination-district/dbf639f6-e893-4c93-9740-f857d2e123ab/polling-district/0c1b57b2-33d6-499b-abc6-c51f35f09008
Himmerlandkredsen,https://valg.dk/fv/987875fe-0dae-42ac-be5b-62cf0bd5d65e/nomination-district/dbf639f6-e893-4c93-9740-f857d2e123ab,Nørager,https://valg.dk/fv/987875fe-0dae-42ac-be5b-62cf0bd5d65e/nomination-district/dbf639f6-e893-4c93-9740-f857d2e123ab/polling-district/e9b494fc-6923-402e-8df5-de16288ad527
Himmerlandkredsen,https://valg.dk/fv/987875fe-0dae-42ac-be5b-62cf0bd5d65e/nomination-district/dbf639f6-e893-4c93-9740-f857d2e123ab,Overlade,https://valg.dk/fv/987875fe-0dae-42ac-be5b-62cf0bd5d65e/nomination-district/dbf639f6-e893-4c93-9740-f857d2e123ab/polling-district/eb6bf18b-cca7-4a02-bf66-56ba22fd54ae
Himmerlandkredsen,https://valg.dk/fv/987875fe-0dae-42ac-be5b-62cf0bd5d65e/nomination-district/dbf639f6-e893-4c93-9740-f857d2e123ab,Ranum,https://valg.dk/fv/987875fe-0dae-42ac-be5b-62cf0bd5d65e/nomination-district/dbf639f6-e893-4c93-9740-f857d2e123ab/polling-district/82b701c2-8dc4-4593-8487-2f0c7754819d
Himmerlandkredsen,https://valg.dk/fv/987875fe-0dae-42ac-be5b-62cf0bd5d65e/nomination-district/dbf639f6-e893-4c93-9740-f857d2e123ab,Ravnkilde,https://valg.dk/fv/987875fe-0dae-42ac-be5b-62cf0bd5d65e/nomination-district/dbf639f6-e893-4c93-9740-f857d2e123ab/polling-district/38a66772-ab81-4ad2-a468-776387dd5ffd
Himmerlandkredsen,https://valg.dk/fv/987875fe-0dae-42ac-be5b-62cf0bd5d65e/nomination-district/dbf639f6-e893-4c93-9740-f857d2e123ab,Salling,https://valg.dk/fv/987875fe-0dae-42ac-be5b-62cf0bd5d65e/nomination-district/dbf639f6-e893-4c93-9740-f857d2e123ab/polling-district/a81d61a0-8733-4cfd-9ec2-c4ccd05c97b7
Himmerlandkredsen,https://valg.dk/fv/987875fe-0dae-42ac-be5b-62cf0bd5d65e/nomination-district/dbf639f6-e893-4c93-9740-f857d2e123ab,Skivum-Giver,https://valg.dk/fv/987875fe-0dae-42ac-be5b-62cf0bd5d65e/nomination-district/dbf639f6-e893-4c93-9740-f857d2e123ab/polling-district/75b355fc-2c36-490e-8e44-d028a287a011
Himmerlandkredsen,https://valg.dk/fv/987875fe-0dae-42ac-be5b-62cf0bd5d65e/nomination-district/dbf639f6-e893-4c93-9740-f857d2e123ab,Skørping,https://valg.dk/fv/987875fe-0dae-42ac-be5b-62cf0bd5d65e/nomination-district/dbf639f6-e893-4c93-9740-f857d2e123ab/polling-district/d40bbfd3-004e-44c4-857f-a02745b07d1b
Himmerlandkredsen,https://valg.dk/fv/987875fe-0dae-42ac-be5b-62cf0bd5d65e/nomination-district/dbf639f6-e893-4c93-9740-f857d2e123ab,Strandby,https://valg.dk/fv/987875fe-0dae-42ac-be5b-62cf0bd5d65e/nomination-district/dbf639f6-e893-4c93-9740-f857d2e123ab/polling-district/d782b2f0-bfab-4b46-a172-e67d2f19fc8e
Himmerlandkredsen,https://valg.dk/fv/987875fe-0dae-42ac-be5b-62cf0bd5d65e/nomination-district/dbf639f6-e893-4c93-9740-f857d2e123ab,Støvring,https://valg.dk/fv/987875fe-0dae-42ac-be5b-62cf0bd5d65e/nomination-district/dbf639f6-e893-4c93-9740-f857d2e123ab/polling-district/8c300fa5-2d35-4d2c-ac00-06869681dcea
Himmerlandkredsen,https://valg.dk/fv/987875fe-0dae-42ac-be5b-62cf0bd5d65e/nomination-district/dbf639f6-e893-4c93-9740-f857d2e123ab,Suldrup,https://valg.dk/fv/987875fe-0dae-42ac-be5b-62cf0bd5d65e/nomination-district/dbf639f6-e893-4c93-9740-f857d2e123ab/polling-district/dae4201f-e998-4f09-a57c-f8e6036cb9cd
Himmerlandkredsen,https://valg.dk/fv/987875fe-0dae-42ac-be5b-62cf0bd5d65e/nomination-district/dbf639f6-e893-4c93-9740-f857d2e123ab,Terndrup,https://valg.dk/fv/987875fe-0dae-42ac-be5b-62cf0bd5d65e/nomination-district/dbf639f6-e893-4c93-9740-f857d2e123ab/polling-district/6d67d8e2-d4ea-4add-97ce-01ac4b393060
Himmerlandkredsen,https://valg.dk/fv/987875fe-0dae-42ac-be5b-62cf0bd5d65e/nomination-district/dbf639f6-e893-4c93-9740-f857d2e123ab,Veggerby,https://valg.dk/fv/987875fe-0dae-42ac-be5b-62cf0bd5d65e/nomination-district/dbf639f6-e893-4c93-9740-f857d2e123ab/polling-district/dcc9e6d2-287c-4358-bd59-ca66e2180a92
Himmerlandkredsen,https://valg.dk/fv/987875fe-0dae-42ac-be5b-62cf0bd5d65e/nomination-district/dbf639f6-e893-4c93-9740-f857d2e123ab,Vester Hornum,https://valg.dk/fv/987875fe-0dae-42ac-be5b-62cf0bd5d65e/nomination-district/dbf639f6-e893-4c93-9740-f857d2e123ab/polling-district/e69900db-6192-4282-82fa-af2f0368e35f
Himmerlandkredsen,https://valg.dk/fv/987875fe-0dae-42ac-be5b-62cf0bd5d65e/nomination-district/dbf639f6-e893-4c93-9740-f857d2e123ab,Øster Hornum,https://valg.dk/fv/987875fe-0dae-42ac-be5b-62cf0bd5d65e/nomination-district/dbf639f6-e893-4c93-9740-f857d2e123ab/polling-district/7150e970-5af9-4456-aecd-03d06c47f8c6
Hjørringkredsen,https://valg.dk/fv/987875fe-0dae-42ac-be5b-62cf0bd5d65e/nomination-district/ed3519e3-5578-4afe-a3cf-238e137f15d4,Astrup,https://valg.dk/fv/987875fe-0dae-42ac-be5b-62cf0bd5d65e/nomination-district/ed3519e3-5578-4afe-a3cf-238e137f15d4/polling-district/623f5abd-fdba-4da0-a722-65462eb1b7ff
Hjørringkredsen,https://valg.dk/fv/987875fe-0dae-42ac-be5b-62cf0bd5d65e/nomination-district/ed3519e3-5578-4afe-a3cf-238e137f15d4,Bindslev,https://valg.dk/fv/987875fe-0dae-42ac-be5b-62cf0bd5d65e/nomination-district/ed3519e3-5578-4afe-a3cf-238e137f15d4/polling-district/612fa23b-92a3-4a34-8522-e9357529a0ea
Hjørringkredsen,https://valg.dk/fv/987875fe-0dae-42ac-be5b-62cf0bd5d65e/nomination-district/ed3519e3-5578-4afe-a3cf-238e137f15d4,Bjergby-Mygdal,https://valg.dk/fv/987875fe-0dae-42ac-be5b-62cf0bd5d65e/nomination-district/ed3519e3-5578-4afe-a3cf-238e137f15d4/polling-district/b04af141-e01d-46f7-be69-d7da26d98407
Hjørringkredsen,https://valg.dk/fv/987875fe-0dae-42ac-be5b-62cf0bd5d65e/nomination-district/ed3519e3-5578-4afe-a3cf-238e137f15d4,Hirtshals,https://valg.dk/fv/987875fe-0dae-42ac-be5b-62cf0bd5d65e/nomination-district/ed3519e3-5578-4afe-a3cf-238e137f15d4/polling-district/053372af-a1eb-4ec7-bb20-c35d116dd632
Hjørringkredsen,https://valg.dk/fv/987875fe-0dae-42ac-be5b-62cf0bd5d65e/nomination-district/ed3519e3-5578-4afe-a3cf-238e137f15d4,Hjørring - Centrum,https://valg.dk/fv/987875fe-0dae-42ac-be5b-62cf0bd5d65e/nomination-district/ed3519e3-5578-4afe-a3cf-238e137f15d4/polling-district/54e4926e-2dce-43d7-b237-d33c75fb7599
Hjørringkredsen,https://valg.dk/fv/987875fe-0dae-42ac-be5b-62cf0bd5d65e/nomination-district/ed3519e3-5578-4afe-a3cf-238e137f15d4,Hjørring - Nord,https://valg.dk/fv/987875fe-0dae-42ac-be5b-62cf0bd5d65e/nomination-district/ed3519e3-5578-4afe-a3cf-238e137f15d4/polling-district/8513d97e-f75e-4280-b4a0-8e4cb0017daf
Hjørringkredsen,https://valg.dk/fv/987875fe-0dae-42ac-be5b-62cf0bd5d65e/nomination-district/ed3519e3-5578-4afe-a3cf-238e137f15d4,Hjørring - Syd,https://valg.dk/fv/987875fe-0dae-42ac-be5b-62cf0bd5d65e/nomination-district/ed3519e3-5578-4afe-a3cf-238e137f15d4/polling-district/a9ae787a-5814-4cb8-81af-dbaf54616ee0
Hjørringkredsen,https://valg.dk/fv/987875fe-0dae-42ac-be5b-62cf0bd5d65e/nomination-district/ed3519e3-5578-4afe-a3cf-238e137f15d4,Hjørring - Vest,https://valg.dk/fv/987875fe-0dae-42ac-be5b-62cf0bd5d65e/nomination-district/ed3519e3-5578-4afe-a3cf-238e137f15d4/polling-district/bea7f9ce-80af-47fc-8fc3-42fe05b8cd4d
Hjørringkredsen,https://valg.dk/fv/987875fe-0dae-42ac-be5b-62cf0bd5d65e/nomination-district/ed3519e3-5578-4afe-a3cf-238e137f15d4,Horne,https://valg.dk/fv/987875fe-0dae-42ac-be5b-62cf0bd5d65e/nomination-district/ed3519e3-5578-4afe-a3cf-238e137f15d4/polling-district/6fde11a3-e83d-475f-8c71-8041a7b216f2
Hjørringkredsen,https://valg.dk/fv/987875fe-0dae-42ac-be5b-62cf0bd5d65e/nomination-district/ed3519e3-5578-4afe-a3cf-238e137f15d4,Hundelev,https://valg.dk/fv/987875fe-0dae-42ac-be5b-62cf0bd5d65e/nomination-district/ed3519e3-5578-4afe-a3cf-238e137f15d4/polling-district/cd3c7eff-901e-4d7c-a372-c7717b8f103b
Hjørringkredsen,https://valg.dk/fv/987875fe-0dae-42ac-be5b-62cf0bd5d65e/nomination-district/ed3519e3-5578-4afe-a3cf-238e137f15d4,Lendum,https://valg.dk/fv/987875fe-0dae-42ac-be5b-62cf0bd5d65e/nomination-district/ed3519e3-5578-4afe-a3cf-238e137f15d4/polling-district/bbd56699-8f5b-4fcd-b6fe-8158f1baeff4
Hjørringkredsen,https://valg.dk/fv/987875fe-0dae-42ac-be5b-62cf0bd5d65e/nomination-district/ed3519e3-5578-4afe-a3cf-238e137f15d4,Løkken,https://valg.dk/fv/987875fe-0dae-42ac-be5b-62cf0bd5d65e/nomination-district/ed3519e3-5578-4afe-a3cf-238e137f15d4/polling-district/7788db42-4cca-49b0-b9f3-a769d906f1f9
Hjørringkredsen,https://valg.dk/fv/987875fe-0dae-42ac-be5b-62cf0bd5d65e/nomination-district/ed3519e3-5578-4afe-a3cf-238e137f15d4,Sindal,https://valg.dk/fv/987875fe-0dae-42ac-be5b-62cf0bd5d65e/nomination-district/ed3519e3-5578-4afe-a3cf-238e137f15d4/polling-district/9536930e-acd1-4fc4-8da6-01e96568681d
Hjørringkredsen,https://valg.dk/fv/987875fe-0dae-42ac-be5b-62cf0bd5d65e/nomination-district/ed3519e3-5578-4afe-a3cf-238e137f15d4,Skallerup,https://valg.dk/fv/987875fe-0dae-42ac-be5b-62cf0bd5d65e/nomination-district/ed3519e3-5578-4afe-a3cf-238e137f15d4/polling-district/780823a9-dad7-4ef4-843e-8e4832658f7d
Hjørringkredsen,https://valg.dk/fv/987875fe-0dae-42ac-be5b-62cf0bd5d65e/nomination-district/ed3519e3-5578-4afe-a3cf-238e137f15d4,Taars,https://valg.dk/fv/987875fe-0dae-42ac-be5b-62cf0bd5d65e/nomination-district/ed3519e3-5578-4afe-a3cf-238e137f15d4/polling-district/fe1e600d-f7dd-4bec-9617-02c463857054
Hjørringkredsen,https://valg.dk/fv/987875fe-0dae-42ac-be5b-62cf0bd5d65e/nomination-district/ed3519e3-5578-4afe-a3cf-238e137f15d4,Tolne,https://valg.dk/fv/987875fe-0dae-42ac-be5b-62cf0bd5d65e/nomination-district/ed3519e3-5578-4afe-a3cf-238e137f15d4/polling-district/cfe811b3-b4d8-48e2-a09c-ddae6a1589af
Hjørringkredsen,https://valg.dk/fv/987875fe-0dae-42ac-be5b-62cf0bd5d65e/nomination-district/ed3519e3-5578-4afe-a3cf-238e137f15d4,Tornby,https://valg.dk/fv/987875fe-0dae-42ac-be5b-62cf0bd5d65e/nomination-district/ed3519e3-5578-4afe-a3cf-238e137f15d4/polling-district/9129b3d7-47a6-4f87-b2d9-f8953ab04d93
Hjørringkredsen,https://valg.dk/fv/987875fe-0dae-42ac-be5b-62cf0bd5d65e/nomination-district/ed3519e3-5578-4afe-a3cf-238e137f15d4,Tversted,https://valg.dk/fv/987875fe-0dae-42ac-be5b-62cf0bd5d65e/nomination-district/ed3519e3-5578-4afe-a3cf-238e137f15d4/polling-district/69e3b67e-71f4-4cf6-ac7d-457e2839577f
Hjørringkredsen,https://valg.dk/fv/987875fe-0dae-42ac-be5b-62cf0bd5d65e/nomination-district/ed3519e3-5578-4afe-a3cf-238e137f15d4,Ugilt,https://valg.dk/fv/987875fe-0dae-42ac-be5b-62cf0bd5d65e/nomination-district/ed3519e3-5578-4afe-a3cf-238e137f15d4/polling-district/5f8fe2e1-60f8-4152-ab51-5ff2c1673295
Hjørringkredsen,https://valg.dk/fv/987875fe-0dae-42ac-be5b-62cf0bd5d65e/nomination-district/ed3519e3-5578-4afe-a3cf-238e137f15d4,Vrejlev-Hæstrup,https://valg.dk/fv/987875fe-0dae-42ac-be5b-62cf0bd5d65e/nomination-district/ed3519e3-5578-4afe-a3cf-238e137f15d4/polling-district/d1c34e22-2067-45ec-ada2-ef888f0670db
Hjørringkredsen,https://valg.dk/fv/987875fe-0dae-42ac-be5b-62cf0bd5d65e/nomination-district/ed3519e3-5578-4afe-a3cf-238e137f15d4,Vrå,https://valg.dk/fv/987875fe-0dae-42ac-be5b-62cf0bd5d65e/nomination-district/ed3519e3-5578-4afe-a3cf-238e137f15d4/polling-district/ca37c53b-c3b3-4e8b-bdd0-2bafa2bc37d5
Holbækkredsen,https://valg.dk/fv/987875fe-0dae-42ac-be5b-62cf0bd5d65e/nomination-district/6ae2fd81-72b9-4a70-bd1e-3ba8f08f1f0e,Gislinge,https://valg.dk/fv/987875fe-0dae-42ac-be5b-62cf0bd5d65e/nomination-district/6ae2fd81-72b9-4a70-bd1e-3ba8f08f1f0e/polling-district/edd23e70-7e57-45ab-b6c2-7a84bbfeebef
Holbækkredsen,https://valg.dk/fv/987875fe-0dae-42ac-be5b-62cf0bd5d65e/nomination-district/6ae2fd81-72b9-4a70-bd1e-3ba8f08f1f0e,Holbæk Midt,https://valg.dk/fv/987875fe-0dae-42ac-be5b-62cf0bd5d65e/nomination-district/6ae2fd81-72b9-4a70-bd1e-3ba8f08f1f0e/polling-district/41afa5ea-950f-4333-bdab-aadf698a6bf2
Holbækkredsen,https://valg.dk/fv/987875fe-0dae-42ac-be5b-62cf0bd5d65e/nomination-district/6ae2fd81-72b9-4a70-bd1e-3ba8f08f1f0e,Holbæk Vest,https://valg.dk/fv/987875fe-0dae-42ac-be5b-62cf0bd5d65e/nomination-district/6ae2fd81-72b9-4a70-bd1e-3ba8f08f1f0e/polling-district/d92c7002-82cb-4265-9943-1853bd61709a
Holbækkredsen,https://valg.dk/fv/987875fe-0dae-42ac-be5b-62cf0bd5d65e/nomination-district/6ae2fd81-72b9-4a70-bd1e-3ba8f08f1f0e,Holbæk Øst,https://valg.dk/fv/987875fe-0dae-42ac-be5b-62cf0bd5d65e/nomination-district/6ae2fd81-72b9-4a70-bd1e-3ba8f08f1f0e/polling-district/c1201efb-b69c-4792-befc-f6abadfe500a
Holbækkredsen,https://valg.dk/fv/987875fe-0dae-42ac-be5b-62cf0bd5d65e/nomination-district/6ae2fd81-72b9-4a70-bd1e-3ba8f08f1f0e,Jyderup,https://valg.dk/fv/987875fe-0dae-42ac-be5b-62cf0bd5d65e/nomination-district/6ae2fd81-72b9-4a70-bd1e-3ba8f08f1f0e/polling-district/7798a422-d00d-413d-b320-d064777d54cb
Holbækkredsen,https://valg.dk/fv/987875fe-0dae-42ac-be5b-62cf0bd5d65e/nomination-district/6ae2fd81-72b9-4a70-bd1e-3ba8f08f1f0e,Mørkøv,https://valg.dk/fv/987875fe-0dae-42ac-be5b-62cf0bd5d65e/nomination-district/6ae2fd81-72b9-4a70-bd1e-3ba8f08f1f0e/polling-district/971de9a8-d0f7-4e33-84d8-500fe605fea4
Holbækkredsen,https://valg.dk/fv/987875fe-0dae-42ac-be5b-62cf0bd5d65e/nomination-district/6ae2fd81-72b9-4a70-bd1e-3ba8f08f1f0e,Orø,https://valg.dk/fv/987875fe-0dae-42ac-be5b-62cf0bd5d65e/nomination-district/6ae2fd81-72b9-4a70-bd1e-3ba8f08f1f0e/polling-district/cb05b97c-4bcb-4649-9faf-3a4c340beb40
Holbækkredsen,https://valg.dk/fv/987875fe-0dae-42ac-be5b-62cf0bd5d65e/nomination-district/6ae2fd81-72b9-4a70-bd1e-3ba8f08f1f0e,Regstrup,https://valg.dk/fv/987875fe-0dae-42ac-be5b-62cf0bd5d65e/nomination-district/6ae2fd81-72b9-4a70-bd1e-3ba8f08f1f0e/polling-district/8e72b0c7-5233-44e4-b604-faaf84e115a5
Holbækkredsen,https://valg.dk/fv/987875fe-0dae-42ac-be5b-62cf0bd5d65e/nomination-district/6ae2fd81-72b9-4a70-bd1e-3ba8f08f1f0e,St. Merløse,https://valg.dk/fv/987875fe-0dae-42ac-be5b-62cf0bd5d65e/nomination-district/6ae2fd81-72b9-4a70-bd1e-3ba8f08f1f0e/polling-district/32c20890-b406-42d3-a9a0-a7fe63cbd199
Holbækkredsen,https://valg.dk/fv/987875fe-0dae-42ac-be5b-62cf0bd5d65e/nomination-district/6ae2fd81-72b9-4a70-bd1e-3ba8f08f1f0e,Svinninge,https://valg.dk/fv/987875fe-0dae-42ac-be5b-62cf0bd5d65e/nomination-district/6ae2fd81-72b9-4a70-bd1e-3ba8f08f1f0e/polling-district/1c956c5c-b84f-4d13-91e4-7d606f3424e6
Holbækkredsen,https://valg.dk/fv/987875fe-0dae-42ac-be5b-62cf0bd5d65e/nomination-district/6ae2fd81-72b9-4a70-bd1e-3ba8f08f1f0e,Tuse,https://valg.dk/fv/987875fe-0dae-42ac-be5b-62cf0bd5d65e/nomination-district/6ae2fd81-72b9-4a70-bd1e-3ba8f08f1f0e/polling-district/63a6d9f2-3b2c-4247-8c16-b0af6cc6d6be
Holbækkredsen,https://valg.dk/fv/987875fe-0dae-42ac-be5b-62cf0bd5d65e/nomination-district/6ae2fd81-72b9-4a70-bd1e-3ba8f08f1f0e,Tølløse,https://valg.dk/fv/987875fe-0dae-42ac-be5b-62cf0bd5d65e/nomination-district/6ae2fd81-72b9-4a70-bd1e-3ba8f08f1f0e/polling-district/3a4a290c-36b2-4479-8a31-d4b91abf8044
Holbækkredsen,https://valg.dk/fv/987875fe-0dae-42ac-be5b-62cf0bd5d65e/nomination-district/6ae2fd81-72b9-4a70-bd1e-3ba8f08f1f0e,Udby,https://valg.dk/fv/987875fe-0dae-42ac-be5b-62cf0bd5d65e/nomination-district/6ae2fd81-72b9-4a70-bd1e-3ba8f08f1f0e/polling-district/c661514b-29ee-40d7-8319-8b03c9d8bffc
Holbækkredsen,https://valg.dk/fv/987875fe-0dae-42ac-be5b-62cf0bd5d65e/nomination-district/6ae2fd81-72b9-4a70-bd1e-3ba8f08f1f0e,Undløse,https://valg.dk/fv/987875fe-0dae-42ac-be5b-62cf0bd5d65e/nomination-district/6ae2fd81-72b9-4a70-bd1e-3ba8f08f1f0e/polling-district/4a6a935e-8919-4150-ace3-2665e9020995
Holbækkredsen,https://valg.dk/fv/987875fe-0dae-42ac-be5b-62cf0bd5d65e/nomination-district/6ae2fd81-72b9-4a70-bd1e-3ba8f08f1f0e,Vipperød,https://valg.dk/fv/987875fe-0dae-42ac-be5b-62cf0bd5d65e/nomination-district/6ae2fd81-72b9-4a70-bd1e-3ba8f08f1f0e/polling-district/0e04f0be-d1af-4e8a-ad9e-99fc7289c3f3
Holstebrokredsen,https://valg.dk/fv/987875fe-0dae-42ac-be5b-62cf0bd5d65e/nomination-district/59ff805d-d400-4284-a45b-48a2837ac52b,Mejdal,https://valg.dk/fv/987875fe-0dae-42ac-be5b-62cf0bd5d65e/nomination-district/59ff805d-d400-4284-a45b-48a2837ac52b/polling-district/1756bcea-0a45-4582-87dd-31f1161c1ec7
Holstebrokredsen,https://valg.dk/fv/987875fe-0dae-42ac-be5b-62cf0bd5d65e/nomination-district/59ff805d-d400-4284-a45b-48a2837ac52b,Mejrup,https://valg.dk/fv/987875fe-0dae-42ac-be5b-62cf0bd5d65e/nomination-district/59ff805d-d400-4284-a45b-48a2837ac52b/polling-district/92be2d5d-933e-4b30-bb7e-29d48b100409
Holstebrokredsen,https://valg.dk/fv/987875fe-0dae-42ac-be5b-62cf0bd5d65e/nomination-district/59ff805d-d400-4284-a45b-48a2837ac52b,Musikteatret,https://valg.dk/fv/987875fe-0dae-42ac-be5b-62cf0bd5d65e/nomination-district/59ff805d-d400-4284-a45b-48a2837ac52b/polling-district/b1a9ef9a-f6ab-4fd0-ba5e-cf4aa940ba39
Holstebrokredsen,https://valg.dk/fv/987875fe-0dae-42ac-be5b-62cf0bd5d65e/nomination-district/59ff805d-d400-4284-a45b-48a2837ac52b,Nørreboulevardskolen,https://valg.dk/fv/987875fe-0dae-42ac-be5b-62cf0bd5d65e/nomination-district/59ff805d-d400-4284-a45b-48a2837ac52b/polling-district/3ba3e207-797c-41d7-9d5c-f19e2139a6c4
Holstebrokredsen,https://valg.dk/fv/987875fe-0dae-42ac-be5b-62cf0bd5d65e/nomination-district/59ff805d-d400-4284-a45b-48a2837ac52b,Sdr. Nissum,https://valg.dk/fv/987875fe-0dae-42ac-be5b-62cf0bd5d65e/nomination-district/59ff805d-d400-4284-a45b-48a2837ac52b/polling-district/4f1aca6e-71c1-44ab-8ec1-100cba9d825a
Holstebrokredsen,https://valg.dk/fv/987875fe-0dae-42ac-be5b-62cf0bd5d65e/nomination-district/59ff805d-d400-4284-a45b-48a2837ac52b,Sevel,https://valg.dk/fv/987875fe-0dae-42ac-be5b-62cf0bd5d65e/nomination-district/59ff805d-d400-4284-a45b-48a2837ac52b/polling-district/9c645851-8d58-4f78-8145-578e998d1cd9
Holstebrokredsen,https://valg.dk/fv/987875fe-0dae-42ac-be5b-62cf0bd5d65e/nomination-district/59ff805d-d400-4284-a45b-48a2837ac52b,Skave,https://valg.dk/fv/987875fe-0dae-42ac-be5b-62cf0bd5d65e/nomination-district/59ff805d-d400-4284-a45b-48a2837ac52b/polling-district/7792c0f3-6a8d-4aa1-8db9-e616d1cb219d
Holstebrokredsen,https://valg.dk/fv/987875fe-0dae-42ac-be5b-62cf0bd5d65e/nomination-district/59ff805d-d400-4284-a45b-48a2837ac52b,Ulfborg,https://valg.dk/fv/987875fe-0dae-42ac-be5b-62cf0bd5d65e/nomination-district/59ff805d-d400-4284-a45b-48a2837ac52b/polling-district/f9d8e7f0-f51b-4b0d-8ac8-3b9333bd6ad3
Holstebrokredsen,https://valg.dk/fv/987875fe-0dae-42ac-be5b-62cf0bd5d65e/nomination-district/59ff805d-d400-4284-a45b-48a2837ac52b,Vemb,https://valg.dk/fv/987875fe-0dae-42ac-be5b-62cf0bd5d65e/nomination-district/59ff805d-d400-4284-a45b-48a2837ac52b/polling-district/bebc3232-5c2d-4f86-b984-fbb299b60f25
Holstebrokredsen,https://valg.dk/fv/987875fe-0dae-42ac-be5b-62cf0bd5d65e/nomination-district/59ff805d-d400-4284-a45b-48a2837ac52b,Vinderup,https://valg.dk/fv/987875fe-0dae-42ac-be5b-62cf0bd5d65e/nomination-district/59ff805d-d400-4284-a45b-48a2837ac52b/polling-district/fab52489-32f9-4948-a783-6580e13980ea
Horsenskredsen,https://valg.dk/fv/987875fe-0dae-42ac-be5b-62cf0bd5d65e/nomination-district/55a89b88-61e3-43c1-90ed-00b02b8bb6c0,Brædstrup,https://valg.dk/fv/987875fe-0dae-42ac-be5b-62cf0bd5d65e/nomination-district/55a89b88-61e3-43c1-90ed-00b02b8bb6c0/polling-district/15a609ce-257e-4804-a103-54ee0bf3de0e
Horsenskredsen,https://valg.dk/fv/987875fe-0dae-42ac-be5b-62cf0bd5d65e/nomination-district/55a89b88-61e3-43c1-90ed-00b02b8bb6c0,Dagnæs,https://valg.dk/fv/987875fe-0dae-42ac-be5b-62cf0bd5d65e/nomination-district/55a89b88-61e3-43c1-90ed-00b02b8bb6c0/polling-district/dee7b40e-13ec-44c6-87bf-95ce70c4ee93
Horsenskredsen,https://valg.dk/fv/987875fe-0dae-42ac-be5b-62cf0bd5d65e/nomination-district/55a89b88-61e3-43c1-90ed-00b02b8bb6c0,Egebjerg,https://valg.dk/fv/987875fe-0dae-42ac-be5b-62cf0bd5d65e/nomination-district/55a89b88-61e3-43c1-90ed-00b02b8bb6c0/polling-district/e7829d11-dda5-4ce0-ba56-72c9dd9cf226
Horsenskredsen,https://valg.dk/fv/987875fe-0dae-42ac-be5b-62cf0bd5d65e/nomination-district/55a89b88-61e3-43c1-90ed-00b02b8bb6c0,Endelave,https://valg.dk/fv/987875fe-0dae-42ac-be5b-62cf0bd5d65e/nomination-district/55a89b88-61e3-43c1-90ed-00b02b8bb6c0/polling-district/26bef6d9-bd39-4af6-8ae1-3ccb7e331e8b
Horsenskredsen,https://valg.dk/fv/987875fe-0dae-42ac-be5b-62cf0bd5d65e/nomination-district/55a89b88-61e3-43c1-90ed-00b02b8bb6c0,Forum,https://valg.dk/fv/987875fe-0dae-42ac-be5b-62cf0bd5d65e/nomination-district/55a89b88-61e3-43c1-90ed-00b02b8bb6c0/polling-district/f93f17ce-7428-4224-9266-4bcfbb4064ca
Horsenskredsen,https://valg.dk/fv/987875fe-0dae-42ac-be5b-62cf0bd5d65e/nomination-district/55a89b88-61e3-43c1-90ed-00b02b8bb6c0,Gedved,https://valg.dk/fv/987875fe-0dae-42ac-be5b-62cf0bd5d65e/nomination-district/55a89b88-61e3-43c1-90ed-00b02b8bb6c0/polling-district/f4d84bc3-5325-4a07-b38c-ad2ed55abda2
Horsenskredsen,https://valg.dk/fv/987875fe-0dae-42ac-be5b-62cf0bd5d65e/nomination-district/55a89b88-61e3-43c1-90ed-00b02b8bb6c0,Hatting,https://valg.dk/fv/987875fe-0dae-42ac-be5b-62cf0bd5d65e/nomination-district/55a89b88-61e3-43c1-90ed-00b02b8bb6c0/polling-district/b8ca8333-72e5-4d8f-b641-7c77b91b0a7d
Horsenskredsen,https://valg.dk/fv/987875fe-0dae-42ac-be5b-62cf0bd5d65e/nomination-district/55a89b88-61e3-43c1-90ed-00b02b8bb6c0,Hovedgård,https://valg.dk/fv/987875fe-0dae-42ac-be5b-62cf0bd5d65e/nomination-district/55a89b88-61e3-43c1-90ed-00b02b8bb6c0/polling-district/89101dbb-9976-4851-bb3f-cee18cdefa01
Horsenskredsen,https://valg.dk/fv/987875fe-0dae-42ac-be5b-62cf0bd5d65e/nomination-district/55a89b88-61e3-43c1-90ed-00b02b8bb6c0,Højvangen,https://valg.dk/fv/987875fe-0dae-42ac-be5b-62cf0bd5d65e/nomination-district/55a89b88-61e3-43c1-90ed-00b02b8bb6c0/polling-district/ae008b91-0d99-42af-a133-64df929340ab
Horsenskredsen,https://valg.dk/fv/987875fe-0dae-42ac-be5b-62cf0bd5d65e/nomination-district/55a89b88-61e3-43c1-90ed-00b02b8bb6c0,Lund,https://valg.dk/fv/987875fe-0dae-42ac-be5b-62cf0bd5d65e/nomination-district/55a89b88-61e3-43c1-90ed-00b02b8bb6c0/polling-district/93462b9e-3dfa-4e50-b0ed-549da9c37e70
Horsenskredsen,https://valg.dk/fv/987875fe-0dae-42ac-be5b-62cf0bd5d65e/nomination-district/55a89b88-61e3-43c1-90ed-00b02b8bb6c0,Midtbyen,https://valg.dk/fv/987875fe-0dae-42ac-be5b-62cf0bd5d65e/nomination-district/55a89b88-61e3-43c1-90ed-00b02b8bb6c0/polling-district/1bbfe5b8-ab4f-4e78-a3ce-1f7b3447c12b
Horsenskredsen,https://valg.dk/fv/987875fe-0dae-42ac-be5b-62cf0bd5d65e/nomination-district/55a89b88-61e3-43c1-90ed-00b02b8bb6c0,Nim,https://valg.dk/fv/987875fe-0dae-42ac-be5b-62cf0bd5d65e/nomination-district/55a89b88-61e3-43c1-90ed-00b02b8bb6c0/polling-district/8caa7141-baee-4ce3-9202-45b4db55d874
Horsenskredsen,https://valg.dk/fv/987875fe-0dae-42ac-be5b-62cf0bd5d65e/nomination-district/55a89b88-61e3-43c1-90ed-00b02b8bb6c0,Sdr.Vissing,https://valg.dk/fv/987875fe-0dae-42ac-be5b-62cf0bd5d65e/nomination-district/55a89b88-61e3-43c1-90ed-00b02b8bb6c0/polling-district/05fc4657-a3d6-4ddc-8e8a-dbc459d60b04
Horsenskredsen,https://valg.dk/fv/987875fe-0dae-42ac-be5b-62cf0bd5d65e/nomination-district/55a89b88-61e3-43c1-90ed-00b02b8bb6c0,Sejet,https://valg.dk/fv/987875fe-0dae-42ac-be5b-62cf0bd5d65e/nomination-district/55a89b88-61e3-43c1-90ed-00b02b8bb6c0/polling-district/70ddbbb5-ea39-4377-9a2f-4b8d7e5e7a89
Horsenskredsen,https://valg.dk/fv/987875fe-0dae-42ac-be5b-62cf0bd5d65e/nomination-district/55a89b88-61e3-43c1-90ed-00b02b8bb6c0,Stensballe,https://valg.dk/fv/987875fe-0dae-42ac-be5b-62cf0bd5d65e/nomination-district/55a89b88-61e3-43c1-90ed-00b02b8bb6c0/polling-district/08dc9f45-7af7-4842-8e6d-a956796f6426
Horsenskredsen,https://valg.dk/fv/987875fe-0dae-42ac-be5b-62cf0bd5d65e/nomination-district/55a89b88-61e3-43c1-90ed-00b02b8bb6c0,Sundparken,https://valg.dk/fv/987875fe-0dae-42ac-be5b-62cf0bd5d65e/nomination-district/55a89b88-61e3-43c1-90ed-00b02b8bb6c0/polling-district/9115114c-7d5b-4582-bf1e-01f9c7b99a8f
Horsenskredsen,https://valg.dk/fv/987875fe-0dae-42ac-be5b-62cf0bd5d65e/nomination-district/55a89b88-61e3-43c1-90ed-00b02b8bb6c0,Sønderbro,https://valg.dk/fv/987875fe-0dae-42ac-be5b-62cf0bd5d65e/nomination-district/55a89b88-61e3-43c1-90ed-00b02b8bb6c0/polling-district/128bed4c-93e9-4883-a59f-002420704005
Horsenskredsen,https://valg.dk/fv/987875fe-0dae-42ac-be5b-62cf0bd5d65e/nomination-district/55a89b88-61e3-43c1-90ed-00b02b8bb6c0,Søvind,https://valg.dk/fv/987875fe-0dae-42ac-be5b-62cf0bd5d65e/nomination-district/55a89b88-61e3-43c1-90ed-00b02b8bb6c0/polling-district/96703166-b1ed-446d-a626-e0d284e86cb7
Horsenskredsen,https://valg.dk/fv/987875fe-0dae-42ac-be5b-62cf0bd5d65e/nomination-district/55a89b88-61e3-43c1-90ed-00b02b8bb6c0,Torsted,https://valg.dk/fv/987875fe-0dae-42ac-be5b-62cf0bd5d65e/nomination-district/55a89b88-61e3-43c1-90ed-00b02b8bb6c0/polling-district/c7a1b7a2-ea1b-44c9-90dd-7014174d9a23
Horsenskredsen,https://valg.dk/fv/987875fe-0dae-42ac-be5b-62cf0bd5d65e/nomination-district/55a89b88-61e3-43c1-90ed-00b02b8bb6c0,Tønning-Træden,https://valg.dk/fv/987875fe-0dae-42ac-be5b-62cf0bd5d65e/nomination-district/55a89b88-61e3-43c1-90ed-00b02b8bb6c0/polling-district/09263efe-6ec5-4643-98a9-539c8f795208
Horsenskredsen,https://valg.dk/fv/987875fe-0dae-42ac-be5b-62cf0bd5d65e/nomination-district/55a89b88-61e3-43c1-90ed-00b02b8bb6c0,Vestbyen,https://valg.dk/fv/987875fe-0dae-42ac-be5b-62cf0bd5d65e/nomination-district/55a89b88-61e3-43c1-90ed-00b02b8bb6c0/polling-district/b7290841-31b5-40b0-8c6e-b274a4673aa0
Horsenskredsen,https://valg.dk/fv/987875fe-0dae-42ac-be5b-62cf0bd5d65e/nomination-district/55a89b88-61e3-43c1-90ed-00b02b8bb6c0,Østbirk,https://valg.dk/fv/987875fe-0dae-42ac-be5b-62cf0bd5d65e/nomination-district/55a89b88-61e3-43c1-90ed-00b02b8bb6c0/polling-district/6a34dc4e-1b7e-42c6-9338-aa268d475c3b
Hvidovrekredsen,https://valg.dk/fv/987875fe-0dae-42ac-be5b-62cf0bd5d65e/nomination-district/cf141bd6-c40c-41ee-a61c-ebcca582a76e,Avedøre Idrætscenter,https://valg.dk/fv/987875fe-0dae-42ac-be5b-62cf0bd5d65e/nomination-district/cf141bd6-c40c-41ee-a61c-ebcca582a76e/polling-district/5aa7668d-5e08-4fd0-9240-494e7316cc32
Hvidovrekredsen,https://valg.dk/fv/987875fe-0dae-42ac-be5b-62cf0bd5d65e/nomination-district/cf141bd6-c40c-41ee-a61c-ebcca582a76e,Avedøre Skole,https://valg.dk/fv/987875fe-0dae-42ac-be5b-62cf0bd5d65e/nomination-district/cf141bd6-c40c-41ee-a61c-ebcca582a76e/polling-district/d9d018ec-d71b-44a9-a800-c7bf58b45ea6
Hvidovrekredsen,https://valg.dk/fv/987875fe-0dae-42ac-be5b-62cf0bd5d65e/nomination-district/cf141bd6-c40c-41ee-a61c-ebcca582a76e,Dansborghallen,https://valg.dk/fv/987875fe-0dae-42ac-be5b-62cf0bd5d65e/nomination-district/cf141bd6-c40c-41ee-a61c-ebcca582a76e/polling-district/c637c14d-4835-4f7c-9a7b-d3b1683170d7
Hvidovrekredsen,https://valg.dk/fv/987875fe-0dae-42ac-be5b-62cf0bd5d65e/nomination-district/cf141bd6-c40c-41ee-a61c-ebcca582a76e,Frihedens Idrætscenter,https://valg.dk/fv/987875fe-0dae-42ac-be5b-62cf0bd5d65e/nomination-district/cf141bd6-c40c-41ee-a61c-ebcca582a76e/polling-district/8639a812-4408-4d55-8560-6ed756f93dfc
Hvidovrekredsen,https://valg.dk/fv/987875fe-0dae-42ac-be5b-62cf0bd5d65e/nomination-district/cf141bd6-c40c-41ee-a61c-ebcca582a76e,Holmegårdshallen,https://valg.dk/fv/987875fe-0dae-42ac-be5b-62cf0bd5d65e/nomination-district/cf141bd6-c40c-41ee-a61c-ebcca582a76e/polling-district/a4ab6a72-9f59-48c1-b014-9d12376d27d5
Hvidovrekredsen,https://valg.dk/fv/987875fe-0dae-42ac-be5b-62cf0bd5d65e/nomination-district/cf141bd6-c40c-41ee-a61c-ebcca582a76e,Kometen,https://valg.dk/fv/987875fe-0dae-42ac-be5b-62cf0bd5d65e/nomination-district/cf141bd6-c40c-41ee-a61c-ebcca582a76e/polling-district/93eb623f-177b-42dc-becb-f4a7b25fdc08
Hvidovrekredsen,https://valg.dk/fv/987875fe-0dae-42ac-be5b-62cf0bd5d65e/nomination-district/cf141bd6-c40c-41ee-a61c-ebcca582a76e,Præstemoseskolen,https://valg.dk/fv/987875fe-0dae-42ac-be5b-62cf0bd5d65e/nomination-district/cf141bd6-c40c-41ee-a61c-ebcca582a76e/polling-district/cfe7a8fd-5412-4629-bf00-34b34f80ac54
Hvidovrekredsen,https://valg.dk/fv/987875fe-0dae-42ac-be5b-62cf0bd5d65e/nomination-district/cf141bd6-c40c-41ee-a61c-ebcca582a76e,Sønderkærskolen,https://valg.dk/fv/987875fe-0dae-42ac-be5b-62cf0bd5d65e/nomination-district/cf141bd6-c40c-41ee-a61c-ebcca582a76e/polling-district/169dbbf9-0d0d-468c-a5f1-b15e95318f75
Ikastkredsen,https://valg.dk/fv/987875fe-0dae-42ac-be5b-62cf0bd5d65e/nomination-district/e6a1c1df-ec19-4714-8911-b3235128b17a,Blåhøj,https://valg.dk/fv/987875fe-0dae-42ac-be5b-62cf0bd5d65e/nomination-district/e6a1c1df-ec19-4714-8911-b3235128b17a/polling-district/e105e29d-2b91-4c56-a689-7af39d1a20cf
Ikastkredsen,https://valg.dk/fv/987875fe-0dae-42ac-be5b-62cf0bd5d65e/nomination-district/e6a1c1df-ec19-4714-8911-b3235128b17a,Bording,https://valg.dk/fv/987875fe-0dae-42ac-be5b-62cf0bd5d65e/nomination-district/e6a1c1df-ec19-4714-8911-b3235128b17a/polling-district/6028244d-6ffe-426e-99e1-03bb9cecb29b
Ikastkredsen,https://valg.dk/fv/987875fe-0dae-42ac-be5b-62cf0bd5d65e/nomination-district/e6a1c1df-ec19-4714-8911-b3235128b17a,Brande,https://valg.dk/fv/987875fe-0dae-42ac-be5b-62cf0bd5d65e/nomination-district/e6a1c1df-ec19-4714-8911-b3235128b17a/polling-district/1479119f-d660-4150-bb31-80c8833161b6
Ikastkredsen,https://valg.dk/fv/987875fe-0dae-42ac-be5b-62cf0bd5d65e/nomination-district/e6a1c1df-ec19-4714-8911-b3235128b17a,Ejstrup,https://valg.dk/fv/987875fe-0dae-42ac-be5b-62cf0bd5d65e/nomination-district/e6a1c1df-ec19-4714-8911-b3235128b17a/polling-district/a6d7d583-6a89-41fc-a22a-d925ae95c1fa
Ikastkredsen,https://valg.dk/fv/987875fe-0dae-42ac-be5b-62cf0bd5d65e/nomination-district/e6a1c1df-ec19-4714-8911-b3235128b17a,Engesvang,https://valg.dk/fv/987875fe-0dae-42ac-be5b-62cf0bd5d65e/nomination-district/e6a1c1df-ec19-4714-8911-b3235128b17a/polling-district/d1b9d9ef-952d-4264-bcee-960af77c0b56
Ikastkredsen,https://valg.dk/fv/987875fe-0dae-42ac-be5b-62cf0bd5d65e/nomination-district/e6a1c1df-ec19-4714-8911-b3235128b17a,Gludsted,https://valg.dk/fv/987875fe-0dae-42ac-be5b-62cf0bd5d65e/nomination-district/e6a1c1df-ec19-4714-8911-b3235128b17a/polling-district/c1ed8380-65bd-41c1-8c99-ac14d16e01f8
Ikastkredsen,https://valg.dk/fv/987875fe-0dae-42ac-be5b-62cf0bd5d65e/nomination-district/e6a1c1df-ec19-4714-8911-b3235128b17a,Ikast,https://valg.dk/fv/987875fe-0dae-42ac-be5b-62cf0bd5d65e/nomination-district/e6a1c1df-ec19-4714-8911-b3235128b17a/polling-district/3f5dd55f-a086-415e-b8b1-2211ca041cf9
Ikastkredsen,https://valg.dk/fv/987875fe-0dae-42ac-be5b-62cf0bd5d65e/nomination-district/e6a1c1df-ec19-4714-8911-b3235128b17a,Isenvad,https://valg.dk/fv/987875fe-0dae-42ac-be5b-62cf0bd5d65e/nomination-district/e6a1c1df-ec19-4714-8911-b3235128b17a/polling-district/7d998ece-b125-4861-8ecc-5ab0ed2af1dc
Ikastkredsen,https://valg.dk/fv/987875fe-0dae-42ac-be5b-62cf0bd5d65e/nomination-district/e6a1c1df-ec19-4714-8911-b3235128b17a,Klovborg,https://valg.dk/fv/987875fe-0dae-42ac-be5b-62cf0bd5d65e/nomination-district/e6a1c1df-ec19-4714-8911-b3235128b17a/polling-district/df47881e-b06d-4c0a-b5fb-a125c6dd0aeb
Ikastkredsen,https://valg.dk/fv/987875fe-0dae-42ac-be5b-62cf0bd5d65e/nomination-district/e6a1c1df-ec19-4714-8911-b3235128b17a,Nørre Snede,https://valg.dk/fv/987875fe-0dae-42ac-be5b-62cf0bd5d65e/nomination-district/e6a1c1df-ec19-4714-8911-b3235128b17a/polling-district/d976439b-f414-4820-95eb-a52c038ef31e
Indre Bykredsen,https://valg.dk/fv/987875fe-0dae-42ac-be5b-62cf0bd5d65e/nomination-district/ad97f1f1-a48c-4dd2-88ca-521f7d48acb2,3. Indre By,https://valg.dk/fv/987875fe-0dae-42ac-be5b-62cf0bd5d65e/nomination-district/ad97f1f1-a48c-4dd2-88ca-521f7d48acb2/polling-district/a323e448-420c-402d-a552-05a46f6f7f59
Indre Bykredsen,https://valg.dk/fv/987875fe-0dae-42ac-be5b-62cf0bd5d65e/nomination-district/ad97f1f1-a48c-4dd2-88ca-521f7d48acb2,3. Nord,https://valg.dk/fv/987875fe-0dae-42ac-be5b-62cf0bd5d65e/nomination-district/ad97f1f1-a48c-4dd2-88ca-521f7d48acb2/polling-district/8a0efa3e-5447-430a-bbbd-121391b4c994
Indre Bykredsen,https://valg.dk/fv/987875fe-0dae-42ac-be5b-62cf0bd5d65e/nomination-district/ad97f1f1-a48c-4dd2-88ca-521f7d48acb2,3. Syd,https://valg.dk/fv/987875fe-0dae-42ac-be5b-62cf0bd5d65e/nomination-district/ad97f1f1-a48c-4dd2-88ca-521f7d48acb2/polling-district/666240d0-8cfd-4bbd-890a-f2be89ed018c
Indre Bykredsen,https://valg.dk/fv/987875fe-0dae-42ac-be5b-62cf0bd5d65e/nomination-district/ad97f1f1-a48c-4dd2-88ca-521f7d48acb2,3. Øst,https://valg.dk/fv/987875fe-0dae-42ac-be5b-62cf0bd5d65e/nomination-district/ad97f1f1-a48c-4dd2-88ca-521f7d48acb2/polling-district/7170be77-3bee-4b34-8fdf-1ccddc7290de
Kalundborgkredsen,https://valg.dk/fv/987875fe-0dae-42ac-be5b-62cf0bd5d65e/nomination-district/a38c2dba-50bf-43b0-b505-446d543e3fb8,Asnæs,https://valg.dk/fv/987875fe-0dae-42ac-be5b-62cf0bd5d65e/nomination-district/a38c2dba-50bf-43b0-b505-446d543e3fb8/polling-district/e16b1599-f9c9-4698-836e-af786ea38312
Kalundborgkredsen,https://valg.dk/fv/987875fe-0dae-42ac-be5b-62cf0bd5d65e/nomination-district/a38c2dba-50bf-43b0-b505-446d543e3fb8,Buerup,https://valg.dk/fv/987875fe-0dae-42ac-be5b-62cf0bd5d65e/nomination-district/a38c2dba-50bf-43b0-b505-446d543e3fb8/polling-district/4fd0e52f-831f-4787-b776-712be9b069c2
Kalundborgkredsen,https://valg.dk/fv/987875fe-0dae-42ac-be5b-62cf0bd5d65e/nomination-district/a38c2dba-50bf-43b0-b505-446d543e3fb8,Egebjerg,https://valg.dk/fv/987875fe-0dae-42ac-be5b-62cf0bd5d65e/nomination-district/a38c2dba-50bf-43b0-b505-446d543e3fb8/polling-district/cc93a7fb-0f0f-467a-9f27-b57546b4648b
Kalundborgkredsen,https://valg.dk/fv/987875fe-0dae-42ac-be5b-62cf0bd5d65e/nomination-district/a38c2dba-50bf-43b0-b505-446d543e3fb8,Fårevejle,https://valg.dk/fv/987875fe-0dae-42ac-be5b-62cf0bd5d65e/nomination-district/a38c2dba-50bf-43b0-b505-446d543e3fb8/polling-district/7f7d40dd-8bfa-408e-95e4-c49bda24cae9
Kalundborgkredsen,https://valg.dk/fv/987875fe-0dae-42ac-be5b-62cf0bd5d65e/nomination-district/a38c2dba-50bf-43b0-b505-446d543e3fb8,Gierslev,https://valg.dk/fv/987875fe-0dae-42ac-be5b-62cf0bd5d65e/nomination-district/a38c2dba-50bf-43b0-b505-446d543e3fb8/polling-district/ee1dccc2-4762-489d-9021-d6371f6a0570
Kalundborgkredsen,https://valg.dk/fv/987875fe-0dae-42ac-be5b-62cf0bd5d65e/nomination-district/a38c2dba-50bf-43b0-b505-446d543e3fb8,Grevinge,https://valg.dk/fv/987875fe-0dae-42ac-be5b-62cf0bd5d65e/nomination-district/a38c2dba-50bf-43b0-b505-446d543e3fb8/polling-district/03aa75a2-0301-4ec3-a788-91797f32e204
Kalundborgkredsen,https://valg.dk/fv/987875fe-0dae-42ac-be5b-62cf0bd5d65e/nomination-district/a38c2dba-50bf-43b0-b505-446d543e3fb8,Gørlev,https://valg.dk/fv/987875fe-0dae-42ac-be5b-62cf0bd5d65e/nomination-district/a38c2dba-50bf-43b0-b505-446d543e3fb8/polling-district/f808ef26-d92c-4354-a0ad-60ac715b7021
Kalundborgkredsen,https://valg.dk/fv/987875fe-0dae-42ac-be5b-62cf0bd5d65e/nomination-district/a38c2dba-50bf-43b0-b505-446d543e3fb8,Højby,https://valg.dk/fv/987875fe-0dae-42ac-be5b-62cf0bd5d65e/nomination-district/a38c2dba-50bf-43b0-b505-446d543e3fb8/polling-district/ae76f34d-c376-4b10-adb1-968f32efdbe2
Kalundborgkredsen,https://valg.dk/fv/987875fe-0dae-42ac-be5b-62cf0bd5d65e/nomination-district/a38c2dba-50bf-43b0-b505-446d543e3fb8,Høng,https://valg.dk/fv/987875fe-0dae-42ac-be5b-62cf0bd5d65e/nomination-district/a38c2dba-50bf-43b0-b505-446d543e3fb8/polling-district/8c2a89e1-8535-4d00-a1f2-25515bee5d8f
Kalundborgkredsen,https://valg.dk/fv/987875fe-0dae-42ac-be5b-62cf0bd5d65e/nomination-district/a38c2dba-50bf-43b0-b505-446d543e3fb8,Hørve,https://valg.dk/fv/987875fe-0dae-42ac-be5b-62cf0bd5d65e/nomination-district/a38c2dba-50bf-43b0-b505-446d543e3fb8/polling-district/f51e6923-6b29-49a3-b6a6-29034c411a48
Kalundborgkredsen,https://valg.dk/fv/987875fe-0dae-42ac-be5b-62cf0bd5d65e/nomination-district/a38c2dba-50bf-43b0-b505-446d543e3fb8,Kalundborghallen,https://valg.dk/fv/987875fe-0dae-42ac-be5b-62cf0bd5d65e/nomination-district/a38c2dba-50bf-43b0-b505-446d543e3fb8/polling-district/8fc2155a-a57a-4faf-ac99-74f634d77d5e
Kalundborgkredsen,https://valg.dk/fv/987875fe-0dae-42ac-be5b-62cf0bd5d65e/nomination-district/a38c2dba-50bf-43b0-b505-446d543e3fb8,Kr. Helsinge,https://valg.dk/fv/987875fe-0dae-42ac-be5b-62cf0bd5d65e/nomination-district/a38c2dba-50bf-43b0-b505-446d543e3fb8/polling-district/2c0aa0df-18bf-4d64-b6bf-bdb982343478
Kalundborgkredsen,https://valg.dk/fv/987875fe-0dae-42ac-be5b-62cf0bd5d65e/nomination-district/a38c2dba-50bf-43b0-b505-446d543e3fb8,Lumsås,https://valg.dk/fv/987875fe-0dae-42ac-be5b-62cf0bd5d65e/nomination-district/a38c2dba-50bf-43b0-b505-446d543e3fb8/polling-district/7d0be941-3b29-4012-a847-cf72fda74ac5
Kalundborgkredsen,https://valg.dk/fv/987875fe-0dae-42ac-be5b-62cf0bd5d65e/nomination-district/a38c2dba-50bf-43b0-b505-446d543e3fb8,Nr. Asmindrup,https://valg.dk/fv/987875fe-0dae-42ac-be5b-62cf0bd5d65e/nomination-district/a38c2dba-50bf-43b0-b505-446d543e3fb8/polling-district/8c5d4250-6e1f-4476-9486-03cd22aa9c62
Kalundborgkredsen,https://valg.dk/fv/987875fe-0dae-42ac-be5b-62cf0bd5d65e/nomination-district/a38c2dba-50bf-43b0-b505-446d543e3fb8,Nykøbing,https://valg.dk/fv/987875fe-0dae-42ac-be5b-62cf0bd5d65e/nomination-district/a38c2dba-50bf-43b0-b505-446d543e3fb8/polling-district/0cbb3cd1-ffd2-4cc6-8c66-a53043e2911c
Kalundborgkredsen,https://valg.dk/fv/987875fe-0dae-42ac-be5b-62cf0bd5d65e/nomination-district/a38c2dba-50bf-43b0-b505-446d543e3fb8,Odden,https://valg.dk/fv/987875fe-0dae-42ac-be5b-62cf0bd5d65e/nomination-district/a38c2dba-50bf-43b0-b505-446d543e3fb8/polling-district/ced4795c-0eb3-4892-bcce-8d82e991f35c
Kalundborgkredsen,https://valg.dk/fv/987875fe-0dae-42ac-be5b-62cf0bd5d65e/nomination-district/a38c2dba-50bf-43b0-b505-446d543e3fb8,Raklev,https://valg.dk/fv/987875fe-0dae-42ac-be5b-62cf0bd5d65e/nomination-district/a38c2dba-50bf-43b0-b505-446d543e3fb8/polling-district/37c4aff4-1c84-485e-9f97-6b792f05e202
Kalundborgkredsen,https://valg.dk/fv/987875fe-0dae-42ac-be5b-62cf0bd5d65e/nomination-district/a38c2dba-50bf-43b0-b505-446d543e3fb8,Reersø,https://valg.dk/fv/987875fe-0dae-42ac-be5b-62cf0bd5d65e/nomination-district/a38c2dba-50bf-43b0-b505-446d543e3fb8/polling-district/9c2ca4fe-372d-479a-a90d-d423d322e7e5
Kalundborgkredsen,https://valg.dk/fv/987875fe-0dae-42ac-be5b-62cf0bd5d65e/nomination-district/a38c2dba-50bf-43b0-b505-446d543e3fb8,Rynkevang,https://valg.dk/fv/987875fe-0dae-42ac-be5b-62cf0bd5d65e/nomination-district/a38c2dba-50bf-43b0-b505-446d543e3fb8/polling-district/1cb8f47a-7c26-460d-b7be-8d738553973b
Kalundborgkredsen,https://valg.dk/fv/987875fe-0dae-42ac-be5b-62cf0bd5d65e/nomination-district/a38c2dba-50bf-43b0-b505-446d543e3fb8,Rørvig,https://valg.dk/fv/987875fe-0dae-42ac-be5b-62cf0bd5d65e/nomination-district/a38c2dba-50bf-43b0-b505-446d543e3fb8/polling-district/93a40ba2-945e-48d6-8336-051d00368742
Kalundborgkredsen,https://valg.dk/fv/987875fe-0dae-42ac-be5b-62cf0bd5d65e/nomination-district/a38c2dba-50bf-43b0-b505-446d543e3fb8,Røsnæs,https://valg.dk/fv/987875fe-0dae-42ac-be5b-62cf0bd5d65e/nomination-district/a38c2dba-50bf-43b0-b505-446d543e3fb8/polling-district/f40c72cc-146c-4949-943b-79a082834650
Kalundborgkredsen,https://valg.dk/fv/987875fe-0dae-42ac-be5b-62cf0bd5d65e/nomination-district/a38c2dba-50bf-43b0-b505-446d543e3fb8,Sejerø,https://valg.dk/fv/987875fe-0dae-42ac-be5b-62cf0bd5d65e/nomination-district/a38c2dba-50bf-43b0-b505-446d543e3fb8/polling-district/f713e610-adce-4fdc-bb7c-23a2a1961832
Kalundborgkredsen,https://valg.dk/fv/987875fe-0dae-42ac-be5b-62cf0bd5d65e/nomination-district/a38c2dba-50bf-43b0-b505-446d543e3fb8,Snertinge,https://valg.dk/fv/987875fe-0dae-42ac-be5b-62cf0bd5d65e/nomination-district/a38c2dba-50bf-43b0-b505-446d543e3fb8/polling-district/d1f8cabb-ce33-4269-8450-8af195d6059f
Kalundborgkredsen,https://valg.dk/fv/987875fe-0dae-42ac-be5b-62cf0bd5d65e/nomination-district/a38c2dba-50bf-43b0-b505-446d543e3fb8,Svallerup,https://valg.dk/fv/987875fe-0dae-42ac-be5b-62cf0bd5d65e/nomination-district/a38c2dba-50bf-43b0-b505-446d543e3fb8/polling-district/f612a7c0-a49a-47d9-92c1-5e6958473fd5
Kalundborgkredsen,https://valg.dk/fv/987875fe-0dae-42ac-be5b-62cf0bd5d65e/nomination-district/a38c2dba-50bf-43b0-b505-446d543e3fb8,Svebølle,https://valg.dk/fv/987875fe-0dae-42ac-be5b-62cf0bd5d65e/nomination-district/a38c2dba-50bf-43b0-b505-446d543e3fb8/polling-district/fa6abd60-7396-489c-9a82-1caf2d8d382d
Kalundborgkredsen,https://valg.dk/fv/987875fe-0dae-42ac-be5b-62cf0bd5d65e/nomination-district/a38c2dba-50bf-43b0-b505-446d543e3fb8,Tømmerup,https://valg.dk/fv/987875fe-0dae-42ac-be5b-62cf0bd5d65e/nomination-district/a38c2dba-50bf-43b0-b505-446d543e3fb8/polling-district/ac3f1bca-88f2-4906-a3b0-d7c7e7bdc3fb
Kalundborgkredsen,https://valg.dk/fv/987875fe-0dae-42ac-be5b-62cf0bd5d65e/nomination-district/a38c2dba-50bf-43b0-b505-446d543e3fb8,Ubby,https://valg.dk/fv/987875fe-0dae-42ac-be5b-62cf0bd5d65e/nomination-district/a38c2dba-50bf-43b0-b505-446d543e3fb8/polling-district/a2b40011-ec5b-4f6b-b594-2604d42f167e
Kalundborgkredsen,https://valg.dk/fv/987875fe-0dae-42ac-be5b-62cf0bd5d65e/nomination-district/a38c2dba-50bf-43b0-b505-446d543e3fb8,Ulshøj,https://valg.dk/fv/987875fe-0dae-42ac-be5b-62cf0bd5d65e/nomination-district/a38c2dba-50bf-43b0-b505-446d543e3fb8/polling-district/53c1e385-7551-42f2-9d41-37db35d35569
Kalundborgkredsen,https://valg.dk/fv/987875fe-0dae-42ac-be5b-62cf0bd5d65e/nomination-district/a38c2dba-50bf-43b0-b505-446d543e3fb8,Vig,https://valg.dk/fv/987875fe-0dae-42ac-be5b-62cf0bd5d65e/nomination-district/a38c2dba-50bf-43b0-b505-446d543e3fb8/polling-district/21d18be8-29dc-4a3f-88b2-5adab37f3b9e
Kalundborgkredsen,https://valg.dk/fv/987875fe-0dae-42ac-be5b-62cf0bd5d65e/nomination-district/a38c2dba-50bf-43b0-b505-446d543e3fb8,Årby-Rørby,https://valg.dk/fv/987875fe-0dae-42ac-be5b-62cf0bd5d65e/nomination-district/a38c2dba-50bf-43b0-b505-446d543e3fb8/polling-district/bd87c6f0-9292-4644-beea-71aa055f3067
Kolding Nordkredsen,https://valg.dk/fv/987875fe-0dae-42ac-be5b-62cf0bd5d65e/nomination-district/03bd8330-dfa2-4334-b097-8d1aef755363,Alminde-Viuf/Vester Nebel,https://valg.dk/fv/987875fe-0dae-42ac-be5b-62cf0bd5d65e/nomination-district/03bd8330-dfa2-4334-b097-8d1aef755363/polling-district/e8a6e400-6fdb-4028-8a03-c326b13a3926
Kolding Nordkredsen,https://valg.dk/fv/987875fe-0dae-42ac-be5b-62cf0bd5d65e/nomination-district/03bd8330-dfa2-4334-b097-8d1aef755363,Bramdrupdam,https://valg.dk/fv/987875fe-0dae-42ac-be5b-62cf0bd5d65e/nomination-district/03bd8330-dfa2-4334-b097-8d1aef755363/polling-district/c10b9afb-051f-48fb-99c3-a45ef275a567
Kolding Nordkredsen,https://valg.dk/fv/987875fe-0dae-42ac-be5b-62cf0bd5d65e/nomination-district/03bd8330-dfa2-4334-b097-8d1aef755363,Centrum Nord,https://valg.dk/fv/987875fe-0dae-42ac-be5b-62cf0bd5d65e/nomination-district/03bd8330-dfa2-4334-b097-8d1aef755363/polling-district/62cfa7b7-d37d-4779-9da7-13bb03df8f40
Kolding Nordkredsen,https://valg.dk/fv/987875fe-0dae-42ac-be5b-62cf0bd5d65e/nomination-district/03bd8330-dfa2-4334-b097-8d1aef755363,Lunderskov/Jordrup,https://valg.dk/fv/987875fe-0dae-42ac-be5b-62cf0bd5d65e/nomination-district/03bd8330-dfa2-4334-b097-8d1aef755363/polling-district/b0eddc56-d0f4-4d53-af99-c5b33e509487
Kolding Nordkredsen,https://valg.dk/fv/987875fe-0dae-42ac-be5b-62cf0bd5d65e/nomination-district/03bd8330-dfa2-4334-b097-8d1aef755363,Nordbyen,https://valg.dk/fv/987875fe-0dae-42ac-be5b-62cf0bd5d65e/nomination-district/03bd8330-dfa2-4334-b097-8d1aef755363/polling-district/45f00a89-2e3c-488a-9842-cb63b8f722c9
Kolding Nordkredsen,https://valg.dk/fv/987875fe-0dae-42ac-be5b-62cf0bd5d65e/nomination-district/03bd8330-dfa2-4334-b097-8d1aef755363,Strandhuse/Nr. Bjert/ Eltang,https://valg.dk/fv/987875fe-0dae-42ac-be5b-62cf0bd5d65e/nomination-district/03bd8330-dfa2-4334-b097-8d1aef755363/polling-district/09e83f75-c620-4573-839d-78345d1cb210
Kolding Nordkredsen,https://valg.dk/fv/987875fe-0dae-42ac-be5b-62cf0bd5d65e/nomination-district/03bd8330-dfa2-4334-b097-8d1aef755363,Vestbyen,https://valg.dk/fv/987875fe-0dae-42ac-be5b-62cf0bd5d65e/nomination-district/03bd8330-dfa2-4334-b097-8d1aef755363/polling-district/116a2022-7667-4380-b6b0-3b0620cf29aa
Kolding Sydkredsen,https://valg.dk/fv/987875fe-0dae-42ac-be5b-62cf0bd5d65e/nomination-district/aed12ec7-35e8-4673-9d6a-e2aa88166466,Centrum Syd,https://valg.dk/fv/987875fe-0dae-42ac-be5b-62cf0bd5d65e/nomination-district/aed12ec7-35e8-4673-9d6a-e2aa88166466/polling-district/5c40f53f-ab44-4b44-bb77-e5e94d907575
Kolding Sydkredsen,https://valg.dk/fv/987875fe-0dae-42ac-be5b-62cf0bd5d65e/nomination-district/aed12ec7-35e8-4673-9d6a-e2aa88166466,Chr.Feld/Stepping/Taps/Hejls,https://valg.dk/fv/987875fe-0dae-42ac-be5b-62cf0bd5d65e/nomination-district/aed12ec7-35e8-4673-9d6a-e2aa88166466/polling-district/a0f7b47a-0e9d-4b19-833f-b114ff516d42
Kolding Sydkredsen,https://valg.dk/fv/987875fe-0dae-42ac-be5b-62cf0bd5d65e/nomination-district/aed12ec7-35e8-4673-9d6a-e2aa88166466,Dalby/Tved/Rebæk,https://valg.dk/fv/987875fe-0dae-42ac-be5b-62cf0bd5d65e/nomination-district/aed12ec7-35e8-4673-9d6a-e2aa88166466/polling-district/df65b8ca-0176-491f-aa25-fcb8cd57186c
Kolding Sydkredsen,https://valg.dk/fv/987875fe-0dae-42ac-be5b-62cf0bd5d65e/nomination-district/aed12ec7-35e8-4673-9d6a-e2aa88166466,S Bjert/S Stenderup/Vejstrup,https://valg.dk/fv/987875fe-0dae-42ac-be5b-62cf0bd5d65e/nomination-district/aed12ec7-35e8-4673-9d6a-e2aa88166466/polling-district/7274e7dc-8861-4059-a334-84961a9d0681
Kolding Sydkredsen,https://valg.dk/fv/987875fe-0dae-42ac-be5b-62cf0bd5d65e/nomination-district/aed12ec7-35e8-4673-9d6a-e2aa88166466,Seest,https://valg.dk/fv/987875fe-0dae-42ac-be5b-62cf0bd5d65e/nomination-district/aed12ec7-35e8-4673-9d6a-e2aa88166466/polling-district/8faae13d-e2f8-4706-9d86-2ce9765f0c58
Kolding Sydkredsen,https://valg.dk/fv/987875fe-0dae-42ac-be5b-62cf0bd5d65e/nomination-district/aed12ec7-35e8-4673-9d6a-e2aa88166466,Sydbyen,https://valg.dk/fv/987875fe-0dae-42ac-be5b-62cf0bd5d65e/nomination-district/aed12ec7-35e8-4673-9d6a-e2aa88166466/polling-district/8a258f61-6a14-44f8-8928-15b27559f306
Kolding Sydkredsen,https://valg.dk/fv/987875fe-0dae-42ac-be5b-62cf0bd5d65e/nomination-district/aed12ec7-35e8-4673-9d6a-e2aa88166466,Vamdrup/Hjarup/Ødis,https://valg.dk/fv/987875fe-0dae-42ac-be5b-62cf0bd5d65e/nomination-district/aed12ec7-35e8-4673-9d6a-e2aa88166466/polling-district/7d4a2204-d477-41e9-927b-5d8b190de953
Kolding Sydkredsen,https://valg.dk/fv/987875fe-0dae-42ac-be5b-62cf0bd5d65e/nomination-district/aed12ec7-35e8-4673-9d6a-e2aa88166466,Vonsild,https://valg.dk/fv/987875fe-0dae-42ac-be5b-62cf0bd5d65e/nomination-district/aed12ec7-35e8-4673-9d6a-e2aa88166466/polling-district/20b0bfe8-cfc7-4011-9c15-c265ad85a4dc
Køgekredsen,https://valg.dk/fv/987875fe-0dae-42ac-be5b-62cf0bd5d65e/nomination-district/2c890c36-4038-49c3-b626-a1d070ef1b39,Alkestrup,https://valg.dk/fv/987875fe-0dae-42ac-be5b-62cf0bd5d65e/nomination-district/2c890c36-4038-49c3-b626-a1d070ef1b39/polling-district/6438458e-60c6-44d5-a29a-eb2ce8ee650f
Køgekredsen,https://valg.dk/fv/987875fe-0dae-42ac-be5b-62cf0bd5d65e/nomination-district/2c890c36-4038-49c3-b626-a1d070ef1b39,Bjæverskov,https://valg.dk/fv/987875fe-0dae-42ac-be5b-62cf0bd5d65e/nomination-district/2c890c36-4038-49c3-b626-a1d070ef1b39/polling-district/bde36ccb-48e6-4a5d-975a-7cb0b8edc4d7
Køgekredsen,https://valg.dk/fv/987875fe-0dae-42ac-be5b-62cf0bd5d65e/nomination-district/2c890c36-4038-49c3-b626-a1d070ef1b39,Borup,https://valg.dk/fv/987875fe-0dae-42ac-be5b-62cf0bd5d65e/nomination-district/2c890c36-4038-49c3-b626-a1d070ef1b39/polling-district/6d5263cf-4378-4648-b7de-a58cf3ac75c9
Køgekredsen,https://valg.dk/fv/987875fe-0dae-42ac-be5b-62cf0bd5d65e/nomination-district/2c890c36-4038-49c3-b626-a1d070ef1b39,Ejby,https://valg.dk/fv/987875fe-0dae-42ac-be5b-62cf0bd5d65e/nomination-district/2c890c36-4038-49c3-b626-a1d070ef1b39/polling-district/f0d8234e-fe62-4621-a2a8-daf86093efee
Køgekredsen,https://valg.dk/fv/987875fe-0dae-42ac-be5b-62cf0bd5d65e/nomination-district/2c890c36-4038-49c3-b626-a1d070ef1b39,Gevninge,https://valg.dk/fv/987875fe-0dae-42ac-be5b-62cf0bd5d65e/nomination-district/2c890c36-4038-49c3-b626-a1d070ef1b39/polling-district/3860da18-4c67-411c-9dd8-65f744dbdc55
Køgekredsen,https://valg.dk/fv/987875fe-0dae-42ac-be5b-62cf0bd5d65e/nomination-district/2c890c36-4038-49c3-b626-a1d070ef1b39,Glim,https://valg.dk/fv/987875fe-0dae-42ac-be5b-62cf0bd5d65e/nomination-district/2c890c36-4038-49c3-b626-a1d070ef1b39/polling-district/2388b350-adab-42b2-9c89-9f1f0c4df65b
Køgekredsen,https://valg.dk/fv/987875fe-0dae-42ac-be5b-62cf0bd5d65e/nomination-district/2c890c36-4038-49c3-b626-a1d070ef1b39,Gørslev,https://valg.dk/fv/987875fe-0dae-42ac-be5b-62cf0bd5d65e/nomination-district/2c890c36-4038-49c3-b626-a1d070ef1b39/polling-district/25a4fc1d-233d-4ab5-975f-8bd39735af70
Køgekredsen,https://valg.dk/fv/987875fe-0dae-42ac-be5b-62cf0bd5d65e/nomination-district/2c890c36-4038-49c3-b626-a1d070ef1b39,Hastrup,https://valg.dk/fv/987875fe-0dae-42ac-be5b-62cf0bd5d65e/nomination-district/2c890c36-4038-49c3-b626-a1d070ef1b39/polling-district/d2d71770-dd8d-4a8a-b0c4-4856314b96cc
Køgekredsen,https://valg.dk/fv/987875fe-0dae-42ac-be5b-62cf0bd5d65e/nomination-district/2c890c36-4038-49c3-b626-a1d070ef1b39,Herfølge,https://valg.dk/fv/987875fe-0dae-42ac-be5b-62cf0bd5d65e/nomination-district/2c890c36-4038-49c3-b626-a1d070ef1b39/polling-district/aaffdb85-83e4-4fca-8763-809b0658261f
Køgekredsen,https://valg.dk/fv/987875fe-0dae-42ac-be5b-62cf0bd5d65e/nomination-district/2c890c36-4038-49c3-b626-a1d070ef1b39,Herfølge - Syd,https://valg.dk/fv/987875fe-0dae-42ac-be5b-62cf0bd5d65e/nomination-district/2c890c36-4038-49c3-b626-a1d070ef1b39/polling-district/bd9f85ca-3d14-4b95-a5ae-c6a5e1c3b3c1
Køgekredsen,https://valg.dk/fv/987875fe-0dae-42ac-be5b-62cf0bd5d65e/nomination-district/2c890c36-4038-49c3-b626-a1d070ef1b39,Hvalsø,https://valg.dk/fv/987875fe-0dae-42ac-be5b-62cf0bd5d65e/nomination-district/2c890c36-4038-49c3-b626-a1d070ef1b39/polling-district/79867e20-35ab-4552-9a52-947efb9c5200
Køgekredsen,https://valg.dk/fv/987875fe-0dae-42ac-be5b-62cf0bd5d65e/nomination-district/2c890c36-4038-49c3-b626-a1d070ef1b39,Hyllinge-Lyndby,https://valg.dk/fv/987875fe-0dae-42ac-be5b-62cf0bd5d65e/nomination-district/2c890c36-4038-49c3-b626-a1d070ef1b39/polling-district/596fb65d-b716-49ee-a62e-f1701262aa74
Køgekredsen,https://valg.dk/fv/987875fe-0dae-42ac-be5b-62cf0bd5d65e/nomination-district/2c890c36-4038-49c3-b626-a1d070ef1b39,Højelse / Lille Skensved,https://valg.dk/fv/987875fe-0dae-42ac-be5b-62cf0bd5d65e/nomination-district/2c890c36-4038-49c3-b626-a1d070ef1b39/polling-district/9d6fd9e7-279b-4d01-a272-be07c98690a2
Køgekredsen,https://valg.dk/fv/987875fe-0dae-42ac-be5b-62cf0bd5d65e/nomination-district/2c890c36-4038-49c3-b626-a1d070ef1b39,Kr.Såby,https://valg.dk/fv/987875fe-0dae-42ac-be5b-62cf0bd5d65e/nomination-district/2c890c36-4038-49c3-b626-a1d070ef1b39/polling-district/3efbd5ce-eca4-4aaf-9be3-e72bcc553c64
Køgekredsen,https://valg.dk/fv/987875fe-0dae-42ac-be5b-62cf0bd5d65e/nomination-district/2c890c36-4038-49c3-b626-a1d070ef1b39,Køge By - Midt,https://valg.dk/fv/987875fe-0dae-42ac-be5b-62cf0bd5d65e/nomination-district/2c890c36-4038-49c3-b626-a1d070ef1b39/polling-district/44180ba0-7bbe-495f-b2a3-323f088bbe75
Køgekredsen,https://valg.dk/fv/987875fe-0dae-42ac-be5b-62cf0bd5d65e/nomination-district/2c890c36-4038-49c3-b626-a1d070ef1b39,Køge By - Nord,https://valg.dk/fv/987875fe-0dae-42ac-be5b-62cf0bd5d65e/nomination-district/2c890c36-4038-49c3-b626-a1d070ef1b39/polling-district/c6ac582c-0d0c-4ddd-9e49-9f0ce8475a16
Køgekredsen,https://valg.dk/fv/987875fe-0dae-42ac-be5b-62cf0bd5d65e/nomination-district/2c890c36-4038-49c3-b626-a1d070ef1b39,Køge By - Vest,https://valg.dk/fv/987875fe-0dae-42ac-be5b-62cf0bd5d65e/nomination-district/2c890c36-4038-49c3-b626-a1d070ef1b39/polling-district/c7833aa7-1613-4fee-b6fc-77c88931847e
Køgekredsen,https://valg.dk/fv/987875fe-0dae-42ac-be5b-62cf0bd5d65e/nomination-district/2c890c36-4038-49c3-b626-a1d070ef1b39,Lejre,https://valg.dk/fv/987875fe-0dae-42ac-be5b-62cf0bd5d65e/nomination-district/2c890c36-4038-49c3-b626-a1d070ef1b39/polling-district/06232497-5f3f-4d64-b8be-fc39162bd60b
Køgekredsen,https://valg.dk/fv/987875fe-0dae-42ac-be5b-62cf0bd5d65e/nomination-district/2c890c36-4038-49c3-b626-a1d070ef1b39,Lellinge,https://valg.dk/fv/987875fe-0dae-42ac-be5b-62cf0bd5d65e/nomination-district/2c890c36-4038-49c3-b626-a1d070ef1b39/polling-district/b5bb7b46-4882-41f2-a261-5c2584668153
Køgekredsen,https://valg.dk/fv/987875fe-0dae-42ac-be5b-62cf0bd5d65e/nomination-district/2c890c36-4038-49c3-b626-a1d070ef1b39,Osted,https://valg.dk/fv/987875fe-0dae-42ac-be5b-62cf0bd5d65e/nomination-district/2c890c36-4038-49c3-b626-a1d070ef1b39/polling-district/75042aaf-f774-4aed-a9cf-71b4ccb7f6bf
Køgekredsen,https://valg.dk/fv/987875fe-0dae-42ac-be5b-62cf0bd5d65e/nomination-district/2c890c36-4038-49c3-b626-a1d070ef1b39,Rye,https://valg.dk/fv/987875fe-0dae-42ac-be5b-62cf0bd5d65e/nomination-district/2c890c36-4038-49c3-b626-a1d070ef1b39/polling-district/7c071140-4227-4bcd-9474-7bdde3520a7e
Køgekredsen,https://valg.dk/fv/987875fe-0dae-42ac-be5b-62cf0bd5d65e/nomination-district/2c890c36-4038-49c3-b626-a1d070ef1b39,Sonnerup,https://valg.dk/fv/987875fe-0dae-42ac-be5b-62cf0bd5d65e/nomination-district/2c890c36-4038-49c3-b626-a1d070ef1b39/polling-district/44ebe8ca-f63f-478e-860c-c2416884e1f6
Køgekredsen,https://valg.dk/fv/987875fe-0dae-42ac-be5b-62cf0bd5d65e/nomination-district/2c890c36-4038-49c3-b626-a1d070ef1b39,Sæby-Gershøj,https://valg.dk/fv/987875fe-0dae-42ac-be5b-62cf0bd5d65e/nomination-district/2c890c36-4038-49c3-b626-a1d070ef1b39/polling-district/0231e877-e785-4155-9419-c8c34d7ab1fc
Køgekredsen,https://valg.dk/fv/987875fe-0dae-42ac-be5b-62cf0bd5d65e/nomination-district/2c890c36-4038-49c3-b626-a1d070ef1b39,Vemmedrup,https://valg.dk/fv/987875fe-0dae-42ac-be5b-62cf0bd5d65e/nomination-district/2c890c36-4038-49c3-b626-a1d070ef1b39/polling-district/5c5dd726-a48e-4f06-8353-aef0c7e9bcbd
Køgekredsen,https://valg.dk/fv/987875fe-0dae-42ac-be5b-62cf0bd5d65e/nomination-district/2c890c36-4038-49c3-b626-a1d070ef1b39,Ølby,https://valg.dk/fv/987875fe-0dae-42ac-be5b-62cf0bd5d65e/nomination-district/2c890c36-4038-49c3-b626-a1d070ef1b39/polling-district/420575f4-d89e-486a-8370-65a013b910ce
Køgekredsen,https://valg.dk/fv/987875fe-0dae-42ac-be5b-62cf0bd5d65e/nomination-district/2c890c36-4038-49c3-b626-a1d070ef1b39,Ølsemagle,https://valg.dk/fv/987875fe-0dae-42ac-be5b-62cf0bd5d65e/nomination-district/2c890c36-4038-49c3-b626-a1d070ef1b39/polling-district/4d79e222-facf-4378-9e31-118e30559f52
Lollandkredsen,https://valg.dk/fv/987875fe-0dae-42ac-be5b-62cf0bd5d65e/nomination-district/70fce42d-d6c4-4f61-8208-d5d7172d3481,Askø,https://valg.dk/fv/987875fe-0dae-42ac-be5b-62cf0bd5d65e/nomination-district/70fce42d-d6c4-4f61-8208-d5d7172d3481/polling-district/3d5159ab-47da-42c6-b8a2-b3efb0a05f71
Lollandkredsen,https://valg.dk/fv/987875fe-0dae-42ac-be5b-62cf0bd5d65e/nomination-district/70fce42d-d6c4-4f61-8208-d5d7172d3481,Birket,https://valg.dk/fv/987875fe-0dae-42ac-be5b-62cf0bd5d65e/nomination-district/70fce42d-d6c4-4f61-8208-d5d7172d3481/polling-district/16a33fc1-8fd2-46a0-ac5c-95f9f60cf38a
Lollandkredsen,https://valg.dk/fv/987875fe-0dae-42ac-be5b-62cf0bd5d65e/nomination-district/70fce42d-d6c4-4f61-8208-d5d7172d3481,Dannemare,https://valg.dk/fv/987875fe-0dae-42ac-be5b-62cf0bd5d65e/nomination-district/70fce42d-d6c4-4f61-8208-d5d7172d3481/polling-district/4cad67eb-fb1a-4cfc-8394-586c97fae3dc
Lollandkredsen,https://valg.dk/fv/987875fe-0dae-42ac-be5b-62cf0bd5d65e/nomination-district/70fce42d-d6c4-4f61-8208-d5d7172d3481,Errindlev,https://valg.dk/fv/987875fe-0dae-42ac-be5b-62cf0bd5d65e/nomination-district/70fce42d-d6c4-4f61-8208-d5d7172d3481/polling-district/4f3047bb-8b57-4241-811a-9a79741f2f80
Lollandkredsen,https://valg.dk/fv/987875fe-0dae-42ac-be5b-62cf0bd5d65e/nomination-district/70fce42d-d6c4-4f61-8208-d5d7172d3481,Fejø,https://valg.dk/fv/987875fe-0dae-42ac-be5b-62cf0bd5d65e/nomination-district/70fce42d-d6c4-4f61-8208-d5d7172d3481/polling-district/bfd2c7cf-0dd8-4dfd-8e30-9b8c48765fe3
Lollandkredsen,https://valg.dk/fv/987875fe-0dae-42ac-be5b-62cf0bd5d65e/nomination-district/70fce42d-d6c4-4f61-8208-d5d7172d3481,Femø,https://valg.dk/fv/987875fe-0dae-42ac-be5b-62cf0bd5d65e/nomination-district/70fce42d-d6c4-4f61-8208-d5d7172d3481/polling-district/36bfb37f-4c15-46f1-9413-eeb6c4fae1bb
Lollandkredsen,https://valg.dk/fv/987875fe-0dae-42ac-be5b-62cf0bd5d65e/nomination-district/70fce42d-d6c4-4f61-8208-d5d7172d3481,Holeby,https://valg.dk/fv/987875fe-0dae-42ac-be5b-62cf0bd5d65e/nomination-district/70fce42d-d6c4-4f61-8208-d5d7172d3481/polling-district/2d52c856-51d0-41f6-98c0-18630ee8b3b5
Lollandkredsen,https://valg.dk/fv/987875fe-0dae-42ac-be5b-62cf0bd5d65e/nomination-district/70fce42d-d6c4-4f61-8208-d5d7172d3481,Horslunde,https://valg.dk/fv/987875fe-0dae-42ac-be5b-62cf0bd5d65e/nomination-district/70fce42d-d6c4-4f61-8208-d5d7172d3481/polling-district/59ae6f82-fa62-497d-8fef-3b63b37e5e88
Lollandkredsen,https://valg.dk/fv/987875fe-0dae-42ac-be5b-62cf0bd5d65e/nomination-district/70fce42d-d6c4-4f61-8208-d5d7172d3481,Maribo,https://valg.dk/fv/987875fe-0dae-42ac-be5b-62cf0bd5d65e/nomination-district/70fce42d-d6c4-4f61-8208-d5d7172d3481/polling-district/ade34a32-05ba-4e64-a6b3-43cdc3db718e
Lollandkredsen,https://valg.dk/fv/987875fe-0dae-42ac-be5b-62cf0bd5d65e/nomination-district/70fce42d-d6c4-4f61-8208-d5d7172d3481,Nakskov Vest,https://valg.dk/fv/987875fe-0dae-42ac-be5b-62cf0bd5d65e/nomination-district/70fce42d-d6c4-4f61-8208-d5d7172d3481/polling-district/a559cad0-a934-4cdd-8cc7-48303df7017e
Lollandkredsen,https://valg.dk/fv/987875fe-0dae-42ac-be5b-62cf0bd5d65e/nomination-district/70fce42d-d6c4-4f61-8208-d5d7172d3481,Nakskov Øst,https://valg.dk/fv/987875fe-0dae-42ac-be5b-62cf0bd5d65e/nomination-district/70fce42d-d6c4-4f61-8208-d5d7172d3481/polling-district/c2ce3394-111f-4cf8-ba91-b5611f5536d2
Lollandkredsen,https://valg.dk/fv/987875fe-0dae-42ac-be5b-62cf0bd5d65e/nomination-district/70fce42d-d6c4-4f61-8208-d5d7172d3481,Rødby,https://valg.dk/fv/987875fe-0dae-42ac-be5b-62cf0bd5d65e/nomination-district/70fce42d-d6c4-4f61-8208-d5d7172d3481/polling-district/edf3d687-0f49-44c6-85e0-1f2248a5913b
Lollandkredsen,https://valg.dk/fv/987875fe-0dae-42ac-be5b-62cf0bd5d65e/nomination-district/70fce42d-d6c4-4f61-8208-d5d7172d3481,Rødbyhavn,https://valg.dk/fv/987875fe-0dae-42ac-be5b-62cf0bd5d65e/nomination-district/70fce42d-d6c4-4f61-8208-d5d7172d3481/polling-district/da90f111-7a4e-4986-82e3-3b7ef3a95eb7
Lollandkredsen,https://valg.dk/fv/987875fe-0dae-42ac-be5b-62cf0bd5d65e/nomination-district/70fce42d-d6c4-4f61-8208-d5d7172d3481,Sandby,https://valg.dk/fv/987875fe-0dae-42ac-be5b-62cf0bd5d65e/nomination-district/70fce42d-d6c4-4f61-8208-d5d7172d3481/polling-district/aa57b05b-a414-4faf-b032-346e6f80ddbc
Lollandkredsen,https://valg.dk/fv/987875fe-0dae-42ac-be5b-62cf0bd5d65e/nomination-district/70fce42d-d6c4-4f61-8208-d5d7172d3481,Søllested,https://valg.dk/fv/987875fe-0dae-42ac-be5b-62cf0bd5d65e/nomination-district/70fce42d-d6c4-4f61-8208-d5d7172d3481/polling-district/d3cbf02d-86b6-48fe-9e97-f14d02a92265
Lollandkredsen,https://valg.dk/fv/987875fe-0dae-42ac-be5b-62cf0bd5d65e/nomination-district/70fce42d-d6c4-4f61-8208-d5d7172d3481,Østofte,https://valg.dk/fv/987875fe-0dae-42ac-be5b-62cf0bd5d65e/nomination-district/70fce42d-d6c4-4f61-8208-d5d7172d3481/polling-district/9aca719f-3600-4e9a-91af-18da6694a7f1
Lyngbykredsen,https://valg.dk/fv/987875fe-0dae-42ac-be5b-62cf0bd5d65e/nomination-district/25291be6-a24d-48d0-b0a6-630a01ae6c51,Engelsborg,https://valg.dk/fv/987875fe-0dae-42ac-be5b-62cf0bd5d65e/nomination-district/25291be6-a24d-48d0-b0a6-630a01ae6c51/polling-district/47ee7fbe-3d83-4468-a70f-a29e3c698837
Lyngbykredsen,https://valg.dk/fv/987875fe-0dae-42ac-be5b-62cf0bd5d65e/nomination-district/25291be6-a24d-48d0-b0a6-630a01ae6c51,Hummeltofte,https://valg.dk/fv/987875fe-0dae-42ac-be5b-62cf0bd5d65e/nomination-district/25291be6-a24d-48d0-b0a6-630a01ae6c51/polling-district/8a95616c-0791-45d7-9ac6-40fa181c47cf
Lyngbykredsen,https://valg.dk/fv/987875fe-0dae-42ac-be5b-62cf0bd5d65e/nomination-district/25291be6-a24d-48d0-b0a6-630a01ae6c51,Kongevej,https://valg.dk/fv/987875fe-0dae-42ac-be5b-62cf0bd5d65e/nomination-district/25291be6-a24d-48d0-b0a6-630a01ae6c51/polling-district/f9a6dfef-7057-467e-95e5-1408f9e4e26e
Lyngbykredsen,https://valg.dk/fv/987875fe-0dae-42ac-be5b-62cf0bd5d65e/nomination-district/25291be6-a24d-48d0-b0a6-630a01ae6c51,Lundtofte,https://valg.dk/fv/987875fe-0dae-42ac-be5b-62cf0bd5d65e/nomination-district/25291be6-a24d-48d0-b0a6-630a01ae6c51/polling-district/50bab517-5ab1-452a-ad29-2208d3d91d5b
Lyngbykredsen,https://valg.dk/fv/987875fe-0dae-42ac-be5b-62cf0bd5d65e/nomination-district/25291be6-a24d-48d0-b0a6-630a01ae6c51,Lyngby Idrætsby,https://valg.dk/fv/987875fe-0dae-42ac-be5b-62cf0bd5d65e/nomination-district/25291be6-a24d-48d0-b0a6-630a01ae6c51/polling-district/0872fc47-0c9c-45f6-8fd3-370400793e7d
Lyngbykredsen,https://valg.dk/fv/987875fe-0dae-42ac-be5b-62cf0bd5d65e/nomination-district/25291be6-a24d-48d0-b0a6-630a01ae6c51,Lyngby Midt,https://valg.dk/fv/987875fe-0dae-42ac-be5b-62cf0bd5d65e/nomination-district/25291be6-a24d-48d0-b0a6-630a01ae6c51/polling-district/419b26ab-855d-41e1-9706-2417a177cdb7
Lyngbykredsen,https://valg.dk/fv/987875fe-0dae-42ac-be5b-62cf0bd5d65e/nomination-district/25291be6-a24d-48d0-b0a6-630a01ae6c51,Taarbæk,https://valg.dk/fv/987875fe-0dae-42ac-be5b-62cf0bd5d65e/nomination-district/25291be6-a24d-48d0-b0a6-630a01ae6c51/polling-district/2f10fa84-39f6-40e8-9f08-32bec8cd8e87
Lyngbykredsen,https://valg.dk/fv/987875fe-0dae-42ac-be5b-62cf0bd5d65e/nomination-district/25291be6-a24d-48d0-b0a6-630a01ae6c51,Trongård,https://valg.dk/fv/987875fe-0dae-42ac-be5b-62cf0bd5d65e/nomination-district/25291be6-a24d-48d0-b0a6-630a01ae6c51/polling-district/e7702904-e548-46fa-8192-d5dee6245473
Lyngbykredsen,https://valg.dk/fv/987875fe-0dae-42ac-be5b-62cf0bd5d65e/nomination-district/25291be6-a24d-48d0-b0a6-630a01ae6c51,Virum,https://valg.dk/fv/987875fe-0dae-42ac-be5b-62cf0bd5d65e/nomination-district/25291be6-a24d-48d0-b0a6-630a01ae6c51/polling-district/dd45ec93-736c-48bc-afc0-9ba206b80737
Lyngbykredsen,https://valg.dk/fv/987875fe-0dae-42ac-be5b-62cf0bd5d65e/nomination-district/25291be6-a24d-48d0-b0a6-630a01ae6c51,Virumhallerne,https://valg.dk/fv/987875fe-0dae-42ac-be5b-62cf0bd5d65e/nomination-district/25291be6-a24d-48d0-b0a6-630a01ae6c51/polling-district/fd20592a-f5f4-4b89-b874-2d37727ed0f7
Mariagerfjordkredsen,https://valg.dk/fv/987875fe-0dae-42ac-be5b-62cf0bd5d65e/nomination-district/fe233af7-a56c-4c8d-8de8-43770e0217f3,Als,https://valg.dk/fv/987875fe-0dae-42ac-be5b-62cf0bd5d65e/nomination-district/fe233af7-a56c-4c8d-8de8-43770e0217f3/polling-district/77d143d3-b09d-47fd-901f-590a1c85e330
Mariagerfjordkredsen,https://valg.dk/fv/987875fe-0dae-42ac-be5b-62cf0bd5d65e/nomination-district/fe233af7-a56c-4c8d-8de8-43770e0217f3,Arden,https://valg.dk/fv/987875fe-0dae-42ac-be5b-62cf0bd5d65e/nomination-district/fe233af7-a56c-4c8d-8de8-43770e0217f3/polling-district/fde6544e-0a76-4b84-acdd-a40837fea413
Mariagerfjordkredsen,https://valg.dk/fv/987875fe-0dae-42ac-be5b-62cf0bd5d65e/nomination-district/fe233af7-a56c-4c8d-8de8-43770e0217f3,Assens,https://valg.dk/fv/987875fe-0dae-42ac-be5b-62cf0bd5d65e/nomination-district/fe233af7-a56c-4c8d-8de8-43770e0217f3/polling-district/7ee0f9fb-9f4c-4881-b426-4752ff34bb4a
Mariagerfjordkredsen,https://valg.dk/fv/987875fe-0dae-42ac-be5b-62cf0bd5d65e/nomination-district/fe233af7-a56c-4c8d-8de8-43770e0217f3,Hadsund,https://valg.dk/fv/987875fe-0dae-42ac-be5b-62cf0bd5d65e/nomination-district/fe233af7-a56c-4c8d-8de8-43770e0217f3/polling-district/ca0f5bad-b295-4d21-ae40-175c6768350f
Mariagerfjordkredsen,https://valg.dk/fv/987875fe-0dae-42ac-be5b-62cf0bd5d65e/nomination-district/fe233af7-a56c-4c8d-8de8-43770e0217f3,Hobro,https://valg.dk/fv/987875fe-0dae-42ac-be5b-62cf0bd5d65e/nomination-district/fe233af7-a56c-4c8d-8de8-43770e0217f3/polling-district/47144c2d-fa67-4898-94e6-67c3d0fbc03f
Mariagerfjordkredsen,https://valg.dk/fv/987875fe-0dae-42ac-be5b-62cf0bd5d65e/nomination-district/fe233af7-a56c-4c8d-8de8-43770e0217f3,Hørby,https://valg.dk/fv/987875fe-0dae-42ac-be5b-62cf0bd5d65e/nomination-district/fe233af7-a56c-4c8d-8de8-43770e0217f3/polling-district/5c245faa-4909-424e-bded-5014aa1f0da6
Mariagerfjordkredsen,https://valg.dk/fv/987875fe-0dae-42ac-be5b-62cf0bd5d65e/nomination-district/fe233af7-a56c-4c8d-8de8-43770e0217f3,Mariager,https://valg.dk/fv/987875fe-0dae-42ac-be5b-62cf0bd5d65e/nomination-district/fe233af7-a56c-4c8d-8de8-43770e0217f3/polling-district/d26ad345-e12d-40e8-930a-b42e997630bc
Mariagerfjordkredsen,https://valg.dk/fv/987875fe-0dae-42ac-be5b-62cf0bd5d65e/nomination-district/fe233af7-a56c-4c8d-8de8-43770e0217f3,Onsild,https://valg.dk/fv/987875fe-0dae-42ac-be5b-62cf0bd5d65e/nomination-district/fe233af7-a56c-4c8d-8de8-43770e0217f3/polling-district/e65f42aa-f30f-4883-9d18-877ba552e190
Mariagerfjordkredsen,https://valg.dk/fv/987875fe-0dae-42ac-be5b-62cf0bd5d65e/nomination-district/fe233af7-a56c-4c8d-8de8-43770e0217f3,Valsgård,https://valg.dk/fv/987875fe-0dae-42ac-be5b-62cf0bd5d65e/nomination-district/fe233af7-a56c-4c8d-8de8-43770e0217f3/polling-district/5ac4c8d1-6845-4507-8b46-9a340a938dba
Mariagerfjordkredsen,https://valg.dk/fv/987875fe-0dae-42ac-be5b-62cf0bd5d65e/nomination-district/fe233af7-a56c-4c8d-8de8-43770e0217f3,Vebbestrup,https://valg.dk/fv/987875fe-0dae-42ac-be5b-62cf0bd5d65e/nomination-district/fe233af7-a56c-4c8d-8de8-43770e0217f3/polling-district/6677c4a7-c1e5-412d-9488-62bcab7cc53d
Mariagerfjordkredsen,https://valg.dk/fv/987875fe-0dae-42ac-be5b-62cf0bd5d65e/nomination-district/fe233af7-a56c-4c8d-8de8-43770e0217f3,Veddum-Skelund,https://valg.dk/fv/987875fe-0dae-42ac-be5b-62cf0bd5d65e/nomination-district/fe233af7-a56c-4c8d-8de8-43770e0217f3/polling-district/f668dfbc-3d17-423a-b1ea-75a9410b8ba1
Middelfartkredsen,https://valg.dk/fv/987875fe-0dae-42ac-be5b-62cf0bd5d65e/nomination-district/32c245d6-ab48-41c2-9482-028e2612156d,Aulby,https://valg.dk/fv/987875fe-0dae-42ac-be5b-62cf0bd5d65e/nomination-district/32c245d6-ab48-41c2-9482-028e2612156d/polling-district/6fdba84e-2906-44ba-9556-543c7ed7b232
Middelfartkredsen,https://valg.dk/fv/987875fe-0dae-42ac-be5b-62cf0bd5d65e/nomination-district/32c245d6-ab48-41c2-9482-028e2612156d,Baaring,https://valg.dk/fv/987875fe-0dae-42ac-be5b-62cf0bd5d65e/nomination-district/32c245d6-ab48-41c2-9482-028e2612156d/polling-district/97e40723-caae-4211-ae0e-34dd9ab5c7f3
Middelfartkredsen,https://valg.dk/fv/987875fe-0dae-42ac-be5b-62cf0bd5d65e/nomination-district/32c245d6-ab48-41c2-9482-028e2612156d,Bogense,https://valg.dk/fv/987875fe-0dae-42ac-be5b-62cf0bd5d65e/nomination-district/32c245d6-ab48-41c2-9482-028e2612156d/polling-district/558e5932-7aff-4839-900e-b7a2db45de14
Middelfartkredsen,https://valg.dk/fv/987875fe-0dae-42ac-be5b-62cf0bd5d65e/nomination-district/32c245d6-ab48-41c2-9482-028e2612156d,Brenderup,https://valg.dk/fv/987875fe-0dae-42ac-be5b-62cf0bd5d65e/nomination-district/32c245d6-ab48-41c2-9482-028e2612156d/polling-district/bc4abed5-b9e4-4080-b1ef-d95b0359b2a0
Middelfartkredsen,https://valg.dk/fv/987875fe-0dae-42ac-be5b-62cf0bd5d65e/nomination-district/32c245d6-ab48-41c2-9482-028e2612156d,Ejby,https://valg.dk/fv/987875fe-0dae-42ac-be5b-62cf0bd5d65e/nomination-district/32c245d6-ab48-41c2-9482-028e2612156d/polling-district/84abadd3-16e1-4526-bca6-647f2eddc08c
Middelfartkredsen,https://valg.dk/fv/987875fe-0dae-42ac-be5b-62cf0bd5d65e/nomination-district/32c245d6-ab48-41c2-9482-028e2612156d,Fjelsted/Harndrup,https://valg.dk/fv/987875fe-0dae-42ac-be5b-62cf0bd5d65e/nomination-district/32c245d6-ab48-41c2-9482-028e2612156d/polling-district/00e30f0b-2bc8-4b86-b017-70720ed95330
Middelfartkredsen,https://valg.dk/fv/987875fe-0dae-42ac-be5b-62cf0bd5d65e/nomination-district/32c245d6-ab48-41c2-9482-028e2612156d,Gelsted,https://valg.dk/fv/987875fe-0dae-42ac-be5b-62cf0bd5d65e/nomination-district/32c245d6-ab48-41c2-9482-028e2612156d/polling-district/1acc676a-c6a2-411e-9273-7e32b963a9d7
Middelfartkredsen,https://valg.dk/fv/987875fe-0dae-42ac-be5b-62cf0bd5d65e/nomination-district/32c245d6-ab48-41c2-9482-028e2612156d,Horsebæk,https://valg.dk/fv/987875fe-0dae-42ac-be5b-62cf0bd5d65e/nomination-district/32c245d6-ab48-41c2-9482-028e2612156d/polling-district/98c07110-db1f-4711-a75f-ee375c53b5bf
Middelfartkredsen,https://valg.dk/fv/987875fe-0dae-42ac-be5b-62cf0bd5d65e/nomination-district/32c245d6-ab48-41c2-9482-028e2612156d,Hyllehøj,https://valg.dk/fv/987875fe-0dae-42ac-be5b-62cf0bd5d65e/nomination-district/32c245d6-ab48-41c2-9482-028e2612156d/polling-district/42fcae47-d1f0-4985-b411-02f44c5a9271
Middelfartkredsen,https://valg.dk/fv/987875fe-0dae-42ac-be5b-62cf0bd5d65e/nomination-district/32c245d6-ab48-41c2-9482-028e2612156d,Hårslev,https://valg.dk/fv/987875fe-0dae-42ac-be5b-62cf0bd5d65e/nomination-district/32c245d6-ab48-41c2-9482-028e2612156d/polling-district/ed21c04d-ec81-4d1f-a03e-22a72a000601
Middelfartkredsen,https://valg.dk/fv/987875fe-0dae-42ac-be5b-62cf0bd5d65e/nomination-district/32c245d6-ab48-41c2-9482-028e2612156d,Klinte,https://valg.dk/fv/987875fe-0dae-42ac-be5b-62cf0bd5d65e/nomination-district/32c245d6-ab48-41c2-9482-028e2612156d/polling-district/2d4d6d85-ce3c-4508-8ec0-9bf64659998f
Middelfartkredsen,https://valg.dk/fv/987875fe-0dae-42ac-be5b-62cf0bd5d65e/nomination-district/32c245d6-ab48-41c2-9482-028e2612156d,Kongslund,https://valg.dk/fv/987875fe-0dae-42ac-be5b-62cf0bd5d65e/nomination-district/32c245d6-ab48-41c2-9482-028e2612156d/polling-district/c05d28e6-c1c9-4b18-b171-b7e05c8b1f7c
Middelfartkredsen,https://valg.dk/fv/987875fe-0dae-42ac-be5b-62cf0bd5d65e/nomination-district/32c245d6-ab48-41c2-9482-028e2612156d,Krogsbølle,https://valg.dk/fv/987875fe-0dae-42ac-be5b-62cf0bd5d65e/nomination-district/32c245d6-ab48-41c2-9482-028e2612156d/polling-district/a6d0c32a-a279-4a3c-85f8-665462b61362
Middelfartkredsen,https://valg.dk/fv/987875fe-0dae-42ac-be5b-62cf0bd5d65e/nomination-district/32c245d6-ab48-41c2-9482-028e2612156d,Løkkemark,https://valg.dk/fv/987875fe-0dae-42ac-be5b-62cf0bd5d65e/nomination-district/32c245d6-ab48-41c2-9482-028e2612156d/polling-district/9f333ab5-8301-4a68-9991-a15db556cdaf
Middelfartkredsen,https://valg.dk/fv/987875fe-0dae-42ac-be5b-62cf0bd5d65e/nomination-district/32c245d6-ab48-41c2-9482-028e2612156d,Middelfart V,https://valg.dk/fv/987875fe-0dae-42ac-be5b-62cf0bd5d65e/nomination-district/32c245d6-ab48-41c2-9482-028e2612156d/polling-district/5705608d-12fa-4f62-ac06-69559da64b49
Middelfartkredsen,https://valg.dk/fv/987875fe-0dae-42ac-be5b-62cf0bd5d65e/nomination-district/32c245d6-ab48-41c2-9482-028e2612156d,Middelfart Ø,https://valg.dk/fv/987875fe-0dae-42ac-be5b-62cf0bd5d65e/nomination-district/32c245d6-ab48-41c2-9482-028e2612156d/polling-district/613c62d5-7c27-4a8a-9c75-815c3b473f3b
Middelfartkredsen,https://valg.dk/fv/987875fe-0dae-42ac-be5b-62cf0bd5d65e/nomination-district/32c245d6-ab48-41c2-9482-028e2612156d,Morud,https://valg.dk/fv/987875fe-0dae-42ac-be5b-62cf0bd5d65e/nomination-district/32c245d6-ab48-41c2-9482-028e2612156d/polling-district/ac57d544-849a-4475-b598-86d5e7f549ce
Middelfartkredsen,https://valg.dk/fv/987875fe-0dae-42ac-be5b-62cf0bd5d65e/nomination-district/32c245d6-ab48-41c2-9482-028e2612156d,Nørre Aaby,https://valg.dk/fv/987875fe-0dae-42ac-be5b-62cf0bd5d65e/nomination-district/32c245d6-ab48-41c2-9482-028e2612156d/polling-district/bbee5430-838e-4cf6-bdf2-3a6d5973540a
Middelfartkredsen,https://valg.dk/fv/987875fe-0dae-42ac-be5b-62cf0bd5d65e/nomination-district/32c245d6-ab48-41c2-9482-028e2612156d,Otterup,https://valg.dk/fv/987875fe-0dae-42ac-be5b-62cf0bd5d65e/nomination-district/32c245d6-ab48-41c2-9482-028e2612156d/polling-district/26f5973d-4d23-4982-a5e7-4085654f0b48
Middelfartkredsen,https://valg.dk/fv/987875fe-0dae-42ac-be5b-62cf0bd5d65e/nomination-district/32c245d6-ab48-41c2-9482-028e2612156d,Skovløkke,https://valg.dk/fv/987875fe-0dae-42ac-be5b-62cf0bd5d65e/nomination-district/32c245d6-ab48-41c2-9482-028e2612156d/polling-district/84deccfd-5c9a-406c-8f1a-bf54151893cf
Middelfartkredsen,https://valg.dk/fv/987875fe-0dae-42ac-be5b-62cf0bd5d65e/nomination-district/32c245d6-ab48-41c2-9482-028e2612156d,Strib,https://valg.dk/fv/987875fe-0dae-42ac-be5b-62cf0bd5d65e/nomination-district/32c245d6-ab48-41c2-9482-028e2612156d/polling-district/0060d181-a8f9-4a63-a8c0-e8e036e42a9e
Middelfartkredsen,https://valg.dk/fv/987875fe-0dae-42ac-be5b-62cf0bd5d65e/nomination-district/32c245d6-ab48-41c2-9482-028e2612156d,Særslev,https://valg.dk/fv/987875fe-0dae-42ac-be5b-62cf0bd5d65e/nomination-district/32c245d6-ab48-41c2-9482-028e2612156d/polling-district/87ad5be6-42db-47ee-bf4f-6dcabaa45325
Middelfartkredsen,https://valg.dk/fv/987875fe-0dae-42ac-be5b-62cf0bd5d65e/nomination-district/32c245d6-ab48-41c2-9482-028e2612156d,Søndersø,https://valg.dk/fv/987875fe-0dae-42ac-be5b-62cf0bd5d65e/nomination-district/32c245d6-ab48-41c2-9482-028e2612156d/polling-district/e3f12032-242d-4a04-937b-759f49709f3d
Middelfartkredsen,https://valg.dk/fv/987875fe-0dae-42ac-be5b-62cf0bd5d65e/nomination-district/32c245d6-ab48-41c2-9482-028e2612156d,Veflinge,https://valg.dk/fv/987875fe-0dae-42ac-be5b-62cf0bd5d65e/nomination-district/32c245d6-ab48-41c2-9482-028e2612156d/polling-district/9bed3b43-4b6f-4d88-9f1a-e8c149f500e1
Nyborgkredsen,https://valg.dk/fv/987875fe-0dae-42ac-be5b-62cf0bd5d65e/nomination-district/dc83aaae-d482-437f-9f1e-5594f5f6ce23,Aunslevhallen,https://valg.dk/fv/987875fe-0dae-42ac-be5b-62cf0bd5d65e/nomination-district/dc83aaae-d482-437f-9f1e-5594f5f6ce23/polling-district/79f946e7-ed72-499e-be87-6a3f461d0b84
Nyborgkredsen,https://valg.dk/fv/987875fe-0dae-42ac-be5b-62cf0bd5d65e/nomination-district/dc83aaae-d482-437f-9f1e-5594f5f6ce23,Bastionen,https://valg.dk/fv/987875fe-0dae-42ac-be5b-62cf0bd5d65e/nomination-district/dc83aaae-d482-437f-9f1e-5594f5f6ce23/polling-district/e4bd1cd2-6c74-4cff-86dd-11dbbabe9982
Nyborgkredsen,https://valg.dk/fv/987875fe-0dae-42ac-be5b-62cf0bd5d65e/nomination-district/dc83aaae-d482-437f-9f1e-5594f5f6ce23,Ellested Og Herrested,https://valg.dk/fv/987875fe-0dae-42ac-be5b-62cf0bd5d65e/nomination-district/dc83aaae-d482-437f-9f1e-5594f5f6ce23/polling-district/6a06419c-7fd5-4974-b173-353540c4bd57
Nyborgkredsen,https://valg.dk/fv/987875fe-0dae-42ac-be5b-62cf0bd5d65e/nomination-district/dc83aaae-d482-437f-9f1e-5594f5f6ce23,Ellinge,https://valg.dk/fv/987875fe-0dae-42ac-be5b-62cf0bd5d65e/nomination-district/dc83aaae-d482-437f-9f1e-5594f5f6ce23/polling-district/cb91ef6f-47ee-437e-8a3b-4ef9ad4fec85
Nyborgkredsen,https://valg.dk/fv/987875fe-0dae-42ac-be5b-62cf0bd5d65e/nomination-district/dc83aaae-d482-437f-9f1e-5594f5f6ce23,Frørup Og Tårup,https://valg.dk/fv/987875fe-0dae-42ac-be5b-62cf0bd5d65e/nomination-district/dc83aaae-d482-437f-9f1e-5594f5f6ce23/polling-district/f1e7c2cc-bcab-43b2-b860-d77d88b41f70
Nyborgkredsen,https://valg.dk/fv/987875fe-0dae-42ac-be5b-62cf0bd5d65e/nomination-district/dc83aaae-d482-437f-9f1e-5594f5f6ce23,Kerteminde 1,https://valg.dk/fv/987875fe-0dae-42ac-be5b-62cf0bd5d65e/nomination-district/dc83aaae-d482-437f-9f1e-5594f5f6ce23/polling-district/e81cb3c5-72bd-4738-9f48-42bbe5a9038e
Nyborgkredsen,https://valg.dk/fv/987875fe-0dae-42ac-be5b-62cf0bd5d65e/nomination-district/dc83aaae-d482-437f-9f1e-5594f5f6ce23,Kullerup Og Refsvindinge,https://valg.dk/fv/987875fe-0dae-42ac-be5b-62cf0bd5d65e/nomination-district/dc83aaae-d482-437f-9f1e-5594f5f6ce23/polling-district/e8556252-1a10-4fbf-8ce8-4ad0a1f85511
Nyborgkredsen,https://valg.dk/fv/987875fe-0dae-42ac-be5b-62cf0bd5d65e/nomination-district/dc83aaae-d482-437f-9f1e-5594f5f6ce23,Langeskov,https://valg.dk/fv/987875fe-0dae-42ac-be5b-62cf0bd5d65e/nomination-district/dc83aaae-d482-437f-9f1e-5594f5f6ce23/polling-district/8c5d381b-cc04-41b9-8d11-0dbc00bd8e22
Nyborgkredsen,https://valg.dk/fv/987875fe-0dae-42ac-be5b-62cf0bd5d65e/nomination-district/dc83aaae-d482-437f-9f1e-5594f5f6ce23,Langtved,https://valg.dk/fv/987875fe-0dae-42ac-be5b-62cf0bd5d65e/nomination-district/dc83aaae-d482-437f-9f1e-5594f5f6ce23/polling-district/35bef3d7-792a-4641-b2d7-345a1f109326
Nyborgkredsen,https://valg.dk/fv/987875fe-0dae-42ac-be5b-62cf0bd5d65e/nomination-district/dc83aaae-d482-437f-9f1e-5594f5f6ce23,"Langå, Svindinge Og Øksendrup",https://valg.dk/fv/987875fe-0dae-42ac-be5b-62cf0bd5d65e/nomination-district/dc83aaae-d482-437f-9f1e-5594f5f6ce23/polling-district/b71d2c6f-3c67-400b-a203-d50992a5d812
Nyborgkredsen,https://valg.dk/fv/987875fe-0dae-42ac-be5b-62cf0bd5d65e/nomination-district/dc83aaae-d482-437f-9f1e-5594f5f6ce23,Marslev,https://valg.dk/fv/987875fe-0dae-42ac-be5b-62cf0bd5d65e/nomination-district/dc83aaae-d482-437f-9f1e-5594f5f6ce23/polling-district/998dce21-fa1d-4fc2-b6cf-b46e63e56681
Nyborgkredsen,https://valg.dk/fv/987875fe-0dae-42ac-be5b-62cf0bd5d65e/nomination-district/dc83aaae-d482-437f-9f1e-5594f5f6ce23,Mesinge,https://valg.dk/fv/987875fe-0dae-42ac-be5b-62cf0bd5d65e/nomination-district/dc83aaae-d482-437f-9f1e-5594f5f6ce23/polling-district/ada67b79-3d3f-4ea2-8e67-e14d7aee543c
Nyborgkredsen,https://valg.dk/fv/987875fe-0dae-42ac-be5b-62cf0bd5d65e/nomination-district/dc83aaae-d482-437f-9f1e-5594f5f6ce23,Munkebo,https://valg.dk/fv/987875fe-0dae-42ac-be5b-62cf0bd5d65e/nomination-district/dc83aaae-d482-437f-9f1e-5594f5f6ce23/polling-district/5c0d71d7-f999-49bf-bd3f-79e1fc283fbb
Nyborgkredsen,https://valg.dk/fv/987875fe-0dae-42ac-be5b-62cf0bd5d65e/nomination-district/dc83aaae-d482-437f-9f1e-5594f5f6ce23,Nyborghallen,https://valg.dk/fv/987875fe-0dae-42ac-be5b-62cf0bd5d65e/nomination-district/dc83aaae-d482-437f-9f1e-5594f5f6ce23/polling-district/d4e83157-69ef-4ba0-ab76-9302899ee61b
Nyborgkredsen,https://valg.dk/fv/987875fe-0dae-42ac-be5b-62cf0bd5d65e/nomination-district/dc83aaae-d482-437f-9f1e-5594f5f6ce23,Nymarken,https://valg.dk/fv/987875fe-0dae-42ac-be5b-62cf0bd5d65e/nomination-district/dc83aaae-d482-437f-9f1e-5594f5f6ce23/polling-district/b976964d-93a4-47c6-8f16-c3a438ce016f
Nyborgkredsen,https://valg.dk/fv/987875fe-0dae-42ac-be5b-62cf0bd5d65e/nomination-district/dc83aaae-d482-437f-9f1e-5594f5f6ce23,Skellerup,https://valg.dk/fv/987875fe-0dae-42ac-be5b-62cf0bd5d65e/nomination-district/dc83aaae-d482-437f-9f1e-5594f5f6ce23/polling-district/40655812-16e3-4c24-abf1-59197876c566
Nyborgkredsen,https://valg.dk/fv/987875fe-0dae-42ac-be5b-62cf0bd5d65e/nomination-district/dc83aaae-d482-437f-9f1e-5594f5f6ce23,Ullerslev,https://valg.dk/fv/987875fe-0dae-42ac-be5b-62cf0bd5d65e/nomination-district/dc83aaae-d482-437f-9f1e-5594f5f6ce23/polling-district/b579465f-c357-4960-8ca8-51afc46baf5e
Nyborgkredsen,https://valg.dk/fv/987875fe-0dae-42ac-be5b-62cf0bd5d65e/nomination-district/dc83aaae-d482-437f-9f1e-5594f5f6ce23,Vindinge Forsamlingshus,https://valg.dk/fv/987875fe-0dae-42ac-be5b-62cf0bd5d65e/nomination-district/dc83aaae-d482-437f-9f1e-5594f5f6ce23/polling-district/4197736e-fc0e-4acf-ad47-d460db536eb8
Nyborgkredsen,https://valg.dk/fv/987875fe-0dae-42ac-be5b-62cf0bd5d65e/nomination-district/dc83aaae-d482-437f-9f1e-5594f5f6ce23,Ørbæk,https://valg.dk/fv/987875fe-0dae-42ac-be5b-62cf0bd5d65e/nomination-district/dc83aaae-d482-437f-9f1e-5594f5f6ce23/polling-district/9ae9bbd6-020b-446d-99da-1913191a5db1
Næstvedkredsen,https://valg.dk/fv/987875fe-0dae-42ac-be5b-62cf0bd5d65e/nomination-district/49f84df5-3c01-42bb-9b99-bad6092edc22,Arena Næstved,https://valg.dk/fv/987875fe-0dae-42ac-be5b-62cf0bd5d65e/nomination-district/49f84df5-3c01-42bb-9b99-bad6092edc22/polling-district/e3c23d64-ff85-47ee-8cea-eb7b8bd6cff7
Næstvedkredsen,https://valg.dk/fv/987875fe-0dae-42ac-be5b-62cf0bd5d65e/nomination-district/49f84df5-3c01-42bb-9b99-bad6092edc22,Ellebækskolen - Kalbyris,https://valg.dk/fv/987875fe-0dae-42ac-be5b-62cf0bd5d65e/nomination-district/49f84df5-3c01-42bb-9b99-bad6092edc22/polling-district/2458e6d4-b75a-484f-b008-6132146e6e71
Næstvedkredsen,https://valg.dk/fv/987875fe-0dae-42ac-be5b-62cf0bd5d65e/nomination-district/49f84df5-3c01-42bb-9b99-bad6092edc22,Ellebækskolen - Kildemark,https://valg.dk/fv/987875fe-0dae-42ac-be5b-62cf0bd5d65e/nomination-district/49f84df5-3c01-42bb-9b99-bad6092edc22/polling-district/a39cca81-c947-4c42-900a-2240b93af669
Næstvedkredsen,https://valg.dk/fv/987875fe-0dae-42ac-be5b-62cf0bd5d65e/nomination-district/49f84df5-3c01-42bb-9b99-bad6092edc22,Everdrup,https://valg.dk/fv/987875fe-0dae-42ac-be5b-62cf0bd5d65e/nomination-district/49f84df5-3c01-42bb-9b99-bad6092edc22/polling-district/3f7d2ef1-3632-42ca-a950-d4e257f7c7cc
Næstvedkredsen,https://valg.dk/fv/987875fe-0dae-42ac-be5b-62cf0bd5d65e/nomination-district/49f84df5-3c01-42bb-9b99-bad6092edc22,Fensmark,https://valg.dk/fv/987875fe-0dae-42ac-be5b-62cf0bd5d65e/nomination-district/49f84df5-3c01-42bb-9b99-bad6092edc22/polling-district/416868ad-d465-4e06-ac5a-3232ade5be1e
Næstvedkredsen,https://valg.dk/fv/987875fe-0dae-42ac-be5b-62cf0bd5d65e/nomination-district/49f84df5-3c01-42bb-9b99-bad6092edc22,Fladså Hallen,https://valg.dk/fv/987875fe-0dae-42ac-be5b-62cf0bd5d65e/nomination-district/49f84df5-3c01-42bb-9b99-bad6092edc22/polling-district/73c0f012-8d48-4f08-bd2c-c3763f771580
Næstvedkredsen,https://valg.dk/fv/987875fe-0dae-42ac-be5b-62cf0bd5d65e/nomination-district/49f84df5-3c01-42bb-9b99-bad6092edc22,Fuglebjerg,https://valg.dk/fv/987875fe-0dae-42ac-be5b-62cf0bd5d65e/nomination-district/49f84df5-3c01-42bb-9b99-bad6092edc22/polling-district/5f3ccc7d-8418-45e4-aeae-14c28a6a4ff4
Næstvedkredsen,https://valg.dk/fv/987875fe-0dae-42ac-be5b-62cf0bd5d65e/nomination-district/49f84df5-3c01-42bb-9b99-bad6092edc22,Glumsø,https://valg.dk/fv/987875fe-0dae-42ac-be5b-62cf0bd5d65e/nomination-district/49f84df5-3c01-42bb-9b99-bad6092edc22/polling-district/a5ceda87-199b-4543-a310-7571f69ed66a
Næstvedkredsen,https://valg.dk/fv/987875fe-0dae-42ac-be5b-62cf0bd5d65e/nomination-district/49f84df5-3c01-42bb-9b99-bad6092edc22,Grønbro Hallen,https://valg.dk/fv/987875fe-0dae-42ac-be5b-62cf0bd5d65e/nomination-district/49f84df5-3c01-42bb-9b99-bad6092edc22/polling-district/822cc96b-e7bf-40c7-ad84-0f2543d14802
Næstvedkredsen,https://valg.dk/fv/987875fe-0dae-42ac-be5b-62cf0bd5d65e/nomination-district/49f84df5-3c01-42bb-9b99-bad6092edc22,Grønnegades Kaserne,https://valg.dk/fv/987875fe-0dae-42ac-be5b-62cf0bd5d65e/nomination-district/49f84df5-3c01-42bb-9b99-bad6092edc22/polling-district/13e99cd7-5670-4ba6-910c-5be6c08389c5
Næstvedkredsen,https://valg.dk/fv/987875fe-0dae-42ac-be5b-62cf0bd5d65e/nomination-district/49f84df5-3c01-42bb-9b99-bad6092edc22,Hammer - Vester Egesborg,https://valg.dk/fv/987875fe-0dae-42ac-be5b-62cf0bd5d65e/nomination-district/49f84df5-3c01-42bb-9b99-bad6092edc22/polling-district/e9356a61-5016-43dc-9598-9e1eaa590e6c
Næstvedkredsen,https://valg.dk/fv/987875fe-0dae-42ac-be5b-62cf0bd5d65e/nomination-district/49f84df5-3c01-42bb-9b99-bad6092edc22,Herlufmagle,https://valg.dk/fv/987875fe-0dae-42ac-be5b-62cf0bd5d65e/nomination-district/49f84df5-3c01-42bb-9b99-bad6092edc22/polling-district/9c4cb0bf-1164-4650-a328-a36098ad6128
Næstvedkredsen,https://valg.dk/fv/987875fe-0dae-42ac-be5b-62cf0bd5d65e/nomination-district/49f84df5-3c01-42bb-9b99-bad6092edc22,Herlufsholmhallen,https://valg.dk/fv/987875fe-0dae-42ac-be5b-62cf0bd5d65e/nomination-district/49f84df5-3c01-42bb-9b99-bad6092edc22/polling-district/f131b9ab-be3c-4f80-908d-ab992a997a2d
Næstvedkredsen,https://valg.dk/fv/987875fe-0dae-42ac-be5b-62cf0bd5d65e/nomination-district/49f84df5-3c01-42bb-9b99-bad6092edc22,Holme-Olstrup,https://valg.dk/fv/987875fe-0dae-42ac-be5b-62cf0bd5d65e/nomination-district/49f84df5-3c01-42bb-9b99-bad6092edc22/polling-district/e4a162c0-7832-4493-985f-3456d2e9b85f
Næstvedkredsen,https://valg.dk/fv/987875fe-0dae-42ac-be5b-62cf0bd5d65e/nomination-district/49f84df5-3c01-42bb-9b99-bad6092edc22,Kobberbakkeskolen - Rønnebæk,https://valg.dk/fv/987875fe-0dae-42ac-be5b-62cf0bd5d65e/nomination-district/49f84df5-3c01-42bb-9b99-bad6092edc22/polling-district/fb935d12-7a05-4016-9481-6110d9e7cf6b
Næstvedkredsen,https://valg.dk/fv/987875fe-0dae-42ac-be5b-62cf0bd5d65e/nomination-district/49f84df5-3c01-42bb-9b99-bad6092edc22,Kobberbakkeskolen - Sct. Jørge,https://valg.dk/fv/987875fe-0dae-42ac-be5b-62cf0bd5d65e/nomination-district/49f84df5-3c01-42bb-9b99-bad6092edc22/polling-district/5020a32d-cf47-41f6-8b69-e4a6d518f0ee
Næstvedkredsen,https://valg.dk/fv/987875fe-0dae-42ac-be5b-62cf0bd5d65e/nomination-district/49f84df5-3c01-42bb-9b99-bad6092edc22,Kobberbakkeskolen - Sydby,https://valg.dk/fv/987875fe-0dae-42ac-be5b-62cf0bd5d65e/nomination-district/49f84df5-3c01-42bb-9b99-bad6092edc22/polling-district/a00810e4-7bf9-4c79-80ed-4c7204bd3a47
Næstvedkredsen,https://valg.dk/fv/987875fe-0dae-42ac-be5b-62cf0bd5d65e/nomination-district/49f84df5-3c01-42bb-9b99-bad6092edc22,Lille Næstved Skole - Herlufsh,https://valg.dk/fv/987875fe-0dae-42ac-be5b-62cf0bd5d65e/nomination-district/49f84df5-3c01-42bb-9b99-bad6092edc22/polling-district/280ddbfb-4d10-43af-b0f2-114f1b708312
Næstvedkredsen,https://valg.dk/fv/987875fe-0dae-42ac-be5b-62cf0bd5d65e/nomination-district/49f84df5-3c01-42bb-9b99-bad6092edc22,Lille Næstved Skole - Hyllinge,https://valg.dk/fv/987875fe-0dae-42ac-be5b-62cf0bd5d65e/nomination-district/49f84df5-3c01-42bb-9b99-bad6092edc22/polling-district/0418ce6b-28c8-4897-80a7-509a26a62845
Næstvedkredsen,https://valg.dk/fv/987875fe-0dae-42ac-be5b-62cf0bd5d65e/nomination-district/49f84df5-3c01-42bb-9b99-bad6092edc22,Lille Næstved Skole - Karrebæk,https://valg.dk/fv/987875fe-0dae-42ac-be5b-62cf0bd5d65e/nomination-district/49f84df5-3c01-42bb-9b99-bad6092edc22/polling-district/048f34d8-faff-45c7-a480-83d9856102d7
Næstvedkredsen,https://valg.dk/fv/987875fe-0dae-42ac-be5b-62cf0bd5d65e/nomination-district/49f84df5-3c01-42bb-9b99-bad6092edc22,Lille Næstved Skole - Karrebæk,https://valg.dk/fv/987875fe-0dae-42ac-be5b-62cf0bd5d65e/nomination-district/49f84df5-3c01-42bb-9b99-bad6092edc22/polling-district/855c2b61-9024-4f76-92d3-b46362240e32
Næstvedkredsen,https://valg.dk/fv/987875fe-0dae-42ac-be5b-62cf0bd5d65e/nomination-district/49f84df5-3c01-42bb-9b99-bad6092edc22,Sandby,https://valg.dk/fv/987875fe-0dae-42ac-be5b-62cf0bd5d65e/nomination-district/49f84df5-3c01-42bb-9b99-bad6092edc22/polling-district/43e1da0d-6bed-479e-8239-36bd566f269b
Næstvedkredsen,https://valg.dk/fv/987875fe-0dae-42ac-be5b-62cf0bd5d65e/nomination-district/49f84df5-3c01-42bb-9b99-bad6092edc22,Skelby,https://valg.dk/fv/987875fe-0dae-42ac-be5b-62cf0bd5d65e/nomination-district/49f84df5-3c01-42bb-9b99-bad6092edc22/polling-district/ba0a8274-69fd-41c4-961d-e7b86bb0efd8
Næstvedkredsen,https://valg.dk/fv/987875fe-0dae-42ac-be5b-62cf0bd5d65e/nomination-district/49f84df5-3c01-42bb-9b99-bad6092edc22,Tappernøje,https://valg.dk/fv/987875fe-0dae-42ac-be5b-62cf0bd5d65e/nomination-district/49f84df5-3c01-42bb-9b99-bad6092edc22/polling-district/009058bb-4226-4ec0-8f9a-22b5ee607682
Næstvedkredsen,https://valg.dk/fv/987875fe-0dae-42ac-be5b-62cf0bd5d65e/nomination-district/49f84df5-3c01-42bb-9b99-bad6092edc22,Toksværd,https://valg.dk/fv/987875fe-0dae-42ac-be5b-62cf0bd5d65e/nomination-district/49f84df5-3c01-42bb-9b99-bad6092edc22/polling-district/d5a25b52-b59e-4c44-9bbd-6dc01c107b26
Næstvedkredsen,https://valg.dk/fv/987875fe-0dae-42ac-be5b-62cf0bd5d65e/nomination-district/49f84df5-3c01-42bb-9b99-bad6092edc22,Tybjerg,https://valg.dk/fv/987875fe-0dae-42ac-be5b-62cf0bd5d65e/nomination-district/49f84df5-3c01-42bb-9b99-bad6092edc22/polling-district/a5a842a9-312e-48a3-ac78-a0a6ab025037
Nørrebrokredsen,https://valg.dk/fv/987875fe-0dae-42ac-be5b-62cf0bd5d65e/nomination-district/bed63ab7-4cdc-4e2f-b2e9-3baaa27d3fdb,5. Nord,https://valg.dk/fv/987875fe-0dae-42ac-be5b-62cf0bd5d65e/nomination-district/bed63ab7-4cdc-4e2f-b2e9-3baaa27d3fdb/polling-district/618e4d7e-8d95-4d9f-ae5a-8b04b87fb513
Nørrebrokredsen,https://valg.dk/fv/987875fe-0dae-42ac-be5b-62cf0bd5d65e/nomination-district/bed63ab7-4cdc-4e2f-b2e9-3baaa27d3fdb,5. Nordvest,https://valg.dk/fv/987875fe-0dae-42ac-be5b-62cf0bd5d65e/nomination-district/bed63ab7-4cdc-4e2f-b2e9-3baaa27d3fdb/polling-district/5c1f1d85-2ac4-42e8-a08b-a704dc16a4da
Nørrebrokredsen,https://valg.dk/fv/987875fe-0dae-42ac-be5b-62cf0bd5d65e/nomination-district/bed63ab7-4cdc-4e2f-b2e9-3baaa27d3fdb,5. Nørrebro,https://valg.dk/fv/987875fe-0dae-42ac-be5b-62cf0bd5d65e/nomination-district/bed63ab7-4cdc-4e2f-b2e9-3baaa27d3fdb/polling-district/6dfeba9a-ff6e-45d1-8d08-f7995170578a
Nørrebrokredsen,https://valg.dk/fv/987875fe-0dae-42ac-be5b-62cf0bd5d65e/nomination-district/bed63ab7-4cdc-4e2f-b2e9-3baaa27d3fdb,5. Nørrebrohallen,https://valg.dk/fv/987875fe-0dae-42ac-be5b-62cf0bd5d65e/nomination-district/bed63ab7-4cdc-4e2f-b2e9-3baaa27d3fdb/polling-district/cd4dbabc-cebf-4783-a976-8c2b87adf88a
Nørrebrokredsen,https://valg.dk/fv/987875fe-0dae-42ac-be5b-62cf0bd5d65e/nomination-district/bed63ab7-4cdc-4e2f-b2e9-3baaa27d3fdb,5. Syd,https://valg.dk/fv/987875fe-0dae-42ac-be5b-62cf0bd5d65e/nomination-district/bed63ab7-4cdc-4e2f-b2e9-3baaa27d3fdb/polling-district/29327f29-5e40-4b10-bd77-2ebb68e21e3f
Nørrebrokredsen,https://valg.dk/fv/987875fe-0dae-42ac-be5b-62cf0bd5d65e/nomination-district/bed63ab7-4cdc-4e2f-b2e9-3baaa27d3fdb,5. Vest,https://valg.dk/fv/987875fe-0dae-42ac-be5b-62cf0bd5d65e/nomination-district/bed63ab7-4cdc-4e2f-b2e9-3baaa27d3fdb/polling-district/5e8f67eb-28ba-4d64-a3a7-e887bd8ca8ae
Nørrebrokredsen,https://valg.dk/fv/987875fe-0dae-42ac-be5b-62cf0bd5d65e/nomination-district/bed63ab7-4cdc-4e2f-b2e9-3baaa27d3fdb,5. Øst,https://valg.dk/fv/987875fe-0dae-42ac-be5b-62cf0bd5d65e/nomination-district/bed63ab7-4cdc-4e2f-b2e9-3baaa27d3fdb/polling-district/5e195f07-fc96-44ea-a80e-815941556652
Odense Sydkredsen,https://valg.dk/fv/987875fe-0dae-42ac-be5b-62cf0bd5d65e/nomination-district/c5998ee0-ef85-47aa-a9b6-01e9e968909f,Dalumskolen,https://valg.dk/fv/987875fe-0dae-42ac-be5b-62cf0bd5d65e/nomination-district/c5998ee0-ef85-47aa-a9b6-01e9e968909f/polling-district/ebb33e13-7213-40b2-a9e8-052acd1a6094
Odense Sydkredsen,https://valg.dk/fv/987875fe-0dae-42ac-be5b-62cf0bd5d65e/nomination-district/c5998ee0-ef85-47aa-a9b6-01e9e968909f,Fangel Forsamlingshus,https://valg.dk/fv/987875fe-0dae-42ac-be5b-62cf0bd5d65e/nomination-district/c5998ee0-ef85-47aa-a9b6-01e9e968909f/polling-district/da4b61e0-370c-437e-8237-c95765a856a0
Odense Sydkredsen,https://valg.dk/fv/987875fe-0dae-42ac-be5b-62cf0bd5d65e/nomination-district/c5998ee0-ef85-47aa-a9b6-01e9e968909f,Højby Skole,https://valg.dk/fv/987875fe-0dae-42ac-be5b-62cf0bd5d65e/nomination-district/c5998ee0-ef85-47aa-a9b6-01e9e968909f/polling-district/eae330a0-1330-4572-9172-b8048ec21ceb
Odense Sydkredsen,https://valg.dk/fv/987875fe-0dae-42ac-be5b-62cf0bd5d65e/nomination-district/c5998ee0-ef85-47aa-a9b6-01e9e968909f,Rasmus Rask-Skolen,https://valg.dk/fv/987875fe-0dae-42ac-be5b-62cf0bd5d65e/nomination-district/c5998ee0-ef85-47aa-a9b6-01e9e968909f/polling-district/a6b7759e-8e59-4241-85aa-19f06af93424
Odense Sydkredsen,https://valg.dk/fv/987875fe-0dae-42ac-be5b-62cf0bd5d65e/nomination-district/c5998ee0-ef85-47aa-a9b6-01e9e968909f,Rosengårdskolen,https://valg.dk/fv/987875fe-0dae-42ac-be5b-62cf0bd5d65e/nomination-district/c5998ee0-ef85-47aa-a9b6-01e9e968909f/polling-district/3f9a41bb-051f-4d75-bf06-6a946613287e
Odense Sydkredsen,https://valg.dk/fv/987875fe-0dae-42ac-be5b-62cf0bd5d65e/nomination-district/c5998ee0-ef85-47aa-a9b6-01e9e968909f,Rådhuset,https://valg.dk/fv/987875fe-0dae-42ac-be5b-62cf0bd5d65e/nomination-district/c5998ee0-ef85-47aa-a9b6-01e9e968909f/polling-district/3bc18bfc-d7b0-4105-9127-199789b81562
Odense Sydkredsen,https://valg.dk/fv/987875fe-0dae-42ac-be5b-62cf0bd5d65e/nomination-district/c5998ee0-ef85-47aa-a9b6-01e9e968909f,Sanderumhallen,https://valg.dk/fv/987875fe-0dae-42ac-be5b-62cf0bd5d65e/nomination-district/c5998ee0-ef85-47aa-a9b6-01e9e968909f/polling-district/85e7946d-4ab9-4b1f-a258-945ffde42022
Odense Sydkredsen,https://valg.dk/fv/987875fe-0dae-42ac-be5b-62cf0bd5d65e/nomination-district/c5998ee0-ef85-47aa-a9b6-01e9e968909f,Sct. Knuds Gymnasium,https://valg.dk/fv/987875fe-0dae-42ac-be5b-62cf0bd5d65e/nomination-district/c5998ee0-ef85-47aa-a9b6-01e9e968909f/polling-district/238edebc-f986-497d-b571-4ef666a3588d
Odense Sydkredsen,https://valg.dk/fv/987875fe-0dae-42ac-be5b-62cf0bd5d65e/nomination-district/c5998ee0-ef85-47aa-a9b6-01e9e968909f,Skt. Klemensskolen,https://valg.dk/fv/987875fe-0dae-42ac-be5b-62cf0bd5d65e/nomination-district/c5998ee0-ef85-47aa-a9b6-01e9e968909f/polling-district/ecd1bbea-6c15-4434-b0cd-0b7b2b399f72
Odense Sydkredsen,https://valg.dk/fv/987875fe-0dae-42ac-be5b-62cf0bd5d65e/nomination-district/c5998ee0-ef85-47aa-a9b6-01e9e968909f,Tingløkkeskolen,https://valg.dk/fv/987875fe-0dae-42ac-be5b-62cf0bd5d65e/nomination-district/c5998ee0-ef85-47aa-a9b6-01e9e968909f/polling-district/81fb94c1-36a9-40d3-9896-f0cbf56a3834
Odense Vestkredsen,https://valg.dk/fv/987875fe-0dae-42ac-be5b-62cf0bd5d65e/nomination-district/a21af5c6-fad3-42bb-bab5-a97813f05154,CSV-Skolen,https://valg.dk/fv/987875fe-0dae-42ac-be5b-62cf0bd5d65e/nomination-district/a21af5c6-fad3-42bb-bab5-a97813f05154/polling-district/e18cd636-3bb6-4457-955a-30d7aa189f14
Odense Vestkredsen,https://valg.dk/fv/987875fe-0dae-42ac-be5b-62cf0bd5d65e/nomination-district/a21af5c6-fad3-42bb-bab5-a97813f05154,Korup Skole,https://valg.dk/fv/987875fe-0dae-42ac-be5b-62cf0bd5d65e/nomination-district/a21af5c6-fad3-42bb-bab5-a97813f05154/polling-district/fa8b3d49-9ae5-40b7-8b97-2595fed1809a
Odense Vestkredsen,https://valg.dk/fv/987875fe-0dae-42ac-be5b-62cf0bd5d65e/nomination-district/a21af5c6-fad3-42bb-bab5-a97813f05154,Kroggårdsskolen,https://valg.dk/fv/987875fe-0dae-42ac-be5b-62cf0bd5d65e/nomination-district/a21af5c6-fad3-42bb-bab5-a97813f05154/polling-district/371011a8-d25d-4b6f-aafe-7e0aba87167d
Odense Vestkredsen,https://valg.dk/fv/987875fe-0dae-42ac-be5b-62cf0bd5d65e/nomination-district/a21af5c6-fad3-42bb-bab5-a97813f05154,Lumby Skole,https://valg.dk/fv/987875fe-0dae-42ac-be5b-62cf0bd5d65e/nomination-district/a21af5c6-fad3-42bb-bab5-a97813f05154/polling-district/885515b2-086d-4977-90a1-fca7adc43c50
Odense Vestkredsen,https://valg.dk/fv/987875fe-0dae-42ac-be5b-62cf0bd5d65e/nomination-district/a21af5c6-fad3-42bb-bab5-a97813f05154,Paarup Hallen,https://valg.dk/fv/987875fe-0dae-42ac-be5b-62cf0bd5d65e/nomination-district/a21af5c6-fad3-42bb-bab5-a97813f05154/polling-district/2aef71e4-be0a-4ad6-a40a-31f515a60b8f
Odense Vestkredsen,https://valg.dk/fv/987875fe-0dae-42ac-be5b-62cf0bd5d65e/nomination-district/a21af5c6-fad3-42bb-bab5-a97813f05154,Seniorhus Odense,https://valg.dk/fv/987875fe-0dae-42ac-be5b-62cf0bd5d65e/nomination-district/a21af5c6-fad3-42bb-bab5-a97813f05154/polling-district/4029f378-f61b-4f86-8c05-ceea4edab1bd
Odense Vestkredsen,https://valg.dk/fv/987875fe-0dae-42ac-be5b-62cf0bd5d65e/nomination-district/a21af5c6-fad3-42bb-bab5-a97813f05154,Spurvelundskolen,https://valg.dk/fv/987875fe-0dae-42ac-be5b-62cf0bd5d65e/nomination-district/a21af5c6-fad3-42bb-bab5-a97813f05154/polling-district/bc480ba6-281b-4088-a13e-f9863cbf7abf
Odense Vestkredsen,https://valg.dk/fv/987875fe-0dae-42ac-be5b-62cf0bd5d65e/nomination-district/a21af5c6-fad3-42bb-bab5-a97813f05154,Stige Skole,https://valg.dk/fv/987875fe-0dae-42ac-be5b-62cf0bd5d65e/nomination-district/a21af5c6-fad3-42bb-bab5-a97813f05154/polling-district/07aade69-2a72-4579-890b-3dcb890be8f3
Odense Vestkredsen,https://valg.dk/fv/987875fe-0dae-42ac-be5b-62cf0bd5d65e/nomination-district/a21af5c6-fad3-42bb-bab5-a97813f05154,Tarup Skole,https://valg.dk/fv/987875fe-0dae-42ac-be5b-62cf0bd5d65e/nomination-district/a21af5c6-fad3-42bb-bab5-a97813f05154/polling-district/7545344c-289e-4a2d-b53d-59d26867fc48
Odense Vestkredsen,https://valg.dk/fv/987875fe-0dae-42ac-be5b-62cf0bd5d65e/nomination-district/a21af5c6-fad3-42bb-bab5-a97813f05154,Ubberud Kultur & Bevægelseshus,https://valg.dk/fv/987875fe-0dae-42ac-be5b-62cf0bd5d65e/nomination-district/a21af5c6-fad3-42bb-bab5-a97813f05154/polling-district/c2f66c7c-fabf-4e27-9d92-0b46754bd4c6
Odense Østkredsen,https://valg.dk/fv/987875fe-0dae-42ac-be5b-62cf0bd5d65e/nomination-district/308dfad0-86dd-4514-a63a-b80bb9f95c34,Agedrup Skole,https://valg.dk/fv/987875fe-0dae-42ac-be5b-62cf0bd5d65e/nomination-district/308dfad0-86dd-4514-a63a-b80bb9f95c34/polling-district/d8f0baa7-e1fa-49f4-9605-87bbbc5357d0
Odense Østkredsen,https://valg.dk/fv/987875fe-0dae-42ac-be5b-62cf0bd5d65e/nomination-district/308dfad0-86dd-4514-a63a-b80bb9f95c34,Camp U,https://valg.dk/fv/987875fe-0dae-42ac-be5b-62cf0bd5d65e/nomination-district/308dfad0-86dd-4514-a63a-b80bb9f95c34/polling-district/6511a5fb-0d7b-45c1-8f10-a4f73958a33d
Odense Østkredsen,https://valg.dk/fv/987875fe-0dae-42ac-be5b-62cf0bd5d65e/nomination-district/308dfad0-86dd-4514-a63a-b80bb9f95c34,Ejerslykkeskolen,https://valg.dk/fv/987875fe-0dae-42ac-be5b-62cf0bd5d65e/nomination-district/308dfad0-86dd-4514-a63a-b80bb9f95c34/polling-district/567199f8-8074-480e-9a8f-f35cd187547b
Odense Østkredsen,https://valg.dk/fv/987875fe-0dae-42ac-be5b-62cf0bd5d65e/nomination-district/308dfad0-86dd-4514-a63a-b80bb9f95c34,Fjordager-Hallen,https://valg.dk/fv/987875fe-0dae-42ac-be5b-62cf0bd5d65e/nomination-district/308dfad0-86dd-4514-a63a-b80bb9f95c34/polling-district/2a656f38-0b50-4108-bac0-57e58ff3e0ec
Odense Østkredsen,https://valg.dk/fv/987875fe-0dae-42ac-be5b-62cf0bd5d65e/nomination-district/308dfad0-86dd-4514-a63a-b80bb9f95c34,Fraugde Fritidscenter,https://valg.dk/fv/987875fe-0dae-42ac-be5b-62cf0bd5d65e/nomination-district/308dfad0-86dd-4514-a63a-b80bb9f95c34/polling-district/bcc3174b-24d4-47f9-bd82-10f1cfb1f921
Odense Østkredsen,https://valg.dk/fv/987875fe-0dae-42ac-be5b-62cf0bd5d65e/nomination-district/308dfad0-86dd-4514-a63a-b80bb9f95c34,Munkebjergskolen,https://valg.dk/fv/987875fe-0dae-42ac-be5b-62cf0bd5d65e/nomination-district/308dfad0-86dd-4514-a63a-b80bb9f95c34/polling-district/63f56b26-f416-44e4-a6af-3ca1f2b53443
Odense Østkredsen,https://valg.dk/fv/987875fe-0dae-42ac-be5b-62cf0bd5d65e/nomination-district/308dfad0-86dd-4514-a63a-b80bb9f95c34,Risingskolen,https://valg.dk/fv/987875fe-0dae-42ac-be5b-62cf0bd5d65e/nomination-district/308dfad0-86dd-4514-a63a-b80bb9f95c34/polling-district/2d2d07a4-8d71-4c19-a59c-997a189e16a2
Odense Østkredsen,https://valg.dk/fv/987875fe-0dae-42ac-be5b-62cf0bd5d65e/nomination-district/308dfad0-86dd-4514-a63a-b80bb9f95c34,Sct. Hans Skole,https://valg.dk/fv/987875fe-0dae-42ac-be5b-62cf0bd5d65e/nomination-district/308dfad0-86dd-4514-a63a-b80bb9f95c34/polling-district/1f74cf5b-2f96-4dfb-a037-8e5d4c04782a
Odense Østkredsen,https://valg.dk/fv/987875fe-0dae-42ac-be5b-62cf0bd5d65e/nomination-district/308dfad0-86dd-4514-a63a-b80bb9f95c34,Skt. Jørgens Hallen,https://valg.dk/fv/987875fe-0dae-42ac-be5b-62cf0bd5d65e/nomination-district/308dfad0-86dd-4514-a63a-b80bb9f95c34/polling-district/63a1eb54-4de5-4cf9-93dc-3bc3f5e3f1cb
Odense Østkredsen,https://valg.dk/fv/987875fe-0dae-42ac-be5b-62cf0bd5d65e/nomination-district/308dfad0-86dd-4514-a63a-b80bb9f95c34,UngOdense (Tidl.Bækholmskolen),https://valg.dk/fv/987875fe-0dae-42ac-be5b-62cf0bd5d65e/nomination-district/308dfad0-86dd-4514-a63a-b80bb9f95c34/polling-district/cbab415e-669b-4166-b6e0-9029b9ca1136
Randers Nordkredsen,https://valg.dk/fv/987875fe-0dae-42ac-be5b-62cf0bd5d65e/nomination-district/32bc2ae1-4174-4ad2-ae6a-781a50aac20f,Blicherskolen,https://valg.dk/fv/987875fe-0dae-42ac-be5b-62cf0bd5d65e/nomination-district/32bc2ae1-4174-4ad2-ae6a-781a50aac20f/polling-district/0d9e7091-7530-4c88-a419-fade04b88c96
Randers Nordkredsen,https://valg.dk/fv/987875fe-0dae-42ac-be5b-62cf0bd5d65e/nomination-district/32bc2ae1-4174-4ad2-ae6a-781a50aac20f,Gjerlev Aktivitetshus,https://valg.dk/fv/987875fe-0dae-42ac-be5b-62cf0bd5d65e/nomination-district/32bc2ae1-4174-4ad2-ae6a-781a50aac20f/polling-district/194acd75-8ad7-4118-97d9-6d104ce7ef7a
Randers Nordkredsen,https://valg.dk/fv/987875fe-0dae-42ac-be5b-62cf0bd5d65e/nomination-district/32bc2ae1-4174-4ad2-ae6a-781a50aac20f,Hald Forsamlingshus,https://valg.dk/fv/987875fe-0dae-42ac-be5b-62cf0bd5d65e/nomination-district/32bc2ae1-4174-4ad2-ae6a-781a50aac20f/polling-district/07f0780e-0217-4e6b-b4b2-adab31c689b7
Randers Nordkredsen,https://valg.dk/fv/987875fe-0dae-42ac-be5b-62cf0bd5d65e/nomination-district/32bc2ae1-4174-4ad2-ae6a-781a50aac20f,Havndalhallen,https://valg.dk/fv/987875fe-0dae-42ac-be5b-62cf0bd5d65e/nomination-district/32bc2ae1-4174-4ad2-ae6a-781a50aac20f/polling-district/b7ee8a46-0be0-40d3-b585-0cf40fe72188
Randers Nordkredsen,https://valg.dk/fv/987875fe-0dae-42ac-be5b-62cf0bd5d65e/nomination-district/32bc2ae1-4174-4ad2-ae6a-781a50aac20f,Hornbækhallen,https://valg.dk/fv/987875fe-0dae-42ac-be5b-62cf0bd5d65e/nomination-district/32bc2ae1-4174-4ad2-ae6a-781a50aac20f/polling-district/e18738b4-241c-4df6-9cde-5d14b9138c8f
Randers Nordkredsen,https://valg.dk/fv/987875fe-0dae-42ac-be5b-62cf0bd5d65e/nomination-district/32bc2ae1-4174-4ad2-ae6a-781a50aac20f,Korshøjskolen,https://valg.dk/fv/987875fe-0dae-42ac-be5b-62cf0bd5d65e/nomination-district/32bc2ae1-4174-4ad2-ae6a-781a50aac20f/polling-district/60deaf11-40f7-4642-9a66-cf946ca9e85d
Randers Nordkredsen,https://valg.dk/fv/987875fe-0dae-42ac-be5b-62cf0bd5d65e/nomination-district/32bc2ae1-4174-4ad2-ae6a-781a50aac20f,Kultur-Aktivitetshuset Gassum,https://valg.dk/fv/987875fe-0dae-42ac-be5b-62cf0bd5d65e/nomination-district/32bc2ae1-4174-4ad2-ae6a-781a50aac20f/polling-district/774691ff-4e41-4395-9c37-8c9f4cd24b07
Randers Nordkredsen,https://valg.dk/fv/987875fe-0dae-42ac-be5b-62cf0bd5d65e/nomination-district/32bc2ae1-4174-4ad2-ae6a-781a50aac20f,Nørrevangsskolen,https://valg.dk/fv/987875fe-0dae-42ac-be5b-62cf0bd5d65e/nomination-district/32bc2ae1-4174-4ad2-ae6a-781a50aac20f/polling-district/27ca94e6-1c93-4cb4-9ef6-8754130c8b50
Randers Nordkredsen,https://valg.dk/fv/987875fe-0dae-42ac-be5b-62cf0bd5d65e/nomination-district/32bc2ae1-4174-4ad2-ae6a-781a50aac20f,Randers Badmintonhaller,https://valg.dk/fv/987875fe-0dae-42ac-be5b-62cf0bd5d65e/nomination-district/32bc2ae1-4174-4ad2-ae6a-781a50aac20f/polling-district/48a8a5df-ed5b-48f7-9ed1-b5a4ff2611e9
Randers Nordkredsen,https://valg.dk/fv/987875fe-0dae-42ac-be5b-62cf0bd5d65e/nomination-district/32bc2ae1-4174-4ad2-ae6a-781a50aac20f,Randers Specialskole (Firkløve,https://valg.dk/fv/987875fe-0dae-42ac-be5b-62cf0bd5d65e/nomination-district/32bc2ae1-4174-4ad2-ae6a-781a50aac20f/polling-district/b3e27840-553f-49f7-bcc0-f39a84e8d329
Randers Nordkredsen,https://valg.dk/fv/987875fe-0dae-42ac-be5b-62cf0bd5d65e/nomination-district/32bc2ae1-4174-4ad2-ae6a-781a50aac20f,Rismølleskolen,https://valg.dk/fv/987875fe-0dae-42ac-be5b-62cf0bd5d65e/nomination-district/32bc2ae1-4174-4ad2-ae6a-781a50aac20f/polling-district/a0602c73-53a5-41af-8e81-c121ab3621fe
Randers Nordkredsen,https://valg.dk/fv/987875fe-0dae-42ac-be5b-62cf0bd5d65e/nomination-district/32bc2ae1-4174-4ad2-ae6a-781a50aac20f,Råby Forsamlingshus,https://valg.dk/fv/987875fe-0dae-42ac-be5b-62cf0bd5d65e/nomination-district/32bc2ae1-4174-4ad2-ae6a-781a50aac20f/polling-district/cdf77472-14a4-4cc1-a279-405d74bee067
Randers Nordkredsen,https://valg.dk/fv/987875fe-0dae-42ac-be5b-62cf0bd5d65e/nomination-district/32bc2ae1-4174-4ad2-ae6a-781a50aac20f,Vestervangsskolen,https://valg.dk/fv/987875fe-0dae-42ac-be5b-62cf0bd5d65e/nomination-district/32bc2ae1-4174-4ad2-ae6a-781a50aac20f/polling-district/cb119fda-f4b3-4440-a126-867438cf7b10
Randers Nordkredsen,https://valg.dk/fv/987875fe-0dae-42ac-be5b-62cf0bd5d65e/nomination-district/32bc2ae1-4174-4ad2-ae6a-781a50aac20f,Øster Tørslev Fritidslokaler,https://valg.dk/fv/987875fe-0dae-42ac-be5b-62cf0bd5d65e/nomination-district/32bc2ae1-4174-4ad2-ae6a-781a50aac20f/polling-district/1c89c817-d7df-40f2-800c-c240a5b01399
Randers Nordkredsen,https://valg.dk/fv/987875fe-0dae-42ac-be5b-62cf0bd5d65e/nomination-district/32bc2ae1-4174-4ad2-ae6a-781a50aac20f,Østervangsskolen,https://valg.dk/fv/987875fe-0dae-42ac-be5b-62cf0bd5d65e/nomination-district/32bc2ae1-4174-4ad2-ae6a-781a50aac20f/polling-district/49a4950e-db22-4d26-b679-eeeac9f1531b
Randers Sydkredsen,https://valg.dk/fv/987875fe-0dae-42ac-be5b-62cf0bd5d65e/nomination-district/0d3ca611-bf6e-439f-b6fa-20d546425083,Asferg Træningshus,https://valg.dk/fv/987875fe-0dae-42ac-be5b-62cf0bd5d65e/nomination-district/0d3ca611-bf6e-439f-b6fa-20d546425083/polling-district/12c44b94-e17c-4f43-8f3d-9973cbdda54c
Randers Sydkredsen,https://valg.dk/fv/987875fe-0dae-42ac-be5b-62cf0bd5d65e/nomination-district/0d3ca611-bf6e-439f-b6fa-20d546425083,Assentofthallen,https://valg.dk/fv/987875fe-0dae-42ac-be5b-62cf0bd5d65e/nomination-district/0d3ca611-bf6e-439f-b6fa-20d546425083/polling-district/b6514b04-f7e1-4639-bde6-bd6f627ed647
Randers Sydkredsen,https://valg.dk/fv/987875fe-0dae-42ac-be5b-62cf0bd5d65e/nomination-district/0d3ca611-bf6e-439f-b6fa-20d546425083,Fritidscentret,https://valg.dk/fv/987875fe-0dae-42ac-be5b-62cf0bd5d65e/nomination-district/0d3ca611-bf6e-439f-b6fa-20d546425083/polling-district/fb9e5d15-3afc-4bcb-aba8-df436b808e29
Randers Sydkredsen,https://valg.dk/fv/987875fe-0dae-42ac-be5b-62cf0bd5d65e/nomination-district/0d3ca611-bf6e-439f-b6fa-20d546425083,Hobrovejens Skole,https://valg.dk/fv/987875fe-0dae-42ac-be5b-62cf0bd5d65e/nomination-district/0d3ca611-bf6e-439f-b6fa-20d546425083/polling-district/b96c5fd6-9260-4343-b04b-66c0ef0a97aa
Randers Sydkredsen,https://valg.dk/fv/987875fe-0dae-42ac-be5b-62cf0bd5d65e/nomination-district/0d3ca611-bf6e-439f-b6fa-20d546425083,Jebjerg Forsamlingshus,https://valg.dk/fv/987875fe-0dae-42ac-be5b-62cf0bd5d65e/nomination-district/0d3ca611-bf6e-439f-b6fa-20d546425083/polling-district/eae11c34-3692-490f-a6a4-ebb41b0b56f0
Randers Sydkredsen,https://valg.dk/fv/987875fe-0dae-42ac-be5b-62cf0bd5d65e/nomination-district/0d3ca611-bf6e-439f-b6fa-20d546425083,Kulturhuset Langå,https://valg.dk/fv/987875fe-0dae-42ac-be5b-62cf0bd5d65e/nomination-district/0d3ca611-bf6e-439f-b6fa-20d546425083/polling-district/ea3aa5d7-4ddd-4d5b-bc0a-cf08f7cd5c72
Randers Sydkredsen,https://valg.dk/fv/987875fe-0dae-42ac-be5b-62cf0bd5d65e/nomination-district/0d3ca611-bf6e-439f-b6fa-20d546425083,Paderup Gymnasium,https://valg.dk/fv/987875fe-0dae-42ac-be5b-62cf0bd5d65e/nomination-district/0d3ca611-bf6e-439f-b6fa-20d546425083/polling-district/33387529-549b-45a5-8e19-5f609034147f
Randers Sydkredsen,https://valg.dk/fv/987875fe-0dae-42ac-be5b-62cf0bd5d65e/nomination-district/0d3ca611-bf6e-439f-b6fa-20d546425083,Psykiatriens Hus,https://valg.dk/fv/987875fe-0dae-42ac-be5b-62cf0bd5d65e/nomination-district/0d3ca611-bf6e-439f-b6fa-20d546425083/polling-district/caa39157-36de-4752-bc0e-1530dce12571
Randers Sydkredsen,https://valg.dk/fv/987875fe-0dae-42ac-be5b-62cf0bd5d65e/nomination-district/0d3ca611-bf6e-439f-b6fa-20d546425083,Purhushallen,https://valg.dk/fv/987875fe-0dae-42ac-be5b-62cf0bd5d65e/nomination-district/0d3ca611-bf6e-439f-b6fa-20d546425083/polling-district/e610598a-73d5-44b5-92dd-d7f3ea7201ea
Randers Sydkredsen,https://valg.dk/fv/987875fe-0dae-42ac-be5b-62cf0bd5d65e/nomination-district/0d3ca611-bf6e-439f-b6fa-20d546425083,Romalt Aktivitetshal,https://valg.dk/fv/987875fe-0dae-42ac-be5b-62cf0bd5d65e/nomination-district/0d3ca611-bf6e-439f-b6fa-20d546425083/polling-district/64d42b74-9245-4f61-aaed-77ff81442cd3
Randers Sydkredsen,https://valg.dk/fv/987875fe-0dae-42ac-be5b-62cf0bd5d65e/nomination-district/0d3ca611-bf6e-439f-b6fa-20d546425083,Stevnstrup Forsamlingshus,https://valg.dk/fv/987875fe-0dae-42ac-be5b-62cf0bd5d65e/nomination-district/0d3ca611-bf6e-439f-b6fa-20d546425083/polling-district/81ea84bb-50a7-4a02-abd9-28e2c807032c
Randers Sydkredsen,https://valg.dk/fv/987875fe-0dae-42ac-be5b-62cf0bd5d65e/nomination-district/0d3ca611-bf6e-439f-b6fa-20d546425083,Søndermarkskolen,https://valg.dk/fv/987875fe-0dae-42ac-be5b-62cf0bd5d65e/nomination-district/0d3ca611-bf6e-439f-b6fa-20d546425083/polling-district/c19c823d-5d3d-49de-994e-035f13704912
Randers Sydkredsen,https://valg.dk/fv/987875fe-0dae-42ac-be5b-62cf0bd5d65e/nomination-district/0d3ca611-bf6e-439f-b6fa-20d546425083,Tirsdalens Skole,https://valg.dk/fv/987875fe-0dae-42ac-be5b-62cf0bd5d65e/nomination-district/0d3ca611-bf6e-439f-b6fa-20d546425083/polling-district/a79e0e56-816b-472c-a444-75703c9353ca
Randers Sydkredsen,https://valg.dk/fv/987875fe-0dae-42ac-be5b-62cf0bd5d65e/nomination-district/0d3ca611-bf6e-439f-b6fa-20d546425083,Uggelhuse Forsamlingshus,https://valg.dk/fv/987875fe-0dae-42ac-be5b-62cf0bd5d65e/nomination-district/0d3ca611-bf6e-439f-b6fa-20d546425083/polling-district/39b1030e-b75d-4510-9850-40d3416386c1
Randers Sydkredsen,https://valg.dk/fv/987875fe-0dae-42ac-be5b-62cf0bd5d65e/nomination-district/0d3ca611-bf6e-439f-b6fa-20d546425083,Ø. Bjerregrav Forsamlingshus,https://valg.dk/fv/987875fe-0dae-42ac-be5b-62cf0bd5d65e/nomination-district/0d3ca611-bf6e-439f-b6fa-20d546425083/polling-district/74b8c805-47e6-45b3-8706-f69ca280b468
Ringkøbingkredsen,https://valg.dk/fv/987875fe-0dae-42ac-be5b-62cf0bd5d65e/nomination-district/17eaa01a-4207-46b7-8a6b-19774e9ceeda,Borris,https://valg.dk/fv/987875fe-0dae-42ac-be5b-62cf0bd5d65e/nomination-district/17eaa01a-4207-46b7-8a6b-19774e9ceeda/polling-district/f1224c56-24ec-4646-94dc-b53f522d463b
Ringkøbingkredsen,https://valg.dk/fv/987875fe-0dae-42ac-be5b-62cf0bd5d65e/nomination-district/17eaa01a-4207-46b7-8a6b-19774e9ceeda,Faster,https://valg.dk/fv/987875fe-0dae-42ac-be5b-62cf0bd5d65e/nomination-district/17eaa01a-4207-46b7-8a6b-19774e9ceeda/polling-district/75f034d6-2ac8-4ca0-ae08-00c2746305e4
Ringkøbingkredsen,https://valg.dk/fv/987875fe-0dae-42ac-be5b-62cf0bd5d65e/nomination-district/17eaa01a-4207-46b7-8a6b-19774e9ceeda,Hee,https://valg.dk/fv/987875fe-0dae-42ac-be5b-62cf0bd5d65e/nomination-district/17eaa01a-4207-46b7-8a6b-19774e9ceeda/polling-district/25fecf47-1dba-475c-aaad-4dfe5eb8c256
Ringkøbingkredsen,https://valg.dk/fv/987875fe-0dae-42ac-be5b-62cf0bd5d65e/nomination-district/17eaa01a-4207-46b7-8a6b-19774e9ceeda,Holmsland,https://valg.dk/fv/987875fe-0dae-42ac-be5b-62cf0bd5d65e/nomination-district/17eaa01a-4207-46b7-8a6b-19774e9ceeda/polling-district/dfaf7fa6-2429-4488-a462-02d6564b6446
Ringkøbingkredsen,https://valg.dk/fv/987875fe-0dae-42ac-be5b-62cf0bd5d65e/nomination-district/17eaa01a-4207-46b7-8a6b-19774e9ceeda,Hoven,https://valg.dk/fv/987875fe-0dae-42ac-be5b-62cf0bd5d65e/nomination-district/17eaa01a-4207-46b7-8a6b-19774e9ceeda/polling-district/c6782424-ad70-4331-b3bd-a634af5de6bf
Ringkøbingkredsen,https://valg.dk/fv/987875fe-0dae-42ac-be5b-62cf0bd5d65e/nomination-district/17eaa01a-4207-46b7-8a6b-19774e9ceeda,Hvide Sande,https://valg.dk/fv/987875fe-0dae-42ac-be5b-62cf0bd5d65e/nomination-district/17eaa01a-4207-46b7-8a6b-19774e9ceeda/polling-district/2d614529-6849-4d6b-8616-59241774b5b7
Ringkøbingkredsen,https://valg.dk/fv/987875fe-0dae-42ac-be5b-62cf0bd5d65e/nomination-district/17eaa01a-4207-46b7-8a6b-19774e9ceeda,Højmark,https://valg.dk/fv/987875fe-0dae-42ac-be5b-62cf0bd5d65e/nomination-district/17eaa01a-4207-46b7-8a6b-19774e9ceeda/polling-district/94049fb2-5497-4cd9-af55-0abdc51fa6df
Ringkøbingkredsen,https://valg.dk/fv/987875fe-0dae-42ac-be5b-62cf0bd5d65e/nomination-district/17eaa01a-4207-46b7-8a6b-19774e9ceeda,Lem,https://valg.dk/fv/987875fe-0dae-42ac-be5b-62cf0bd5d65e/nomination-district/17eaa01a-4207-46b7-8a6b-19774e9ceeda/polling-district/07a83502-489c-40ab-be6d-bbb8c674d601
Ringkøbingkredsen,https://valg.dk/fv/987875fe-0dae-42ac-be5b-62cf0bd5d65e/nomination-district/17eaa01a-4207-46b7-8a6b-19774e9ceeda,Lyne,https://valg.dk/fv/987875fe-0dae-42ac-be5b-62cf0bd5d65e/nomination-district/17eaa01a-4207-46b7-8a6b-19774e9ceeda/polling-district/e22ccf89-3b23-4393-88dd-87f25e9cc063
Ringkøbingkredsen,https://valg.dk/fv/987875fe-0dae-42ac-be5b-62cf0bd5d65e/nomination-district/17eaa01a-4207-46b7-8a6b-19774e9ceeda,Lønborg,https://valg.dk/fv/987875fe-0dae-42ac-be5b-62cf0bd5d65e/nomination-district/17eaa01a-4207-46b7-8a6b-19774e9ceeda/polling-district/ef3f86b1-8b3d-46b6-8f41-fbb20609f250
Ringkøbingkredsen,https://valg.dk/fv/987875fe-0dae-42ac-be5b-62cf0bd5d65e/nomination-district/17eaa01a-4207-46b7-8a6b-19774e9ceeda,Nr.Vium,https://valg.dk/fv/987875fe-0dae-42ac-be5b-62cf0bd5d65e/nomination-district/17eaa01a-4207-46b7-8a6b-19774e9ceeda/polling-district/afcba89f-2a92-4fec-91ae-5c98f6290e54
Ringkøbingkredsen,https://valg.dk/fv/987875fe-0dae-42ac-be5b-62cf0bd5d65e/nomination-district/17eaa01a-4207-46b7-8a6b-19774e9ceeda,Ringkøbing,https://valg.dk/fv/987875fe-0dae-42ac-be5b-62cf0bd5d65e/nomination-district/17eaa01a-4207-46b7-8a6b-19774e9ceeda/polling-district/9da120b1-1b2d-451b-a86f-9401c23d8796
Ringkøbingkredsen,https://valg.dk/fv/987875fe-0dae-42ac-be5b-62cf0bd5d65e/nomination-district/17eaa01a-4207-46b7-8a6b-19774e9ceeda,Rækker Mølle,https://valg.dk/fv/987875fe-0dae-42ac-be5b-62cf0bd5d65e/nomination-district/17eaa01a-4207-46b7-8a6b-19774e9ceeda/polling-district/fc0f4971-731c-41ce-b15e-1feaa04a38ab
Ringkøbingkredsen,https://valg.dk/fv/987875fe-0dae-42ac-be5b-62cf0bd5d65e/nomination-district/17eaa01a-4207-46b7-8a6b-19774e9ceeda,Skjern,https://valg.dk/fv/987875fe-0dae-42ac-be5b-62cf0bd5d65e/nomination-district/17eaa01a-4207-46b7-8a6b-19774e9ceeda/polling-district/9f1395aa-adaf-4aaa-850c-f1331d08b813
Ringkøbingkredsen,https://valg.dk/fv/987875fe-0dae-42ac-be5b-62cf0bd5d65e/nomination-district/17eaa01a-4207-46b7-8a6b-19774e9ceeda,Spjald,https://valg.dk/fv/987875fe-0dae-42ac-be5b-62cf0bd5d65e/nomination-district/17eaa01a-4207-46b7-8a6b-19774e9ceeda/polling-district/d2ad1aba-b793-470d-a6b7-37903217d67f
Ringkøbingkredsen,https://valg.dk/fv/987875fe-0dae-42ac-be5b-62cf0bd5d65e/nomination-district/17eaa01a-4207-46b7-8a6b-19774e9ceeda,Stadil,https://valg.dk/fv/987875fe-0dae-42ac-be5b-62cf0bd5d65e/nomination-district/17eaa01a-4207-46b7-8a6b-19774e9ceeda/polling-district/f2f36f6e-4cc2-4fb3-948f-00dea6752583
Ringkøbingkredsen,https://valg.dk/fv/987875fe-0dae-42ac-be5b-62cf0bd5d65e/nomination-district/17eaa01a-4207-46b7-8a6b-19774e9ceeda,Stauning,https://valg.dk/fv/987875fe-0dae-42ac-be5b-62cf0bd5d65e/nomination-district/17eaa01a-4207-46b7-8a6b-19774e9ceeda/polling-district/1556e1da-5aaf-4a0f-9dd3-a33f544621cc
Ringkøbingkredsen,https://valg.dk/fv/987875fe-0dae-42ac-be5b-62cf0bd5d65e/nomination-district/17eaa01a-4207-46b7-8a6b-19774e9ceeda,Sønder Bork,https://valg.dk/fv/987875fe-0dae-42ac-be5b-62cf0bd5d65e/nomination-district/17eaa01a-4207-46b7-8a6b-19774e9ceeda/polling-district/1275ee90-4140-4e9a-8c50-4017fc3aabe0
Ringkøbingkredsen,https://valg.dk/fv/987875fe-0dae-42ac-be5b-62cf0bd5d65e/nomination-district/17eaa01a-4207-46b7-8a6b-19774e9ceeda,Tarm,https://valg.dk/fv/987875fe-0dae-42ac-be5b-62cf0bd5d65e/nomination-district/17eaa01a-4207-46b7-8a6b-19774e9ceeda/polling-district/50fbeb3a-f188-4015-a092-fbb05bb1adc2
Ringkøbingkredsen,https://valg.dk/fv/987875fe-0dae-42ac-be5b-62cf0bd5d65e/nomination-district/17eaa01a-4207-46b7-8a6b-19774e9ceeda,Tim,https://valg.dk/fv/987875fe-0dae-42ac-be5b-62cf0bd5d65e/nomination-district/17eaa01a-4207-46b7-8a6b-19774e9ceeda/polling-district/0f9bb1b5-f430-4203-8a84-c8c825a0b4d7
Ringkøbingkredsen,https://valg.dk/fv/987875fe-0dae-42ac-be5b-62cf0bd5d65e/nomination-district/17eaa01a-4207-46b7-8a6b-19774e9ceeda,Troldhede,https://valg.dk/fv/987875fe-0dae-42ac-be5b-62cf0bd5d65e/nomination-district/17eaa01a-4207-46b7-8a6b-19774e9ceeda/polling-district/d7bbc184-5d9b-44e0-9671-7315cd0a0347
Ringkøbingkredsen,https://valg.dk/fv/987875fe-0dae-42ac-be5b-62cf0bd5d65e/nomination-district/17eaa01a-4207-46b7-8a6b-19774e9ceeda,Velling,https://valg.dk/fv/987875fe-0dae-42ac-be5b-62cf0bd5d65e/nomination-district/17eaa01a-4207-46b7-8a6b-19774e9ceeda/polling-district/5c9b9077-4c8b-4c0e-be6f-6133f52e97c6
Ringkøbingkredsen,https://valg.dk/fv/987875fe-0dae-42ac-be5b-62cf0bd5d65e/nomination-district/17eaa01a-4207-46b7-8a6b-19774e9ceeda,Videbæk,https://valg.dk/fv/987875fe-0dae-42ac-be5b-62cf0bd5d65e/nomination-district/17eaa01a-4207-46b7-8a6b-19774e9ceeda/polling-district/b1453b9d-597e-4643-bd9e-48cc0b98f6a0
Ringkøbingkredsen,https://valg.dk/fv/987875fe-0dae-42ac-be5b-62cf0bd5d65e/nomination-district/17eaa01a-4207-46b7-8a6b-19774e9ceeda,Vorgod-Barde,https://valg.dk/fv/987875fe-0dae-42ac-be5b-62cf0bd5d65e/nomination-district/17eaa01a-4207-46b7-8a6b-19774e9ceeda/polling-district/e35dce8e-9e6e-4115-9cea-427def2e9c6d
Ringkøbingkredsen,https://valg.dk/fv/987875fe-0dae-42ac-be5b-62cf0bd5d65e/nomination-district/17eaa01a-4207-46b7-8a6b-19774e9ceeda,Ølstrup,https://valg.dk/fv/987875fe-0dae-42ac-be5b-62cf0bd5d65e/nomination-district/17eaa01a-4207-46b7-8a6b-19774e9ceeda/polling-district/fc6c5b59-5302-4a53-957c-45abcf186747
Ringstedkredsen,https://valg.dk/fv/987875fe-0dae-42ac-be5b-62cf0bd5d65e/nomination-district/a4a9a267-e2b6-46f3-a0a3-ffcb6864fe74,Alsted Fjenneslev,https://valg.dk/fv/987875fe-0dae-42ac-be5b-62cf0bd5d65e/nomination-district/a4a9a267-e2b6-46f3-a0a3-ffcb6864fe74/polling-district/256bb857-017d-4bf5-9397-465edc82ddb2
Ringstedkredsen,https://valg.dk/fv/987875fe-0dae-42ac-be5b-62cf0bd5d65e/nomination-district/a4a9a267-e2b6-46f3-a0a3-ffcb6864fe74,Benløse,https://valg.dk/fv/987875fe-0dae-42ac-be5b-62cf0bd5d65e/nomination-district/a4a9a267-e2b6-46f3-a0a3-ffcb6864fe74/polling-district/e0c1256f-3730-4283-a136-ee97c4d00315
Ringstedkredsen,https://valg.dk/fv/987875fe-0dae-42ac-be5b-62cf0bd5d65e/nomination-district/a4a9a267-e2b6-46f3-a0a3-ffcb6864fe74,Bringstrup,https://valg.dk/fv/987875fe-0dae-42ac-be5b-62cf0bd5d65e/nomination-district/a4a9a267-e2b6-46f3-a0a3-ffcb6864fe74/polling-district/19fba86b-52d1-47a0-bcc1-9dc24fa88c75
Ringstedkredsen,https://valg.dk/fv/987875fe-0dae-42ac-be5b-62cf0bd5d65e/nomination-district/a4a9a267-e2b6-46f3-a0a3-ffcb6864fe74,Dianalund,https://valg.dk/fv/987875fe-0dae-42ac-be5b-62cf0bd5d65e/nomination-district/a4a9a267-e2b6-46f3-a0a3-ffcb6864fe74/polling-district/9aaf26d0-933a-4ab7-b9a2-f95dcd2c96b1
Ringstedkredsen,https://valg.dk/fv/987875fe-0dae-42ac-be5b-62cf0bd5d65e/nomination-district/a4a9a267-e2b6-46f3-a0a3-ffcb6864fe74,Frederiksberg,https://valg.dk/fv/987875fe-0dae-42ac-be5b-62cf0bd5d65e/nomination-district/a4a9a267-e2b6-46f3-a0a3-ffcb6864fe74/polling-district/85635dbe-ef17-451d-91b4-399e037ccbcd
Ringstedkredsen,https://valg.dk/fv/987875fe-0dae-42ac-be5b-62cf0bd5d65e/nomination-district/a4a9a267-e2b6-46f3-a0a3-ffcb6864fe74,Gyrstinge,https://valg.dk/fv/987875fe-0dae-42ac-be5b-62cf0bd5d65e/nomination-district/a4a9a267-e2b6-46f3-a0a3-ffcb6864fe74/polling-district/90fff508-b30c-4c79-9d96-4da9a362132a
Ringstedkredsen,https://valg.dk/fv/987875fe-0dae-42ac-be5b-62cf0bd5d65e/nomination-district/a4a9a267-e2b6-46f3-a0a3-ffcb6864fe74,Haraldsted,https://valg.dk/fv/987875fe-0dae-42ac-be5b-62cf0bd5d65e/nomination-district/a4a9a267-e2b6-46f3-a0a3-ffcb6864fe74/polling-district/0718a8a6-4ef0-482c-a459-24a194095bda
Ringstedkredsen,https://valg.dk/fv/987875fe-0dae-42ac-be5b-62cf0bd5d65e/nomination-district/a4a9a267-e2b6-46f3-a0a3-ffcb6864fe74,Jystrup,https://valg.dk/fv/987875fe-0dae-42ac-be5b-62cf0bd5d65e/nomination-district/a4a9a267-e2b6-46f3-a0a3-ffcb6864fe74/polling-district/8a41736a-c67d-481b-90ad-144640fa759d
Ringstedkredsen,https://valg.dk/fv/987875fe-0dae-42ac-be5b-62cf0bd5d65e/nomination-district/a4a9a267-e2b6-46f3-a0a3-ffcb6864fe74,Kværkeby,https://valg.dk/fv/987875fe-0dae-42ac-be5b-62cf0bd5d65e/nomination-district/a4a9a267-e2b6-46f3-a0a3-ffcb6864fe74/polling-district/6914982d-5593-42cd-9c4e-deb240a03453
Ringstedkredsen,https://valg.dk/fv/987875fe-0dae-42ac-be5b-62cf0bd5d65e/nomination-district/a4a9a267-e2b6-46f3-a0a3-ffcb6864fe74,Nordrup,https://valg.dk/fv/987875fe-0dae-42ac-be5b-62cf0bd5d65e/nomination-district/a4a9a267-e2b6-46f3-a0a3-ffcb6864fe74/polling-district/c604bfb3-0b66-4808-850e-03d43a46bcfc
Ringstedkredsen,https://valg.dk/fv/987875fe-0dae-42ac-be5b-62cf0bd5d65e/nomination-district/a4a9a267-e2b6-46f3-a0a3-ffcb6864fe74,Pedersborg,https://valg.dk/fv/987875fe-0dae-42ac-be5b-62cf0bd5d65e/nomination-district/a4a9a267-e2b6-46f3-a0a3-ffcb6864fe74/polling-district/a43c46f5-ff9b-459e-98c8-3b26ced0902e
Ringstedkredsen,https://valg.dk/fv/987875fe-0dae-42ac-be5b-62cf0bd5d65e/nomination-district/a4a9a267-e2b6-46f3-a0a3-ffcb6864fe74,Ringsted,https://valg.dk/fv/987875fe-0dae-42ac-be5b-62cf0bd5d65e/nomination-district/a4a9a267-e2b6-46f3-a0a3-ffcb6864fe74/polling-district/c531873b-ad92-4618-bdee-d2c44183c8f3
Ringstedkredsen,https://valg.dk/fv/987875fe-0dae-42ac-be5b-62cf0bd5d65e/nomination-district/a4a9a267-e2b6-46f3-a0a3-ffcb6864fe74,Ringsted Dagmarskolen,https://valg.dk/fv/987875fe-0dae-42ac-be5b-62cf0bd5d65e/nomination-district/a4a9a267-e2b6-46f3-a0a3-ffcb6864fe74/polling-district/69da8899-a923-4656-b6f4-e623fb679912
Ringstedkredsen,https://valg.dk/fv/987875fe-0dae-42ac-be5b-62cf0bd5d65e/nomination-district/a4a9a267-e2b6-46f3-a0a3-ffcb6864fe74,Ruds Vedby,https://valg.dk/fv/987875fe-0dae-42ac-be5b-62cf0bd5d65e/nomination-district/a4a9a267-e2b6-46f3-a0a3-ffcb6864fe74/polling-district/33c6e9f9-7aa1-475d-9ec5-afa7e49d8aef
Ringstedkredsen,https://valg.dk/fv/987875fe-0dae-42ac-be5b-62cf0bd5d65e/nomination-district/a4a9a267-e2b6-46f3-a0a3-ffcb6864fe74,Sneslev,https://valg.dk/fv/987875fe-0dae-42ac-be5b-62cf0bd5d65e/nomination-district/a4a9a267-e2b6-46f3-a0a3-ffcb6864fe74/polling-district/4f76db7a-226b-43da-a56d-962a8b3e090c
Ringstedkredsen,https://valg.dk/fv/987875fe-0dae-42ac-be5b-62cf0bd5d65e/nomination-district/a4a9a267-e2b6-46f3-a0a3-ffcb6864fe74,Sorø,https://valg.dk/fv/987875fe-0dae-42ac-be5b-62cf0bd5d65e/nomination-district/a4a9a267-e2b6-46f3-a0a3-ffcb6864fe74/polling-district/30b1f5e2-bb6c-4df1-9e86-847daa1b51da
Ringstedkredsen,https://valg.dk/fv/987875fe-0dae-42ac-be5b-62cf0bd5d65e/nomination-district/a4a9a267-e2b6-46f3-a0a3-ffcb6864fe74,Stenlille,https://valg.dk/fv/987875fe-0dae-42ac-be5b-62cf0bd5d65e/nomination-district/a4a9a267-e2b6-46f3-a0a3-ffcb6864fe74/polling-district/361dabc0-2bea-41dd-9cdc-5ce14336c9d9
Ringstedkredsen,https://valg.dk/fv/987875fe-0dae-42ac-be5b-62cf0bd5d65e/nomination-district/a4a9a267-e2b6-46f3-a0a3-ffcb6864fe74,Vetterslev,https://valg.dk/fv/987875fe-0dae-42ac-be5b-62cf0bd5d65e/nomination-district/a4a9a267-e2b6-46f3-a0a3-ffcb6864fe74/polling-district/bfcbe37a-59fd-4e65-beb3-5816565c6925
Ringstedkredsen,https://valg.dk/fv/987875fe-0dae-42ac-be5b-62cf0bd5d65e/nomination-district/a4a9a267-e2b6-46f3-a0a3-ffcb6864fe74,Vigersted,https://valg.dk/fv/987875fe-0dae-42ac-be5b-62cf0bd5d65e/nomination-district/a4a9a267-e2b6-46f3-a0a3-ffcb6864fe74/polling-district/c12f3520-f288-4067-9f3b-9d953256086d
Ringstedkredsen,https://valg.dk/fv/987875fe-0dae-42ac-be5b-62cf0bd5d65e/nomination-district/a4a9a267-e2b6-46f3-a0a3-ffcb6864fe74,Ørslev,https://valg.dk/fv/987875fe-0dae-42ac-be5b-62cf0bd5d65e/nomination-district/a4a9a267-e2b6-46f3-a0a3-ffcb6864fe74/polling-district/dd7b8b2d-89c0-4b6d-a7c4-51cd2cfc9b7a
Roskildekredsen,https://valg.dk/fv/987875fe-0dae-42ac-be5b-62cf0bd5d65e/nomination-district/104479ca-1231-4143-bb61-baebfdee8799,Baunehøj,https://valg.dk/fv/987875fe-0dae-42ac-be5b-62cf0bd5d65e/nomination-district/104479ca-1231-4143-bb61-baebfdee8799/polling-district/2bcdc4a7-82b6-40a5-aa77-e22a3121dbcc
Roskildekredsen,https://valg.dk/fv/987875fe-0dae-42ac-be5b-62cf0bd5d65e/nomination-district/104479ca-1231-4143-bb61-baebfdee8799,Gadstrup,https://valg.dk/fv/987875fe-0dae-42ac-be5b-62cf0bd5d65e/nomination-district/104479ca-1231-4143-bb61-baebfdee8799/polling-district/3497cc7f-7283-43ec-acda-5cb4e2c3f6a3
Roskildekredsen,https://valg.dk/fv/987875fe-0dae-42ac-be5b-62cf0bd5d65e/nomination-district/104479ca-1231-4143-bb61-baebfdee8799,Gundsølille,https://valg.dk/fv/987875fe-0dae-42ac-be5b-62cf0bd5d65e/nomination-district/104479ca-1231-4143-bb61-baebfdee8799/polling-district/c37de3cf-86ad-45b1-ac5f-fa69f12be370
Roskildekredsen,https://valg.dk/fv/987875fe-0dae-42ac-be5b-62cf0bd5d65e/nomination-district/104479ca-1231-4143-bb61-baebfdee8799,Gundsømagle,https://valg.dk/fv/987875fe-0dae-42ac-be5b-62cf0bd5d65e/nomination-district/104479ca-1231-4143-bb61-baebfdee8799/polling-district/e57db45d-351d-4044-8802-6cef4bf55aad
Roskildekredsen,https://valg.dk/fv/987875fe-0dae-42ac-be5b-62cf0bd5d65e/nomination-district/104479ca-1231-4143-bb61-baebfdee8799,Hedegårdene,https://valg.dk/fv/987875fe-0dae-42ac-be5b-62cf0bd5d65e/nomination-district/104479ca-1231-4143-bb61-baebfdee8799/polling-district/e41aee9d-8367-4320-b33f-3463042f0d46
Roskildekredsen,https://valg.dk/fv/987875fe-0dae-42ac-be5b-62cf0bd5d65e/nomination-district/104479ca-1231-4143-bb61-baebfdee8799,Himmelev,https://valg.dk/fv/987875fe-0dae-42ac-be5b-62cf0bd5d65e/nomination-district/104479ca-1231-4143-bb61-baebfdee8799/polling-district/2404b163-e483-4fd5-8a7b-8f0bae07d57e
Roskildekredsen,https://valg.dk/fv/987875fe-0dae-42ac-be5b-62cf0bd5d65e/nomination-district/104479ca-1231-4143-bb61-baebfdee8799,Jyllinge,https://valg.dk/fv/987875fe-0dae-42ac-be5b-62cf0bd5d65e/nomination-district/104479ca-1231-4143-bb61-baebfdee8799/polling-district/aba242b4-2cbe-41fb-a35c-bcd2946bd163
Roskildekredsen,https://valg.dk/fv/987875fe-0dae-42ac-be5b-62cf0bd5d65e/nomination-district/104479ca-1231-4143-bb61-baebfdee8799,Klostermarken,https://valg.dk/fv/987875fe-0dae-42ac-be5b-62cf0bd5d65e/nomination-district/104479ca-1231-4143-bb61-baebfdee8799/polling-district/5894f25e-c5dc-4698-9df9-10d155815adc
Roskildekredsen,https://valg.dk/fv/987875fe-0dae-42ac-be5b-62cf0bd5d65e/nomination-district/104479ca-1231-4143-bb61-baebfdee8799,Roskilde Bymidte,https://valg.dk/fv/987875fe-0dae-42ac-be5b-62cf0bd5d65e/nomination-district/104479ca-1231-4143-bb61-baebfdee8799/polling-district/6455cce7-1454-428d-beef-e2f9af5a67d1
Roskildekredsen,https://valg.dk/fv/987875fe-0dae-42ac-be5b-62cf0bd5d65e/nomination-district/104479ca-1231-4143-bb61-baebfdee8799,Sankt Jørgen,https://valg.dk/fv/987875fe-0dae-42ac-be5b-62cf0bd5d65e/nomination-district/104479ca-1231-4143-bb61-baebfdee8799/polling-district/60a82f92-1032-4c33-a680-3685ae26eb47
Roskildekredsen,https://valg.dk/fv/987875fe-0dae-42ac-be5b-62cf0bd5d65e/nomination-district/104479ca-1231-4143-bb61-baebfdee8799,Snoldelev,https://valg.dk/fv/987875fe-0dae-42ac-be5b-62cf0bd5d65e/nomination-district/104479ca-1231-4143-bb61-baebfdee8799/polling-district/d7174e9d-02be-445f-a88c-71b016794cbb
Roskildekredsen,https://valg.dk/fv/987875fe-0dae-42ac-be5b-62cf0bd5d65e/nomination-district/104479ca-1231-4143-bb61-baebfdee8799,Svogerslev,https://valg.dk/fv/987875fe-0dae-42ac-be5b-62cf0bd5d65e/nomination-district/104479ca-1231-4143-bb61-baebfdee8799/polling-district/b4937384-37a6-42e1-b7b4-17fbd0a7b007
Roskildekredsen,https://valg.dk/fv/987875fe-0dae-42ac-be5b-62cf0bd5d65e/nomination-district/104479ca-1231-4143-bb61-baebfdee8799,Tjørnegård,https://valg.dk/fv/987875fe-0dae-42ac-be5b-62cf0bd5d65e/nomination-district/104479ca-1231-4143-bb61-baebfdee8799/polling-district/5e6cc197-b1d3-49b1-8eb0-430faa00515c
Roskildekredsen,https://valg.dk/fv/987875fe-0dae-42ac-be5b-62cf0bd5d65e/nomination-district/104479ca-1231-4143-bb61-baebfdee8799,Trekroner,https://valg.dk/fv/987875fe-0dae-42ac-be5b-62cf0bd5d65e/nomination-district/104479ca-1231-4143-bb61-baebfdee8799/polling-district/f29fcdcd-d2fe-4c7c-9b3f-12d926307d29
Roskildekredsen,https://valg.dk/fv/987875fe-0dae-42ac-be5b-62cf0bd5d65e/nomination-district/104479ca-1231-4143-bb61-baebfdee8799,Viby,https://valg.dk/fv/987875fe-0dae-42ac-be5b-62cf0bd5d65e/nomination-district/104479ca-1231-4143-bb61-baebfdee8799/polling-district/cc7c1aa2-2980-44f7-967a-ac8d43cb7690
Roskildekredsen,https://valg.dk/fv/987875fe-0dae-42ac-be5b-62cf0bd5d65e/nomination-district/104479ca-1231-4143-bb61-baebfdee8799,Vindinge,https://valg.dk/fv/987875fe-0dae-42ac-be5b-62cf0bd5d65e/nomination-district/104479ca-1231-4143-bb61-baebfdee8799/polling-district/67f174aa-e645-4759-8b44-4c4d63f59d11
Roskildekredsen,https://valg.dk/fv/987875fe-0dae-42ac-be5b-62cf0bd5d65e/nomination-district/104479ca-1231-4143-bb61-baebfdee8799,Vor Frue,https://valg.dk/fv/987875fe-0dae-42ac-be5b-62cf0bd5d65e/nomination-district/104479ca-1231-4143-bb61-baebfdee8799/polling-district/9212874c-701f-46dd-b4aa-a8bc28212ce4
Roskildekredsen,https://valg.dk/fv/987875fe-0dae-42ac-be5b-62cf0bd5d65e/nomination-district/104479ca-1231-4143-bb61-baebfdee8799,Østervang,https://valg.dk/fv/987875fe-0dae-42ac-be5b-62cf0bd5d65e/nomination-district/104479ca-1231-4143-bb61-baebfdee8799/polling-district/db70328c-f553-4523-a720-5a0d3fbee230
Rudersdalkredsen,https://valg.dk/fv/987875fe-0dae-42ac-be5b-62cf0bd5d65e/nomination-district/2f37950a-e9b3-4db6-beb6-0991886b186b,Birkerød,https://valg.dk/fv/987875fe-0dae-42ac-be5b-62cf0bd5d65e/nomination-district/2f37950a-e9b3-4db6-beb6-0991886b186b/polling-district/ff7b57c8-0964-49a3-b9d4-a8fc439332ba
Rudersdalkredsen,https://valg.dk/fv/987875fe-0dae-42ac-be5b-62cf0bd5d65e/nomination-district/2f37950a-e9b3-4db6-beb6-0991886b186b,Blovstrød,https://valg.dk/fv/987875fe-0dae-42ac-be5b-62cf0bd5d65e/nomination-district/2f37950a-e9b3-4db6-beb6-0991886b186b/polling-district/a327b93c-6480-4084-819f-8807b32dd80b
Rudersdalkredsen,https://valg.dk/fv/987875fe-0dae-42ac-be5b-62cf0bd5d65e/nomination-district/2f37950a-e9b3-4db6-beb6-0991886b186b,Grünersvej,https://valg.dk/fv/987875fe-0dae-42ac-be5b-62cf0bd5d65e/nomination-district/2f37950a-e9b3-4db6-beb6-0991886b186b/polling-district/e8e31f2b-ed20-41a2-881b-09c33cd244b7
Rudersdalkredsen,https://valg.dk/fv/987875fe-0dae-42ac-be5b-62cf0bd5d65e/nomination-district/2f37950a-e9b3-4db6-beb6-0991886b186b,Lillerød,https://valg.dk/fv/987875fe-0dae-42ac-be5b-62cf0bd5d65e/nomination-district/2f37950a-e9b3-4db6-beb6-0991886b186b/polling-district/b671d77d-a3b8-429a-976b-b1f488b21dba
Rudersdalkredsen,https://valg.dk/fv/987875fe-0dae-42ac-be5b-62cf0bd5d65e/nomination-district/2f37950a-e9b3-4db6-beb6-0991886b186b,Lynge,https://valg.dk/fv/987875fe-0dae-42ac-be5b-62cf0bd5d65e/nomination-district/2f37950a-e9b3-4db6-beb6-0991886b186b/polling-district/690b7a22-0432-4713-a04c-c5e54d3ecc39
Rudersdalkredsen,https://valg.dk/fv/987875fe-0dae-42ac-be5b-62cf0bd5d65e/nomination-district/2f37950a-e9b3-4db6-beb6-0991886b186b,Nærum,https://valg.dk/fv/987875fe-0dae-42ac-be5b-62cf0bd5d65e/nomination-district/2f37950a-e9b3-4db6-beb6-0991886b186b/polling-district/c90589e4-9938-4392-ab91-a9d96811ad11
Rudersdalkredsen,https://valg.dk/fv/987875fe-0dae-42ac-be5b-62cf0bd5d65e/nomination-district/2f37950a-e9b3-4db6-beb6-0991886b186b,Ravnsholt,https://valg.dk/fv/987875fe-0dae-42ac-be5b-62cf0bd5d65e/nomination-district/2f37950a-e9b3-4db6-beb6-0991886b186b/polling-district/4f057cd2-ced3-4b10-af63-62d3ab5cb6b6
Rudersdalkredsen,https://valg.dk/fv/987875fe-0dae-42ac-be5b-62cf0bd5d65e/nomination-district/2f37950a-e9b3-4db6-beb6-0991886b186b,Sjælsø,https://valg.dk/fv/987875fe-0dae-42ac-be5b-62cf0bd5d65e/nomination-district/2f37950a-e9b3-4db6-beb6-0991886b186b/polling-district/2ca5b9e6-657c-4196-b34d-ff4155cd0cd3
Rudersdalkredsen,https://valg.dk/fv/987875fe-0dae-42ac-be5b-62cf0bd5d65e/nomination-district/2f37950a-e9b3-4db6-beb6-0991886b186b,Skovly,https://valg.dk/fv/987875fe-0dae-42ac-be5b-62cf0bd5d65e/nomination-district/2f37950a-e9b3-4db6-beb6-0991886b186b/polling-district/7dc5375e-26af-44a5-8295-d491e3caf1fe
Rudersdalkredsen,https://valg.dk/fv/987875fe-0dae-42ac-be5b-62cf0bd5d65e/nomination-district/2f37950a-e9b3-4db6-beb6-0991886b186b,Skovvang,https://valg.dk/fv/987875fe-0dae-42ac-be5b-62cf0bd5d65e/nomination-district/2f37950a-e9b3-4db6-beb6-0991886b186b/polling-district/63be5b7f-c8ad-4dd5-b690-6fd02746f45a
Rudersdalkredsen,https://valg.dk/fv/987875fe-0dae-42ac-be5b-62cf0bd5d65e/nomination-district/2f37950a-e9b3-4db6-beb6-0991886b186b,Toftevang,https://valg.dk/fv/987875fe-0dae-42ac-be5b-62cf0bd5d65e/nomination-district/2f37950a-e9b3-4db6-beb6-0991886b186b/polling-district/3af8e1e3-b1f1-4a1b-a922-99c9c5c83448
Rudersdalkredsen,https://valg.dk/fv/987875fe-0dae-42ac-be5b-62cf0bd5d65e/nomination-district/2f37950a-e9b3-4db6-beb6-0991886b186b,Trørød,https://valg.dk/fv/987875fe-0dae-42ac-be5b-62cf0bd5d65e/nomination-district/2f37950a-e9b3-4db6-beb6-0991886b186b/polling-district/246a94d9-dac9-442e-a4d5-23cb18f57503
Rudersdalkredsen,https://valg.dk/fv/987875fe-0dae-42ac-be5b-62cf0bd5d65e/nomination-district/2f37950a-e9b3-4db6-beb6-0991886b186b,Vangebo,https://valg.dk/fv/987875fe-0dae-42ac-be5b-62cf0bd5d65e/nomination-district/2f37950a-e9b3-4db6-beb6-0991886b186b/polling-district/bc81ae5f-d23b-4e10-9907-be498e8f563b
Rudersdalkredsen,https://valg.dk/fv/987875fe-0dae-42ac-be5b-62cf0bd5d65e/nomination-district/2f37950a-e9b3-4db6-beb6-0991886b186b,Vedbæk,https://valg.dk/fv/987875fe-0dae-42ac-be5b-62cf0bd5d65e/nomination-district/2f37950a-e9b3-4db6-beb6-0991886b186b/polling-district/1b168ecf-2190-47fc-ac9f-bc4ef5aaddc7
Rødovrekredsen,https://valg.dk/fv/987875fe-0dae-42ac-be5b-62cf0bd5d65e/nomination-district/e0f5c4b0-2005-4185-a45e-ab802d9882f8,Herlev Hallerne,https://valg.dk/fv/987875fe-0dae-42ac-be5b-62cf0bd5d65e/nomination-district/e0f5c4b0-2005-4185-a45e-ab802d9882f8/polling-district/75bfcd5c-0837-42f7-9229-71c024e4b9bf
Rødovrekredsen,https://valg.dk/fv/987875fe-0dae-42ac-be5b-62cf0bd5d65e/nomination-district/e0f5c4b0-2005-4185-a45e-ab802d9882f8,Herlev Medborgerhus,https://valg.dk/fv/987875fe-0dae-42ac-be5b-62cf0bd5d65e/nomination-district/e0f5c4b0-2005-4185-a45e-ab802d9882f8/polling-district/89ba0597-2d33-4a39-b65e-87fd05784811
Rødovrekredsen,https://valg.dk/fv/987875fe-0dae-42ac-be5b-62cf0bd5d65e/nomination-district/e0f5c4b0-2005-4185-a45e-ab802d9882f8,Islev,https://valg.dk/fv/987875fe-0dae-42ac-be5b-62cf0bd5d65e/nomination-district/e0f5c4b0-2005-4185-a45e-ab802d9882f8/polling-district/b1715b0c-b91c-4f24-b81f-4129c79a558d
Rødovrekredsen,https://valg.dk/fv/987875fe-0dae-42ac-be5b-62cf0bd5d65e/nomination-district/e0f5c4b0-2005-4185-a45e-ab802d9882f8,Kildegårdhallen,https://valg.dk/fv/987875fe-0dae-42ac-be5b-62cf0bd5d65e/nomination-district/e0f5c4b0-2005-4185-a45e-ab802d9882f8/polling-district/87e02d1e-c888-41e1-9312-105c9c1bc4a0
Rødovrekredsen,https://valg.dk/fv/987875fe-0dae-42ac-be5b-62cf0bd5d65e/nomination-district/e0f5c4b0-2005-4185-a45e-ab802d9882f8,Milestedet,https://valg.dk/fv/987875fe-0dae-42ac-be5b-62cf0bd5d65e/nomination-district/e0f5c4b0-2005-4185-a45e-ab802d9882f8/polling-district/e9638199-97cb-4b88-9c5a-eed3a662fdb6
Rødovrekredsen,https://valg.dk/fv/987875fe-0dae-42ac-be5b-62cf0bd5d65e/nomination-district/e0f5c4b0-2005-4185-a45e-ab802d9882f8,Rødovre,https://valg.dk/fv/987875fe-0dae-42ac-be5b-62cf0bd5d65e/nomination-district/e0f5c4b0-2005-4185-a45e-ab802d9882f8/polling-district/c47db005-f30f-477d-9fff-74a33a4d122e
Rødovrekredsen,https://valg.dk/fv/987875fe-0dae-42ac-be5b-62cf0bd5d65e/nomination-district/e0f5c4b0-2005-4185-a45e-ab802d9882f8,Rødovrehallen,https://valg.dk/fv/987875fe-0dae-42ac-be5b-62cf0bd5d65e/nomination-district/e0f5c4b0-2005-4185-a45e-ab802d9882f8/polling-district/0e449a0c-343c-4f5e-9b24-b4aecbf9e483
Rødovrekredsen,https://valg.dk/fv/987875fe-0dae-42ac-be5b-62cf0bd5d65e/nomination-district/e0f5c4b0-2005-4185-a45e-ab802d9882f8,Tinderhøj,https://valg.dk/fv/987875fe-0dae-42ac-be5b-62cf0bd5d65e/nomination-district/e0f5c4b0-2005-4185-a45e-ab802d9882f8/polling-district/52be74e1-6714-4aa3-8706-169e28883608
Rødovrekredsen,https://valg.dk/fv/987875fe-0dae-42ac-be5b-62cf0bd5d65e/nomination-district/e0f5c4b0-2005-4185-a45e-ab802d9882f8,Valhøj,https://valg.dk/fv/987875fe-0dae-42ac-be5b-62cf0bd5d65e/nomination-district/e0f5c4b0-2005-4185-a45e-ab802d9882f8/polling-district/5e874e5e-3296-4909-88cd-c7c9fe4cc7d4
Rødovrekredsen,https://valg.dk/fv/987875fe-0dae-42ac-be5b-62cf0bd5d65e/nomination-district/e0f5c4b0-2005-4185-a45e-ab802d9882f8,Ørbygård,https://valg.dk/fv/987875fe-0dae-42ac-be5b-62cf0bd5d65e/nomination-district/e0f5c4b0-2005-4185-a45e-ab802d9882f8/polling-district/d0abecb1-c013-49b9-bcfe-5226225d0d73
Rønnekredsen,https://valg.dk/fv/987875fe-0dae-42ac-be5b-62cf0bd5d65e/nomination-district/aafa5c15-71a6-4701-864c-a31d093ecdf2,Hasle,https://valg.dk/fv/987875fe-0dae-42ac-be5b-62cf0bd5d65e/nomination-district/aafa5c15-71a6-4701-864c-a31d093ecdf2/polling-district/dbd29a9d-e8b1-401d-be8d-9818c312052a
Rønnekredsen,https://valg.dk/fv/987875fe-0dae-42ac-be5b-62cf0bd5d65e/nomination-district/aafa5c15-71a6-4701-864c-a31d093ecdf2,Klemensker,https://valg.dk/fv/987875fe-0dae-42ac-be5b-62cf0bd5d65e/nomination-district/aafa5c15-71a6-4701-864c-a31d093ecdf2/polling-district/ce4cb1b8-795e-42bc-8f34-a7d4fdba8d53
Rønnekredsen,https://valg.dk/fv/987875fe-0dae-42ac-be5b-62cf0bd5d65e/nomination-district/aafa5c15-71a6-4701-864c-a31d093ecdf2,Rønne,https://valg.dk/fv/987875fe-0dae-42ac-be5b-62cf0bd5d65e/nomination-district/aafa5c15-71a6-4701-864c-a31d093ecdf2/polling-district/94dff7d9-88ea-4e37-8ecb-4e9ace9218cb
Silkeborg Nordkredsen,https://valg.dk/fv/987875fe-0dae-42ac-be5b-62cf0bd5d65e/nomination-district/33e3ead3-18c6-4685-a4cf-cf0536b39825,Ans,https://valg.dk/fv/987875fe-0dae-42ac-be5b-62cf0bd5d65e/nomination-district/33e3ead3-18c6-4685-a4cf-cf0536b39825/polling-district/159bc352-d424-46a6-928f-ce641ddc21b5
Silkeborg Nordkredsen,https://valg.dk/fv/987875fe-0dae-42ac-be5b-62cf0bd5d65e/nomination-district/33e3ead3-18c6-4685-a4cf-cf0536b39825,Funder,https://valg.dk/fv/987875fe-0dae-42ac-be5b-62cf0bd5d65e/nomination-district/33e3ead3-18c6-4685-a4cf-cf0536b39825/polling-district/e55dd53f-7cfb-42eb-bb95-420e66a6388a
Silkeborg Nordkredsen,https://valg.dk/fv/987875fe-0dae-42ac-be5b-62cf0bd5d65e/nomination-district/33e3ead3-18c6-4685-a4cf-cf0536b39825,Fårvang,https://valg.dk/fv/987875fe-0dae-42ac-be5b-62cf0bd5d65e/nomination-district/33e3ead3-18c6-4685-a4cf-cf0536b39825/polling-district/8b796716-3181-464b-9770-93dc07117f0b
Silkeborg Nordkredsen,https://valg.dk/fv/987875fe-0dae-42ac-be5b-62cf0bd5d65e/nomination-district/33e3ead3-18c6-4685-a4cf-cf0536b39825,Gjern,https://valg.dk/fv/987875fe-0dae-42ac-be5b-62cf0bd5d65e/nomination-district/33e3ead3-18c6-4685-a4cf-cf0536b39825/polling-district/0840d1d1-d6fc-4bce-8b4d-cb5974be811f
Silkeborg Nordkredsen,https://valg.dk/fv/987875fe-0dae-42ac-be5b-62cf0bd5d65e/nomination-district/33e3ead3-18c6-4685-a4cf-cf0536b39825,Grauballe,https://valg.dk/fv/987875fe-0dae-42ac-be5b-62cf0bd5d65e/nomination-district/33e3ead3-18c6-4685-a4cf-cf0536b39825/polling-district/84fa69e0-28a3-4665-80ce-a4cc1fdb34a0
Silkeborg Nordkredsen,https://valg.dk/fv/987875fe-0dae-42ac-be5b-62cf0bd5d65e/nomination-district/33e3ead3-18c6-4685-a4cf-cf0536b39825,Gødvad,https://valg.dk/fv/987875fe-0dae-42ac-be5b-62cf0bd5d65e/nomination-district/33e3ead3-18c6-4685-a4cf-cf0536b39825/polling-district/624d4660-7586-46c7-a5d7-05363570c986
Silkeborg Nordkredsen,https://valg.dk/fv/987875fe-0dae-42ac-be5b-62cf0bd5d65e/nomination-district/33e3ead3-18c6-4685-a4cf-cf0536b39825,Kjellerup,https://valg.dk/fv/987875fe-0dae-42ac-be5b-62cf0bd5d65e/nomination-district/33e3ead3-18c6-4685-a4cf-cf0536b39825/polling-district/3abef7ff-1bb0-4fab-b869-65708421903a
Silkeborg Nordkredsen,https://valg.dk/fv/987875fe-0dae-42ac-be5b-62cf0bd5d65e/nomination-district/33e3ead3-18c6-4685-a4cf-cf0536b39825,Kragelund,https://valg.dk/fv/987875fe-0dae-42ac-be5b-62cf0bd5d65e/nomination-district/33e3ead3-18c6-4685-a4cf-cf0536b39825/polling-district/64a5bade-883d-4e1c-9697-361697e138a5
Silkeborg Nordkredsen,https://valg.dk/fv/987875fe-0dae-42ac-be5b-62cf0bd5d65e/nomination-district/33e3ead3-18c6-4685-a4cf-cf0536b39825,Lemming,https://valg.dk/fv/987875fe-0dae-42ac-be5b-62cf0bd5d65e/nomination-district/33e3ead3-18c6-4685-a4cf-cf0536b39825/polling-district/01cceb9a-a711-437e-837c-e445328a46df
Silkeborg Nordkredsen,https://valg.dk/fv/987875fe-0dae-42ac-be5b-62cf0bd5d65e/nomination-district/33e3ead3-18c6-4685-a4cf-cf0536b39825,Linå,https://valg.dk/fv/987875fe-0dae-42ac-be5b-62cf0bd5d65e/nomination-district/33e3ead3-18c6-4685-a4cf-cf0536b39825/polling-district/e2a7e17b-240e-4c41-a74f-ef2a666e7ad5
Silkeborg Nordkredsen,https://valg.dk/fv/987875fe-0dae-42ac-be5b-62cf0bd5d65e/nomination-district/33e3ead3-18c6-4685-a4cf-cf0536b39825,Resenbro,https://valg.dk/fv/987875fe-0dae-42ac-be5b-62cf0bd5d65e/nomination-district/33e3ead3-18c6-4685-a4cf-cf0536b39825/polling-district/aa8ce365-7af4-4ad9-9492-06043bfeecfd
Silkeborg Nordkredsen,https://valg.dk/fv/987875fe-0dae-42ac-be5b-62cf0bd5d65e/nomination-district/33e3ead3-18c6-4685-a4cf-cf0536b39825,Sejling,https://valg.dk/fv/987875fe-0dae-42ac-be5b-62cf0bd5d65e/nomination-district/33e3ead3-18c6-4685-a4cf-cf0536b39825/polling-district/02c9f254-65f2-4773-9ba5-5e5e7fe3faca
Silkeborg Nordkredsen,https://valg.dk/fv/987875fe-0dae-42ac-be5b-62cf0bd5d65e/nomination-district/33e3ead3-18c6-4685-a4cf-cf0536b39825,Sejs,https://valg.dk/fv/987875fe-0dae-42ac-be5b-62cf0bd5d65e/nomination-district/33e3ead3-18c6-4685-a4cf-cf0536b39825/polling-district/262825f5-83c3-46db-bc72-7e796e0f615f
Silkeborg Nordkredsen,https://valg.dk/fv/987875fe-0dae-42ac-be5b-62cf0bd5d65e/nomination-district/33e3ead3-18c6-4685-a4cf-cf0536b39825,Sjørslev,https://valg.dk/fv/987875fe-0dae-42ac-be5b-62cf0bd5d65e/nomination-district/33e3ead3-18c6-4685-a4cf-cf0536b39825/polling-district/e39142b2-0b31-4a32-aa6b-5387659c6840
Silkeborg Nordkredsen,https://valg.dk/fv/987875fe-0dae-42ac-be5b-62cf0bd5d65e/nomination-district/33e3ead3-18c6-4685-a4cf-cf0536b39825,Sorring,https://valg.dk/fv/987875fe-0dae-42ac-be5b-62cf0bd5d65e/nomination-district/33e3ead3-18c6-4685-a4cf-cf0536b39825/polling-district/62ef324f-f8e7-441e-92fe-873243b1d315
Silkeborg Nordkredsen,https://valg.dk/fv/987875fe-0dae-42ac-be5b-62cf0bd5d65e/nomination-district/33e3ead3-18c6-4685-a4cf-cf0536b39825,Thorning,https://valg.dk/fv/987875fe-0dae-42ac-be5b-62cf0bd5d65e/nomination-district/33e3ead3-18c6-4685-a4cf-cf0536b39825/polling-district/2dcdc02d-985f-4c4f-9ea4-03b5a7c30119
Silkeborg Nordkredsen,https://valg.dk/fv/987875fe-0dae-42ac-be5b-62cf0bd5d65e/nomination-district/33e3ead3-18c6-4685-a4cf-cf0536b39825,Vinderslev,https://valg.dk/fv/987875fe-0dae-42ac-be5b-62cf0bd5d65e/nomination-district/33e3ead3-18c6-4685-a4cf-cf0536b39825/polling-district/fa2fef02-f131-4cfe-9c4e-3692aa162c6b
Silkeborg Nordkredsen,https://valg.dk/fv/987875fe-0dae-42ac-be5b-62cf0bd5d65e/nomination-district/33e3ead3-18c6-4685-a4cf-cf0536b39825,Voel,https://valg.dk/fv/987875fe-0dae-42ac-be5b-62cf0bd5d65e/nomination-district/33e3ead3-18c6-4685-a4cf-cf0536b39825/polling-district/44e15fc3-43c6-4c95-93a1-1fe816cde959
Silkeborg Sydkredsen,https://valg.dk/fv/987875fe-0dae-42ac-be5b-62cf0bd5d65e/nomination-district/2d0e38ed-55c0-46a7-be67-5783f52d9d19,Alderslyst,https://valg.dk/fv/987875fe-0dae-42ac-be5b-62cf0bd5d65e/nomination-district/2d0e38ed-55c0-46a7-be67-5783f52d9d19/polling-district/c3bfd2a4-54b4-4259-934f-1c2e6ae18727
Silkeborg Sydkredsen,https://valg.dk/fv/987875fe-0dae-42ac-be5b-62cf0bd5d65e/nomination-district/2d0e38ed-55c0-46a7-be67-5783f52d9d19,Balle,https://valg.dk/fv/987875fe-0dae-42ac-be5b-62cf0bd5d65e/nomination-district/2d0e38ed-55c0-46a7-be67-5783f52d9d19/polling-district/c0c45c43-562a-4a91-98ad-5b70f0d79489
Silkeborg Sydkredsen,https://valg.dk/fv/987875fe-0dae-42ac-be5b-62cf0bd5d65e/nomination-district/2d0e38ed-55c0-46a7-be67-5783f52d9d19,Bryrup,https://valg.dk/fv/987875fe-0dae-42ac-be5b-62cf0bd5d65e/nomination-district/2d0e38ed-55c0-46a7-be67-5783f52d9d19/polling-district/dd9d5867-fcef-4b06-ac63-30d4bc0d6714
Silkeborg Sydkredsen,https://valg.dk/fv/987875fe-0dae-42ac-be5b-62cf0bd5d65e/nomination-district/2d0e38ed-55c0-46a7-be67-5783f52d9d19,Buskelund,https://valg.dk/fv/987875fe-0dae-42ac-be5b-62cf0bd5d65e/nomination-district/2d0e38ed-55c0-46a7-be67-5783f52d9d19/polling-district/81cc4fd3-e05e-4deb-88ab-d58c8e6aa0ce
Silkeborg Sydkredsen,https://valg.dk/fv/987875fe-0dae-42ac-be5b-62cf0bd5d65e/nomination-district/2d0e38ed-55c0-46a7-be67-5783f52d9d19,Gjessø,https://valg.dk/fv/987875fe-0dae-42ac-be5b-62cf0bd5d65e/nomination-district/2d0e38ed-55c0-46a7-be67-5783f52d9d19/polling-district/449ded96-5505-484e-bd7a-2cd124cbc04b
Silkeborg Sydkredsen,https://valg.dk/fv/987875fe-0dae-42ac-be5b-62cf0bd5d65e/nomination-district/2d0e38ed-55c0-46a7-be67-5783f52d9d19,Hjøllund,https://valg.dk/fv/987875fe-0dae-42ac-be5b-62cf0bd5d65e/nomination-district/2d0e38ed-55c0-46a7-be67-5783f52d9d19/polling-district/b3f2a4c4-5190-4a9e-a77a-f3a6daeb563f
Silkeborg Sydkredsen,https://valg.dk/fv/987875fe-0dae-42ac-be5b-62cf0bd5d65e/nomination-district/2d0e38ed-55c0-46a7-be67-5783f52d9d19,Jysk Arena,https://valg.dk/fv/987875fe-0dae-42ac-be5b-62cf0bd5d65e/nomination-district/2d0e38ed-55c0-46a7-be67-5783f52d9d19/polling-district/6ba28e60-8983-4fb1-980b-9a471ff7b830
Silkeborg Sydkredsen,https://valg.dk/fv/987875fe-0dae-42ac-be5b-62cf0bd5d65e/nomination-district/2d0e38ed-55c0-46a7-be67-5783f52d9d19,Langsøskolen,https://valg.dk/fv/987875fe-0dae-42ac-be5b-62cf0bd5d65e/nomination-district/2d0e38ed-55c0-46a7-be67-5783f52d9d19/polling-district/0c4e7512-1f93-4bd3-b378-83d5fd129fa9
Silkeborg Sydkredsen,https://valg.dk/fv/987875fe-0dae-42ac-be5b-62cf0bd5d65e/nomination-district/2d0e38ed-55c0-46a7-be67-5783f52d9d19,Lysbro,https://valg.dk/fv/987875fe-0dae-42ac-be5b-62cf0bd5d65e/nomination-district/2d0e38ed-55c0-46a7-be67-5783f52d9d19/polling-district/9ce8ce22-899c-4f3f-ad09-bd90b1199e91
Silkeborg Sydkredsen,https://valg.dk/fv/987875fe-0dae-42ac-be5b-62cf0bd5d65e/nomination-district/2d0e38ed-55c0-46a7-be67-5783f52d9d19,Them,https://valg.dk/fv/987875fe-0dae-42ac-be5b-62cf0bd5d65e/nomination-district/2d0e38ed-55c0-46a7-be67-5783f52d9d19/polling-district/32dbc008-eb51-4f3b-ae41-d7a83450e635
Silkeborg Sydkredsen,https://valg.dk/fv/987875fe-0dae-42ac-be5b-62cf0bd5d65e/nomination-district/2d0e38ed-55c0-46a7-be67-5783f52d9d19,Vestergadehallen,https://valg.dk/fv/987875fe-0dae-42ac-be5b-62cf0bd5d65e/nomination-district/2d0e38ed-55c0-46a7-be67-5783f52d9d19/polling-district/6510e567-5708-499a-a6f5-633d0c4e7999
Silkeborg Sydkredsen,https://valg.dk/fv/987875fe-0dae-42ac-be5b-62cf0bd5d65e/nomination-district/2d0e38ed-55c0-46a7-be67-5783f52d9d19,Virklund,https://valg.dk/fv/987875fe-0dae-42ac-be5b-62cf0bd5d65e/nomination-district/2d0e38ed-55c0-46a7-be67-5783f52d9d19/polling-district/f6b460b9-4e4c-47ba-a66b-d335ca2a13f3
Skanderborgkredsen,https://valg.dk/fv/987875fe-0dae-42ac-be5b-62cf0bd5d65e/nomination-district/ef6dbcda-0dec-4b30-b3fe-b27d94ac4bac,Alrø,https://valg.dk/fv/987875fe-0dae-42ac-be5b-62cf0bd5d65e/nomination-district/ef6dbcda-0dec-4b30-b3fe-b27d94ac4bac/polling-district/a0bfda6d-56df-4638-81f0-1ed47e478202
Skanderborgkredsen,https://valg.dk/fv/987875fe-0dae-42ac-be5b-62cf0bd5d65e/nomination-district/ef6dbcda-0dec-4b30-b3fe-b27d94ac4bac,Ejer Bavnehøj,https://valg.dk/fv/987875fe-0dae-42ac-be5b-62cf0bd5d65e/nomination-district/ef6dbcda-0dec-4b30-b3fe-b27d94ac4bac/polling-district/4d9796f1-45ef-4a1b-9562-aa3841c9e747
Skanderborgkredsen,https://valg.dk/fv/987875fe-0dae-42ac-be5b-62cf0bd5d65e/nomination-district/ef6dbcda-0dec-4b30-b3fe-b27d94ac4bac,Galten,https://valg.dk/fv/987875fe-0dae-42ac-be5b-62cf0bd5d65e/nomination-district/ef6dbcda-0dec-4b30-b3fe-b27d94ac4bac/polling-district/514befa0-204c-407c-a54d-fb6c2fab9815
Skanderborgkredsen,https://valg.dk/fv/987875fe-0dae-42ac-be5b-62cf0bd5d65e/nomination-district/ef6dbcda-0dec-4b30-b3fe-b27d94ac4bac,Gl. Rye,https://valg.dk/fv/987875fe-0dae-42ac-be5b-62cf0bd5d65e/nomination-district/ef6dbcda-0dec-4b30-b3fe-b27d94ac4bac/polling-district/0793ca02-4011-4168-a49f-ad484eac9960
Skanderborgkredsen,https://valg.dk/fv/987875fe-0dae-42ac-be5b-62cf0bd5d65e/nomination-district/ef6dbcda-0dec-4b30-b3fe-b27d94ac4bac,Gylling,https://valg.dk/fv/987875fe-0dae-42ac-be5b-62cf0bd5d65e/nomination-district/ef6dbcda-0dec-4b30-b3fe-b27d94ac4bac/polling-district/5c1530ef-b73f-409a-ac8d-b41af60ae4b2
Skanderborgkredsen,https://valg.dk/fv/987875fe-0dae-42ac-be5b-62cf0bd5d65e/nomination-district/ef6dbcda-0dec-4b30-b3fe-b27d94ac4bac,"Hou, Gosmer - Halling",https://valg.dk/fv/987875fe-0dae-42ac-be5b-62cf0bd5d65e/nomination-district/ef6dbcda-0dec-4b30-b3fe-b27d94ac4bac/polling-district/f1b71e03-ab0a-4191-9858-9d61add75c4c
Skanderborgkredsen,https://valg.dk/fv/987875fe-0dae-42ac-be5b-62cf0bd5d65e/nomination-district/ef6dbcda-0dec-4b30-b3fe-b27d94ac4bac,Hundslund,https://valg.dk/fv/987875fe-0dae-42ac-be5b-62cf0bd5d65e/nomination-district/ef6dbcda-0dec-4b30-b3fe-b27d94ac4bac/polling-district/41915665-7131-4177-8adc-b1012d4d31f6
Skanderborgkredsen,https://valg.dk/fv/987875fe-0dae-42ac-be5b-62cf0bd5d65e/nomination-district/ef6dbcda-0dec-4b30-b3fe-b27d94ac4bac,Hørning,https://valg.dk/fv/987875fe-0dae-42ac-be5b-62cf0bd5d65e/nomination-district/ef6dbcda-0dec-4b30-b3fe-b27d94ac4bac/polling-district/53d40640-5354-4de4-810e-535c9e88b1c2
Skanderborgkredsen,https://valg.dk/fv/987875fe-0dae-42ac-be5b-62cf0bd5d65e/nomination-district/ef6dbcda-0dec-4b30-b3fe-b27d94ac4bac,Låsby,https://valg.dk/fv/987875fe-0dae-42ac-be5b-62cf0bd5d65e/nomination-district/ef6dbcda-0dec-4b30-b3fe-b27d94ac4bac/polling-district/32daea8d-e614-4663-9aef-5cf3d83d9b6b
Skanderborgkredsen,https://valg.dk/fv/987875fe-0dae-42ac-be5b-62cf0bd5d65e/nomination-district/ef6dbcda-0dec-4b30-b3fe-b27d94ac4bac,Morten Børup,https://valg.dk/fv/987875fe-0dae-42ac-be5b-62cf0bd5d65e/nomination-district/ef6dbcda-0dec-4b30-b3fe-b27d94ac4bac/polling-district/29e6a0d8-15e9-4d3b-b52d-7706d5bfb83b
Skanderborgkredsen,https://valg.dk/fv/987875fe-0dae-42ac-be5b-62cf0bd5d65e/nomination-district/ef6dbcda-0dec-4b30-b3fe-b27d94ac4bac,Niels Ebbesen,https://valg.dk/fv/987875fe-0dae-42ac-be5b-62cf0bd5d65e/nomination-district/ef6dbcda-0dec-4b30-b3fe-b27d94ac4bac/polling-district/a7665f04-9f4a-4300-8e2e-1e8127839e7f
Skanderborgkredsen,https://valg.dk/fv/987875fe-0dae-42ac-be5b-62cf0bd5d65e/nomination-district/ef6dbcda-0dec-4b30-b3fe-b27d94ac4bac,Nordby,https://valg.dk/fv/987875fe-0dae-42ac-be5b-62cf0bd5d65e/nomination-district/ef6dbcda-0dec-4b30-b3fe-b27d94ac4bac/polling-district/303ee581-92e8-4b93-94d4-8a9ee2f2af47
Skanderborgkredsen,https://valg.dk/fv/987875fe-0dae-42ac-be5b-62cf0bd5d65e/nomination-district/ef6dbcda-0dec-4b30-b3fe-b27d94ac4bac,Odder,https://valg.dk/fv/987875fe-0dae-42ac-be5b-62cf0bd5d65e/nomination-district/ef6dbcda-0dec-4b30-b3fe-b27d94ac4bac/polling-district/1ae88db7-5d68-4407-8134-b6e1d29e1224
Skanderborgkredsen,https://valg.dk/fv/987875fe-0dae-42ac-be5b-62cf0bd5d65e/nomination-district/ef6dbcda-0dec-4b30-b3fe-b27d94ac4bac,Randlev - Bjerager,https://valg.dk/fv/987875fe-0dae-42ac-be5b-62cf0bd5d65e/nomination-district/ef6dbcda-0dec-4b30-b3fe-b27d94ac4bac/polling-district/d4443e00-53b6-46c7-8f7a-649e6c55650a
Skanderborgkredsen,https://valg.dk/fv/987875fe-0dae-42ac-be5b-62cf0bd5d65e/nomination-district/ef6dbcda-0dec-4b30-b3fe-b27d94ac4bac,Ry,https://valg.dk/fv/987875fe-0dae-42ac-be5b-62cf0bd5d65e/nomination-district/ef6dbcda-0dec-4b30-b3fe-b27d94ac4bac/polling-district/a3b48e88-067c-4ae0-ad95-fc62d602b9b9
Skanderborgkredsen,https://valg.dk/fv/987875fe-0dae-42ac-be5b-62cf0bd5d65e/nomination-district/ef6dbcda-0dec-4b30-b3fe-b27d94ac4bac,Saksild - Nølev,https://valg.dk/fv/987875fe-0dae-42ac-be5b-62cf0bd5d65e/nomination-district/ef6dbcda-0dec-4b30-b3fe-b27d94ac4bac/polling-district/2adac79c-fe84-4e96-a6ea-42d6d8d398a2
Skanderborgkredsen,https://valg.dk/fv/987875fe-0dae-42ac-be5b-62cf0bd5d65e/nomination-district/ef6dbcda-0dec-4b30-b3fe-b27d94ac4bac,Skovby,https://valg.dk/fv/987875fe-0dae-42ac-be5b-62cf0bd5d65e/nomination-district/ef6dbcda-0dec-4b30-b3fe-b27d94ac4bac/polling-district/fb0e6c4c-c711-45cb-929a-c0b636b8bb2a
Skanderborgkredsen,https://valg.dk/fv/987875fe-0dae-42ac-be5b-62cf0bd5d65e/nomination-district/ef6dbcda-0dec-4b30-b3fe-b27d94ac4bac,Stilling,https://valg.dk/fv/987875fe-0dae-42ac-be5b-62cf0bd5d65e/nomination-district/ef6dbcda-0dec-4b30-b3fe-b27d94ac4bac/polling-district/bef2d6b2-60be-4fb4-bf2a-b849aeead8da
Skanderborgkredsen,https://valg.dk/fv/987875fe-0dae-42ac-be5b-62cf0bd5d65e/nomination-district/ef6dbcda-0dec-4b30-b3fe-b27d94ac4bac,Stjær,https://valg.dk/fv/987875fe-0dae-42ac-be5b-62cf0bd5d65e/nomination-district/ef6dbcda-0dec-4b30-b3fe-b27d94ac4bac/polling-district/4a02aa3d-3d8d-4821-9d54-5bdaa835f35d
Skanderborgkredsen,https://valg.dk/fv/987875fe-0dae-42ac-be5b-62cf0bd5d65e/nomination-district/ef6dbcda-0dec-4b30-b3fe-b27d94ac4bac,Torrild,https://valg.dk/fv/987875fe-0dae-42ac-be5b-62cf0bd5d65e/nomination-district/ef6dbcda-0dec-4b30-b3fe-b27d94ac4bac/polling-district/64796a08-8220-4d39-ab5b-b5675a455a61
Skanderborgkredsen,https://valg.dk/fv/987875fe-0dae-42ac-be5b-62cf0bd5d65e/nomination-district/ef6dbcda-0dec-4b30-b3fe-b27d94ac4bac,Tranebjerg,https://valg.dk/fv/987875fe-0dae-42ac-be5b-62cf0bd5d65e/nomination-district/ef6dbcda-0dec-4b30-b3fe-b27d94ac4bac/polling-district/e0e87327-5be9-414b-8acc-69bf47cf8b2a
Skanderborgkredsen,https://valg.dk/fv/987875fe-0dae-42ac-be5b-62cf0bd5d65e/nomination-district/ef6dbcda-0dec-4b30-b3fe-b27d94ac4bac,Tunø,https://valg.dk/fv/987875fe-0dae-42ac-be5b-62cf0bd5d65e/nomination-district/ef6dbcda-0dec-4b30-b3fe-b27d94ac4bac/polling-district/16e0453f-6b23-4332-9f42-721349d22061
Skanderborgkredsen,https://valg.dk/fv/987875fe-0dae-42ac-be5b-62cf0bd5d65e/nomination-district/ef6dbcda-0dec-4b30-b3fe-b27d94ac4bac,Virring,https://valg.dk/fv/987875fe-0dae-42ac-be5b-62cf0bd5d65e/nomination-district/ef6dbcda-0dec-4b30-b3fe-b27d94ac4bac/polling-district/64b0bdba-24e6-49d8-b767-6330ac722db5
Skanderborgkredsen,https://valg.dk/fv/987875fe-0dae-42ac-be5b-62cf0bd5d65e/nomination-district/ef6dbcda-0dec-4b30-b3fe-b27d94ac4bac,Ørting-Falling,https://valg.dk/fv/987875fe-0dae-42ac-be5b-62cf0bd5d65e/nomination-district/ef6dbcda-0dec-4b30-b3fe-b27d94ac4bac/polling-district/71582ad9-41b5-4962-9907-f7881820770a
Skivekredsen,https://valg.dk/fv/987875fe-0dae-42ac-be5b-62cf0bd5d65e/nomination-district/921ee8dc-af2b-4905-be48-ef266a4f624c,Aakjær,https://valg.dk/fv/987875fe-0dae-42ac-be5b-62cf0bd5d65e/nomination-district/921ee8dc-af2b-4905-be48-ef266a4f624c/polling-district/a19a8d8f-8d89-4f23-9b90-d0bab3706d82
Skivekredsen,https://valg.dk/fv/987875fe-0dae-42ac-be5b-62cf0bd5d65e/nomination-district/921ee8dc-af2b-4905-be48-ef266a4f624c,Balling,https://valg.dk/fv/987875fe-0dae-42ac-be5b-62cf0bd5d65e/nomination-district/921ee8dc-af2b-4905-be48-ef266a4f624c/polling-district/a62517b0-8a28-4d4c-bf3b-51fb5b105a6a
Skivekredsen,https://valg.dk/fv/987875fe-0dae-42ac-be5b-62cf0bd5d65e/nomination-district/921ee8dc-af2b-4905-be48-ef266a4f624c,Breum,https://valg.dk/fv/987875fe-0dae-42ac-be5b-62cf0bd5d65e/nomination-district/921ee8dc-af2b-4905-be48-ef266a4f624c/polling-district/cbaac435-ad2b-44ff-9d80-d098e6d851cc
Skivekredsen,https://valg.dk/fv/987875fe-0dae-42ac-be5b-62cf0bd5d65e/nomination-district/921ee8dc-af2b-4905-be48-ef266a4f624c,Brårup,https://valg.dk/fv/987875fe-0dae-42ac-be5b-62cf0bd5d65e/nomination-district/921ee8dc-af2b-4905-be48-ef266a4f624c/polling-district/5da7dad8-0495-463e-bae8-428e6c12e60d
Skivekredsen,https://valg.dk/fv/987875fe-0dae-42ac-be5b-62cf0bd5d65e/nomination-district/921ee8dc-af2b-4905-be48-ef266a4f624c,Durup,https://valg.dk/fv/987875fe-0dae-42ac-be5b-62cf0bd5d65e/nomination-district/921ee8dc-af2b-4905-be48-ef266a4f624c/polling-district/6462b94d-8fc5-4ac3-890e-dd98e08060bf
Skivekredsen,https://valg.dk/fv/987875fe-0dae-42ac-be5b-62cf0bd5d65e/nomination-district/921ee8dc-af2b-4905-be48-ef266a4f624c,Fur,https://valg.dk/fv/987875fe-0dae-42ac-be5b-62cf0bd5d65e/nomination-district/921ee8dc-af2b-4905-be48-ef266a4f624c/polling-district/090eba05-c704-4a07-bcb6-94e5891531dc
Skivekredsen,https://valg.dk/fv/987875fe-0dae-42ac-be5b-62cf0bd5d65e/nomination-district/921ee8dc-af2b-4905-be48-ef266a4f624c,Glyngøre,https://valg.dk/fv/987875fe-0dae-42ac-be5b-62cf0bd5d65e/nomination-district/921ee8dc-af2b-4905-be48-ef266a4f624c/polling-district/709f4ae0-15b4-4f26-b5da-a29d1449abd9
Skivekredsen,https://valg.dk/fv/987875fe-0dae-42ac-be5b-62cf0bd5d65e/nomination-district/921ee8dc-af2b-4905-be48-ef266a4f624c,Hem,https://valg.dk/fv/987875fe-0dae-42ac-be5b-62cf0bd5d65e/nomination-district/921ee8dc-af2b-4905-be48-ef266a4f624c/polling-district/04c68799-d33f-42df-a454-50ebeccfa069
Skivekredsen,https://valg.dk/fv/987875fe-0dae-42ac-be5b-62cf0bd5d65e/nomination-district/921ee8dc-af2b-4905-be48-ef266a4f624c,Håsum-Ramsing,https://valg.dk/fv/987875fe-0dae-42ac-be5b-62cf0bd5d65e/nomination-district/921ee8dc-af2b-4905-be48-ef266a4f624c/polling-district/5c48d998-a5ed-4ba3-9c51-562382f33e7b
Skivekredsen,https://valg.dk/fv/987875fe-0dae-42ac-be5b-62cf0bd5d65e/nomination-district/921ee8dc-af2b-4905-be48-ef266a4f624c,Højslev,https://valg.dk/fv/987875fe-0dae-42ac-be5b-62cf0bd5d65e/nomination-district/921ee8dc-af2b-4905-be48-ef266a4f624c/polling-district/030aa102-e0fc-4a4e-89e1-4072d6a88ca9
Skivekredsen,https://valg.dk/fv/987875fe-0dae-42ac-be5b-62cf0bd5d65e/nomination-district/921ee8dc-af2b-4905-be48-ef266a4f624c,Jebjerg-Lyby,https://valg.dk/fv/987875fe-0dae-42ac-be5b-62cf0bd5d65e/nomination-district/921ee8dc-af2b-4905-be48-ef266a4f624c/polling-district/525a457b-cc75-40ae-a5e2-2ca9864b39d7
Skivekredsen,https://valg.dk/fv/987875fe-0dae-42ac-be5b-62cf0bd5d65e/nomination-district/921ee8dc-af2b-4905-be48-ef266a4f624c,Lem-Vejby,https://valg.dk/fv/987875fe-0dae-42ac-be5b-62cf0bd5d65e/nomination-district/921ee8dc-af2b-4905-be48-ef266a4f624c/polling-district/64686549-d71a-4797-a73e-82fee1d9309e
Skivekredsen,https://valg.dk/fv/987875fe-0dae-42ac-be5b-62cf0bd5d65e/nomination-district/921ee8dc-af2b-4905-be48-ef266a4f624c,Lihme,https://valg.dk/fv/987875fe-0dae-42ac-be5b-62cf0bd5d65e/nomination-district/921ee8dc-af2b-4905-be48-ef266a4f624c/polling-district/deeab86c-6b3f-4f74-8aac-bce614127d2c
Skivekredsen,https://valg.dk/fv/987875fe-0dae-42ac-be5b-62cf0bd5d65e/nomination-district/921ee8dc-af2b-4905-be48-ef266a4f624c,Oddense - Otting,https://valg.dk/fv/987875fe-0dae-42ac-be5b-62cf0bd5d65e/nomination-district/921ee8dc-af2b-4905-be48-ef266a4f624c/polling-district/0f19e9e5-90ce-4f2e-9773-c4438b555e89
Skivekredsen,https://valg.dk/fv/987875fe-0dae-42ac-be5b-62cf0bd5d65e/nomination-district/921ee8dc-af2b-4905-be48-ef266a4f624c,Roslev,https://valg.dk/fv/987875fe-0dae-42ac-be5b-62cf0bd5d65e/nomination-district/921ee8dc-af2b-4905-be48-ef266a4f624c/polling-district/5febc9b0-5e18-4e59-8b3a-f44f7e1db2cb
Skivekredsen,https://valg.dk/fv/987875fe-0dae-42ac-be5b-62cf0bd5d65e/nomination-district/921ee8dc-af2b-4905-be48-ef266a4f624c,Rødding,https://valg.dk/fv/987875fe-0dae-42ac-be5b-62cf0bd5d65e/nomination-district/921ee8dc-af2b-4905-be48-ef266a4f624c/polling-district/fc4a983e-eee1-41ea-85f8-8822ca24a0ba
Skivekredsen,https://valg.dk/fv/987875fe-0dae-42ac-be5b-62cf0bd5d65e/nomination-district/921ee8dc-af2b-4905-be48-ef266a4f624c,Rønbjerg,https://valg.dk/fv/987875fe-0dae-42ac-be5b-62cf0bd5d65e/nomination-district/921ee8dc-af2b-4905-be48-ef266a4f624c/polling-district/cc7792f3-18dd-44e4-b0f7-d09343d13753
Skivekredsen,https://valg.dk/fv/987875fe-0dae-42ac-be5b-62cf0bd5d65e/nomination-district/921ee8dc-af2b-4905-be48-ef266a4f624c,Selde,https://valg.dk/fv/987875fe-0dae-42ac-be5b-62cf0bd5d65e/nomination-district/921ee8dc-af2b-4905-be48-ef266a4f624c/polling-district/f5f9b7f2-9ad2-440a-be8f-5b1f4b1f7ed6
Skivekredsen,https://valg.dk/fv/987875fe-0dae-42ac-be5b-62cf0bd5d65e/nomination-district/921ee8dc-af2b-4905-be48-ef266a4f624c,Skivehus,https://valg.dk/fv/987875fe-0dae-42ac-be5b-62cf0bd5d65e/nomination-district/921ee8dc-af2b-4905-be48-ef266a4f624c/polling-district/d1fbd373-41e2-47f7-b34c-c3920894c4c2
Skivekredsen,https://valg.dk/fv/987875fe-0dae-42ac-be5b-62cf0bd5d65e/nomination-district/921ee8dc-af2b-4905-be48-ef266a4f624c,Ørslevkloster,https://valg.dk/fv/987875fe-0dae-42ac-be5b-62cf0bd5d65e/nomination-district/921ee8dc-af2b-4905-be48-ef266a4f624c/polling-district/e60f68c5-4b33-4c7a-8dbe-9dc95a2d6c32
Slagelsekredsen,https://valg.dk/fv/987875fe-0dae-42ac-be5b-62cf0bd5d65e/nomination-district/c0355eaa-9406-48dd-90a2-72587d5485ab,Agersø,https://valg.dk/fv/987875fe-0dae-42ac-be5b-62cf0bd5d65e/nomination-district/c0355eaa-9406-48dd-90a2-72587d5485ab/polling-district/218c14cf-039b-4d53-89b0-cd616fe8d2b3
Slagelsekredsen,https://valg.dk/fv/987875fe-0dae-42ac-be5b-62cf0bd5d65e/nomination-district/c0355eaa-9406-48dd-90a2-72587d5485ab,Boeslunde,https://valg.dk/fv/987875fe-0dae-42ac-be5b-62cf0bd5d65e/nomination-district/c0355eaa-9406-48dd-90a2-72587d5485ab/polling-district/f703c07f-15c7-4b4f-b562-1313395c9d49
Slagelsekredsen,https://valg.dk/fv/987875fe-0dae-42ac-be5b-62cf0bd5d65e/nomination-district/c0355eaa-9406-48dd-90a2-72587d5485ab,Dalmose,https://valg.dk/fv/987875fe-0dae-42ac-be5b-62cf0bd5d65e/nomination-district/c0355eaa-9406-48dd-90a2-72587d5485ab/polling-district/5aad0c14-ce19-495b-ba7c-7058b3d5146c
Slagelsekredsen,https://valg.dk/fv/987875fe-0dae-42ac-be5b-62cf0bd5d65e/nomination-district/c0355eaa-9406-48dd-90a2-72587d5485ab,Korsør Nordre Bydel,https://valg.dk/fv/987875fe-0dae-42ac-be5b-62cf0bd5d65e/nomination-district/c0355eaa-9406-48dd-90a2-72587d5485ab/polling-district/74c6bf7b-84b8-48cd-82f0-4dd18462e0ca
Slagelsekredsen,https://valg.dk/fv/987875fe-0dae-42ac-be5b-62cf0bd5d65e/nomination-district/c0355eaa-9406-48dd-90a2-72587d5485ab,Korsør Søndre Bydel,https://valg.dk/fv/987875fe-0dae-42ac-be5b-62cf0bd5d65e/nomination-district/c0355eaa-9406-48dd-90a2-72587d5485ab/polling-district/f4ae0ebc-13fd-4afb-a79a-11ff12c5c3ca
Slagelsekredsen,https://valg.dk/fv/987875fe-0dae-42ac-be5b-62cf0bd5d65e/nomination-district/c0355eaa-9406-48dd-90a2-72587d5485ab,Nordhallen,https://valg.dk/fv/987875fe-0dae-42ac-be5b-62cf0bd5d65e/nomination-district/c0355eaa-9406-48dd-90a2-72587d5485ab/polling-district/ab97a3cc-33d5-49b7-82e3-b2b41367d4d8
Slagelsekredsen,https://valg.dk/fv/987875fe-0dae-42ac-be5b-62cf0bd5d65e/nomination-district/c0355eaa-9406-48dd-90a2-72587d5485ab,Omø,https://valg.dk/fv/987875fe-0dae-42ac-be5b-62cf0bd5d65e/nomination-district/c0355eaa-9406-48dd-90a2-72587d5485ab/polling-district/c08c95f5-9a85-482f-bf63-12d8aaa11200
Slagelsekredsen,https://valg.dk/fv/987875fe-0dae-42ac-be5b-62cf0bd5d65e/nomination-district/c0355eaa-9406-48dd-90a2-72587d5485ab,Rude,https://valg.dk/fv/987875fe-0dae-42ac-be5b-62cf0bd5d65e/nomination-district/c0355eaa-9406-48dd-90a2-72587d5485ab/polling-district/f8c1f840-d88b-4d78-a53d-2d8345cb3ee5
Slagelsekredsen,https://valg.dk/fv/987875fe-0dae-42ac-be5b-62cf0bd5d65e/nomination-district/c0355eaa-9406-48dd-90a2-72587d5485ab,Skælskør,https://valg.dk/fv/987875fe-0dae-42ac-be5b-62cf0bd5d65e/nomination-district/c0355eaa-9406-48dd-90a2-72587d5485ab/polling-district/5d6f3569-70b4-4cdf-b663-9b3cc4c7aaea
Slagelsekredsen,https://valg.dk/fv/987875fe-0dae-42ac-be5b-62cf0bd5d65e/nomination-district/c0355eaa-9406-48dd-90a2-72587d5485ab,Slagelse Hallen,https://valg.dk/fv/987875fe-0dae-42ac-be5b-62cf0bd5d65e/nomination-district/c0355eaa-9406-48dd-90a2-72587d5485ab/polling-district/f2371543-6ad7-4ffd-ab24-30d3781ce898
Slagelsekredsen,https://valg.dk/fv/987875fe-0dae-42ac-be5b-62cf0bd5d65e/nomination-district/c0355eaa-9406-48dd-90a2-72587d5485ab,Slots Bjergby,https://valg.dk/fv/987875fe-0dae-42ac-be5b-62cf0bd5d65e/nomination-district/c0355eaa-9406-48dd-90a2-72587d5485ab/polling-district/6bd49f12-a562-458d-ac11-0336f475a04c
Slagelsekredsen,https://valg.dk/fv/987875fe-0dae-42ac-be5b-62cf0bd5d65e/nomination-district/c0355eaa-9406-48dd-90a2-72587d5485ab,Stillinge,https://valg.dk/fv/987875fe-0dae-42ac-be5b-62cf0bd5d65e/nomination-district/c0355eaa-9406-48dd-90a2-72587d5485ab/polling-district/281800c2-3268-473b-be09-78dd9c50fa61
Slagelsekredsen,https://valg.dk/fv/987875fe-0dae-42ac-be5b-62cf0bd5d65e/nomination-district/c0355eaa-9406-48dd-90a2-72587d5485ab,Søndermark,https://valg.dk/fv/987875fe-0dae-42ac-be5b-62cf0bd5d65e/nomination-district/c0355eaa-9406-48dd-90a2-72587d5485ab/polling-district/702d2c15-5ccb-4a02-909c-fe18c4ca2076
Slagelsekredsen,https://valg.dk/fv/987875fe-0dae-42ac-be5b-62cf0bd5d65e/nomination-district/c0355eaa-9406-48dd-90a2-72587d5485ab,Sørbymagle,https://valg.dk/fv/987875fe-0dae-42ac-be5b-62cf0bd5d65e/nomination-district/c0355eaa-9406-48dd-90a2-72587d5485ab/polling-district/b1c64c2b-a8dc-477b-845d-7b7d1e180dba
Slagelsekredsen,https://valg.dk/fv/987875fe-0dae-42ac-be5b-62cf0bd5d65e/nomination-district/c0355eaa-9406-48dd-90a2-72587d5485ab,Tårnborg,https://valg.dk/fv/987875fe-0dae-42ac-be5b-62cf0bd5d65e/nomination-district/c0355eaa-9406-48dd-90a2-72587d5485ab/polling-district/168d8c78-72b6-4f89-9964-dcf4e1d98a72
Slagelsekredsen,https://valg.dk/fv/987875fe-0dae-42ac-be5b-62cf0bd5d65e/nomination-district/c0355eaa-9406-48dd-90a2-72587d5485ab,Vemmelev,https://valg.dk/fv/987875fe-0dae-42ac-be5b-62cf0bd5d65e/nomination-district/c0355eaa-9406-48dd-90a2-72587d5485ab/polling-district/09681dc3-e11e-4a78-83ef-5dd1306b0323
Slagelsekredsen,https://valg.dk/fv/987875fe-0dae-42ac-be5b-62cf0bd5d65e/nomination-district/c0355eaa-9406-48dd-90a2-72587d5485ab,Vestermose,https://valg.dk/fv/987875fe-0dae-42ac-be5b-62cf0bd5d65e/nomination-district/c0355eaa-9406-48dd-90a2-72587d5485ab/polling-district/af1df1f0-a911-414c-99c6-3a646197d49f
Slagelsekredsen,https://valg.dk/fv/987875fe-0dae-42ac-be5b-62cf0bd5d65e/nomination-district/c0355eaa-9406-48dd-90a2-72587d5485ab,Vesthallen,https://valg.dk/fv/987875fe-0dae-42ac-be5b-62cf0bd5d65e/nomination-district/c0355eaa-9406-48dd-90a2-72587d5485ab/polling-district/cfb43457-010d-4bf4-a788-8b4e51fe9260
Slotskredsen,https://valg.dk/fv/987875fe-0dae-42ac-be5b-62cf0bd5d65e/nomination-district/3e6c2145-3486-4863-830e-3b5d08534e62,"11. Kreds, Lindevang",https://valg.dk/fv/987875fe-0dae-42ac-be5b-62cf0bd5d65e/nomination-district/3e6c2145-3486-4863-830e-3b5d08534e62/polling-district/d52b249d-56a6-49bf-a74e-b69821668a03
Slotskredsen,https://valg.dk/fv/987875fe-0dae-42ac-be5b-62cf0bd5d65e/nomination-district/3e6c2145-3486-4863-830e-3b5d08534e62,"11. Kreds, Nyelandsvej",https://valg.dk/fv/987875fe-0dae-42ac-be5b-62cf0bd5d65e/nomination-district/3e6c2145-3486-4863-830e-3b5d08534e62/polling-district/9aa4c2a3-27b8-4766-823e-962fd27228f2
Slotskredsen,https://valg.dk/fv/987875fe-0dae-42ac-be5b-62cf0bd5d65e/nomination-district/3e6c2145-3486-4863-830e-3b5d08534e62,"11. Kreds, Rådhuset",https://valg.dk/fv/987875fe-0dae-42ac-be5b-62cf0bd5d65e/nomination-district/3e6c2145-3486-4863-830e-3b5d08534e62/polling-district/6b50b7b0-60a2-4107-8843-37461ca5d5ba
Slotskredsen,https://valg.dk/fv/987875fe-0dae-42ac-be5b-62cf0bd5d65e/nomination-district/3e6c2145-3486-4863-830e-3b5d08534e62,"11. Kreds, Søndermark",https://valg.dk/fv/987875fe-0dae-42ac-be5b-62cf0bd5d65e/nomination-district/3e6c2145-3486-4863-830e-3b5d08534e62/polling-district/c05b133c-7f86-4e0c-8106-69b57fbb428e
Struerkredsen,https://valg.dk/fv/987875fe-0dae-42ac-be5b-62cf0bd5d65e/nomination-district/4a201f75-fc19-4fb9-a47f-2668ff46bf4d,Bremdal,https://valg.dk/fv/987875fe-0dae-42ac-be5b-62cf0bd5d65e/nomination-district/4a201f75-fc19-4fb9-a47f-2668ff46bf4d/polling-district/686eb09d-0168-4f67-bb92-c4e268332c10
Struerkredsen,https://valg.dk/fv/987875fe-0dae-42ac-be5b-62cf0bd5d65e/nomination-district/4a201f75-fc19-4fb9-a47f-2668ff46bf4d,Bøvling,https://valg.dk/fv/987875fe-0dae-42ac-be5b-62cf0bd5d65e/nomination-district/4a201f75-fc19-4fb9-a47f-2668ff46bf4d/polling-district/37b9d017-c154-4ee7-b531-44e0d283b3ee
Struerkredsen,https://valg.dk/fv/987875fe-0dae-42ac-be5b-62cf0bd5d65e/nomination-district/4a201f75-fc19-4fb9-a47f-2668ff46bf4d,Flynder,https://valg.dk/fv/987875fe-0dae-42ac-be5b-62cf0bd5d65e/nomination-district/4a201f75-fc19-4fb9-a47f-2668ff46bf4d/polling-district/d80c7a11-ff42-41a9-8a48-17f0e7606901
Struerkredsen,https://valg.dk/fv/987875fe-0dae-42ac-be5b-62cf0bd5d65e/nomination-district/4a201f75-fc19-4fb9-a47f-2668ff46bf4d,Gimsing,https://valg.dk/fv/987875fe-0dae-42ac-be5b-62cf0bd5d65e/nomination-district/4a201f75-fc19-4fb9-a47f-2668ff46bf4d/polling-district/333f62f2-8beb-4ded-a2a5-a6d91040237d
Struerkredsen,https://valg.dk/fv/987875fe-0dae-42ac-be5b-62cf0bd5d65e/nomination-district/4a201f75-fc19-4fb9-a47f-2668ff46bf4d,Harboøre,https://valg.dk/fv/987875fe-0dae-42ac-be5b-62cf0bd5d65e/nomination-district/4a201f75-fc19-4fb9-a47f-2668ff46bf4d/polling-district/54badcd0-03fe-4cda-bb16-70e2ea8e17d7
Struerkredsen,https://valg.dk/fv/987875fe-0dae-42ac-be5b-62cf0bd5d65e/nomination-district/4a201f75-fc19-4fb9-a47f-2668ff46bf4d,Hjerm,https://valg.dk/fv/987875fe-0dae-42ac-be5b-62cf0bd5d65e/nomination-district/4a201f75-fc19-4fb9-a47f-2668ff46bf4d/polling-district/bf81a91f-470f-48e0-adb8-8968030e887e
Struerkredsen,https://valg.dk/fv/987875fe-0dae-42ac-be5b-62cf0bd5d65e/nomination-district/4a201f75-fc19-4fb9-a47f-2668ff46bf4d,Humlum,https://valg.dk/fv/987875fe-0dae-42ac-be5b-62cf0bd5d65e/nomination-district/4a201f75-fc19-4fb9-a47f-2668ff46bf4d/polling-district/d3379975-0fb0-4260-bf03-0243f9d8ef32
Struerkredsen,https://valg.dk/fv/987875fe-0dae-42ac-be5b-62cf0bd5d65e/nomination-district/4a201f75-fc19-4fb9-a47f-2668ff46bf4d,Hvidbjerg,https://valg.dk/fv/987875fe-0dae-42ac-be5b-62cf0bd5d65e/nomination-district/4a201f75-fc19-4fb9-a47f-2668ff46bf4d/polling-district/e5762b6e-1b50-4dc6-b222-fbd207cd9d1a
Struerkredsen,https://valg.dk/fv/987875fe-0dae-42ac-be5b-62cf0bd5d65e/nomination-district/4a201f75-fc19-4fb9-a47f-2668ff46bf4d,Klinkby,https://valg.dk/fv/987875fe-0dae-42ac-be5b-62cf0bd5d65e/nomination-district/4a201f75-fc19-4fb9-a47f-2668ff46bf4d/polling-district/9f374219-bc3a-4e31-ab60-1beef1bbdcb5
Struerkredsen,https://valg.dk/fv/987875fe-0dae-42ac-be5b-62cf0bd5d65e/nomination-district/4a201f75-fc19-4fb9-a47f-2668ff46bf4d,Langhøj,https://valg.dk/fv/987875fe-0dae-42ac-be5b-62cf0bd5d65e/nomination-district/4a201f75-fc19-4fb9-a47f-2668ff46bf4d/polling-district/8e366132-76de-4d29-a5b9-8a664ee5821e
Struerkredsen,https://valg.dk/fv/987875fe-0dae-42ac-be5b-62cf0bd5d65e/nomination-district/4a201f75-fc19-4fb9-a47f-2668ff46bf4d,Lemvig,https://valg.dk/fv/987875fe-0dae-42ac-be5b-62cf0bd5d65e/nomination-district/4a201f75-fc19-4fb9-a47f-2668ff46bf4d/polling-district/9aea3e3c-fe35-4f06-a448-e64c25549f69
Struerkredsen,https://valg.dk/fv/987875fe-0dae-42ac-be5b-62cf0bd5d65e/nomination-district/4a201f75-fc19-4fb9-a47f-2668ff46bf4d,Nørre Nissum,https://valg.dk/fv/987875fe-0dae-42ac-be5b-62cf0bd5d65e/nomination-district/4a201f75-fc19-4fb9-a47f-2668ff46bf4d/polling-district/b9886636-a4b0-4c64-abc9-b3c50f5a2ba8
Struerkredsen,https://valg.dk/fv/987875fe-0dae-42ac-be5b-62cf0bd5d65e/nomination-district/4a201f75-fc19-4fb9-a47f-2668ff46bf4d,Ramme,https://valg.dk/fv/987875fe-0dae-42ac-be5b-62cf0bd5d65e/nomination-district/4a201f75-fc19-4fb9-a47f-2668ff46bf4d/polling-district/fd77472f-a733-43d4-a75b-443a70da4e68
Struerkredsen,https://valg.dk/fv/987875fe-0dae-42ac-be5b-62cf0bd5d65e/nomination-district/4a201f75-fc19-4fb9-a47f-2668ff46bf4d,Struer,https://valg.dk/fv/987875fe-0dae-42ac-be5b-62cf0bd5d65e/nomination-district/4a201f75-fc19-4fb9-a47f-2668ff46bf4d/polling-district/ea39846b-ab1e-4f47-927a-025c72064436
Struerkredsen,https://valg.dk/fv/987875fe-0dae-42ac-be5b-62cf0bd5d65e/nomination-district/4a201f75-fc19-4fb9-a47f-2668ff46bf4d,Thyborøn,https://valg.dk/fv/987875fe-0dae-42ac-be5b-62cf0bd5d65e/nomination-district/4a201f75-fc19-4fb9-a47f-2668ff46bf4d/polling-district/304595bb-4599-42e3-a302-e1c27299403a
Sundbyvesterkredsen,https://valg.dk/fv/987875fe-0dae-42ac-be5b-62cf0bd5d65e/nomination-district/c0119f51-6b95-4472-9c4f-5cef406963ca,2. Nord,https://valg.dk/fv/987875fe-0dae-42ac-be5b-62cf0bd5d65e/nomination-district/c0119f51-6b95-4472-9c4f-5cef406963ca/polling-district/3c10cfbd-d723-40d9-a203-5e52c09b15c6
Sundbyvesterkredsen,https://valg.dk/fv/987875fe-0dae-42ac-be5b-62cf0bd5d65e/nomination-district/c0119f51-6b95-4472-9c4f-5cef406963ca,2. Sundbyvester,https://valg.dk/fv/987875fe-0dae-42ac-be5b-62cf0bd5d65e/nomination-district/c0119f51-6b95-4472-9c4f-5cef406963ca/polling-district/740f0a0f-bb62-4d2e-be8e-ca9a69deac91
Sundbyvesterkredsen,https://valg.dk/fv/987875fe-0dae-42ac-be5b-62cf0bd5d65e/nomination-district/c0119f51-6b95-4472-9c4f-5cef406963ca,2. Syd,https://valg.dk/fv/987875fe-0dae-42ac-be5b-62cf0bd5d65e/nomination-district/c0119f51-6b95-4472-9c4f-5cef406963ca/polling-district/514391c1-70ac-4294-a96c-ced90bdc80c2
Sundbyvesterkredsen,https://valg.dk/fv/987875fe-0dae-42ac-be5b-62cf0bd5d65e/nomination-district/c0119f51-6b95-4472-9c4f-5cef406963ca,2. Vest,https://valg.dk/fv/987875fe-0dae-42ac-be5b-62cf0bd5d65e/nomination-district/c0119f51-6b95-4472-9c4f-5cef406963ca/polling-district/cd87f8fb-d540-497d-ba22-0d4ff0aee95d
Sundbyvesterkredsen,https://valg.dk/fv/987875fe-0dae-42ac-be5b-62cf0bd5d65e/nomination-district/c0119f51-6b95-4472-9c4f-5cef406963ca,2. Øst,https://valg.dk/fv/987875fe-0dae-42ac-be5b-62cf0bd5d65e/nomination-district/c0119f51-6b95-4472-9c4f-5cef406963ca/polling-district/3cec6144-6a51-4a8c-ab22-242863b1a744
Sundbyøsterkredsen,https://valg.dk/fv/987875fe-0dae-42ac-be5b-62cf0bd5d65e/nomination-district/664831d4-6ed8-47b8-a7f2-59586d38d146,4. Nord,https://valg.dk/fv/987875fe-0dae-42ac-be5b-62cf0bd5d65e/nomination-district/664831d4-6ed8-47b8-a7f2-59586d38d146/polling-district/cd8942bc-d97c-42bf-a46f-0a86ea36ea95
Sundbyøsterkredsen,https://valg.dk/fv/987875fe-0dae-42ac-be5b-62cf0bd5d65e/nomination-district/664831d4-6ed8-47b8-a7f2-59586d38d146,4. Sundbyøster,https://valg.dk/fv/987875fe-0dae-42ac-be5b-62cf0bd5d65e/nomination-district/664831d4-6ed8-47b8-a7f2-59586d38d146/polling-district/fe7b6683-30af-480c-9780-93af18efca7e
Sundbyøsterkredsen,https://valg.dk/fv/987875fe-0dae-42ac-be5b-62cf0bd5d65e/nomination-district/664831d4-6ed8-47b8-a7f2-59586d38d146,4. Syd,https://valg.dk/fv/987875fe-0dae-42ac-be5b-62cf0bd5d65e/nomination-district/664831d4-6ed8-47b8-a7f2-59586d38d146/polling-district/443a2685-f9c3-489c-b814-e73d5d3a9d17
Sundbyøsterkredsen,https://valg.dk/fv/987875fe-0dae-42ac-be5b-62cf0bd5d65e/nomination-district/664831d4-6ed8-47b8-a7f2-59586d38d146,4. Øst,https://valg.dk/fv/987875fe-0dae-42ac-be5b-62cf0bd5d65e/nomination-district/664831d4-6ed8-47b8-a7f2-59586d38d146/polling-district/13f4d8fb-07da-478a-aaab-d27092289a9e
Svendborgkredsen,https://valg.dk/fv/987875fe-0dae-42ac-be5b-62cf0bd5d65e/nomination-district/1bb13b08-7a4b-4069-9640-40340d0de9a5,Bagenkop,https://valg.dk/fv/987875fe-0dae-42ac-be5b-62cf0bd5d65e/nomination-district/1bb13b08-7a4b-4069-9640-40340d0de9a5/polling-district/b963b190-16cf-4a6c-863d-9d10ac77f89f
Svendborgkredsen,https://valg.dk/fv/987875fe-0dae-42ac-be5b-62cf0bd5d65e/nomination-district/1bb13b08-7a4b-4069-9640-40340d0de9a5,Bjerreby,https://valg.dk/fv/987875fe-0dae-42ac-be5b-62cf0bd5d65e/nomination-district/1bb13b08-7a4b-4069-9640-40340d0de9a5/polling-district/2000e15c-768c-46f1-a0c7-357db7ab2b28
Svendborgkredsen,https://valg.dk/fv/987875fe-0dae-42ac-be5b-62cf0bd5d65e/nomination-district/1bb13b08-7a4b-4069-9640-40340d0de9a5,Bregninge,https://valg.dk/fv/987875fe-0dae-42ac-be5b-62cf0bd5d65e/nomination-district/1bb13b08-7a4b-4069-9640-40340d0de9a5/polling-district/8dea07e5-d9df-41fc-94e6-b06df83adc79
Svendborgkredsen,https://valg.dk/fv/987875fe-0dae-42ac-be5b-62cf0bd5d65e/nomination-district/1bb13b08-7a4b-4069-9640-40340d0de9a5,Byen,https://valg.dk/fv/987875fe-0dae-42ac-be5b-62cf0bd5d65e/nomination-district/1bb13b08-7a4b-4069-9640-40340d0de9a5/polling-district/3daf36b7-58fc-4d42-a2ba-f007c90e9218
Svendborgkredsen,https://valg.dk/fv/987875fe-0dae-42ac-be5b-62cf0bd5d65e/nomination-district/1bb13b08-7a4b-4069-9640-40340d0de9a5,Drejø,https://valg.dk/fv/987875fe-0dae-42ac-be5b-62cf0bd5d65e/nomination-district/1bb13b08-7a4b-4069-9640-40340d0de9a5/polling-district/1cc1bf82-2b02-4701-a021-a9b122490550
Svendborgkredsen,https://valg.dk/fv/987875fe-0dae-42ac-be5b-62cf0bd5d65e/nomination-district/1bb13b08-7a4b-4069-9640-40340d0de9a5,Egense,https://valg.dk/fv/987875fe-0dae-42ac-be5b-62cf0bd5d65e/nomination-district/1bb13b08-7a4b-4069-9640-40340d0de9a5/polling-district/49271974-c9dd-4816-bfe0-28447c09914f
Svendborgkredsen,https://valg.dk/fv/987875fe-0dae-42ac-be5b-62cf0bd5d65e/nomination-district/1bb13b08-7a4b-4069-9640-40340d0de9a5,Gudbjerg,https://valg.dk/fv/987875fe-0dae-42ac-be5b-62cf0bd5d65e/nomination-district/1bb13b08-7a4b-4069-9640-40340d0de9a5/polling-district/130824ff-70aa-461c-bb30-deefade58986
Svendborgkredsen,https://valg.dk/fv/987875fe-0dae-42ac-be5b-62cf0bd5d65e/nomination-district/1bb13b08-7a4b-4069-9640-40340d0de9a5,Gudme,https://valg.dk/fv/987875fe-0dae-42ac-be5b-62cf0bd5d65e/nomination-district/1bb13b08-7a4b-4069-9640-40340d0de9a5/polling-district/d38eef81-8182-4187-b4b5-b27ae3d27cb9
Svendborgkredsen,https://valg.dk/fv/987875fe-0dae-42ac-be5b-62cf0bd5d65e/nomination-district/1bb13b08-7a4b-4069-9640-40340d0de9a5,Hesselager,https://valg.dk/fv/987875fe-0dae-42ac-be5b-62cf0bd5d65e/nomination-district/1bb13b08-7a4b-4069-9640-40340d0de9a5/polling-district/acd2c12a-796d-414e-bcb7-b8abbe97ff5c
Svendborgkredsen,https://valg.dk/fv/987875fe-0dae-42ac-be5b-62cf0bd5d65e/nomination-district/1bb13b08-7a4b-4069-9640-40340d0de9a5,Humble,https://valg.dk/fv/987875fe-0dae-42ac-be5b-62cf0bd5d65e/nomination-district/1bb13b08-7a4b-4069-9640-40340d0de9a5/polling-district/49e8b83f-8618-4e45-8938-00993e64a783
Svendborgkredsen,https://valg.dk/fv/987875fe-0dae-42ac-be5b-62cf0bd5d65e/nomination-district/1bb13b08-7a4b-4069-9640-40340d0de9a5,Kirkeby,https://valg.dk/fv/987875fe-0dae-42ac-be5b-62cf0bd5d65e/nomination-district/1bb13b08-7a4b-4069-9640-40340d0de9a5/polling-district/080a2c41-5463-472b-89d4-808c7bb5acf3
Svendborgkredsen,https://valg.dk/fv/987875fe-0dae-42ac-be5b-62cf0bd5d65e/nomination-district/1bb13b08-7a4b-4069-9640-40340d0de9a5,Landet,https://valg.dk/fv/987875fe-0dae-42ac-be5b-62cf0bd5d65e/nomination-district/1bb13b08-7a4b-4069-9640-40340d0de9a5/polling-district/d96fc4fa-fa9b-439f-af6a-9e53971d4f29
Svendborgkredsen,https://valg.dk/fv/987875fe-0dae-42ac-be5b-62cf0bd5d65e/nomination-district/1bb13b08-7a4b-4069-9640-40340d0de9a5,Lejbølle,https://valg.dk/fv/987875fe-0dae-42ac-be5b-62cf0bd5d65e/nomination-district/1bb13b08-7a4b-4069-9640-40340d0de9a5/polling-district/e6272eec-a84c-4ba3-89ae-233269bed054
Svendborgkredsen,https://valg.dk/fv/987875fe-0dae-42ac-be5b-62cf0bd5d65e/nomination-district/1bb13b08-7a4b-4069-9640-40340d0de9a5,Lindelse,https://valg.dk/fv/987875fe-0dae-42ac-be5b-62cf0bd5d65e/nomination-district/1bb13b08-7a4b-4069-9640-40340d0de9a5/polling-district/f09e51e7-065c-4ed5-8349-38e391900453
Svendborgkredsen,https://valg.dk/fv/987875fe-0dae-42ac-be5b-62cf0bd5d65e/nomination-district/1bb13b08-7a4b-4069-9640-40340d0de9a5,Lohals,https://valg.dk/fv/987875fe-0dae-42ac-be5b-62cf0bd5d65e/nomination-district/1bb13b08-7a4b-4069-9640-40340d0de9a5/polling-district/86fe0150-0647-41bc-8324-372982c76caf
Svendborgkredsen,https://valg.dk/fv/987875fe-0dae-42ac-be5b-62cf0bd5d65e/nomination-district/1bb13b08-7a4b-4069-9640-40340d0de9a5,Nordre,https://valg.dk/fv/987875fe-0dae-42ac-be5b-62cf0bd5d65e/nomination-district/1bb13b08-7a4b-4069-9640-40340d0de9a5/polling-district/1ab614fb-5fe3-49c0-b79d-48a4efe9d398
Svendborgkredsen,https://valg.dk/fv/987875fe-0dae-42ac-be5b-62cf0bd5d65e/nomination-district/1bb13b08-7a4b-4069-9640-40340d0de9a5,Ollerup,https://valg.dk/fv/987875fe-0dae-42ac-be5b-62cf0bd5d65e/nomination-district/1bb13b08-7a4b-4069-9640-40340d0de9a5/polling-district/7ef70f8b-4ea0-4759-9f71-7a26b0e571eb
Svendborgkredsen,https://valg.dk/fv/987875fe-0dae-42ac-be5b-62cf0bd5d65e/nomination-district/1bb13b08-7a4b-4069-9640-40340d0de9a5,Oure,https://valg.dk/fv/987875fe-0dae-42ac-be5b-62cf0bd5d65e/nomination-district/1bb13b08-7a4b-4069-9640-40340d0de9a5/polling-district/725b2e84-768f-44bd-93e1-1e935d082e1d
Svendborgkredsen,https://valg.dk/fv/987875fe-0dae-42ac-be5b-62cf0bd5d65e/nomination-district/1bb13b08-7a4b-4069-9640-40340d0de9a5,Rudkøbing,https://valg.dk/fv/987875fe-0dae-42ac-be5b-62cf0bd5d65e/nomination-district/1bb13b08-7a4b-4069-9640-40340d0de9a5/polling-district/036db4a3-1108-4cf3-be43-09fc01106882
Svendborgkredsen,https://valg.dk/fv/987875fe-0dae-42ac-be5b-62cf0bd5d65e/nomination-district/1bb13b08-7a4b-4069-9640-40340d0de9a5,Skårup,https://valg.dk/fv/987875fe-0dae-42ac-be5b-62cf0bd5d65e/nomination-district/1bb13b08-7a4b-4069-9640-40340d0de9a5/polling-district/ca857ca8-d9e6-43d4-b0b7-ce344a7a5702
Svendborgkredsen,https://valg.dk/fv/987875fe-0dae-42ac-be5b-62cf0bd5d65e/nomination-district/1bb13b08-7a4b-4069-9640-40340d0de9a5,Stenstrup,https://valg.dk/fv/987875fe-0dae-42ac-be5b-62cf0bd5d65e/nomination-district/1bb13b08-7a4b-4069-9640-40340d0de9a5/polling-district/452cf94f-af81-44a5-a2a3-a56c0311f320
Svendborgkredsen,https://valg.dk/fv/987875fe-0dae-42ac-be5b-62cf0bd5d65e/nomination-district/1bb13b08-7a4b-4069-9640-40340d0de9a5,Strynø,https://valg.dk/fv/987875fe-0dae-42ac-be5b-62cf0bd5d65e/nomination-district/1bb13b08-7a4b-4069-9640-40340d0de9a5/polling-district/8f2e2d44-2268-4da5-8a7f-4a2dd5bc82a9
Svendborgkredsen,https://valg.dk/fv/987875fe-0dae-42ac-be5b-62cf0bd5d65e/nomination-district/1bb13b08-7a4b-4069-9640-40340d0de9a5,Thurø,https://valg.dk/fv/987875fe-0dae-42ac-be5b-62cf0bd5d65e/nomination-district/1bb13b08-7a4b-4069-9640-40340d0de9a5/polling-district/85c27adc-b19f-4d9d-bdc6-2dec495302b9
Svendborgkredsen,https://valg.dk/fv/987875fe-0dae-42ac-be5b-62cf0bd5d65e/nomination-district/1bb13b08-7a4b-4069-9640-40340d0de9a5,Tullebølle,https://valg.dk/fv/987875fe-0dae-42ac-be5b-62cf0bd5d65e/nomination-district/1bb13b08-7a4b-4069-9640-40340d0de9a5/polling-district/b2a95dd0-3060-4951-a79b-bdf486d85548
Svendborgkredsen,https://valg.dk/fv/987875fe-0dae-42ac-be5b-62cf0bd5d65e/nomination-district/1bb13b08-7a4b-4069-9640-40340d0de9a5,Tved,https://valg.dk/fv/987875fe-0dae-42ac-be5b-62cf0bd5d65e/nomination-district/1bb13b08-7a4b-4069-9640-40340d0de9a5/polling-district/f80b7200-178b-4bb8-8806-a22f2b3f50b4
Svendborgkredsen,https://valg.dk/fv/987875fe-0dae-42ac-be5b-62cf0bd5d65e/nomination-district/1bb13b08-7a4b-4069-9640-40340d0de9a5,V.Skerninge,https://valg.dk/fv/987875fe-0dae-42ac-be5b-62cf0bd5d65e/nomination-district/1bb13b08-7a4b-4069-9640-40340d0de9a5/polling-district/aa596efc-08d1-42a1-b666-604dfad1b68a
Svendborgkredsen,https://valg.dk/fv/987875fe-0dae-42ac-be5b-62cf0bd5d65e/nomination-district/1bb13b08-7a4b-4069-9640-40340d0de9a5,Østre,https://valg.dk/fv/987875fe-0dae-42ac-be5b-62cf0bd5d65e/nomination-district/1bb13b08-7a4b-4069-9640-40340d0de9a5/polling-district/6813d0c0-a81f-48b1-abd0-826cc4bdf737
Sønderborgkredsen,https://valg.dk/fv/987875fe-0dae-42ac-be5b-62cf0bd5d65e/nomination-district/66e2f021-2abb-4a2c-ad71-afa4aa2069ec,Augustenborg,https://valg.dk/fv/987875fe-0dae-42ac-be5b-62cf0bd5d65e/nomination-district/66e2f021-2abb-4a2c-ad71-afa4aa2069ec/polling-district/7f610197-d903-4ccb-a931-ead637376853
Sønderborgkredsen,https://valg.dk/fv/987875fe-0dae-42ac-be5b-62cf0bd5d65e/nomination-district/66e2f021-2abb-4a2c-ad71-afa4aa2069ec,Broager,https://valg.dk/fv/987875fe-0dae-42ac-be5b-62cf0bd5d65e/nomination-district/66e2f021-2abb-4a2c-ad71-afa4aa2069ec/polling-district/4d7df68f-2191-4c98-8e8d-34ad6dd3687e
Sønderborgkredsen,https://valg.dk/fv/987875fe-0dae-42ac-be5b-62cf0bd5d65e/nomination-district/66e2f021-2abb-4a2c-ad71-afa4aa2069ec,Dybbøl,https://valg.dk/fv/987875fe-0dae-42ac-be5b-62cf0bd5d65e/nomination-district/66e2f021-2abb-4a2c-ad71-afa4aa2069ec/polling-district/a600627b-1700-4a06-aa9a-d03ed8c4cc70
Sønderborgkredsen,https://valg.dk/fv/987875fe-0dae-42ac-be5b-62cf0bd5d65e/nomination-district/66e2f021-2abb-4a2c-ad71-afa4aa2069ec,Egen,https://valg.dk/fv/987875fe-0dae-42ac-be5b-62cf0bd5d65e/nomination-district/66e2f021-2abb-4a2c-ad71-afa4aa2069ec/polling-district/e9b8e628-61db-45be-9429-9a86cea1eb00
Sønderborgkredsen,https://valg.dk/fv/987875fe-0dae-42ac-be5b-62cf0bd5d65e/nomination-district/66e2f021-2abb-4a2c-ad71-afa4aa2069ec,Fynshav,https://valg.dk/fv/987875fe-0dae-42ac-be5b-62cf0bd5d65e/nomination-district/66e2f021-2abb-4a2c-ad71-afa4aa2069ec/polling-district/1b4ec847-74a6-43b2-b5ea-88edbbe09582
Sønderborgkredsen,https://valg.dk/fv/987875fe-0dae-42ac-be5b-62cf0bd5d65e/nomination-district/66e2f021-2abb-4a2c-ad71-afa4aa2069ec,Gråsten,https://valg.dk/fv/987875fe-0dae-42ac-be5b-62cf0bd5d65e/nomination-district/66e2f021-2abb-4a2c-ad71-afa4aa2069ec/polling-district/3ece745c-e863-473f-b715-32016c9eed21
Sønderborgkredsen,https://valg.dk/fv/987875fe-0dae-42ac-be5b-62cf0bd5d65e/nomination-district/66e2f021-2abb-4a2c-ad71-afa4aa2069ec,Havnbjerg,https://valg.dk/fv/987875fe-0dae-42ac-be5b-62cf0bd5d65e/nomination-district/66e2f021-2abb-4a2c-ad71-afa4aa2069ec/polling-district/1b6e3bbd-3810-4d09-bdd5-05672152a596
Sønderborgkredsen,https://valg.dk/fv/987875fe-0dae-42ac-be5b-62cf0bd5d65e/nomination-district/66e2f021-2abb-4a2c-ad71-afa4aa2069ec,"Humlehøj, Sønderborg",https://valg.dk/fv/987875fe-0dae-42ac-be5b-62cf0bd5d65e/nomination-district/66e2f021-2abb-4a2c-ad71-afa4aa2069ec/polling-district/564d4333-ef2d-45b5-8b9b-1656574907fc
Sønderborgkredsen,https://valg.dk/fv/987875fe-0dae-42ac-be5b-62cf0bd5d65e/nomination-district/66e2f021-2abb-4a2c-ad71-afa4aa2069ec,Hørup,https://valg.dk/fv/987875fe-0dae-42ac-be5b-62cf0bd5d65e/nomination-district/66e2f021-2abb-4a2c-ad71-afa4aa2069ec/polling-district/7f4ae334-7e9a-4f8e-8f8b-3f6b78287fb7
Sønderborgkredsen,https://valg.dk/fv/987875fe-0dae-42ac-be5b-62cf0bd5d65e/nomination-district/66e2f021-2abb-4a2c-ad71-afa4aa2069ec,Kegnæs,https://valg.dk/fv/987875fe-0dae-42ac-be5b-62cf0bd5d65e/nomination-district/66e2f021-2abb-4a2c-ad71-afa4aa2069ec/polling-district/adee74da-5c91-4ee8-87e8-5d04ea6ad960
Sønderborgkredsen,https://valg.dk/fv/987875fe-0dae-42ac-be5b-62cf0bd5d65e/nomination-district/66e2f021-2abb-4a2c-ad71-afa4aa2069ec,"Kongevej, Sønderborg",https://valg.dk/fv/987875fe-0dae-42ac-be5b-62cf0bd5d65e/nomination-district/66e2f021-2abb-4a2c-ad71-afa4aa2069ec/polling-district/c3a1c8b5-bf33-4e86-ac8b-d128690474e1
Sønderborgkredsen,https://valg.dk/fv/987875fe-0dae-42ac-be5b-62cf0bd5d65e/nomination-district/66e2f021-2abb-4a2c-ad71-afa4aa2069ec,Kværs,https://valg.dk/fv/987875fe-0dae-42ac-be5b-62cf0bd5d65e/nomination-district/66e2f021-2abb-4a2c-ad71-afa4aa2069ec/polling-district/c032ffec-b8e2-4ff9-866e-37a23ceecd9b
Sønderborgkredsen,https://valg.dk/fv/987875fe-0dae-42ac-be5b-62cf0bd5d65e/nomination-district/66e2f021-2abb-4a2c-ad71-afa4aa2069ec,Nordborg,https://valg.dk/fv/987875fe-0dae-42ac-be5b-62cf0bd5d65e/nomination-district/66e2f021-2abb-4a2c-ad71-afa4aa2069ec/polling-district/dd829e41-c1eb-494f-b9a5-d2f8d1684025
Sønderborgkredsen,https://valg.dk/fv/987875fe-0dae-42ac-be5b-62cf0bd5d65e/nomination-district/66e2f021-2abb-4a2c-ad71-afa4aa2069ec,Sydals,https://valg.dk/fv/987875fe-0dae-42ac-be5b-62cf0bd5d65e/nomination-district/66e2f021-2abb-4a2c-ad71-afa4aa2069ec/polling-district/f741c16b-603c-4672-a17b-e7aa4a1ede72
Sønderborgkredsen,https://valg.dk/fv/987875fe-0dae-42ac-be5b-62cf0bd5d65e/nomination-district/66e2f021-2abb-4a2c-ad71-afa4aa2069ec,"Sønderskov, Sønderborg",https://valg.dk/fv/987875fe-0dae-42ac-be5b-62cf0bd5d65e/nomination-district/66e2f021-2abb-4a2c-ad71-afa4aa2069ec/polling-district/73f94cfb-5d7a-4234-8498-d4049df0b828
Sønderborgkredsen,https://valg.dk/fv/987875fe-0dae-42ac-be5b-62cf0bd5d65e/nomination-district/66e2f021-2abb-4a2c-ad71-afa4aa2069ec,Ullerup,https://valg.dk/fv/987875fe-0dae-42ac-be5b-62cf0bd5d65e/nomination-district/66e2f021-2abb-4a2c-ad71-afa4aa2069ec/polling-district/10007ac4-8ee8-4909-82de-1c6f924c72ca
Sønderborgkredsen,https://valg.dk/fv/987875fe-0dae-42ac-be5b-62cf0bd5d65e/nomination-district/66e2f021-2abb-4a2c-ad71-afa4aa2069ec,Vester Sottrup,https://valg.dk/fv/987875fe-0dae-42ac-be5b-62cf0bd5d65e/nomination-district/66e2f021-2abb-4a2c-ad71-afa4aa2069ec/polling-district/ab8f61a6-1951-40ba-b745-6e454659b5bd
Taastrupkredsen,https://valg.dk/fv/987875fe-0dae-42ac-be5b-62cf0bd5d65e/nomination-district/1360c3a8-feac-4891-b335-0fb534628752,Charlotteskolen,https://valg.dk/fv/987875fe-0dae-42ac-be5b-62cf0bd5d65e/nomination-district/1360c3a8-feac-4891-b335-0fb534628752/polling-district/aaf9f173-d764-45ab-ab06-e408aebb03a0
Taastrupkredsen,https://valg.dk/fv/987875fe-0dae-42ac-be5b-62cf0bd5d65e/nomination-district/1360c3a8-feac-4891-b335-0fb534628752,Egelundskolen,https://valg.dk/fv/987875fe-0dae-42ac-be5b-62cf0bd5d65e/nomination-district/1360c3a8-feac-4891-b335-0fb534628752/polling-district/ca501606-c021-4065-92e4-b3ff5a8401fb
Taastrupkredsen,https://valg.dk/fv/987875fe-0dae-42ac-be5b-62cf0bd5d65e/nomination-district/1360c3a8-feac-4891-b335-0fb534628752,Fløng Hallen,https://valg.dk/fv/987875fe-0dae-42ac-be5b-62cf0bd5d65e/nomination-district/1360c3a8-feac-4891-b335-0fb534628752/polling-district/bc603dcf-ea6d-4fe2-9e3e-15021b32f6da
Taastrupkredsen,https://valg.dk/fv/987875fe-0dae-42ac-be5b-62cf0bd5d65e/nomination-district/1360c3a8-feac-4891-b335-0fb534628752,Hallen ved Rønnevangsstrøget,https://valg.dk/fv/987875fe-0dae-42ac-be5b-62cf0bd5d65e/nomination-district/1360c3a8-feac-4891-b335-0fb534628752/polling-district/907fcc89-1222-4d5e-9b4e-d5df39703352
Taastrupkredsen,https://valg.dk/fv/987875fe-0dae-42ac-be5b-62cf0bd5d65e/nomination-district/1360c3a8-feac-4891-b335-0fb534628752,Herstedlund Skole,https://valg.dk/fv/987875fe-0dae-42ac-be5b-62cf0bd5d65e/nomination-district/1360c3a8-feac-4891-b335-0fb534628752/polling-district/619c0ca1-8b14-430f-ba0d-06d824148911
Taastrupkredsen,https://valg.dk/fv/987875fe-0dae-42ac-be5b-62cf0bd5d65e/nomination-district/1360c3a8-feac-4891-b335-0fb534628752,Herstedvester Skole,https://valg.dk/fv/987875fe-0dae-42ac-be5b-62cf0bd5d65e/nomination-district/1360c3a8-feac-4891-b335-0fb534628752/polling-district/082ba71a-9ae5-49e5-bef7-d164d8243003
Taastrupkredsen,https://valg.dk/fv/987875fe-0dae-42ac-be5b-62cf0bd5d65e/nomination-district/1360c3a8-feac-4891-b335-0fb534628752,Herstedøster Skole,https://valg.dk/fv/987875fe-0dae-42ac-be5b-62cf0bd5d65e/nomination-district/1360c3a8-feac-4891-b335-0fb534628752/polling-district/463be9c5-8dc6-4c07-9ea9-f2a2803ba1fc
Taastrupkredsen,https://valg.dk/fv/987875fe-0dae-42ac-be5b-62cf0bd5d65e/nomination-district/1360c3a8-feac-4891-b335-0fb534628752,Kongsholmcenteret,https://valg.dk/fv/987875fe-0dae-42ac-be5b-62cf0bd5d65e/nomination-district/1360c3a8-feac-4891-b335-0fb534628752/polling-district/0b10263b-7c80-4795-9a59-ccf3423da1d2
Taastrupkredsen,https://valg.dk/fv/987875fe-0dae-42ac-be5b-62cf0bd5d65e/nomination-district/1360c3a8-feac-4891-b335-0fb534628752,Ole Rømer-Skolen,https://valg.dk/fv/987875fe-0dae-42ac-be5b-62cf0bd5d65e/nomination-district/1360c3a8-feac-4891-b335-0fb534628752/polling-district/03053e5f-219b-4640-8724-e1c6ad61201b
Taastrupkredsen,https://valg.dk/fv/987875fe-0dae-42ac-be5b-62cf0bd5d65e/nomination-district/1360c3a8-feac-4891-b335-0fb534628752,Parkskolen,https://valg.dk/fv/987875fe-0dae-42ac-be5b-62cf0bd5d65e/nomination-district/1360c3a8-feac-4891-b335-0fb534628752/polling-district/00e8c9e9-bd6e-4bc6-9406-a99c9239b874
Taastrupkredsen,https://valg.dk/fv/987875fe-0dae-42ac-be5b-62cf0bd5d65e/nomination-district/1360c3a8-feac-4891-b335-0fb534628752,Reerslev Skole,https://valg.dk/fv/987875fe-0dae-42ac-be5b-62cf0bd5d65e/nomination-district/1360c3a8-feac-4891-b335-0fb534628752/polling-district/ab8f9f43-0bf3-4f72-a921-c1f9e5d4aa4d
Taastrupkredsen,https://valg.dk/fv/987875fe-0dae-42ac-be5b-62cf0bd5d65e/nomination-district/1360c3a8-feac-4891-b335-0fb534628752,Rådhuset,https://valg.dk/fv/987875fe-0dae-42ac-be5b-62cf0bd5d65e/nomination-district/1360c3a8-feac-4891-b335-0fb534628752/polling-district/23f0eef9-beab-4d7b-90cd-bb1e7cdac3a3
Taastrupkredsen,https://valg.dk/fv/987875fe-0dae-42ac-be5b-62cf0bd5d65e/nomination-district/1360c3a8-feac-4891-b335-0fb534628752,Sengeløse,https://valg.dk/fv/987875fe-0dae-42ac-be5b-62cf0bd5d65e/nomination-district/1360c3a8-feac-4891-b335-0fb534628752/polling-district/04287175-6ac8-4840-a22e-315255bee057
Taastrupkredsen,https://valg.dk/fv/987875fe-0dae-42ac-be5b-62cf0bd5d65e/nomination-district/1360c3a8-feac-4891-b335-0fb534628752,Taastrup Kulturcenter,https://valg.dk/fv/987875fe-0dae-42ac-be5b-62cf0bd5d65e/nomination-district/1360c3a8-feac-4891-b335-0fb534628752/polling-district/60030900-39cc-4b24-906f-c605c39ff161
Taastrupkredsen,https://valg.dk/fv/987875fe-0dae-42ac-be5b-62cf0bd5d65e/nomination-district/1360c3a8-feac-4891-b335-0fb534628752,Torstorp Skole,https://valg.dk/fv/987875fe-0dae-42ac-be5b-62cf0bd5d65e/nomination-district/1360c3a8-feac-4891-b335-0fb534628752/polling-district/99975095-a6d1-4ba0-baca-6a68ce599af6
Thistedkredsen,https://valg.dk/fv/987875fe-0dae-42ac-be5b-62cf0bd5d65e/nomination-district/f1575399-2736-4a05-b7dc-c5285460aab1,Bedsted,https://valg.dk/fv/987875fe-0dae-42ac-be5b-62cf0bd5d65e/nomination-district/f1575399-2736-4a05-b7dc-c5285460aab1/polling-district/553acf43-92db-45af-9698-357e66221c7f
Thistedkredsen,https://valg.dk/fv/987875fe-0dae-42ac-be5b-62cf0bd5d65e/nomination-district/f1575399-2736-4a05-b7dc-c5285460aab1,Frøstrup,https://valg.dk/fv/987875fe-0dae-42ac-be5b-62cf0bd5d65e/nomination-district/f1575399-2736-4a05-b7dc-c5285460aab1/polling-district/9ba97c15-4fbe-4f7c-b074-aeea1efba61f
Thistedkredsen,https://valg.dk/fv/987875fe-0dae-42ac-be5b-62cf0bd5d65e/nomination-district/f1575399-2736-4a05-b7dc-c5285460aab1,Hanstholm,https://valg.dk/fv/987875fe-0dae-42ac-be5b-62cf0bd5d65e/nomination-district/f1575399-2736-4a05-b7dc-c5285460aab1/polling-district/37d22f01-6982-41f2-a1fe-95a915736f7b
Thistedkredsen,https://valg.dk/fv/987875fe-0dae-42ac-be5b-62cf0bd5d65e/nomination-district/f1575399-2736-4a05-b7dc-c5285460aab1,Hurup,https://valg.dk/fv/987875fe-0dae-42ac-be5b-62cf0bd5d65e/nomination-district/f1575399-2736-4a05-b7dc-c5285460aab1/polling-district/43322bab-faa3-45c3-a062-503ed69dc3d0
Thistedkredsen,https://valg.dk/fv/987875fe-0dae-42ac-be5b-62cf0bd5d65e/nomination-district/f1575399-2736-4a05-b7dc-c5285460aab1,Klitmøller,https://valg.dk/fv/987875fe-0dae-42ac-be5b-62cf0bd5d65e/nomination-district/f1575399-2736-4a05-b7dc-c5285460aab1/polling-district/5baec48f-5e12-4c89-b88b-730121fa1917
Thistedkredsen,https://valg.dk/fv/987875fe-0dae-42ac-be5b-62cf0bd5d65e/nomination-district/f1575399-2736-4a05-b7dc-c5285460aab1,Koldby,https://valg.dk/fv/987875fe-0dae-42ac-be5b-62cf0bd5d65e/nomination-district/f1575399-2736-4a05-b7dc-c5285460aab1/polling-district/50992e03-928a-4143-b07a-6c49bb90610f
Thistedkredsen,https://valg.dk/fv/987875fe-0dae-42ac-be5b-62cf0bd5d65e/nomination-district/f1575399-2736-4a05-b7dc-c5285460aab1,Midtmors,https://valg.dk/fv/987875fe-0dae-42ac-be5b-62cf0bd5d65e/nomination-district/f1575399-2736-4a05-b7dc-c5285460aab1/polling-district/c1eae79c-4195-4021-bda4-d9d5f91d3b21
Thistedkredsen,https://valg.dk/fv/987875fe-0dae-42ac-be5b-62cf0bd5d65e/nomination-district/f1575399-2736-4a05-b7dc-c5285460aab1,Nordmors,https://valg.dk/fv/987875fe-0dae-42ac-be5b-62cf0bd5d65e/nomination-district/f1575399-2736-4a05-b7dc-c5285460aab1/polling-district/64da85f7-6603-47d7-8c9f-e7894703533e
Thistedkredsen,https://valg.dk/fv/987875fe-0dae-42ac-be5b-62cf0bd5d65e/nomination-district/f1575399-2736-4a05-b7dc-c5285460aab1,Nors,https://valg.dk/fv/987875fe-0dae-42ac-be5b-62cf0bd5d65e/nomination-district/f1575399-2736-4a05-b7dc-c5285460aab1/polling-district/df9fd405-d904-45c6-a4fb-2a75d350f402
Thistedkredsen,https://valg.dk/fv/987875fe-0dae-42ac-be5b-62cf0bd5d65e/nomination-district/f1575399-2736-4a05-b7dc-c5285460aab1,Nykøbing,https://valg.dk/fv/987875fe-0dae-42ac-be5b-62cf0bd5d65e/nomination-district/f1575399-2736-4a05-b7dc-c5285460aab1/polling-district/8a967619-f187-42c9-83f3-fa9c240fa746
Thistedkredsen,https://valg.dk/fv/987875fe-0dae-42ac-be5b-62cf0bd5d65e/nomination-district/f1575399-2736-4a05-b7dc-c5285460aab1,Sennels,https://valg.dk/fv/987875fe-0dae-42ac-be5b-62cf0bd5d65e/nomination-district/f1575399-2736-4a05-b7dc-c5285460aab1/polling-district/e4226079-784b-497c-aa23-9d6c536a35e2
Thistedkredsen,https://valg.dk/fv/987875fe-0dae-42ac-be5b-62cf0bd5d65e/nomination-district/f1575399-2736-4a05-b7dc-c5285460aab1,Sjørring,https://valg.dk/fv/987875fe-0dae-42ac-be5b-62cf0bd5d65e/nomination-district/f1575399-2736-4a05-b7dc-c5285460aab1/polling-district/78fbb5a4-ce5f-49c9-915e-171bc46c81a4
Thistedkredsen,https://valg.dk/fv/987875fe-0dae-42ac-be5b-62cf0bd5d65e/nomination-district/f1575399-2736-4a05-b7dc-c5285460aab1,Snedsted,https://valg.dk/fv/987875fe-0dae-42ac-be5b-62cf0bd5d65e/nomination-district/f1575399-2736-4a05-b7dc-c5285460aab1/polling-district/a649bb01-e751-4d36-a411-99a53ef52c8c
Thistedkredsen,https://valg.dk/fv/987875fe-0dae-42ac-be5b-62cf0bd5d65e/nomination-district/f1575399-2736-4a05-b7dc-c5285460aab1,Sydmors,https://valg.dk/fv/987875fe-0dae-42ac-be5b-62cf0bd5d65e/nomination-district/f1575399-2736-4a05-b7dc-c5285460aab1/polling-district/27e59040-5b25-461b-b1af-c2dcf05372ef
Thistedkredsen,https://valg.dk/fv/987875fe-0dae-42ac-be5b-62cf0bd5d65e/nomination-district/f1575399-2736-4a05-b7dc-c5285460aab1,Sydvestmors,https://valg.dk/fv/987875fe-0dae-42ac-be5b-62cf0bd5d65e/nomination-district/f1575399-2736-4a05-b7dc-c5285460aab1/polling-district/d6c88600-a54b-409e-ba88-7b2142beee5b
Thistedkredsen,https://valg.dk/fv/987875fe-0dae-42ac-be5b-62cf0bd5d65e/nomination-district/f1575399-2736-4a05-b7dc-c5285460aab1,Thisted,https://valg.dk/fv/987875fe-0dae-42ac-be5b-62cf0bd5d65e/nomination-district/f1575399-2736-4a05-b7dc-c5285460aab1/polling-district/cc7a1386-499b-4745-bb03-67b062f07469
Thistedkredsen,https://valg.dk/fv/987875fe-0dae-42ac-be5b-62cf0bd5d65e/nomination-district/f1575399-2736-4a05-b7dc-c5285460aab1,Vesløs,https://valg.dk/fv/987875fe-0dae-42ac-be5b-62cf0bd5d65e/nomination-district/f1575399-2736-4a05-b7dc-c5285460aab1/polling-district/1ba8e1f0-71fc-4831-890b-23b795b9a51f
Thistedkredsen,https://valg.dk/fv/987875fe-0dae-42ac-be5b-62cf0bd5d65e/nomination-district/f1575399-2736-4a05-b7dc-c5285460aab1,Vestervig,https://valg.dk/fv/987875fe-0dae-42ac-be5b-62cf0bd5d65e/nomination-district/f1575399-2736-4a05-b7dc-c5285460aab1/polling-district/5bc0e58a-3015-4d19-80ff-1228ce7e30a6
Thistedkredsen,https://valg.dk/fv/987875fe-0dae-42ac-be5b-62cf0bd5d65e/nomination-district/f1575399-2736-4a05-b7dc-c5285460aab1,Vorupør,https://valg.dk/fv/987875fe-0dae-42ac-be5b-62cf0bd5d65e/nomination-district/f1575399-2736-4a05-b7dc-c5285460aab1/polling-district/2f58d335-c761-4268-86a3-39c692da7d61
Thistedkredsen,https://valg.dk/fv/987875fe-0dae-42ac-be5b-62cf0bd5d65e/nomination-district/f1575399-2736-4a05-b7dc-c5285460aab1,Østerild,https://valg.dk/fv/987875fe-0dae-42ac-be5b-62cf0bd5d65e/nomination-district/f1575399-2736-4a05-b7dc-c5285460aab1/polling-district/0ef5fbe1-d68c-42d1-86ad-916fe0fe13bd
Tårnbykredsen,https://valg.dk/fv/987875fe-0dae-42ac-be5b-62cf0bd5d65e/nomination-district/913579ee-c1a4-4202-9c25-5f46658bccdd,Dragør Skole,https://valg.dk/fv/987875fe-0dae-42ac-be5b-62cf0bd5d65e/nomination-district/913579ee-c1a4-4202-9c25-5f46658bccdd/polling-district/044aea8e-035e-4383-8a74-1abe953b4b28
Tårnbykredsen,https://valg.dk/fv/987875fe-0dae-42ac-be5b-62cf0bd5d65e/nomination-district/913579ee-c1a4-4202-9c25-5f46658bccdd,Hollænderhallen,https://valg.dk/fv/987875fe-0dae-42ac-be5b-62cf0bd5d65e/nomination-district/913579ee-c1a4-4202-9c25-5f46658bccdd/polling-district/6065068a-8fc8-4b5d-b80d-362075112e35
Tårnbykredsen,https://valg.dk/fv/987875fe-0dae-42ac-be5b-62cf0bd5d65e/nomination-district/913579ee-c1a4-4202-9c25-5f46658bccdd,Kastrup,https://valg.dk/fv/987875fe-0dae-42ac-be5b-62cf0bd5d65e/nomination-district/913579ee-c1a4-4202-9c25-5f46658bccdd/polling-district/707bd929-5d30-4ae9-a6af-919e3e8de6d7
Tårnbykredsen,https://valg.dk/fv/987875fe-0dae-42ac-be5b-62cf0bd5d65e/nomination-district/913579ee-c1a4-4202-9c25-5f46658bccdd,Korsvejen,https://valg.dk/fv/987875fe-0dae-42ac-be5b-62cf0bd5d65e/nomination-district/913579ee-c1a4-4202-9c25-5f46658bccdd/polling-district/e7f11a48-2a58-463b-ac64-d08c304f541d
Tårnbykredsen,https://valg.dk/fv/987875fe-0dae-42ac-be5b-62cf0bd5d65e/nomination-district/913579ee-c1a4-4202-9c25-5f46658bccdd,Løjtegården,https://valg.dk/fv/987875fe-0dae-42ac-be5b-62cf0bd5d65e/nomination-district/913579ee-c1a4-4202-9c25-5f46658bccdd/polling-district/e12c76f3-76c5-4371-8d5d-a10a33b96a57
Tårnbykredsen,https://valg.dk/fv/987875fe-0dae-42ac-be5b-62cf0bd5d65e/nomination-district/913579ee-c1a4-4202-9c25-5f46658bccdd,Pilegården,https://valg.dk/fv/987875fe-0dae-42ac-be5b-62cf0bd5d65e/nomination-district/913579ee-c1a4-4202-9c25-5f46658bccdd/polling-district/f3d4c1a4-9741-4fca-9680-86f7b3e2715a
Tårnbykredsen,https://valg.dk/fv/987875fe-0dae-42ac-be5b-62cf0bd5d65e/nomination-district/913579ee-c1a4-4202-9c25-5f46658bccdd,Tårnby,https://valg.dk/fv/987875fe-0dae-42ac-be5b-62cf0bd5d65e/nomination-district/913579ee-c1a4-4202-9c25-5f46658bccdd/polling-district/0b219c21-d112-425f-805a-a88f9ff10e1e
Tårnbykredsen,https://valg.dk/fv/987875fe-0dae-42ac-be5b-62cf0bd5d65e/nomination-district/913579ee-c1a4-4202-9c25-5f46658bccdd,Vestamager,https://valg.dk/fv/987875fe-0dae-42ac-be5b-62cf0bd5d65e/nomination-district/913579ee-c1a4-4202-9c25-5f46658bccdd/polling-district/f760f8d2-4d6e-42b0-a801-7d31047ffd16
Tønderkredsen,https://valg.dk/fv/987875fe-0dae-42ac-be5b-62cf0bd5d65e/nomination-district/a7355927-3fe1-4e57-9830-d7239a8f06ca,Abild,https://valg.dk/fv/987875fe-0dae-42ac-be5b-62cf0bd5d65e/nomination-district/a7355927-3fe1-4e57-9830-d7239a8f06ca/polling-district/67a07a86-7b54-4829-9e92-8e673effe55c
Tønderkredsen,https://valg.dk/fv/987875fe-0dae-42ac-be5b-62cf0bd5d65e/nomination-district/a7355927-3fe1-4e57-9830-d7239a8f06ca,Agerskov,https://valg.dk/fv/987875fe-0dae-42ac-be5b-62cf0bd5d65e/nomination-district/a7355927-3fe1-4e57-9830-d7239a8f06ca/polling-district/d0f6cf9a-bc03-41d0-87e4-7de5badfe111
Tønderkredsen,https://valg.dk/fv/987875fe-0dae-42ac-be5b-62cf0bd5d65e/nomination-district/a7355927-3fe1-4e57-9830-d7239a8f06ca,Arrild,https://valg.dk/fv/987875fe-0dae-42ac-be5b-62cf0bd5d65e/nomination-district/a7355927-3fe1-4e57-9830-d7239a8f06ca/polling-district/c8696e2f-ac82-4395-80b7-bcc6e730d36d
Tønderkredsen,https://valg.dk/fv/987875fe-0dae-42ac-be5b-62cf0bd5d65e/nomination-district/a7355927-3fe1-4e57-9830-d7239a8f06ca,Ballum,https://valg.dk/fv/987875fe-0dae-42ac-be5b-62cf0bd5d65e/nomination-district/a7355927-3fe1-4e57-9830-d7239a8f06ca/polling-district/b2176b33-f5a1-483f-8d09-35c9c847c24b
Tønderkredsen,https://valg.dk/fv/987875fe-0dae-42ac-be5b-62cf0bd5d65e/nomination-district/a7355927-3fe1-4e57-9830-d7239a8f06ca,Bedsted,https://valg.dk/fv/987875fe-0dae-42ac-be5b-62cf0bd5d65e/nomination-district/a7355927-3fe1-4e57-9830-d7239a8f06ca/polling-district/cdf901d8-28eb-483d-8402-fb6b6ed1cf92
Tønderkredsen,https://valg.dk/fv/987875fe-0dae-42ac-be5b-62cf0bd5d65e/nomination-district/a7355927-3fe1-4e57-9830-d7239a8f06ca,Branderup,https://valg.dk/fv/987875fe-0dae-42ac-be5b-62cf0bd5d65e/nomination-district/a7355927-3fe1-4e57-9830-d7239a8f06ca/polling-district/250e8746-47b2-4d94-ac56-d115db1b00db
Tønderkredsen,https://valg.dk/fv/987875fe-0dae-42ac-be5b-62cf0bd5d65e/nomination-district/a7355927-3fe1-4e57-9830-d7239a8f06ca,Bredebro,https://valg.dk/fv/987875fe-0dae-42ac-be5b-62cf0bd5d65e/nomination-district/a7355927-3fe1-4e57-9830-d7239a8f06ca/polling-district/e5d89a14-1569-4c13-a20d-fb17733efe09
Tønderkredsen,https://valg.dk/fv/987875fe-0dae-42ac-be5b-62cf0bd5d65e/nomination-district/a7355927-3fe1-4e57-9830-d7239a8f06ca,Brøns,https://valg.dk/fv/987875fe-0dae-42ac-be5b-62cf0bd5d65e/nomination-district/a7355927-3fe1-4e57-9830-d7239a8f06ca/polling-district/05f21e42-52d0-4c7f-88f6-60b8fd87485e
Tønderkredsen,https://valg.dk/fv/987875fe-0dae-42ac-be5b-62cf0bd5d65e/nomination-district/a7355927-3fe1-4e57-9830-d7239a8f06ca,Døstrup,https://valg.dk/fv/987875fe-0dae-42ac-be5b-62cf0bd5d65e/nomination-district/a7355927-3fe1-4e57-9830-d7239a8f06ca/polling-district/ef82bcda-94c1-4be1-a720-ca70cf1a7495
Tønderkredsen,https://valg.dk/fv/987875fe-0dae-42ac-be5b-62cf0bd5d65e/nomination-district/a7355927-3fe1-4e57-9830-d7239a8f06ca,Hostrup,https://valg.dk/fv/987875fe-0dae-42ac-be5b-62cf0bd5d65e/nomination-district/a7355927-3fe1-4e57-9830-d7239a8f06ca/polling-district/28a2e174-ebdc-4ddf-bedf-da3823353f2f
Tønderkredsen,https://valg.dk/fv/987875fe-0dae-42ac-be5b-62cf0bd5d65e/nomination-district/a7355927-3fe1-4e57-9830-d7239a8f06ca,Højer,https://valg.dk/fv/987875fe-0dae-42ac-be5b-62cf0bd5d65e/nomination-district/a7355927-3fe1-4e57-9830-d7239a8f06ca/polling-district/a060da49-8929-4069-ba7d-d1418ee9c5f8
Tønderkredsen,https://valg.dk/fv/987875fe-0dae-42ac-be5b-62cf0bd5d65e/nomination-district/a7355927-3fe1-4e57-9830-d7239a8f06ca,Løgumkloster,https://valg.dk/fv/987875fe-0dae-42ac-be5b-62cf0bd5d65e/nomination-district/a7355927-3fe1-4e57-9830-d7239a8f06ca/polling-district/c6aed895-b174-4b63-9065-93d8ad771fba
Tønderkredsen,https://valg.dk/fv/987875fe-0dae-42ac-be5b-62cf0bd5d65e/nomination-district/a7355927-3fe1-4e57-9830-d7239a8f06ca,Møgeltønder,https://valg.dk/fv/987875fe-0dae-42ac-be5b-62cf0bd5d65e/nomination-district/a7355927-3fe1-4e57-9830-d7239a8f06ca/polling-district/dd0f10aa-1eb0-4ce8-97d8-7e24af035dd1
Tønderkredsen,https://valg.dk/fv/987875fe-0dae-42ac-be5b-62cf0bd5d65e/nomination-district/a7355927-3fe1-4e57-9830-d7239a8f06ca,Nr. Løgum,https://valg.dk/fv/987875fe-0dae-42ac-be5b-62cf0bd5d65e/nomination-district/a7355927-3fe1-4e57-9830-d7239a8f06ca/polling-district/cebc31d4-3113-4c25-a362-e4e93899c1c9
Tønderkredsen,https://valg.dk/fv/987875fe-0dae-42ac-be5b-62cf0bd5d65e/nomination-district/a7355927-3fe1-4e57-9830-d7239a8f06ca,Rømø,https://valg.dk/fv/987875fe-0dae-42ac-be5b-62cf0bd5d65e/nomination-district/a7355927-3fe1-4e57-9830-d7239a8f06ca/polling-district/c8089bfb-c308-476b-92e4-b8ea0db9409c
Tønderkredsen,https://valg.dk/fv/987875fe-0dae-42ac-be5b-62cf0bd5d65e/nomination-district/a7355927-3fe1-4e57-9830-d7239a8f06ca,Sdr. Sejerslev,https://valg.dk/fv/987875fe-0dae-42ac-be5b-62cf0bd5d65e/nomination-district/a7355927-3fe1-4e57-9830-d7239a8f06ca/polling-district/78ba7e72-23c1-401f-9ff4-3da715cce2ab
Tønderkredsen,https://valg.dk/fv/987875fe-0dae-42ac-be5b-62cf0bd5d65e/nomination-district/a7355927-3fe1-4e57-9830-d7239a8f06ca,Skærbæk,https://valg.dk/fv/987875fe-0dae-42ac-be5b-62cf0bd5d65e/nomination-district/a7355927-3fe1-4e57-9830-d7239a8f06ca/polling-district/3948e9fe-c058-4d19-b1f8-ce0a78b08edd
Tønderkredsen,https://valg.dk/fv/987875fe-0dae-42ac-be5b-62cf0bd5d65e/nomination-district/a7355927-3fe1-4e57-9830-d7239a8f06ca,Toftlund,https://valg.dk/fv/987875fe-0dae-42ac-be5b-62cf0bd5d65e/nomination-district/a7355927-3fe1-4e57-9830-d7239a8f06ca/polling-district/32d9069b-508c-4a6e-bfe7-6d1510d9669e
Tønderkredsen,https://valg.dk/fv/987875fe-0dae-42ac-be5b-62cf0bd5d65e/nomination-district/a7355927-3fe1-4e57-9830-d7239a8f06ca,Tønder,https://valg.dk/fv/987875fe-0dae-42ac-be5b-62cf0bd5d65e/nomination-district/a7355927-3fe1-4e57-9830-d7239a8f06ca/polling-district/86d04a10-deea-4d8a-8ac1-d2e28f54163e
Tønderkredsen,https://valg.dk/fv/987875fe-0dae-42ac-be5b-62cf0bd5d65e/nomination-district/a7355927-3fe1-4e57-9830-d7239a8f06ca,Visby,https://valg.dk/fv/987875fe-0dae-42ac-be5b-62cf0bd5d65e/nomination-district/a7355927-3fe1-4e57-9830-d7239a8f06ca/polling-district/e3f3b1ae-e98e-44d7-bde5-bf9c62c0acc6
Tønderkredsen,https://valg.dk/fv/987875fe-0dae-42ac-be5b-62cf0bd5d65e/nomination-district/a7355927-3fe1-4e57-9830-d7239a8f06ca,Vodder,https://valg.dk/fv/987875fe-0dae-42ac-be5b-62cf0bd5d65e/nomination-district/a7355927-3fe1-4e57-9830-d7239a8f06ca/polling-district/e476bf0b-236f-424f-a357-4043ebf2ab4b
Tønderkredsen,https://valg.dk/fv/987875fe-0dae-42ac-be5b-62cf0bd5d65e/nomination-district/a7355927-3fe1-4e57-9830-d7239a8f06ca,Øster Højst,https://valg.dk/fv/987875fe-0dae-42ac-be5b-62cf0bd5d65e/nomination-district/a7355927-3fe1-4e57-9830-d7239a8f06ca/polling-district/89e23c16-d71e-42ba-91af-af82bef134aa
Valbykredsen,https://valg.dk/fv/987875fe-0dae-42ac-be5b-62cf0bd5d65e/nomination-district/1dbd31eb-a584-4dbb-a551-63760f58351b,8. Midt,https://valg.dk/fv/987875fe-0dae-42ac-be5b-62cf0bd5d65e/nomination-district/1dbd31eb-a584-4dbb-a551-63760f58351b/polling-district/790b6e96-d538-4f68-a113-7af946969f90
Valbykredsen,https://valg.dk/fv/987875fe-0dae-42ac-be5b-62cf0bd5d65e/nomination-district/1dbd31eb-a584-4dbb-a551-63760f58351b,8. Nord,https://valg.dk/fv/987875fe-0dae-42ac-be5b-62cf0bd5d65e/nomination-district/1dbd31eb-a584-4dbb-a551-63760f58351b/polling-district/e4260702-b8b9-477b-93a4-db17b544e713
Valbykredsen,https://valg.dk/fv/987875fe-0dae-42ac-be5b-62cf0bd5d65e/nomination-district/1dbd31eb-a584-4dbb-a551-63760f58351b,8. Syd,https://valg.dk/fv/987875fe-0dae-42ac-be5b-62cf0bd5d65e/nomination-district/1dbd31eb-a584-4dbb-a551-63760f58351b/polling-district/a3970974-0572-4dcb-8401-140753868c5b
Valbykredsen,https://valg.dk/fv/987875fe-0dae-42ac-be5b-62cf0bd5d65e/nomination-district/1dbd31eb-a584-4dbb-a551-63760f58351b,8. Sydøst,https://valg.dk/fv/987875fe-0dae-42ac-be5b-62cf0bd5d65e/nomination-district/1dbd31eb-a584-4dbb-a551-63760f58351b/polling-district/703c5822-0217-43c0-b38e-2abea7127125
Valbykredsen,https://valg.dk/fv/987875fe-0dae-42ac-be5b-62cf0bd5d65e/nomination-district/1dbd31eb-a584-4dbb-a551-63760f58351b,8. Valby,https://valg.dk/fv/987875fe-0dae-42ac-be5b-62cf0bd5d65e/nomination-district/1dbd31eb-a584-4dbb-a551-63760f58351b/polling-district/b6584aff-cc8a-4ac0-a421-9346abd89ec7
Valbykredsen,https://valg.dk/fv/987875fe-0dae-42ac-be5b-62cf0bd5d65e/nomination-district/1dbd31eb-a584-4dbb-a551-63760f58351b,8. Vest,https://valg.dk/fv/987875fe-0dae-42ac-be5b-62cf0bd5d65e/nomination-district/1dbd31eb-a584-4dbb-a551-63760f58351b/polling-district/437a4f50-5592-405b-b7ed-84ba77c750e9
Vardekredsen,https://valg.dk/fv/987875fe-0dae-42ac-be5b-62cf0bd5d65e/nomination-district/5947e1e5-9a46-40e3-8482-364201e424ba,Agerbæk,https://valg.dk/fv/987875fe-0dae-42ac-be5b-62cf0bd5d65e/nomination-district/5947e1e5-9a46-40e3-8482-364201e424ba/polling-district/f645a007-a324-4afe-8087-9ebfd1b4ae2a
Vardekredsen,https://valg.dk/fv/987875fe-0dae-42ac-be5b-62cf0bd5d65e/nomination-district/5947e1e5-9a46-40e3-8482-364201e424ba,Alslev,https://valg.dk/fv/987875fe-0dae-42ac-be5b-62cf0bd5d65e/nomination-district/5947e1e5-9a46-40e3-8482-364201e424ba/polling-district/3d41e81b-ff0c-44a8-b635-acb26f2fe863
Vardekredsen,https://valg.dk/fv/987875fe-0dae-42ac-be5b-62cf0bd5d65e/nomination-district/5947e1e5-9a46-40e3-8482-364201e424ba,Ansager,https://valg.dk/fv/987875fe-0dae-42ac-be5b-62cf0bd5d65e/nomination-district/5947e1e5-9a46-40e3-8482-364201e424ba/polling-district/be202849-93e8-40f6-ada4-a59c1e667e17
Vardekredsen,https://valg.dk/fv/987875fe-0dae-42ac-be5b-62cf0bd5d65e/nomination-district/5947e1e5-9a46-40e3-8482-364201e424ba,Billum,https://valg.dk/fv/987875fe-0dae-42ac-be5b-62cf0bd5d65e/nomination-district/5947e1e5-9a46-40e3-8482-364201e424ba/polling-district/8fc72f86-3250-4c9b-8b79-79f2f20edecb
Vardekredsen,https://valg.dk/fv/987875fe-0dae-42ac-be5b-62cf0bd5d65e/nomination-district/5947e1e5-9a46-40e3-8482-364201e424ba,Blåvand,https://valg.dk/fv/987875fe-0dae-42ac-be5b-62cf0bd5d65e/nomination-district/5947e1e5-9a46-40e3-8482-364201e424ba/polling-district/58429561-c36f-4228-8eaa-4cf392cc6492
Vardekredsen,https://valg.dk/fv/987875fe-0dae-42ac-be5b-62cf0bd5d65e/nomination-district/5947e1e5-9a46-40e3-8482-364201e424ba,Fåborg,https://valg.dk/fv/987875fe-0dae-42ac-be5b-62cf0bd5d65e/nomination-district/5947e1e5-9a46-40e3-8482-364201e424ba/polling-district/76b13758-1e4e-4bc3-860f-a6c42c061e83
Vardekredsen,https://valg.dk/fv/987875fe-0dae-42ac-be5b-62cf0bd5d65e/nomination-district/5947e1e5-9a46-40e3-8482-364201e424ba,Henne,https://valg.dk/fv/987875fe-0dae-42ac-be5b-62cf0bd5d65e/nomination-district/5947e1e5-9a46-40e3-8482-364201e424ba/polling-district/728235e3-1851-4612-8de5-8ee4db890731
Vardekredsen,https://valg.dk/fv/987875fe-0dae-42ac-be5b-62cf0bd5d65e/nomination-district/5947e1e5-9a46-40e3-8482-364201e424ba,Horne,https://valg.dk/fv/987875fe-0dae-42ac-be5b-62cf0bd5d65e/nomination-district/5947e1e5-9a46-40e3-8482-364201e424ba/polling-district/c2aeb608-70d9-4aaa-b6ee-98332a0b0072
Vardekredsen,https://valg.dk/fv/987875fe-0dae-42ac-be5b-62cf0bd5d65e/nomination-district/5947e1e5-9a46-40e3-8482-364201e424ba,Janderup,https://valg.dk/fv/987875fe-0dae-42ac-be5b-62cf0bd5d65e/nomination-district/5947e1e5-9a46-40e3-8482-364201e424ba/polling-district/e4365b9b-cce7-4e94-bbce-37621ab76343
Vardekredsen,https://valg.dk/fv/987875fe-0dae-42ac-be5b-62cf0bd5d65e/nomination-district/5947e1e5-9a46-40e3-8482-364201e424ba,Lunde,https://valg.dk/fv/987875fe-0dae-42ac-be5b-62cf0bd5d65e/nomination-district/5947e1e5-9a46-40e3-8482-364201e424ba/polling-district/620382a9-a15c-4a2a-8f01-bde86ec8cac7
Vardekredsen,https://valg.dk/fv/987875fe-0dae-42ac-be5b-62cf0bd5d65e/nomination-district/5947e1e5-9a46-40e3-8482-364201e424ba,Nordenskov,https://valg.dk/fv/987875fe-0dae-42ac-be5b-62cf0bd5d65e/nomination-district/5947e1e5-9a46-40e3-8482-364201e424ba/polling-district/4462bbef-316e-40fc-b27f-28e94e4d2a70
Vardekredsen,https://valg.dk/fv/987875fe-0dae-42ac-be5b-62cf0bd5d65e/nomination-district/5947e1e5-9a46-40e3-8482-364201e424ba,Næsbjerg,https://valg.dk/fv/987875fe-0dae-42ac-be5b-62cf0bd5d65e/nomination-district/5947e1e5-9a46-40e3-8482-364201e424ba/polling-district/a77c5aba-92a1-49e5-b836-ea66d6472a93
Vardekredsen,https://valg.dk/fv/987875fe-0dae-42ac-be5b-62cf0bd5d65e/nomination-district/5947e1e5-9a46-40e3-8482-364201e424ba,Nørre Nebel,https://valg.dk/fv/987875fe-0dae-42ac-be5b-62cf0bd5d65e/nomination-district/5947e1e5-9a46-40e3-8482-364201e424ba/polling-district/c2a9e27e-b455-4161-b9a4-a60a98c00359
Vardekredsen,https://valg.dk/fv/987875fe-0dae-42ac-be5b-62cf0bd5d65e/nomination-district/5947e1e5-9a46-40e3-8482-364201e424ba,Oksbøl,https://valg.dk/fv/987875fe-0dae-42ac-be5b-62cf0bd5d65e/nomination-district/5947e1e5-9a46-40e3-8482-364201e424ba/polling-district/9478ba54-c06e-43fa-b27a-add26e0478d8
Vardekredsen,https://valg.dk/fv/987875fe-0dae-42ac-be5b-62cf0bd5d65e/nomination-district/5947e1e5-9a46-40e3-8482-364201e424ba,Outrup,https://valg.dk/fv/987875fe-0dae-42ac-be5b-62cf0bd5d65e/nomination-district/5947e1e5-9a46-40e3-8482-364201e424ba/polling-district/8e26b4ff-b17f-4672-8599-f73d819a1a9f
Vardekredsen,https://valg.dk/fv/987875fe-0dae-42ac-be5b-62cf0bd5d65e/nomination-district/5947e1e5-9a46-40e3-8482-364201e424ba,Sig,https://valg.dk/fv/987875fe-0dae-42ac-be5b-62cf0bd5d65e/nomination-district/5947e1e5-9a46-40e3-8482-364201e424ba/polling-district/c922af02-1fdd-4cc8-8d49-ac9acd478c9b
Vardekredsen,https://valg.dk/fv/987875fe-0dae-42ac-be5b-62cf0bd5d65e/nomination-district/5947e1e5-9a46-40e3-8482-364201e424ba,Skovlund,https://valg.dk/fv/987875fe-0dae-42ac-be5b-62cf0bd5d65e/nomination-district/5947e1e5-9a46-40e3-8482-364201e424ba/polling-district/73bfda96-975a-4c76-a8ff-3e4da8359ed1
Vardekredsen,https://valg.dk/fv/987875fe-0dae-42ac-be5b-62cf0bd5d65e/nomination-district/5947e1e5-9a46-40e3-8482-364201e424ba,Starup,https://valg.dk/fv/987875fe-0dae-42ac-be5b-62cf0bd5d65e/nomination-district/5947e1e5-9a46-40e3-8482-364201e424ba/polling-district/dc65c357-b571-4b8a-ae82-fc07a908da75
Vardekredsen,https://valg.dk/fv/987875fe-0dae-42ac-be5b-62cf0bd5d65e/nomination-district/5947e1e5-9a46-40e3-8482-364201e424ba,Tinghøj,https://valg.dk/fv/987875fe-0dae-42ac-be5b-62cf0bd5d65e/nomination-district/5947e1e5-9a46-40e3-8482-364201e424ba/polling-district/3525d4c0-b694-4e07-9f98-174ee0a66dd7
Vardekredsen,https://valg.dk/fv/987875fe-0dae-42ac-be5b-62cf0bd5d65e/nomination-district/5947e1e5-9a46-40e3-8482-364201e424ba,Tistrup,https://valg.dk/fv/987875fe-0dae-42ac-be5b-62cf0bd5d65e/nomination-district/5947e1e5-9a46-40e3-8482-364201e424ba/polling-district/c957a2a8-eac3-4a5f-b5cb-f9457a0410ea
Vardekredsen,https://valg.dk/fv/987875fe-0dae-42ac-be5b-62cf0bd5d65e/nomination-district/5947e1e5-9a46-40e3-8482-364201e424ba,Varde By,https://valg.dk/fv/987875fe-0dae-42ac-be5b-62cf0bd5d65e/nomination-district/5947e1e5-9a46-40e3-8482-364201e424ba/polling-district/94529b2a-38a8-4e3c-a5ef-ae7ef39cf03c
Vardekredsen,https://valg.dk/fv/987875fe-0dae-42ac-be5b-62cf0bd5d65e/nomination-district/5947e1e5-9a46-40e3-8482-364201e424ba,Årre,https://valg.dk/fv/987875fe-0dae-42ac-be5b-62cf0bd5d65e/nomination-district/5947e1e5-9a46-40e3-8482-364201e424ba/polling-district/db6197ef-4eec-41d8-b8f3-958e82cd0c8c
Vardekredsen,https://valg.dk/fv/987875fe-0dae-42ac-be5b-62cf0bd5d65e/nomination-district/5947e1e5-9a46-40e3-8482-364201e424ba,Ølgod,https://valg.dk/fv/987875fe-0dae-42ac-be5b-62cf0bd5d65e/nomination-district/5947e1e5-9a46-40e3-8482-364201e424ba/polling-district/b24184a4-a94a-4e61-af51-43f0ffc8f364
Vejenkredsen,https://valg.dk/fv/987875fe-0dae-42ac-be5b-62cf0bd5d65e/nomination-district/0a07a439-ac3d-4254-8fbe-e13ee880021d,Andst,https://valg.dk/fv/987875fe-0dae-42ac-be5b-62cf0bd5d65e/nomination-district/0a07a439-ac3d-4254-8fbe-e13ee880021d/polling-district/4d77c34a-8f5a-40ae-af3a-1bb7ae452d02
Vejenkredsen,https://valg.dk/fv/987875fe-0dae-42ac-be5b-62cf0bd5d65e/nomination-district/0a07a439-ac3d-4254-8fbe-e13ee880021d,Askov-Malt,https://valg.dk/fv/987875fe-0dae-42ac-be5b-62cf0bd5d65e/nomination-district/0a07a439-ac3d-4254-8fbe-e13ee880021d/polling-district/12be5367-a013-4d05-b904-6664cd94b2e4
Vejenkredsen,https://valg.dk/fv/987875fe-0dae-42ac-be5b-62cf0bd5d65e/nomination-district/0a07a439-ac3d-4254-8fbe-e13ee880021d,Billund,https://valg.dk/fv/987875fe-0dae-42ac-be5b-62cf0bd5d65e/nomination-district/0a07a439-ac3d-4254-8fbe-e13ee880021d/polling-district/e51af7cb-10e0-4796-b0e8-1fab5191e978
Vejenkredsen,https://valg.dk/fv/987875fe-0dae-42ac-be5b-62cf0bd5d65e/nomination-district/0a07a439-ac3d-4254-8fbe-e13ee880021d,Brørup,https://valg.dk/fv/987875fe-0dae-42ac-be5b-62cf0bd5d65e/nomination-district/0a07a439-ac3d-4254-8fbe-e13ee880021d/polling-district/186ad162-9ddc-4cf6-9b58-beee56614ecf
Vejenkredsen,https://valg.dk/fv/987875fe-0dae-42ac-be5b-62cf0bd5d65e/nomination-district/0a07a439-ac3d-4254-8fbe-e13ee880021d,Bække,https://valg.dk/fv/987875fe-0dae-42ac-be5b-62cf0bd5d65e/nomination-district/0a07a439-ac3d-4254-8fbe-e13ee880021d/polling-district/bb42c008-e073-45a3-ad53-2c8fbad7c20e
Vejenkredsen,https://valg.dk/fv/987875fe-0dae-42ac-be5b-62cf0bd5d65e/nomination-district/0a07a439-ac3d-4254-8fbe-e13ee880021d,Filskov,https://valg.dk/fv/987875fe-0dae-42ac-be5b-62cf0bd5d65e/nomination-district/0a07a439-ac3d-4254-8fbe-e13ee880021d/polling-district/b1d6c518-39b3-43e4-ba15-3f89abd2e9e2
Vejenkredsen,https://valg.dk/fv/987875fe-0dae-42ac-be5b-62cf0bd5d65e/nomination-district/0a07a439-ac3d-4254-8fbe-e13ee880021d,Føvling,https://valg.dk/fv/987875fe-0dae-42ac-be5b-62cf0bd5d65e/nomination-district/0a07a439-ac3d-4254-8fbe-e13ee880021d/polling-district/0c063388-2090-4702-b030-89344089dd8d
Vejenkredsen,https://valg.dk/fv/987875fe-0dae-42ac-be5b-62cf0bd5d65e/nomination-district/0a07a439-ac3d-4254-8fbe-e13ee880021d,Gesten,https://valg.dk/fv/987875fe-0dae-42ac-be5b-62cf0bd5d65e/nomination-district/0a07a439-ac3d-4254-8fbe-e13ee880021d/polling-district/154d6df4-c2d4-46f9-bd0f-67690dac2321
Vejenkredsen,https://valg.dk/fv/987875fe-0dae-42ac-be5b-62cf0bd5d65e/nomination-district/0a07a439-ac3d-4254-8fbe-e13ee880021d,Glejbjerg,https://valg.dk/fv/987875fe-0dae-42ac-be5b-62cf0bd5d65e/nomination-district/0a07a439-ac3d-4254-8fbe-e13ee880021d/polling-district/e323e531-7fc5-4f38-be54-60998c0f14fd
Vejenkredsen,https://valg.dk/fv/987875fe-0dae-42ac-be5b-62cf0bd5d65e/nomination-district/0a07a439-ac3d-4254-8fbe-e13ee880021d,Grindsted,https://valg.dk/fv/987875fe-0dae-42ac-be5b-62cf0bd5d65e/nomination-district/0a07a439-ac3d-4254-8fbe-e13ee880021d/polling-district/b6ad0ca9-1c63-48dc-b6d6-9b82f17ca0c8
Vejenkredsen,https://valg.dk/fv/987875fe-0dae-42ac-be5b-62cf0bd5d65e/nomination-district/0a07a439-ac3d-4254-8fbe-e13ee880021d,Hejnsvig,https://valg.dk/fv/987875fe-0dae-42ac-be5b-62cf0bd5d65e/nomination-district/0a07a439-ac3d-4254-8fbe-e13ee880021d/polling-district/17fd0969-a2e1-4bce-a128-b1f625d20680
Vejenkredsen,https://valg.dk/fv/987875fe-0dae-42ac-be5b-62cf0bd5d65e/nomination-district/0a07a439-ac3d-4254-8fbe-e13ee880021d,Holsted,https://valg.dk/fv/987875fe-0dae-42ac-be5b-62cf0bd5d65e/nomination-district/0a07a439-ac3d-4254-8fbe-e13ee880021d/polling-district/acaebb35-d255-41f4-8e7a-6a487d191058
Vejenkredsen,https://valg.dk/fv/987875fe-0dae-42ac-be5b-62cf0bd5d65e/nomination-district/0a07a439-ac3d-4254-8fbe-e13ee880021d,Hovborg,https://valg.dk/fv/987875fe-0dae-42ac-be5b-62cf0bd5d65e/nomination-district/0a07a439-ac3d-4254-8fbe-e13ee880021d/polling-district/75008930-b47f-4496-a3db-4a203ccb65f4
Vejenkredsen,https://valg.dk/fv/987875fe-0dae-42ac-be5b-62cf0bd5d65e/nomination-district/0a07a439-ac3d-4254-8fbe-e13ee880021d,Jels,https://valg.dk/fv/987875fe-0dae-42ac-be5b-62cf0bd5d65e/nomination-district/0a07a439-ac3d-4254-8fbe-e13ee880021d/polling-district/77b26ef4-8c79-40b1-a576-71a0cd2dc822
Vejenkredsen,https://valg.dk/fv/987875fe-0dae-42ac-be5b-62cf0bd5d65e/nomination-district/0a07a439-ac3d-4254-8fbe-e13ee880021d,Københoved,https://valg.dk/fv/987875fe-0dae-42ac-be5b-62cf0bd5d65e/nomination-district/0a07a439-ac3d-4254-8fbe-e13ee880021d/polling-district/249935bf-3b93-46db-b529-1292f83f1a1d
Vejenkredsen,https://valg.dk/fv/987875fe-0dae-42ac-be5b-62cf0bd5d65e/nomination-district/0a07a439-ac3d-4254-8fbe-e13ee880021d,Lindknud,https://valg.dk/fv/987875fe-0dae-42ac-be5b-62cf0bd5d65e/nomination-district/0a07a439-ac3d-4254-8fbe-e13ee880021d/polling-district/e8f05607-e47d-4630-aa04-008b3dc37fa2
Vejenkredsen,https://valg.dk/fv/987875fe-0dae-42ac-be5b-62cf0bd5d65e/nomination-district/0a07a439-ac3d-4254-8fbe-e13ee880021d,Lintrup,https://valg.dk/fv/987875fe-0dae-42ac-be5b-62cf0bd5d65e/nomination-district/0a07a439-ac3d-4254-8fbe-e13ee880021d/polling-district/fb7f4ae6-4534-4f4c-b81a-ab9256c7962f
Vejenkredsen,https://valg.dk/fv/987875fe-0dae-42ac-be5b-62cf0bd5d65e/nomination-district/0a07a439-ac3d-4254-8fbe-e13ee880021d,Læborg,https://valg.dk/fv/987875fe-0dae-42ac-be5b-62cf0bd5d65e/nomination-district/0a07a439-ac3d-4254-8fbe-e13ee880021d/polling-district/fa035872-646a-463f-bad3-ac286515a522
Vejenkredsen,https://valg.dk/fv/987875fe-0dae-42ac-be5b-62cf0bd5d65e/nomination-district/0a07a439-ac3d-4254-8fbe-e13ee880021d,Rødding,https://valg.dk/fv/987875fe-0dae-42ac-be5b-62cf0bd5d65e/nomination-district/0a07a439-ac3d-4254-8fbe-e13ee880021d/polling-district/715bc740-4194-4890-b209-c45a4a6de433
Vejenkredsen,https://valg.dk/fv/987875fe-0dae-42ac-be5b-62cf0bd5d65e/nomination-district/0a07a439-ac3d-4254-8fbe-e13ee880021d,Sdr. Hygum,https://valg.dk/fv/987875fe-0dae-42ac-be5b-62cf0bd5d65e/nomination-district/0a07a439-ac3d-4254-8fbe-e13ee880021d/polling-district/13e2d658-c0ce-4738-85f3-36244819be1d
Vejenkredsen,https://valg.dk/fv/987875fe-0dae-42ac-be5b-62cf0bd5d65e/nomination-district/0a07a439-ac3d-4254-8fbe-e13ee880021d,Sdr. Omme,https://valg.dk/fv/987875fe-0dae-42ac-be5b-62cf0bd5d65e/nomination-district/0a07a439-ac3d-4254-8fbe-e13ee880021d/polling-district/481059fa-c73b-413d-8035-61aa6c5a912c
Vejenkredsen,https://valg.dk/fv/987875fe-0dae-42ac-be5b-62cf0bd5d65e/nomination-district/0a07a439-ac3d-4254-8fbe-e13ee880021d,Skodborg,https://valg.dk/fv/987875fe-0dae-42ac-be5b-62cf0bd5d65e/nomination-district/0a07a439-ac3d-4254-8fbe-e13ee880021d/polling-district/ee32b78e-04a1-4052-8a26-6b52412f355b
Vejenkredsen,https://valg.dk/fv/987875fe-0dae-42ac-be5b-62cf0bd5d65e/nomination-district/0a07a439-ac3d-4254-8fbe-e13ee880021d,St./Krogager,https://valg.dk/fv/987875fe-0dae-42ac-be5b-62cf0bd5d65e/nomination-district/0a07a439-ac3d-4254-8fbe-e13ee880021d/polling-district/fa23a2b4-f194-475c-a9bf-5f23b54ee69c
Vejenkredsen,https://valg.dk/fv/987875fe-0dae-42ac-be5b-62cf0bd5d65e/nomination-district/0a07a439-ac3d-4254-8fbe-e13ee880021d,Vejen,https://valg.dk/fv/987875fe-0dae-42ac-be5b-62cf0bd5d65e/nomination-district/0a07a439-ac3d-4254-8fbe-e13ee880021d/polling-district/45726b48-c99e-464a-b10d-d2815fca9fdf
Vejenkredsen,https://valg.dk/fv/987875fe-0dae-42ac-be5b-62cf0bd5d65e/nomination-district/0a07a439-ac3d-4254-8fbe-e13ee880021d,Vorbasse,https://valg.dk/fv/987875fe-0dae-42ac-be5b-62cf0bd5d65e/nomination-district/0a07a439-ac3d-4254-8fbe-e13ee880021d/polling-district/2b39f0cb-df7c-4470-a26c-802312ecd366
Vejenkredsen,https://valg.dk/fv/987875fe-0dae-42ac-be5b-62cf0bd5d65e/nomination-district/0a07a439-ac3d-4254-8fbe-e13ee880021d,Øster Lindet,https://valg.dk/fv/987875fe-0dae-42ac-be5b-62cf0bd5d65e/nomination-district/0a07a439-ac3d-4254-8fbe-e13ee880021d/polling-district/9d2982b8-826d-42d9-9338-6f80d3e16501
Vejle Nordkredsen,https://valg.dk/fv/987875fe-0dae-42ac-be5b-62cf0bd5d65e/nomination-district/636d28bd-0ede-4d07-a63d-8dd8ac6cc844,Bredsten Nord,https://valg.dk/fv/987875fe-0dae-42ac-be5b-62cf0bd5d65e/nomination-district/636d28bd-0ede-4d07-a63d-8dd8ac6cc844/polling-district/9129d784-25ca-472a-b38b-7d1fb266d3d6
Vejle Nordkredsen,https://valg.dk/fv/987875fe-0dae-42ac-be5b-62cf0bd5d65e/nomination-district/636d28bd-0ede-4d07-a63d-8dd8ac6cc844,Engum Nord,https://valg.dk/fv/987875fe-0dae-42ac-be5b-62cf0bd5d65e/nomination-district/636d28bd-0ede-4d07-a63d-8dd8ac6cc844/polling-district/fffdad6d-c17e-4502-9368-78c12f79ff43
Vejle Nordkredsen,https://valg.dk/fv/987875fe-0dae-42ac-be5b-62cf0bd5d65e/nomination-district/636d28bd-0ede-4d07-a63d-8dd8ac6cc844,Gadbjerg Nord,https://valg.dk/fv/987875fe-0dae-42ac-be5b-62cf0bd5d65e/nomination-district/636d28bd-0ede-4d07-a63d-8dd8ac6cc844/polling-district/f27ba823-534c-4862-b1d0-777023719b64
Vejle Nordkredsen,https://valg.dk/fv/987875fe-0dae-42ac-be5b-62cf0bd5d65e/nomination-district/636d28bd-0ede-4d07-a63d-8dd8ac6cc844,Give Nord,https://valg.dk/fv/987875fe-0dae-42ac-be5b-62cf0bd5d65e/nomination-district/636d28bd-0ede-4d07-a63d-8dd8ac6cc844/polling-district/75c4d152-3d7a-4524-b469-c4796d9a2785
Vejle Nordkredsen,https://valg.dk/fv/987875fe-0dae-42ac-be5b-62cf0bd5d65e/nomination-district/636d28bd-0ede-4d07-a63d-8dd8ac6cc844,Givskud Nord,https://valg.dk/fv/987875fe-0dae-42ac-be5b-62cf0bd5d65e/nomination-district/636d28bd-0ede-4d07-a63d-8dd8ac6cc844/polling-district/63b08fe1-9b81-48d5-934a-2f60f7201ade
Vejle Nordkredsen,https://valg.dk/fv/987875fe-0dae-42ac-be5b-62cf0bd5d65e/nomination-district/636d28bd-0ede-4d07-a63d-8dd8ac6cc844,Grejs Nord,https://valg.dk/fv/987875fe-0dae-42ac-be5b-62cf0bd5d65e/nomination-district/636d28bd-0ede-4d07-a63d-8dd8ac6cc844/polling-district/02c9a932-bce9-4711-80b4-d5cc9ff4b134
Vejle Nordkredsen,https://valg.dk/fv/987875fe-0dae-42ac-be5b-62cf0bd5d65e/nomination-district/636d28bd-0ede-4d07-a63d-8dd8ac6cc844,Grejsdalen Nord,https://valg.dk/fv/987875fe-0dae-42ac-be5b-62cf0bd5d65e/nomination-district/636d28bd-0ede-4d07-a63d-8dd8ac6cc844/polling-district/d32f52c8-881c-46ea-8525-1f59943953e2
Vejle Nordkredsen,https://valg.dk/fv/987875fe-0dae-42ac-be5b-62cf0bd5d65e/nomination-district/636d28bd-0ede-4d07-a63d-8dd8ac6cc844,Grønbjerg Nord,https://valg.dk/fv/987875fe-0dae-42ac-be5b-62cf0bd5d65e/nomination-district/636d28bd-0ede-4d07-a63d-8dd8ac6cc844/polling-district/1e9d3fba-dfad-48fa-888a-889ec3fceeac
Vejle Nordkredsen,https://valg.dk/fv/987875fe-0dae-42ac-be5b-62cf0bd5d65e/nomination-district/636d28bd-0ede-4d07-a63d-8dd8ac6cc844,Hældagerhallen Nord,https://valg.dk/fv/987875fe-0dae-42ac-be5b-62cf0bd5d65e/nomination-district/636d28bd-0ede-4d07-a63d-8dd8ac6cc844/polling-district/f976e542-db3c-4cf1-b2c6-f09b40546788
Vejle Nordkredsen,https://valg.dk/fv/987875fe-0dae-42ac-be5b-62cf0bd5d65e/nomination-district/636d28bd-0ede-4d07-a63d-8dd8ac6cc844,Jelling Nord,https://valg.dk/fv/987875fe-0dae-42ac-be5b-62cf0bd5d65e/nomination-district/636d28bd-0ede-4d07-a63d-8dd8ac6cc844/polling-district/1c7fcca4-af6c-40d1-89c5-27ac8f831d26
Vejle Nordkredsen,https://valg.dk/fv/987875fe-0dae-42ac-be5b-62cf0bd5d65e/nomination-district/636d28bd-0ede-4d07-a63d-8dd8ac6cc844,Kollerup-Sandvad Nord,https://valg.dk/fv/987875fe-0dae-42ac-be5b-62cf0bd5d65e/nomination-district/636d28bd-0ede-4d07-a63d-8dd8ac6cc844/polling-district/55227fca-37c6-445b-9239-7fd0834ed3d5
Vejle Nordkredsen,https://valg.dk/fv/987875fe-0dae-42ac-be5b-62cf0bd5d65e/nomination-district/636d28bd-0ede-4d07-a63d-8dd8ac6cc844,Lindeballe Nord,https://valg.dk/fv/987875fe-0dae-42ac-be5b-62cf0bd5d65e/nomination-district/636d28bd-0ede-4d07-a63d-8dd8ac6cc844/polling-district/ca672fe5-c6bf-4b65-834f-ed0240a19573
Vejle Nordkredsen,https://valg.dk/fv/987875fe-0dae-42ac-be5b-62cf0bd5d65e/nomination-district/636d28bd-0ede-4d07-a63d-8dd8ac6cc844,Nørremarkshallen Nord,https://valg.dk/fv/987875fe-0dae-42ac-be5b-62cf0bd5d65e/nomination-district/636d28bd-0ede-4d07-a63d-8dd8ac6cc844/polling-district/7b736264-4c48-4b07-84d1-c3378c9e2e87
Vejle Nordkredsen,https://valg.dk/fv/987875fe-0dae-42ac-be5b-62cf0bd5d65e/nomination-district/636d28bd-0ede-4d07-a63d-8dd8ac6cc844,Nørup Nord,https://valg.dk/fv/987875fe-0dae-42ac-be5b-62cf0bd5d65e/nomination-district/636d28bd-0ede-4d07-a63d-8dd8ac6cc844/polling-district/7801160c-796a-468a-a046-9f0a73877a7d
Vejle Nordkredsen,https://valg.dk/fv/987875fe-0dae-42ac-be5b-62cf0bd5d65e/nomination-district/636d28bd-0ede-4d07-a63d-8dd8ac6cc844,Petersmindehallen Nord,https://valg.dk/fv/987875fe-0dae-42ac-be5b-62cf0bd5d65e/nomination-district/636d28bd-0ede-4d07-a63d-8dd8ac6cc844/polling-district/e299af5e-e21c-4cb0-84e1-1cee0bb6f567
Vejle Nordkredsen,https://valg.dk/fv/987875fe-0dae-42ac-be5b-62cf0bd5d65e/nomination-district/636d28bd-0ede-4d07-a63d-8dd8ac6cc844,Skibet Hallen Nord,https://valg.dk/fv/987875fe-0dae-42ac-be5b-62cf0bd5d65e/nomination-district/636d28bd-0ede-4d07-a63d-8dd8ac6cc844/polling-district/53cddeef-30ef-478f-9e8a-9797026708bf
Vejle Nordkredsen,https://valg.dk/fv/987875fe-0dae-42ac-be5b-62cf0bd5d65e/nomination-district/636d28bd-0ede-4d07-a63d-8dd8ac6cc844,Thyregod Nord,https://valg.dk/fv/987875fe-0dae-42ac-be5b-62cf0bd5d65e/nomination-district/636d28bd-0ede-4d07-a63d-8dd8ac6cc844/polling-district/6d8c1bed-a927-41e9-ab0f-94782fd40dbc
Vejle Nordkredsen,https://valg.dk/fv/987875fe-0dae-42ac-be5b-62cf0bd5d65e/nomination-district/636d28bd-0ede-4d07-a63d-8dd8ac6cc844,Vandel Nord,https://valg.dk/fv/987875fe-0dae-42ac-be5b-62cf0bd5d65e/nomination-district/636d28bd-0ede-4d07-a63d-8dd8ac6cc844/polling-district/68306771-ec91-46f7-8559-059fcd44f46a
Vejle Nordkredsen,https://valg.dk/fv/987875fe-0dae-42ac-be5b-62cf0bd5d65e/nomination-district/636d28bd-0ede-4d07-a63d-8dd8ac6cc844,Øster Nykirke Nord,https://valg.dk/fv/987875fe-0dae-42ac-be5b-62cf0bd5d65e/nomination-district/636d28bd-0ede-4d07-a63d-8dd8ac6cc844/polling-district/a50b22ad-8b98-4229-b58f-52cf7ba570b1
Vejle Sydkredsen,https://valg.dk/fv/987875fe-0dae-42ac-be5b-62cf0bd5d65e/nomination-district/5e94b34f-8109-45ea-b6e3-bb4141fd28f0,Brejning Syd,https://valg.dk/fv/987875fe-0dae-42ac-be5b-62cf0bd5d65e/nomination-district/5e94b34f-8109-45ea-b6e3-bb4141fd28f0/polling-district/3ef37440-cb4c-478c-aa6c-813deb398a12
Vejle Sydkredsen,https://valg.dk/fv/987875fe-0dae-42ac-be5b-62cf0bd5d65e/nomination-district/5e94b34f-8109-45ea-b6e3-bb4141fd28f0,Børkop Syd,https://valg.dk/fv/987875fe-0dae-42ac-be5b-62cf0bd5d65e/nomination-district/5e94b34f-8109-45ea-b6e3-bb4141fd28f0/polling-district/ee8983f8-7913-40a4-8812-4d0c5652d20f
Vejle Sydkredsen,https://valg.dk/fv/987875fe-0dae-42ac-be5b-62cf0bd5d65e/nomination-district/5e94b34f-8109-45ea-b6e3-bb4141fd28f0,CSV - Vejle Syd,https://valg.dk/fv/987875fe-0dae-42ac-be5b-62cf0bd5d65e/nomination-district/5e94b34f-8109-45ea-b6e3-bb4141fd28f0/polling-district/ec003cfc-929c-4168-a1b2-754eeef9e0f5
Vejle Sydkredsen,https://valg.dk/fv/987875fe-0dae-42ac-be5b-62cf0bd5d65e/nomination-district/5e94b34f-8109-45ea-b6e3-bb4141fd28f0,DGI-Huset Syd,https://valg.dk/fv/987875fe-0dae-42ac-be5b-62cf0bd5d65e/nomination-district/5e94b34f-8109-45ea-b6e3-bb4141fd28f0/polling-district/62d9ba52-5706-4669-a5b4-6e2a00c44f21
Vejle Sydkredsen,https://valg.dk/fv/987875fe-0dae-42ac-be5b-62cf0bd5d65e/nomination-district/5e94b34f-8109-45ea-b6e3-bb4141fd28f0,Egtved Syd,https://valg.dk/fv/987875fe-0dae-42ac-be5b-62cf0bd5d65e/nomination-district/5e94b34f-8109-45ea-b6e3-bb4141fd28f0/polling-district/6ecaa0c1-9d37-4724-a78a-6acb78e414f5
Vejle Sydkredsen,https://valg.dk/fv/987875fe-0dae-42ac-be5b-62cf0bd5d65e/nomination-district/5e94b34f-8109-45ea-b6e3-bb4141fd28f0,Gårslev Syd,https://valg.dk/fv/987875fe-0dae-42ac-be5b-62cf0bd5d65e/nomination-district/5e94b34f-8109-45ea-b6e3-bb4141fd28f0/polling-district/17b934aa-ae65-4bb3-b603-2d88abb3d30d
Vejle Sydkredsen,https://valg.dk/fv/987875fe-0dae-42ac-be5b-62cf0bd5d65e/nomination-district/5e94b34f-8109-45ea-b6e3-bb4141fd28f0,Jerlev Syd,https://valg.dk/fv/987875fe-0dae-42ac-be5b-62cf0bd5d65e/nomination-district/5e94b34f-8109-45ea-b6e3-bb4141fd28f0/polling-district/e428b383-2552-40d8-8afa-9096b5055b20
Vejle Sydkredsen,https://valg.dk/fv/987875fe-0dae-42ac-be5b-62cf0bd5d65e/nomination-district/5e94b34f-8109-45ea-b6e3-bb4141fd28f0,Kvartershuset Syd,https://valg.dk/fv/987875fe-0dae-42ac-be5b-62cf0bd5d65e/nomination-district/5e94b34f-8109-45ea-b6e3-bb4141fd28f0/polling-district/41a9bde1-401f-402f-8dc0-967bb49a8637
Vejle Sydkredsen,https://valg.dk/fv/987875fe-0dae-42ac-be5b-62cf0bd5d65e/nomination-district/5e94b34f-8109-45ea-b6e3-bb4141fd28f0,Multihuset Højen Syd,https://valg.dk/fv/987875fe-0dae-42ac-be5b-62cf0bd5d65e/nomination-district/5e94b34f-8109-45ea-b6e3-bb4141fd28f0/polling-district/12365739-f609-4cbb-9698-99dfb9e63998
Vejle Sydkredsen,https://valg.dk/fv/987875fe-0dae-42ac-be5b-62cf0bd5d65e/nomination-district/5e94b34f-8109-45ea-b6e3-bb4141fd28f0,Mølholmhallen Syd,https://valg.dk/fv/987875fe-0dae-42ac-be5b-62cf0bd5d65e/nomination-district/5e94b34f-8109-45ea-b6e3-bb4141fd28f0/polling-district/405262e8-cfdf-4446-9552-58ae2e295f7a
Vejle Sydkredsen,https://valg.dk/fv/987875fe-0dae-42ac-be5b-62cf0bd5d65e/nomination-district/5e94b34f-8109-45ea-b6e3-bb4141fd28f0,Rødkilde Gymnasium Syd,https://valg.dk/fv/987875fe-0dae-42ac-be5b-62cf0bd5d65e/nomination-district/5e94b34f-8109-45ea-b6e3-bb4141fd28f0/polling-district/0bd65311-ca89-43ee-aa88-5c9badab7f59
Vejle Sydkredsen,https://valg.dk/fv/987875fe-0dae-42ac-be5b-62cf0bd5d65e/nomination-district/5e94b34f-8109-45ea-b6e3-bb4141fd28f0,Smidstrup Syd,https://valg.dk/fv/987875fe-0dae-42ac-be5b-62cf0bd5d65e/nomination-district/5e94b34f-8109-45ea-b6e3-bb4141fd28f0/polling-district/fa4baf38-e249-42c7-bf48-2e876f790980
Vejle Sydkredsen,https://valg.dk/fv/987875fe-0dae-42ac-be5b-62cf0bd5d65e/nomination-district/5e94b34f-8109-45ea-b6e3-bb4141fd28f0,Vinding Idræts Center Syd,https://valg.dk/fv/987875fe-0dae-42ac-be5b-62cf0bd5d65e/nomination-district/5e94b34f-8109-45ea-b6e3-bb4141fd28f0/polling-district/d8f3ccc8-b00c-4833-888d-7b2eb9d97cf6
Vejle Sydkredsen,https://valg.dk/fv/987875fe-0dae-42ac-be5b-62cf0bd5d65e/nomination-district/5e94b34f-8109-45ea-b6e3-bb4141fd28f0,Ødsted Syd,https://valg.dk/fv/987875fe-0dae-42ac-be5b-62cf0bd5d65e/nomination-district/5e94b34f-8109-45ea-b6e3-bb4141fd28f0/polling-district/adc0b5c3-60ce-4cce-81c7-b8a37b314e1b
Vejle Sydkredsen,https://valg.dk/fv/987875fe-0dae-42ac-be5b-62cf0bd5d65e/nomination-district/5e94b34f-8109-45ea-b6e3-bb4141fd28f0,Øster Starup Syd,https://valg.dk/fv/987875fe-0dae-42ac-be5b-62cf0bd5d65e/nomination-district/5e94b34f-8109-45ea-b6e3-bb4141fd28f0/polling-district/96d05290-fdf7-43d5-8ae8-effc446ea142
Vesterbrokredsen,https://valg.dk/fv/987875fe-0dae-42ac-be5b-62cf0bd5d65e/nomination-district/ae98a468-b1a5-431d-81ec-049a2ff8e701,9. Midt,https://valg.dk/fv/987875fe-0dae-42ac-be5b-62cf0bd5d65e/nomination-district/ae98a468-b1a5-431d-81ec-049a2ff8e701/polling-district/b1fd4962-dfa7-462a-8ea4-903510669b21
Vesterbrokredsen,https://valg.dk/fv/987875fe-0dae-42ac-be5b-62cf0bd5d65e/nomination-district/ae98a468-b1a5-431d-81ec-049a2ff8e701,9. Nord,https://valg.dk/fv/987875fe-0dae-42ac-be5b-62cf0bd5d65e/nomination-district/ae98a468-b1a5-431d-81ec-049a2ff8e701/polling-district/0aa4cbdc-35a2-4938-b907-8cfb738e3fe7
Vesterbrokredsen,https://valg.dk/fv/987875fe-0dae-42ac-be5b-62cf0bd5d65e/nomination-district/ae98a468-b1a5-431d-81ec-049a2ff8e701,9. Syd,https://valg.dk/fv/987875fe-0dae-42ac-be5b-62cf0bd5d65e/nomination-district/ae98a468-b1a5-431d-81ec-049a2ff8e701/polling-district/128596bb-8f4e-4e90-ae33-19f00d82a118
Vesterbrokredsen,https://valg.dk/fv/987875fe-0dae-42ac-be5b-62cf0bd5d65e/nomination-district/ae98a468-b1a5-431d-81ec-049a2ff8e701,9. Sydhavn,https://valg.dk/fv/987875fe-0dae-42ac-be5b-62cf0bd5d65e/nomination-district/ae98a468-b1a5-431d-81ec-049a2ff8e701/polling-district/25ee8055-f32e-45e7-87be-23d321c50086
Vesterbrokredsen,https://valg.dk/fv/987875fe-0dae-42ac-be5b-62cf0bd5d65e/nomination-district/ae98a468-b1a5-431d-81ec-049a2ff8e701,9. Vest,https://valg.dk/fv/987875fe-0dae-42ac-be5b-62cf0bd5d65e/nomination-district/ae98a468-b1a5-431d-81ec-049a2ff8e701/polling-district/10013bac-4d3a-4d45-acd4-2d2665304e42
Vesterbrokredsen,https://valg.dk/fv/987875fe-0dae-42ac-be5b-62cf0bd5d65e/nomination-district/ae98a468-b1a5-431d-81ec-049a2ff8e701,9. Vesterbro,https://valg.dk/fv/987875fe-0dae-42ac-be5b-62cf0bd5d65e/nomination-district/ae98a468-b1a5-431d-81ec-049a2ff8e701/polling-district/dbdcd29f-2524-4224-bece-e9483edb689a
Vesterbrokredsen,https://valg.dk/fv/987875fe-0dae-42ac-be5b-62cf0bd5d65e/nomination-district/ae98a468-b1a5-431d-81ec-049a2ff8e701,9. Øst,https://valg.dk/fv/987875fe-0dae-42ac-be5b-62cf0bd5d65e/nomination-district/ae98a468-b1a5-431d-81ec-049a2ff8e701/polling-district/a1a86b46-90f4-48a2-9063-59536a4b58bb
Viborg Vestkredsen,https://valg.dk/fv/987875fe-0dae-42ac-be5b-62cf0bd5d65e/nomination-district/5be251cd-f25e-4835-8f88-496dcc2f3a08,Frederiks,https://valg.dk/fv/987875fe-0dae-42ac-be5b-62cf0bd5d65e/nomination-district/5be251cd-f25e-4835-8f88-496dcc2f3a08/polling-district/019db5e6-e70e-49bf-901c-ede4b34a1d74
Viborg Vestkredsen,https://valg.dk/fv/987875fe-0dae-42ac-be5b-62cf0bd5d65e/nomination-district/5be251cd-f25e-4835-8f88-496dcc2f3a08,Hald Ege,https://valg.dk/fv/987875fe-0dae-42ac-be5b-62cf0bd5d65e/nomination-district/5be251cd-f25e-4835-8f88-496dcc2f3a08/polling-district/1bff369f-7d24-4b6e-ac6f-d4c4282f899b
Viborg Vestkredsen,https://valg.dk/fv/987875fe-0dae-42ac-be5b-62cf0bd5d65e/nomination-district/5be251cd-f25e-4835-8f88-496dcc2f3a08,Karup,https://valg.dk/fv/987875fe-0dae-42ac-be5b-62cf0bd5d65e/nomination-district/5be251cd-f25e-4835-8f88-496dcc2f3a08/polling-district/5fa005b8-727e-4d64-95ac-10303d4cdcfd
Viborg Vestkredsen,https://valg.dk/fv/987875fe-0dae-42ac-be5b-62cf0bd5d65e/nomination-district/5be251cd-f25e-4835-8f88-496dcc2f3a08,Løgstrup,https://valg.dk/fv/987875fe-0dae-42ac-be5b-62cf0bd5d65e/nomination-district/5be251cd-f25e-4835-8f88-496dcc2f3a08/polling-district/572c905b-2e31-4ec3-89e1-bfe1bcf4eed8
Viborg Vestkredsen,https://valg.dk/fv/987875fe-0dae-42ac-be5b-62cf0bd5d65e/nomination-district/5be251cd-f25e-4835-8f88-496dcc2f3a08,Mønsted,https://valg.dk/fv/987875fe-0dae-42ac-be5b-62cf0bd5d65e/nomination-district/5be251cd-f25e-4835-8f88-496dcc2f3a08/polling-district/4883d0be-5676-4da0-b115-9c17ec3feb6b
Viborg Vestkredsen,https://valg.dk/fv/987875fe-0dae-42ac-be5b-62cf0bd5d65e/nomination-district/5be251cd-f25e-4835-8f88-496dcc2f3a08,Stoholm,https://valg.dk/fv/987875fe-0dae-42ac-be5b-62cf0bd5d65e/nomination-district/5be251cd-f25e-4835-8f88-496dcc2f3a08/polling-district/f8bc05d6-d4c2-4109-a6c3-34843f9142ac
Viborg Vestkredsen,https://valg.dk/fv/987875fe-0dae-42ac-be5b-62cf0bd5d65e/nomination-district/5be251cd-f25e-4835-8f88-496dcc2f3a08,Viborg,https://valg.dk/fv/987875fe-0dae-42ac-be5b-62cf0bd5d65e/nomination-district/5be251cd-f25e-4835-8f88-496dcc2f3a08/polling-district/3099222d-8c1b-464d-ad7f-62353bc81f03
Viborg Vestkredsen,https://valg.dk/fv/987875fe-0dae-42ac-be5b-62cf0bd5d65e/nomination-district/5be251cd-f25e-4835-8f88-496dcc2f3a08,Vridsted,https://valg.dk/fv/987875fe-0dae-42ac-be5b-62cf0bd5d65e/nomination-district/5be251cd-f25e-4835-8f88-496dcc2f3a08/polling-district/caa1d594-840a-4996-ae39-cb8d9eb2b4fe
Viborg Østkredsen,https://valg.dk/fv/987875fe-0dae-42ac-be5b-62cf0bd5d65e/nomination-district/2887ea8d-6350-4571-89c3-8036ae87113d,Bjerringbro Nord,https://valg.dk/fv/987875fe-0dae-42ac-be5b-62cf0bd5d65e/nomination-district/2887ea8d-6350-4571-89c3-8036ae87113d/polling-district/e306bf83-87c8-49cb-87dd-5088de28edf4
Viborg Østkredsen,https://valg.dk/fv/987875fe-0dae-42ac-be5b-62cf0bd5d65e/nomination-district/2887ea8d-6350-4571-89c3-8036ae87113d,Bjerringbro Syd,https://valg.dk/fv/987875fe-0dae-42ac-be5b-62cf0bd5d65e/nomination-district/2887ea8d-6350-4571-89c3-8036ae87113d/polling-district/522d3bb0-723a-4fe2-bde7-024756a24d34
Viborg Østkredsen,https://valg.dk/fv/987875fe-0dae-42ac-be5b-62cf0bd5d65e/nomination-district/2887ea8d-6350-4571-89c3-8036ae87113d,Hammershøj,https://valg.dk/fv/987875fe-0dae-42ac-be5b-62cf0bd5d65e/nomination-district/2887ea8d-6350-4571-89c3-8036ae87113d/polling-district/646ea366-fb4c-457d-95f0-1a74b1d1ade5
Viborg Østkredsen,https://valg.dk/fv/987875fe-0dae-42ac-be5b-62cf0bd5d65e/nomination-district/2887ea8d-6350-4571-89c3-8036ae87113d,Møldrup,https://valg.dk/fv/987875fe-0dae-42ac-be5b-62cf0bd5d65e/nomination-district/2887ea8d-6350-4571-89c3-8036ae87113d/polling-district/873245fb-ae0f-488d-808d-170541cd229d
Viborg Østkredsen,https://valg.dk/fv/987875fe-0dae-42ac-be5b-62cf0bd5d65e/nomination-district/2887ea8d-6350-4571-89c3-8036ae87113d,Overlund,https://valg.dk/fv/987875fe-0dae-42ac-be5b-62cf0bd5d65e/nomination-district/2887ea8d-6350-4571-89c3-8036ae87113d/polling-district/e58b5f80-9067-42b5-ab61-5796646104bc
Viborg Østkredsen,https://valg.dk/fv/987875fe-0dae-42ac-be5b-62cf0bd5d65e/nomination-district/2887ea8d-6350-4571-89c3-8036ae87113d,Rødding,https://valg.dk/fv/987875fe-0dae-42ac-be5b-62cf0bd5d65e/nomination-district/2887ea8d-6350-4571-89c3-8036ae87113d/polling-district/6be2a719-dfc0-4df8-beda-c3441a70d396
Viborg Østkredsen,https://valg.dk/fv/987875fe-0dae-42ac-be5b-62cf0bd5d65e/nomination-district/2887ea8d-6350-4571-89c3-8036ae87113d,Rødkærsbro,https://valg.dk/fv/987875fe-0dae-42ac-be5b-62cf0bd5d65e/nomination-district/2887ea8d-6350-4571-89c3-8036ae87113d/polling-district/668b9c57-fdbe-45e8-8649-7de5f3b64fe1
Viborg Østkredsen,https://valg.dk/fv/987875fe-0dae-42ac-be5b-62cf0bd5d65e/nomination-district/2887ea8d-6350-4571-89c3-8036ae87113d,Skals,https://valg.dk/fv/987875fe-0dae-42ac-be5b-62cf0bd5d65e/nomination-district/2887ea8d-6350-4571-89c3-8036ae87113d/polling-district/708ff3fe-e9c0-4372-9b9e-f12bc654543c
Viborg Østkredsen,https://valg.dk/fv/987875fe-0dae-42ac-be5b-62cf0bd5d65e/nomination-district/2887ea8d-6350-4571-89c3-8036ae87113d,Ørum,https://valg.dk/fv/987875fe-0dae-42ac-be5b-62cf0bd5d65e/nomination-district/2887ea8d-6350-4571-89c3-8036ae87113d/polling-district/fd5cf72c-7a96-4353-aa1f-5bf43f535b22
Vordingborgkredsen,https://valg.dk/fv/987875fe-0dae-42ac-be5b-62cf0bd5d65e/nomination-district/57904c64-1dc4-4da3-9a39-d0e285e11b4c,Allerslev,https://valg.dk/fv/987875fe-0dae-42ac-be5b-62cf0bd5d65e/nomination-district/57904c64-1dc4-4da3-9a39-d0e285e11b4c/polling-district/9a1d49a1-d249-4deb-9a79-f3f3305cacce
Vordingborgkredsen,https://valg.dk/fv/987875fe-0dae-42ac-be5b-62cf0bd5d65e/nomination-district/57904c64-1dc4-4da3-9a39-d0e285e11b4c,Bogø,https://valg.dk/fv/987875fe-0dae-42ac-be5b-62cf0bd5d65e/nomination-district/57904c64-1dc4-4da3-9a39-d0e285e11b4c/polling-district/ab8b741d-1b0c-4755-bde5-2e19789feddb
Vordingborgkredsen,https://valg.dk/fv/987875fe-0dae-42ac-be5b-62cf0bd5d65e/nomination-district/57904c64-1dc4-4da3-9a39-d0e285e11b4c,Bårse,https://valg.dk/fv/987875fe-0dae-42ac-be5b-62cf0bd5d65e/nomination-district/57904c64-1dc4-4da3-9a39-d0e285e11b4c/polling-district/c6a35f39-0aa3-47be-85b4-bdf076a203a1
Vordingborgkredsen,https://valg.dk/fv/987875fe-0dae-42ac-be5b-62cf0bd5d65e/nomination-district/57904c64-1dc4-4da3-9a39-d0e285e11b4c,Jungshoved,https://valg.dk/fv/987875fe-0dae-42ac-be5b-62cf0bd5d65e/nomination-district/57904c64-1dc4-4da3-9a39-d0e285e11b4c/polling-district/089a0ea0-0cd5-4fa9-bfc5-b2774b5d1058
Vordingborgkredsen,https://valg.dk/fv/987875fe-0dae-42ac-be5b-62cf0bd5d65e/nomination-district/57904c64-1dc4-4da3-9a39-d0e285e11b4c,Kalvehave,https://valg.dk/fv/987875fe-0dae-42ac-be5b-62cf0bd5d65e/nomination-district/57904c64-1dc4-4da3-9a39-d0e285e11b4c/polling-district/12ada6a4-f689-4f3c-ba2c-5a4e01496205
Vordingborgkredsen,https://valg.dk/fv/987875fe-0dae-42ac-be5b-62cf0bd5d65e/nomination-district/57904c64-1dc4-4da3-9a39-d0e285e11b4c,Kastrup,https://valg.dk/fv/987875fe-0dae-42ac-be5b-62cf0bd5d65e/nomination-district/57904c64-1dc4-4da3-9a39-d0e285e11b4c/polling-district/b67f0910-a520-4950-a5b0-5ac8460c60c8
Vordingborgkredsen,https://valg.dk/fv/987875fe-0dae-42ac-be5b-62cf0bd5d65e/nomination-district/57904c64-1dc4-4da3-9a39-d0e285e11b4c,Lundby,https://valg.dk/fv/987875fe-0dae-42ac-be5b-62cf0bd5d65e/nomination-district/57904c64-1dc4-4da3-9a39-d0e285e11b4c/polling-district/a1469928-46d3-4b45-837b-ce07e6bc2033
Vordingborgkredsen,https://valg.dk/fv/987875fe-0dae-42ac-be5b-62cf0bd5d65e/nomination-district/57904c64-1dc4-4da3-9a39-d0e285e11b4c,Masnedsund,https://valg.dk/fv/987875fe-0dae-42ac-be5b-62cf0bd5d65e/nomination-district/57904c64-1dc4-4da3-9a39-d0e285e11b4c/polling-district/05a6b27d-9283-43f8-88c8-be3ba4f93769
Vordingborgkredsen,https://valg.dk/fv/987875fe-0dae-42ac-be5b-62cf0bd5d65e/nomination-district/57904c64-1dc4-4da3-9a39-d0e285e11b4c,Mern,https://valg.dk/fv/987875fe-0dae-42ac-be5b-62cf0bd5d65e/nomination-district/57904c64-1dc4-4da3-9a39-d0e285e11b4c/polling-district/bb0b73c1-a92a-482d-aa93-cd0e0d288146
Vordingborgkredsen,https://valg.dk/fv/987875fe-0dae-42ac-be5b-62cf0bd5d65e/nomination-district/57904c64-1dc4-4da3-9a39-d0e285e11b4c,Nyråd,https://valg.dk/fv/987875fe-0dae-42ac-be5b-62cf0bd5d65e/nomination-district/57904c64-1dc4-4da3-9a39-d0e285e11b4c/polling-district/3e65104e-745b-4d63-ab51-96fe5fa2d007
Vordingborgkredsen,https://valg.dk/fv/987875fe-0dae-42ac-be5b-62cf0bd5d65e/nomination-district/57904c64-1dc4-4da3-9a39-d0e285e11b4c,Præstø,https://valg.dk/fv/987875fe-0dae-42ac-be5b-62cf0bd5d65e/nomination-district/57904c64-1dc4-4da3-9a39-d0e285e11b4c/polling-district/3238883a-1ea2-4815-9573-4cb618197d92
Vordingborgkredsen,https://valg.dk/fv/987875fe-0dae-42ac-be5b-62cf0bd5d65e/nomination-district/57904c64-1dc4-4da3-9a39-d0e285e11b4c,Stege,https://valg.dk/fv/987875fe-0dae-42ac-be5b-62cf0bd5d65e/nomination-district/57904c64-1dc4-4da3-9a39-d0e285e11b4c/polling-district/2afc1779-b0c0-44c4-9cf0-b9e028bd4ed0
Vordingborgkredsen,https://valg.dk/fv/987875fe-0dae-42ac-be5b-62cf0bd5d65e/nomination-district/57904c64-1dc4-4da3-9a39-d0e285e11b4c,Stensved,https://valg.dk/fv/987875fe-0dae-42ac-be5b-62cf0bd5d65e/nomination-district/57904c64-1dc4-4da3-9a39-d0e285e11b4c/polling-district/1eb9353f-cf94-4fdb-8256-5354f3c32495
Vordingborgkredsen,https://valg.dk/fv/987875fe-0dae-42ac-be5b-62cf0bd5d65e/nomination-district/57904c64-1dc4-4da3-9a39-d0e285e11b4c,Vestmøn,https://valg.dk/fv/987875fe-0dae-42ac-be5b-62cf0bd5d65e/nomination-district/57904c64-1dc4-4da3-9a39-d0e285e11b4c/polling-district/437b4896-50f7-43e6-bcd5-34be8a37aca4
Vordingborgkredsen,https://valg.dk/fv/987875fe-0dae-42ac-be5b-62cf0bd5d65e/nomination-district/57904c64-1dc4-4da3-9a39-d0e285e11b4c,Vordingborg,https://valg.dk/fv/987875fe-0dae-42ac-be5b-62cf0bd5d65e/nomination-district/57904c64-1dc4-4da3-9a39-d0e285e11b4c/polling-district/b236cbf0-355f-4bb1-9a41-8b6b8a99401b
Vordingborgkredsen,https://valg.dk/fv/987875fe-0dae-42ac-be5b-62cf0bd5d65e/nomination-district/57904c64-1dc4-4da3-9a39-d0e285e11b4c,Ørslev,https://valg.dk/fv/987875fe-0dae-42ac-be5b-62cf0bd5d65e/nomination-district/57904c64-1dc4-4da3-9a39-d0e285e11b4c/polling-district/4fb39fb8-6e39-4350-8bcf-c71757f4cd68
Vordingborgkredsen,https://valg.dk/fv/987875fe-0dae-42ac-be5b-62cf0bd5d65e/nomination-district/57904c64-1dc4-4da3-9a39-d0e285e11b4c,Østmøn,https://valg.dk/fv/987875fe-0dae-42ac-be5b-62cf0bd5d65e/nomination-district/57904c64-1dc4-4da3-9a39-d0e285e11b4c/polling-district/3be300ed-a3d3-4aa1-a8c7-43c353d4c924
Østerbrokredsen,https://valg.dk/fv/987875fe-0dae-42ac-be5b-62cf0bd5d65e/nomination-district/aa352667-df5f-492d-ad05-636770d78490,1. Nord,https://valg.dk/fv/987875fe-0dae-42ac-be5b-62cf0bd5d65e/nomination-district/aa352667-df5f-492d-ad05-636770d78490/polling-district/11e1baf8-b349-49eb-95fb-4d778a4b19c7
Østerbrokredsen,https://valg.dk/fv/987875fe-0dae-42ac-be5b-62cf0bd5d65e/nomination-district/aa352667-df5f-492d-ad05-636770d78490,1. Nordvest,https://valg.dk/fv/987875fe-0dae-42ac-be5b-62cf0bd5d65e/nomination-district/aa352667-df5f-492d-ad05-636770d78490/polling-district/4d4f5f26-1c5d-4d2b-8e92-65a8726d437f
Østerbrokredsen,https://valg.dk/fv/987875fe-0dae-42ac-be5b-62cf0bd5d65e/nomination-district/aa352667-df5f-492d-ad05-636770d78490,1. Syd,https://valg.dk/fv/987875fe-0dae-42ac-be5b-62cf0bd5d65e/nomination-district/aa352667-df5f-492d-ad05-636770d78490/polling-district/ac8b7b38-5e5e-4844-9c84-750d1cf78c27
Østerbrokredsen,https://valg.dk/fv/987875fe-0dae-42ac-be5b-62cf0bd5d65e/nomination-district/aa352667-df5f-492d-ad05-636770d78490,1. Vest,https://valg.dk/fv/987875fe-0dae-42ac-be5b-62cf0bd5d65e/nomination-district/aa352667-df5f-492d-ad05-636770d78490/polling-district/c30ed292-0bce-484a-aec5-bd3803763017
Østerbrokredsen,https://valg.dk/fv/987875fe-0dae-42ac-be5b-62cf0bd5d65e/nomination-district/aa352667-df5f-492d-ad05-636770d78490,1. Øst,https://valg.dk/fv/987875fe-0dae-42ac-be5b-62cf0bd5d65e/nomination-district/aa352667-df5f-492d-ad05-636770d78490/polling-district/225f078e-803b-410e-acda-3a47d396d57d
Østerbrokredsen,https://valg.dk/fv/987875fe-0dae-42ac-be5b-62cf0bd5d65e/nomination-district/aa352667-df5f-492d-ad05-636770d78490,1. Østerbro,https://valg.dk/fv/987875fe-0dae-42ac-be5b-62cf0bd5d65e/nomination-district/aa352667-df5f-492d-ad05-636770d78490/polling-district/6d275cc2-8e16-4b25-a071-d75adac08eb3
