profile_id,url,status,candidate_name,party,age,education,birthdate,error
1,https://www.altinget.dk/kandidattest/FT26/profil/001,missing_candidate,,,,,,Could not locate candidate name on page
2,https://www.altinget.dk/kandidattest/FT26/profil/002,ok,Anders Havelund Krøyer,Det Konservative Folkeparti,40 år,Bachelor-/diplomuddannelse,,
3,https://www.altinget.dk/kandidattest/FT26/profil/003,ok,Anders Krojgaard Lund,Det Konservative Folkeparti,35 år,Bachelor-/diplomuddannelse,,
4,https://www.altinget.dk/kandidattest/FT26/profil/004,ok,Anders Storgaard,Det Konservative Folkeparti,32 år,Kandidat-/masteruddannelse,1994-01-28T00:00:00,
5,https://www.altinget.dk/kandidattest/FT26/profil/005,ok,Anne Fiber,Det Konservative Folkeparti,44 år,Bachelor-/diplomuddannelse,,
6,https://www.altinget.dk/kandidattest/FT26/profil/006,ok,Barbara Engelstoft,Det Konservative Folkeparti,49 år,Kandidat-/masteruddannelse,1976-10-14T00:00:00,
7,https://www.altinget.dk/kandidattest/FT26/profil/007,ok,Birgitte Bergman,Det Konservative Folkeparti,59 år,Erhvervsuddannelse,1967-01-13T00:00:00,
8,https://www.altinget.dk/kandidattest/FT26/profil/008,ok,Bjørn Jensen,Det Konservative Folkeparti,48 år,Ikke oplyst,,
9,https://www.altinget.dk/kandidattest/FT26/profil/009,missing_candidate,,,,,,Could not locate candidate name on page
10,https://www.altinget.dk/kandidattest/FT26/profil/010,ok,Carina Høedt,Det Konservative Folkeparti,38 år,Kandidat-/masteruddannelse,,
11,https://www.altinget.dk/kandidattest/FT26/profil/011,ok,Caroline Svejsø,Det Konservative Folkeparti,27 år,Bachelor-/diplomuddannelse,1999-01-04T00:00:00,
12,https://www.altinget.dk/kandidattest/FT26/profil/012,missing_candidate,,,,,,Could not locate candidate name on page
13,https://www.altinget.dk/kandidattest/FT26/profil/013,ok,Charlotte Green,Det Konservative Folkeparti,51 år,Ph.d.-uddannelse,,
14,https://www.altinget.dk/kandidattest/FT26/profil/014,ok,Christian Vigilius,Det Konservative Folkeparti,27 år,Bachelor-/diplomuddannelse,1998-07-23T00:00:00,
15,https://www.altinget.dk/kandidattest/FT26/profil/015,ok,Christina Foldager,Det Konservative Folkeparti,50 år,Kandidat-/masteruddannelse,,
16,https://www.altinget.dk/kandidattest/FT26/profil/016,ok,Dan Arnløv,Det Konservative Folkeparti,50 år,Gymnasial uddannelse,1975-07-26T00:00:00,
17,https://www.altinget.dk/kandidattest/FT26/profil/017,ok,Dina Andersen-Raabjerg,Det Konservative Folkeparti,55 år,Kandidat-/masteruddannelse,1971-02-06T00:00:00,
18,https://www.altinget.dk/kandidattest/FT26/profil/018,ok,Dorte Vilhelmsen,Det Konservative Folkeparti,51 år,Erhvervsuddannelse,1975-03-31T00:00:00,
19,https://www.altinget.dk/kandidattest/FT26/profil/019,ok,Egil Hulgaard,Det Konservative Folkeparti,64 år,Ph.d.-uddannelse,1962-03-30T00:00:00,
20,https://www.altinget.dk/kandidattest/FT26/profil/020,ok,Emma Juul Hansen,Det Konservative Folkeparti,26 år,Bachelor-/diplomuddannelse,2000-01-11T00:00:00,
21,https://www.altinget.dk/kandidattest/FT26/profil/021,ok,Frederik Bloch Münster,Det Konservative Folkeparti,31 år,Kandidat-/masteruddannelse,1994-11-03T00:00:00,
22,https://www.altinget.dk/kandidattest/FT26/profil/022,ok,Frederik Germann,Det Konservative Folkeparti,28 år,Bachelor-/diplomuddannelse,,
23,https://www.altinget.dk/kandidattest/FT26/profil/023,ok,Gitte Eriksen,Det Konservative Folkeparti,52 år,Erhvervsuddannelse,1973-11-26T00:00:00,
24,https://www.altinget.dk/kandidattest/FT26/profil/024,ok,Gorm Hoff Lauridsen,Det Konservative Folkeparti,36 år,Bachelor-/diplomuddannelse,,
25,https://www.altinget.dk/kandidattest/FT26/profil/025,ok,Helene Fagerhøj,Det Konservative Folkeparti,,Kandidat-/masteruddannelse,,
26,https://www.altinget.dk/kandidattest/FT26/profil/026,ok,Helle Bonnesen,Det Konservative Folkeparti,23 år,Kandidat-/masteruddannelse,2003-02-10T00:00:00,
27,https://www.altinget.dk/kandidattest/FT26/profil/027,ok,Henrik Jacobsen,Det Konservative Folkeparti,65 år,Kandidat-/masteruddannelse,1960-08-18T00:00:00,
28,https://www.altinget.dk/kandidattest/FT26/profil/028,ok,Ida Dyhr,Det Konservative Folkeparti,47 år,Kandidat-/masteruddannelse,,
29,https://www.altinget.dk/kandidattest/FT26/profil/029,ok,Isabella Arendt,Det Konservative Folkeparti,32 år,Bachelor-/diplomuddannelse,1993-05-07T00:00:00,
30,https://www.altinget.dk/kandidattest/FT26/profil/030,ok,Jacob Stryhn,Det Konservative Folkeparti,55 år,Erhvervsuddannelse,,
31,https://www.altinget.dk/kandidattest/FT26/profil/031,ok,Jacob Skjærris,Det Konservative Folkeparti,57 år,Kandidat-/masteruddannelse,1968-06-14T00:00:00,
32,https://www.altinget.dk/kandidattest/FT26/profil/032,ok,Jane Christensen,Det Konservative Folkeparti,,Ikke oplyst,,
33,https://www.altinget.dk/kandidattest/FT26/profil/033,ok,Jannie Boysen Westergaard,Det Konservative Folkeparti,55 år,Bachelor-/diplomuddannelse,,
34,https://www.altinget.dk/kandidattest/FT26/profil/034,ok,Jens Langer Schou,Det Konservative Folkeparti,20 år,Gymnasial uddannelse,,
35,https://www.altinget.dk/kandidattest/FT26/profil/035,ok,Jette Larsen,Det Konservative Folkeparti,47 år,Ph.d.-uddannelse,1978-07-12T00:00:00,
36,https://www.altinget.dk/kandidattest/FT26/profil/036,ok,Joachim Hoffmann-Petersen,Det Konservative Folkeparti,46 år,Kandidat-/masteruddannelse,1979-09-17T00:00:00,
37,https://www.altinget.dk/kandidattest/FT26/profil/037,ok,Johan Emil Sevelsted,Det Konservative Folkeparti,32 år,Kandidat-/masteruddannelse,,
38,https://www.altinget.dk/kandidattest/FT26/profil/038,ok,John Hoppe,Det Konservative Folkeparti,50 år,Ikke oplyst,,
39,https://www.altinget.dk/kandidattest/FT26/profil/039,ok,Jørgen Christian Pedersen,Det Konservative Folkeparti,56 år,10. klasse,1969-06-21T00:00:00,
40,https://www.altinget.dk/kandidattest/FT26/profil/040,ok,Klavs Norup Lauridsen,Det Konservative Folkeparti,55 år,Seminaruddannelse,,
41,https://www.altinget.dk/kandidattest/FT26/profil/041,ok,Kristian Thomsen,Det Konservative Folkeparti,22 år,Ikke oplyst,,
42,https://www.altinget.dk/kandidattest/FT26/profil/042,ok,Kristoffer Kromand,Det Konservative Folkeparti,28 år,Bachelor-/diplomuddannelse,,
43,https://www.altinget.dk/kandidattest/FT26/profil/043,ok,Laura Holm,Det Konservative Folkeparti,36 år,Kandidat-/masteruddannelse,,
44,https://www.altinget.dk/kandidattest/FT26/profil/044,ok,Lene Burchardt,Det Konservative Folkeparti,,Kandidat-/masteruddannelse,,
45,https://www.altinget.dk/kandidattest/FT26/profil/045,ok,Lennart Qvist,Det Konservative Folkeparti,55 år,Kandidat-/masteruddannelse,,
46,https://www.altinget.dk/kandidattest/FT26/profil/046,ok,Line Ervolder,Det Konservative Folkeparti,55 år,Kandidat-/masteruddannelse,,
47,https://www.altinget.dk/kandidattest/FT26/profil/047,ok,Lise Bertelsen,Det Konservative Folkeparti,50 år,Kandidat-/masteruddannelse,,
48,https://www.altinget.dk/kandidattest/FT26/profil/048,ok,Magnus Von Dreiager,Det Konservative Folkeparti,27 år,Kandidat-/masteruddannelse,1998-05-31T00:00:00,
49,https://www.altinget.dk/kandidattest/FT26/profil/049,ok,Mai Mercado,Det Konservative Folkeparti,45 år,Kandidat-/masteruddannelse,,
50,https://www.altinget.dk/kandidattest/FT26/profil/050,ok,Marcus Knuth,Det Konservative Folkeparti,50 år,Kandidat-/masteruddannelse,,
51,https://www.altinget.dk/kandidattest/FT26/profil/051,ok,Marianne Karlsmose,Det Konservative Folkeparti,52 år,Kandidat-/masteruddannelse,,
52,https://www.altinget.dk/kandidattest/FT26/profil/052,ok,Mette Abildgaard,Det Konservative Folkeparti,37 år,Kandidat-/masteruddannelse,1988-10-12T00:00:00,
53,https://www.altinget.dk/kandidattest/FT26/profil/053,ok,Mia Tang,Det Konservative Folkeparti,54 år,Kandidat-/masteruddannelse,,
54,https://www.altinget.dk/kandidattest/FT26/profil/054,ok,Michael Faust Horsbøl,Det Konservative Folkeparti,34 år,Erhvervsuddannelse,,
55,https://www.altinget.dk/kandidattest/FT26/profil/055,ok,Michael Grove,Det Konservative Folkeparti,37 år,Kandidat-/masteruddannelse,,
56,https://www.altinget.dk/kandidattest/FT26/profil/056,ok,Mona Juul,Det Konservative Folkeparti,58 år,Bachelor-/diplomuddannelse,,
57,https://www.altinget.dk/kandidattest/FT26/profil/057,missing_candidate,,,,,,Could not locate candidate name on page
58,https://www.altinget.dk/kandidattest/FT26/profil/058,ok,Natasja Bruun Knudsen,Det Konservative Folkeparti,40 år,Bachelor-/diplomuddannelse,1985-11-23T00:00:00,
59,https://www.altinget.dk/kandidattest/FT26/profil/059,ok,Nicklas Verne,Det Konservative Folkeparti,25 år,Kandidat-/masteruddannelse,2000-05-13T00:00:00,
60,https://www.altinget.dk/kandidattest/FT26/profil/060,ok,Niels Peder Ravn,Det Konservative Folkeparti,58 år,Bachelor-/diplomuddannelse,1967-06-18T00:00:00,
61,https://www.altinget.dk/kandidattest/FT26/profil/061,ok,Nikolaj Bøgh,Det Konservative Folkeparti,57 år,Kandidat-/masteruddannelse,1969-01-20T00:00:00,
62,https://www.altinget.dk/kandidattest/FT26/profil/062,ok,Per Larsen,Det Konservative Folkeparti,60 år,Erhvervsuddannelse,1965-06-27T00:00:00,
63,https://www.altinget.dk/kandidattest/FT26/profil/063,ok,Peter Sporleder,Det Konservative Folkeparti,54 år,Kandidat-/masteruddannelse,1971-11-17T00:00:00,
64,https://www.altinget.dk/kandidattest/FT26/profil/064,ok,Rasmus Elkjær Larsen,Det Konservative Folkeparti,54 år,Seminaruddannelse,,
65,https://www.altinget.dk/kandidattest/FT26/profil/065,ok,Rasmus Sandvej,Det Konservative Folkeparti,,Bachelor-/diplomuddannelse,,
66,https://www.altinget.dk/kandidattest/FT26/profil/066,ok,René Flou,Det Konservative Folkeparti,,Ikke oplyst,,
67,https://www.altinget.dk/kandidattest/FT26/profil/067,missing_candidate,,,,,,Could not locate candidate name on page
68,https://www.altinget.dk/kandidattest/FT26/profil/068,ok,Siff Tang Lassen,Det Konservative Folkeparti,24 år,Bachelor-/diplomuddannelse,,
69,https://www.altinget.dk/kandidattest/FT26/profil/069,ok,Sigurd Hebo Lønholdt,Det Konservative Folkeparti,26 år,Kandidat-/masteruddannelse,1999-10-01T00:00:00,
70,https://www.altinget.dk/kandidattest/FT26/profil/070,ok,Sofie Therese Svendsen,Det Konservative Folkeparti,23 år,Ikke oplyst,,
71,https://www.altinget.dk/kandidattest/FT26/profil/071,ok,Søren Homann,Det Konservative Folkeparti,49 år,Gymnasial uddannelse,,
72,https://www.altinget.dk/kandidattest/FT26/profil/072,ok,Tina Cartey Hansen,Det Konservative Folkeparti,47 år,Bachelor-/diplomuddannelse,1978-06-07T00:00:00,
73,https://www.altinget.dk/kandidattest/FT26/profil/073,ok,Tobias Bennedsen,Det Konservative Folkeparti,39 år,Bachelor-/diplomuddannelse,1986-04-14T00:00:00,
74,https://www.altinget.dk/kandidattest/FT26/profil/074,ok,Viktor Thyregod Sivertsen,Det Konservative Folkeparti,22 år,Bachelor-/diplomuddannelse,,
75,https://www.altinget.dk/kandidattest/FT26/profil/075,ok,Vilhelm Møller,Det Konservative Folkeparti,50 år,Bachelor-/diplomuddannelse,1975-05-18T00:00:00,
76,https://www.altinget.dk/kandidattest/FT26/profil/076,ok,Eik Dahl Bidstrup,Liberal Alliance,51 år,Kandidat-/masteruddannelse,1974-11-05T00:00:00,
77,https://www.altinget.dk/kandidattest/FT26/profil/077,ok,Katrine Daugaard,Liberal Alliance,44 år,Kandidat-/masteruddannelse,1981-10-01T00:00:00,
78,https://www.altinget.dk/kandidattest/FT26/profil/078,ok,Malte Jäger,Liberal Alliance,23 år,Bachelor-/diplomuddannelse,,
79,https://www.altinget.dk/kandidattest/FT26/profil/079,ok,Pia Offer Madsen,Liberal Alliance,52 år,Kandidat-/masteruddannelse,1973-07-11T00:00:00,
80,https://www.altinget.dk/kandidattest/FT26/profil/080,missing_candidate,,,,,,Could not locate candidate name on page
81,https://www.altinget.dk/kandidattest/FT26/profil/081,ok,Martin Lissner,Liberal Alliance,,Ikke oplyst,,
82,https://www.altinget.dk/kandidattest/FT26/profil/082,ok,Tonny Vest,Liberal Alliance,,Ikke oplyst,,
83,https://www.altinget.dk/kandidattest/FT26/profil/083,ok,Thomas Estrup,Liberal Alliance,51 år,Kandidat-/masteruddannelse,1975-03-25T00:00:00,
84,https://www.altinget.dk/kandidattest/FT26/profil/084,ok,Sólbjørg Jakobsen,Liberal Alliance,34 år,Kandidat-/masteruddannelse,1991-08-08T00:00:00,
85,https://www.altinget.dk/kandidattest/FT26/profil/085,ok,HP Beck,Liberal Alliance,47 år,Erhvervsuddannelse,,
86,https://www.altinget.dk/kandidattest/FT26/profil/086,ok,Kenneth Skatka Hammer,Liberal Alliance,39 år,Bachelor-/diplomuddannelse,,
87,https://www.altinget.dk/kandidattest/FT26/profil/087,ok,Anders Peter Hansen,Liberal Alliance,30 år,Kandidat-/masteruddannelse,,
88,https://www.altinget.dk/kandidattest/FT26/profil/088,ok,Kim Gaarsdahl,Liberal Alliance,38 år,Gymnasial uddannelse,,
89,https://www.altinget.dk/kandidattest/FT26/profil/089,ok,Bo Ritterbusch,Liberal Alliance,57 år,Ikke oplyst,,
90,https://www.altinget.dk/kandidattest/FT26/profil/090,ok,Mark Hellerup,Liberal Alliance,38 år,Kandidat-/masteruddannelse,1987-09-09T00:00:00,
91,https://www.altinget.dk/kandidattest/FT26/profil/091,ok,Kresten Solvang Larsen,Liberal Alliance,35 år,Gymnasial uddannelse,,
92,https://www.altinget.dk/kandidattest/FT26/profil/092,ok,Thomas Heuniche,Liberal Alliance,,Ikke oplyst,,
93,https://www.altinget.dk/kandidattest/FT26/profil/093,ok,Jimmy Abel Nielsen,Liberal Alliance,,Ikke oplyst,,
94,https://www.altinget.dk/kandidattest/FT26/profil/094,ok,Frederik Blicher Pedersen,Liberal Alliance,,Bachelor-/diplomuddannelse,,
95,https://www.altinget.dk/kandidattest/FT26/profil/095,ok,Dan Gaardboe Rueskov,Liberal Alliance,45 år,Erhvervsuddannelse,,
96,https://www.altinget.dk/kandidattest/FT26/profil/096,ok,Thomas Christiansen,Liberal Alliance,,Ikke oplyst,,
97,https://www.altinget.dk/kandidattest/FT26/profil/097,ok,Sara Tvilling,Liberal Alliance,,Ikke oplyst,,
98,https://www.altinget.dk/kandidattest/FT26/profil/098,ok,Rikke Olssen,Liberal Alliance,48 år,Erhvervsuddannelse,,
99,https://www.altinget.dk/kandidattest/FT26/profil/099,ok,Peter Larsen,Liberal Alliance,54 år,Gymnasial uddannelse,,
100,https://www.altinget.dk/kandidattest/FT26/profil/100,ok,Lukas Vestergaard,Liberal Alliance,19 år,Gymnasial uddannelse,2007-03-22T00:00:00,
101,https://www.altinget.dk/kandidattest/FT26/profil/101,ok,Steffen W. Frølund,Liberal Alliance,41 år,Kandidat-/masteruddannelse,,
102,https://www.altinget.dk/kandidattest/FT26/profil/102,ok,Christopher Arzrouni,Liberal Alliance,58 år,Kandidat-/masteruddannelse,,
103,https://www.altinget.dk/kandidattest/FT26/profil/103,ok,Chelle Lilly Albøge,Liberal Alliance,33 år,Gymnasial uddannelse,,
104,https://www.altinget.dk/kandidattest/FT26/profil/104,ok,Philip Solberg,Liberal Alliance,18 år,Gymnasial uddannelse,,
105,https://www.altinget.dk/kandidattest/FT26/profil/105,ok,Lars Høyer Holmqvist,Liberal Alliance,48 år,Kandidat-/masteruddannelse,1978-02-27T00:00:00,
106,https://www.altinget.dk/kandidattest/FT26/profil/106,ok,Sten Schmidl Søbjærg,Liberal Alliance,53 år,Ph.d.-uddannelse,,
107,https://www.altinget.dk/kandidattest/FT26/profil/107,missing_candidate,,,,,,Could not locate candidate name on page
108,https://www.altinget.dk/kandidattest/FT26/profil/108,ok,Robert Mørck,Liberal Alliance,44 år,Kandidat-/masteruddannelse,,
109,https://www.altinget.dk/kandidattest/FT26/profil/109,ok,Steffen Sjørslev,Liberal Alliance,29 år,Ikke oplyst,,
110,https://www.altinget.dk/kandidattest/FT26/profil/110,ok,Johannes Joyce,Liberal Alliance,,Ikke oplyst,,
111,https://www.altinget.dk/kandidattest/FT26/profil/111,ok,Kira Danholm,Liberal Alliance,35 år,Bachelor-/diplomuddannelse,,
112,https://www.altinget.dk/kandidattest/FT26/profil/112,ok,Steen Tofteng,Liberal Alliance,66 år,Erhvervsuddannelse,1959-04-12T00:00:00,
113,https://www.altinget.dk/kandidattest/FT26/profil/113,ok,Ole Birk Olesen,Liberal Alliance,53 år,Bachelor-/diplomuddannelse,1972-12-21T00:00:00,
114,https://www.altinget.dk/kandidattest/FT26/profil/114,ok,Mads Strange,Liberal Alliance,26 år,Kandidat-/masteruddannelse,,
115,https://www.altinget.dk/kandidattest/FT26/profil/115,ok,Alexander Ryle,Liberal Alliance,35 år,Kandidat-/masteruddannelse,1990-10-17T00:00:00,
116,https://www.altinget.dk/kandidattest/FT26/profil/116,ok,Merete Riisager,Liberal Alliance,50 år,Kandidat-/masteruddannelse,1976-03-01T00:00:00,
117,https://www.altinget.dk/kandidattest/FT26/profil/117,ok,Per Nørgaard Andersen,Liberal Alliance,61 år,Kandidat-/masteruddannelse,1964-10-22T00:00:00,
118,https://www.altinget.dk/kandidattest/FT26/profil/118,ok,Charlotte Nellemann,Liberal Alliance,52 år,Bachelor-/diplomuddannelse,,
119,https://www.altinget.dk/kandidattest/FT26/profil/119,ok,Line Østergaard Olsen,Liberal Alliance,46 år,Bachelor-/diplomuddannelse,,
120,https://www.altinget.dk/kandidattest/FT26/profil/120,ok,Laura Emilie Fabricius-Lauritzen,Liberal Alliance,32 år,Kandidat-/masteruddannelse,1994-02-22T00:00:00,
121,https://www.altinget.dk/kandidattest/FT26/profil/121,missing_candidate,,,,,,Could not locate candidate name on page
122,https://www.altinget.dk/kandidattest/FT26/profil/122,missing_candidate,,,,,,Could not locate candidate name on page
123,https://www.altinget.dk/kandidattest/FT26/profil/123,ok,Torben Guldbæk,Liberal Alliance,59 år,Erhvervsuddannelse,1966-04-11T00:00:00,
124,https://www.altinget.dk/kandidattest/FT26/profil/124,ok,Freja Brandhøj,Liberal Alliance,38 år,Ikke oplyst,,
125,https://www.altinget.dk/kandidattest/FT26/profil/125,ok,Jonas Juhl,Liberal Alliance,25 år,Gymnasial uddannelse,,
126,https://www.altinget.dk/kandidattest/FT26/profil/126,missing_candidate,,,,,,Could not locate candidate name on page
127,https://www.altinget.dk/kandidattest/FT26/profil/127,ok,Hanne Bjørn,Liberal Alliance,54 år,Erhvervsuddannelse,1972-03-25T00:00:00,
128,https://www.altinget.dk/kandidattest/FT26/profil/128,ok,Jacqueline Kristensen,Liberal Alliance,56 år,Seminaruddannelse,1970-03-12T00:00:00,
129,https://www.altinget.dk/kandidattest/FT26/profil/129,ok,Patrizia Venturelli Christensen,Liberal Alliance,54 år,Ph.d.-uddannelse,,
130,https://www.altinget.dk/kandidattest/FT26/profil/130,ok,Michael Melchert,Liberal Alliance,53 år,Bachelor-/diplomuddannelse,,
131,https://www.altinget.dk/kandidattest/FT26/profil/131,ok,Pernille Vermund,Liberal Alliance,50 år,Kandidat-/masteruddannelse,,
132,https://www.altinget.dk/kandidattest/FT26/profil/132,ok,Joachim Riis,Liberal Alliance,,Erhvervsuddannelse,,
133,https://www.altinget.dk/kandidattest/FT26/profil/133,ok,Lars-Christian Brask,Liberal Alliance,62 år,Gymnasial uddannelse,1963-05-25T00:00:00,
134,https://www.altinget.dk/kandidattest/FT26/profil/134,ok,Mads Brenøe,Liberal Alliance,37 år,Kandidat-/masteruddannelse,,
135,https://www.altinget.dk/kandidattest/FT26/profil/135,ok,Martin Mickey Pedersen,Liberal Alliance,38 år,Grundskole,1987-08-06T00:00:00,
136,https://www.altinget.dk/kandidattest/FT26/profil/136,ok,Frederik Grünfeld,Liberal Alliance,30 år,Gymnasial uddannelse,1996-02-25T00:00:00,
137,https://www.altinget.dk/kandidattest/FT26/profil/137,ok,Michael Rask,Liberal Alliance,,Gymnasial uddannelse,,
138,https://www.altinget.dk/kandidattest/FT26/profil/138,ok,Sandra Skalvig,Liberal Alliance,35 år,Bachelor-/diplomuddannelse,1990-10-09T00:00:00,
139,https://www.altinget.dk/kandidattest/FT26/profil/139,ok,Nicolai Sandager,Liberal Alliance,49 år,Gymnasial uddannelse,,
140,https://www.altinget.dk/kandidattest/FT26/profil/140,ok,Henrik B. Dynesen,Liberal Alliance,51 år,Kandidat-/masteruddannelse,,
141,https://www.altinget.dk/kandidattest/FT26/profil/141,ok,Julie Memborg,Liberal Alliance,49 år,Gymnasial uddannelse,1976-10-16T00:00:00,
142,https://www.altinget.dk/kandidattest/FT26/profil/142,ok,Steffen Friis,Liberal Alliance,36 år,Erhvervsuddannelse,1990-03-15T00:00:00,
143,https://www.altinget.dk/kandidattest/FT26/profil/143,ok,Carsten Abildtrup Ranum,Liberal Alliance,55 år,Bachelor-/diplomuddannelse,,
144,https://www.altinget.dk/kandidattest/FT26/profil/144,missing_candidate,,,,,,Could not locate candidate name on page
145,https://www.altinget.dk/kandidattest/FT26/profil/145,ok,Frederik Max Krag,Liberal Alliance,20 år,Ikke oplyst,,
146,https://www.altinget.dk/kandidattest/FT26/profil/146,ok,Elva Bille Klem,Liberal Alliance,,Ikke oplyst,,
147,https://www.altinget.dk/kandidattest/FT26/profil/147,ok,Susan H. Møller,Liberal Alliance,49 år,Bachelor-/diplomuddannelse,1976-12-28T00:00:00,
148,https://www.altinget.dk/kandidattest/FT26/profil/148,ok,Ulrik Lassen,Liberal Alliance,58 år,Ikke oplyst,,
149,https://www.altinget.dk/kandidattest/FT26/profil/149,ok,Brian Prehn,Liberal Alliance,51 år,Erhvervsuddannelse,,
150,https://www.altinget.dk/kandidattest/FT26/profil/150,ok,Nikolaj Brink Olsen,Liberal Alliance,58 år,Erhvervsuddannelse,,
151,https://www.altinget.dk/kandidattest/FT26/profil/151,ok,Kasper Schneider,Liberal Alliance,42 år,Bachelor-/diplomuddannelse,,
152,https://www.altinget.dk/kandidattest/FT26/profil/152,ok,Steffen Larsen,Liberal Alliance,42 år,Erhvervsuddannelse,1983-12-05T00:00:00,
153,https://www.altinget.dk/kandidattest/FT26/profil/153,ok,Kim Alexander Jensen,Liberal Alliance,39 år,Kandidat-/masteruddannelse,1987-01-14T00:00:00,
154,https://www.altinget.dk/kandidattest/FT26/profil/154,ok,Helena Artmann Andresen,Liberal Alliance,24 år,Gymnasial uddannelse,2001-09-26T00:00:00,
155,https://www.altinget.dk/kandidattest/FT26/profil/155,ok,Cecilie Liv Hansen,Liberal Alliance,24 år,Bachelor-/diplomuddannelse,,
156,https://www.altinget.dk/kandidattest/FT26/profil/156,ok,Christian Jørgensen,Liberal Alliance,63 år,Gymnasial uddannelse,,
157,https://www.altinget.dk/kandidattest/FT26/profil/157,ok,Carl Andersen,Liberal Alliance,31 år,Kandidat-/masteruddannelse,1995-01-27T00:00:00,
158,https://www.altinget.dk/kandidattest/FT26/profil/158,ok,Helene Lykke,Liberal Alliance,30 år,Gymnasial uddannelse,,
159,https://www.altinget.dk/kandidattest/FT26/profil/159,missing_candidate,,,,,,Could not locate candidate name on page
160,https://www.altinget.dk/kandidattest/FT26/profil/160,ok,John Rasmussen,Liberal Alliance,37 år,Kandidat-/masteruddannelse,1989-01-11T00:00:00,
161,https://www.altinget.dk/kandidattest/FT26/profil/161,ok,Christian Fini Mosegaard,Liberal Alliance,23 år,Erhvervsuddannelse,,
162,https://www.altinget.dk/kandidattest/FT26/profil/162,missing_candidate,,,,,,Could not locate candidate name on page
163,https://www.altinget.dk/kandidattest/FT26/profil/163,ok,Troels Simonsen,Liberal Alliance,48 år,Kandidat-/masteruddannelse,,
164,https://www.altinget.dk/kandidattest/FT26/profil/164,ok,Frederik Klakk,Liberal Alliance,36 år,Bachelor-/diplomuddannelse,1990-04-03T00:00:00,
165,https://www.altinget.dk/kandidattest/FT26/profil/165,ok,Carsten Bach,Liberal Alliance,50 år,Kandidat-/masteruddannelse,1975-12-09T00:00:00,
166,https://www.altinget.dk/kandidattest/FT26/profil/166,ok,Helle Jensen,Liberal Alliance,47 år,Bachelor-/diplomuddannelse,,
167,https://www.altinget.dk/kandidattest/FT26/profil/167,ok,Thorbjørn Jacobsen,Liberal Alliance,45 år,Bachelor-/diplomuddannelse,,
168,https://www.altinget.dk/kandidattest/FT26/profil/168,ok,Svend Stein Olsen,Liberal Alliance,22 år,Bachelor-/diplomuddannelse,,
169,https://www.altinget.dk/kandidattest/FT26/profil/169,missing_candidate,,,,,,Could not locate candidate name on page
170,https://www.altinget.dk/kandidattest/FT26/profil/170,ok,Steffen Troldtoft,Liberal Alliance,,Kandidat-/masteruddannelse,,
171,https://www.altinget.dk/kandidattest/FT26/profil/171,ok,Michael Valbjørn,Liberal Alliance,48 år,Bachelor-/diplomuddannelse,,
172,https://www.altinget.dk/kandidattest/FT26/profil/172,ok,Alex Vanopslagh,Liberal Alliance,34 år,Kandidat-/masteruddannelse,1991-10-17T00:00:00,
173,https://www.altinget.dk/kandidattest/FT26/profil/173,ok,Jens Meilvang,Liberal Alliance,45 år,Bachelor-/diplomuddannelse,,
174,https://www.altinget.dk/kandidattest/FT26/profil/174,ok,Louise Brown,Liberal Alliance,45 år,Bachelor-/diplomuddannelse,1980-10-15T00:00:00,
175,https://www.altinget.dk/kandidattest/FT26/profil/175,ok,Chris Hvidberg,Liberal Alliance,54 år,Erhvervsuddannelse,1971-09-03T00:00:00,
176,https://www.altinget.dk/kandidattest/FT26/profil/176,ok,Niels Povlsgaard,Liberal Alliance,46 år,Kandidat-/masteruddannelse,,
177,https://www.altinget.dk/kandidattest/FT26/profil/177,ok,Søren Jensen,Liberal Alliance,27 år,Kandidat-/masteruddannelse,,
178,https://www.altinget.dk/kandidattest/FT26/profil/178,ok,Lars Abildskov,Liberal Alliance,61 år,Kandidat-/masteruddannelse,,
179,https://www.altinget.dk/kandidattest/FT26/profil/179,ok,Michael Klausen,Liberal Alliance,49 år,Erhvervsuddannelse,,
180,https://www.altinget.dk/kandidattest/FT26/profil/180,ok,Kim Møller-Nielsen,Liberal Alliance,49 år,Kandidat-/masteruddannelse,1976-08-31T00:00:00,
181,https://www.altinget.dk/kandidattest/FT26/profil/181,ok,Steffen Holme Helledie,Radikale Venstre,36 år,Kandidat-/masteruddannelse,1989-10-12T00:00:00,
182,https://www.altinget.dk/kandidattest/FT26/profil/182,ok,Jacob Robsøe,Radikale Venstre,29 år,Kandidat-/masteruddannelse,,
183,https://www.altinget.dk/kandidattest/FT26/profil/183,ok,Susanne Krebs,Radikale Venstre,60 år,Seminaruddannelse,1965-10-09T00:00:00,
184,https://www.altinget.dk/kandidattest/FT26/profil/184,ok,Dorthe Kerschus,Radikale Venstre,46 år,Bachelor-/diplomuddannelse,,
185,https://www.altinget.dk/kandidattest/FT26/profil/185,ok,Marie Wandel,Radikale Venstre,52 år,Ph.d.-uddannelse,1973-07-11T00:00:00,
186,https://www.altinget.dk/kandidattest/FT26/profil/186,ok,Pia Elberg,Radikale Venstre,57 år,Kandidat-/masteruddannelse,,
187,https://www.altinget.dk/kandidattest/FT26/profil/187,ok,Carsten Bedsted,Radikale Venstre,54 år,Kandidat-/masteruddannelse,,
188,https://www.altinget.dk/kandidattest/FT26/profil/188,ok,Michael Portefee P. Lex,Radikale Venstre,65 år,Seminaruddannelse,,
189,https://www.altinget.dk/kandidattest/FT26/profil/189,ok,Steen Asgeir Petersen,Radikale Venstre,58 år,Bachelor-/diplomuddannelse,1967-07-27T00:00:00,
190,https://www.altinget.dk/kandidattest/FT26/profil/190,ok,Hanne Roed,Radikale Venstre,57 år,Kandidat-/masteruddannelse,,
191,https://www.altinget.dk/kandidattest/FT26/profil/191,ok,Katrine Robsøe,Radikale Venstre,34 år,Kandidat-/masteruddannelse,1991-06-21T00:00:00,
192,https://www.altinget.dk/kandidattest/FT26/profil/192,ok,Mathias Sikora,Radikale Venstre,26 år,Kandidat-/masteruddannelse,,
193,https://www.altinget.dk/kandidattest/FT26/profil/193,ok,Rune Christiansen,Radikale Venstre,48 år,Kandidat-/masteruddannelse,,
194,https://www.altinget.dk/kandidattest/FT26/profil/194,ok,Bjarke Jensen,Radikale Venstre,42 år,Bachelor-/diplomuddannelse,,
195,https://www.altinget.dk/kandidattest/FT26/profil/195,missing_candidate,,,,,,Could not locate candidate name on page
196,https://www.altinget.dk/kandidattest/FT26/profil/196,ok,Rikke Christensen,Radikale Venstre,55 år,Seminaruddannelse,,
197,https://www.altinget.dk/kandidattest/FT26/profil/197,ok,Line Rasmussen,Radikale Venstre,28 år,Kandidat-/masteruddannelse,,
198,https://www.altinget.dk/kandidattest/FT26/profil/198,ok,Anne Sophie Callesen,Radikale Venstre,37 år,Kandidat-/masteruddannelse,,
199,https://www.altinget.dk/kandidattest/FT26/profil/199,ok,Jakob Larsen,Radikale Venstre,51 år,Kandidat-/masteruddannelse,,
200,https://www.altinget.dk/kandidattest/FT26/profil/200,ok,Kim Lei-Jensen,Radikale Venstre,51 år,Erhvervsuddannelse,,
201,https://www.altinget.dk/kandidattest/FT26/profil/201,ok,Anastasia Milthers,Radikale Venstre,24 år,Bachelor-/diplomuddannelse,2002-01-06T00:00:00,
202,https://www.altinget.dk/kandidattest/FT26/profil/202,ok,Jan Werner Mathiasen,Radikale Venstre,54 år,Kandidat-/masteruddannelse,1972-03-14T00:00:00,
203,https://www.altinget.dk/kandidattest/FT26/profil/203,ok,Magnus Georg Jensen,Radikale Venstre,30 år,Kandidat-/masteruddannelse,,
204,https://www.altinget.dk/kandidattest/FT26/profil/204,ok,Thomas Markmann,Radikale Venstre,54 år,Bachelor-/diplomuddannelse,1971-05-25T00:00:00,
205,https://www.altinget.dk/kandidattest/FT26/profil/205,ok,Thomas Rohden,Radikale Venstre,30 år,Bachelor-/diplomuddannelse,,
206,https://www.altinget.dk/kandidattest/FT26/profil/206,ok,Mikkel Senna Odoom,Radikale Venstre,51 år,Kandidat-/masteruddannelse,,
207,https://www.altinget.dk/kandidattest/FT26/profil/207,ok,Samira Nawa,Radikale Venstre,38 år,Kandidat-/masteruddannelse,,
208,https://www.altinget.dk/kandidattest/FT26/profil/208,ok,Helene Langager,Radikale Venstre,54 år,Bachelor-/diplomuddannelse,1971-05-27T00:00:00,
209,https://www.altinget.dk/kandidattest/FT26/profil/209,ok,Frederik Rosberg,Radikale Venstre,38 år,Kandidat-/masteruddannelse,,
210,https://www.altinget.dk/kandidattest/FT26/profil/210,missing_candidate,,,,,,Could not locate candidate name on page
211,https://www.altinget.dk/kandidattest/FT26/profil/211,ok,Maria Georgi Sloth,Radikale Venstre,26 år,Bachelor-/diplomuddannelse,,
212,https://www.altinget.dk/kandidattest/FT26/profil/212,ok,Emil Moselund,Radikale Venstre,32 år,Kandidat-/masteruddannelse,,
213,https://www.altinget.dk/kandidattest/FT26/profil/213,ok,Marianne Mortensen,Radikale Venstre,48 år,Kandidat-/masteruddannelse,1978-03-14T00:00:00,
214,https://www.altinget.dk/kandidattest/FT26/profil/214,ok,Anne-Sofie Sadolin,Radikale Venstre,36 år,Ikke oplyst,,
215,https://www.altinget.dk/kandidattest/FT26/profil/215,ok,Lars Green Bach,Radikale Venstre,50 år,Kandidat-/masteruddannelse,1975-06-26T00:00:00,
216,https://www.altinget.dk/kandidattest/FT26/profil/216,ok,Kashif Ahmad,Radikale Venstre,45 år,Seminaruddannelse,,
217,https://www.altinget.dk/kandidattest/FT26/profil/217,ok,Ruben Kidde,Radikale Venstre,39 år,Kandidat-/masteruddannelse,,
218,https://www.altinget.dk/kandidattest/FT26/profil/218,ok,Christina Falkberg,Radikale Venstre,50 år,Kandidat-/masteruddannelse,,
219,https://www.altinget.dk/kandidattest/FT26/profil/219,ok,Brian Køster,Radikale Venstre,48 år,Ph.d.-uddannelse,,
220,https://www.altinget.dk/kandidattest/FT26/profil/220,ok,Stinus Lindgreen,Radikale Venstre,45 år,Ph.d.-uddannelse,,
221,https://www.altinget.dk/kandidattest/FT26/profil/221,ok,Jens Frost,Radikale Venstre,52 år,Kandidat-/masteruddannelse,,
222,https://www.altinget.dk/kandidattest/FT26/profil/222,ok,Esat Senturk,Radikale Venstre,36 år,Bachelor-/diplomuddannelse,1989-05-18T00:00:00,
223,https://www.altinget.dk/kandidattest/FT26/profil/223,ok,Zohair Ali,Radikale Venstre,34 år,Kandidat-/masteruddannelse,,
224,https://www.altinget.dk/kandidattest/FT26/profil/224,ok,Trine Dybkjær,Radikale Venstre,58 år,Kandidat-/masteruddannelse,,
225,https://www.altinget.dk/kandidattest/FT26/profil/225,ok,Isabel Havndrup Aackmann,Radikale Venstre,25 år,Kandidat-/masteruddannelse,,
226,https://www.altinget.dk/kandidattest/FT26/profil/226,ok,Tine Hessner,Radikale Venstre,58 år,Kandidat-/masteruddannelse,1967-11-27T00:00:00,
227,https://www.altinget.dk/kandidattest/FT26/profil/227,ok,Hediye Temiz,Radikale Venstre,27 år,Bachelor-/diplomuddannelse,,
228,https://www.altinget.dk/kandidattest/FT26/profil/228,ok,Christian Elkjær,Radikale Venstre,40 år,Ph.d.-uddannelse,,
229,https://www.altinget.dk/kandidattest/FT26/profil/229,ok,Mikkel Westh Jepsen,Radikale Venstre,25 år,Bachelor-/diplomuddannelse,2000-12-16T00:00:00,
230,https://www.altinget.dk/kandidattest/FT26/profil/230,ok,Christina Thorholm,Radikale Venstre,61 år,Kandidat-/masteruddannelse,,
231,https://www.altinget.dk/kandidattest/FT26/profil/231,ok,Martin Lidegaard,Radikale Venstre,59 år,Kandidat-/masteruddannelse,1966-12-12T00:00:00,
232,https://www.altinget.dk/kandidattest/FT26/profil/232,ok,Lasse Skov Ovesen,Radikale Venstre,,Ikke oplyst,,
233,https://www.altinget.dk/kandidattest/FT26/profil/233,ok,Anne Marie Geisler Andersen,Radikale Venstre,44 år,Kandidat-/masteruddannelse,,
234,https://www.altinget.dk/kandidattest/FT26/profil/234,ok,Finn Hartvig Nielsen,Radikale Venstre,46 år,Kandidat-/masteruddannelse,,
235,https://www.altinget.dk/kandidattest/FT26/profil/235,ok,Nils Sjøberg,Radikale Venstre,65 år,Kandidat-/masteruddannelse,1960-08-04T00:00:00,
236,https://www.altinget.dk/kandidattest/FT26/profil/236,ok,Lotte Rod,Radikale Venstre,40 år,Kandidat-/masteruddannelse,,
237,https://www.altinget.dk/kandidattest/FT26/profil/237,ok,Bjarne Lastein,Radikale Venstre,,Ikke oplyst,,
238,https://www.altinget.dk/kandidattest/FT26/profil/238,ok,Ole Lynggaard Jørgensen,Radikale Venstre,71 år,Bachelor-/diplomuddannelse,1955-03-17T00:00:00,
239,https://www.altinget.dk/kandidattest/FT26/profil/239,ok,Simon Bech Munch-Petersen,Radikale Venstre,23 år,Ikke oplyst,,
240,https://www.altinget.dk/kandidattest/FT26/profil/240,ok,Line Krogh Lay,Radikale Venstre,54 år,Kandidat-/masteruddannelse,1972-02-24T00:00:00,
241,https://www.altinget.dk/kandidattest/FT26/profil/241,ok,Zenia Stampe,Radikale Venstre,47 år,Kandidat-/masteruddannelse,1979-03-30T00:00:00,
242,https://www.altinget.dk/kandidattest/FT26/profil/242,ok,Edris Qasimi,Radikale Venstre,38 år,Kandidat-/masteruddannelse,,
243,https://www.altinget.dk/kandidattest/FT26/profil/243,ok,Mette Hvid Brockmann,Radikale Venstre,56 år,Kandidat-/masteruddannelse,1969-12-26T00:00:00,
244,https://www.altinget.dk/kandidattest/FT26/profil/244,ok,Helena Tjørnelund Christensen,Radikale Venstre,32 år,Kandidat-/masteruddannelse,1993-07-22T00:00:00,
245,https://www.altinget.dk/kandidattest/FT26/profil/245,ok,Kristian Stokholm,Radikale Venstre,63 år,Kandidat-/masteruddannelse,1963-03-02T00:00:00,
246,https://www.altinget.dk/kandidattest/FT26/profil/246,ok,Sofie Holm,Radikale Venstre,26 år,Bachelor-/diplomuddannelse,2000-02-01T00:00:00,
247,https://www.altinget.dk/kandidattest/FT26/profil/247,ok,Troels Brandt,Radikale Venstre,58 år,Kandidat-/masteruddannelse,1967-04-25T00:00:00,
248,https://www.altinget.dk/kandidattest/FT26/profil/248,ok,Jeppe Fransson,Radikale Venstre,37 år,Kandidat-/masteruddannelse,,
249,https://www.altinget.dk/kandidattest/FT26/profil/249,ok,Jeppe Trolle,Radikale Venstre,56 år,Kandidat-/masteruddannelse,,
250,https://www.altinget.dk/kandidattest/FT26/profil/250,ok,Casper Hindkjær,Radikale Venstre,,Kandidat-/masteruddannelse,,
251,https://www.altinget.dk/kandidattest/FT26/profil/251,ok,Philip Vivet,Radikale Venstre,25 år,Bachelor-/diplomuddannelse,,
252,https://www.altinget.dk/kandidattest/FT26/profil/252,ok,Johan Brødsgaard,Radikale Venstre,32 år,Bachelor-/diplomuddannelse,,
253,https://www.altinget.dk/kandidattest/FT26/profil/253,ok,Peter Vestergaard,Radikale Venstre,52 år,Gymnasial uddannelse,,
254,https://www.altinget.dk/kandidattest/FT26/profil/254,ok,Kim Pagels,Radikale Venstre,68 år,Kandidat-/masteruddannelse,,
255,https://www.altinget.dk/kandidattest/FT26/profil/255,ok,Mathias Fuglsang,Borgernes Parti - Lars Boje Mathiesen,30 år,Gymnasial uddannelse,,
256,https://www.altinget.dk/kandidattest/FT26/profil/256,ok,Tim Larsen,Borgernes Parti - Lars Boje Mathiesen,49 år,Ikke oplyst,,
257,https://www.altinget.dk/kandidattest/FT26/profil/257,ok,Sanne Pilgaard,Borgernes Parti - Lars Boje Mathiesen,47 år,Ikke oplyst,,
258,https://www.altinget.dk/kandidattest/FT26/profil/258,ok,Jørn Dohrmann,Borgernes Parti - Lars Boje Mathiesen,57 år,Erhvervsuddannelse,1969-01-09T00:00:00,
259,https://www.altinget.dk/kandidattest/FT26/profil/259,ok,Niels Christensen,Borgernes Parti - Lars Boje Mathiesen,72 år,Ikke oplyst,1953-10-01T00:00:00,
260,https://www.altinget.dk/kandidattest/FT26/profil/260,ok,Karsten Byrgesen,Borgernes Parti - Lars Boje Mathiesen,70 år,Bachelor-/diplomuddannelse,1955-09-07T00:00:00,
261,https://www.altinget.dk/kandidattest/FT26/profil/261,ok,Emilie Schytte,Borgernes Parti - Lars Boje Mathiesen,32 år,Kandidat-/masteruddannelse,,
262,https://www.altinget.dk/kandidattest/FT26/profil/262,ok,Helge K. Frandsen,Borgernes Parti - Lars Boje Mathiesen,42 år,Erhvervsuddannelse,1983-06-01T00:00:00,
263,https://www.altinget.dk/kandidattest/FT26/profil/263,ok,Nadja Natalie Isaksen,Borgernes Parti - Lars Boje Mathiesen,31 år,Kandidat-/masteruddannelse,1995-01-05T00:00:00,
264,https://www.altinget.dk/kandidattest/FT26/profil/264,ok,Morten Dehn,Borgernes Parti - Lars Boje Mathiesen,54 år,Ikke oplyst,,
265,https://www.altinget.dk/kandidattest/FT26/profil/265,ok,Rikke Hansen,Borgernes Parti - Lars Boje Mathiesen,46 år,Bachelor-/diplomuddannelse,,
266,https://www.altinget.dk/kandidattest/FT26/profil/266,ok,Søren T. Fugleberg,Borgernes Parti - Lars Boje Mathiesen,,Ikke oplyst,,
267,https://www.altinget.dk/kandidattest/FT26/profil/267,ok,Jacob Harris,Borgernes Parti - Lars Boje Mathiesen,40 år,Erhvervsuddannelse,,
268,https://www.altinget.dk/kandidattest/FT26/profil/268,ok,Martin Nordstjerne,Borgernes Parti - Lars Boje Mathiesen,59 år,Bachelor-/diplomuddannelse,1966-12-25T00:00:00,
269,https://www.altinget.dk/kandidattest/FT26/profil/269,ok,Lars Boje Mathiesen,Borgernes Parti - Lars Boje Mathiesen,50 år,Bachelor-/diplomuddannelse,,
270,https://www.altinget.dk/kandidattest/FT26/profil/270,ok,Jes Halfdan,Borgernes Parti - Lars Boje Mathiesen,61 år,Kandidat-/masteruddannelse,,
271,https://www.altinget.dk/kandidattest/FT26/profil/271,ok,Peter Faber,Borgernes Parti - Lars Boje Mathiesen,43 år,Erhvervsuddannelse,1982-10-05T00:00:00,
272,https://www.altinget.dk/kandidattest/FT26/profil/272,ok,Flemming Steenlykke,Borgernes Parti - Lars Boje Mathiesen,37 år,Bachelor-/diplomuddannelse,1989-02-17T00:00:00,
273,https://www.altinget.dk/kandidattest/FT26/profil/273,ok,Allan Holm,Borgernes Parti - Lars Boje Mathiesen,53 år,Ph.d.-uddannelse,,
274,https://www.altinget.dk/kandidattest/FT26/profil/274,ok,John Bjerg,Borgernes Parti - Lars Boje Mathiesen,61 år,Ikke oplyst,,
275,https://www.altinget.dk/kandidattest/FT26/profil/275,ok,Morten Riis,Enhedslisten – De Rød-Grønne,,Ikke oplyst,,
276,https://www.altinget.dk/kandidattest/FT26/profil/276,missing_candidate,,,,,,Could not locate candidate name on page
277,https://www.altinget.dk/kandidattest/FT26/profil/277,ok,Victoria Velásquez,Enhedslisten – De Rød-Grønne,34 år,Kandidat-/masteruddannelse,,
278,https://www.altinget.dk/kandidattest/FT26/profil/278,ok,Torsten Ringgaard,Enhedslisten – De Rød-Grønne,49 år,Erhvervsuddannelse,,
279,https://www.altinget.dk/kandidattest/FT26/profil/279,ok,Reza Javid,Enhedslisten – De Rød-Grønne,63 år,Kandidat-/masteruddannelse,,
280,https://www.altinget.dk/kandidattest/FT26/profil/280,ok,Kaj Alstrup,Enhedslisten – De Rød-Grønne,72 år,Kandidat-/masteruddannelse,,
281,https://www.altinget.dk/kandidattest/FT26/profil/281,missing_candidate,,,,,,Could not locate candidate name on page
282,https://www.altinget.dk/kandidattest/FT26/profil/282,ok,Jesper Kiel,Enhedslisten – De Rød-Grønne,60 år,Erhvervsuddannelse,1966-01-10T00:00:00,
283,https://www.altinget.dk/kandidattest/FT26/profil/283,ok,Vibeke Syppli Enrum,Enhedslisten – De Rød-Grønne,,Kandidat-/masteruddannelse,,
284,https://www.altinget.dk/kandidattest/FT26/profil/284,ok,Bianca Vitting,Enhedslisten – De Rød-Grønne,46 år,Kandidat-/masteruddannelse,,
285,https://www.altinget.dk/kandidattest/FT26/profil/285,ok,Clara Turms,Enhedslisten – De Rød-Grønne,29 år,Kandidat-/masteruddannelse,,
286,https://www.altinget.dk/kandidattest/FT26/profil/286,ok,Sune Rastad Bahn,Enhedslisten – De Rød-Grønne,54 år,Ikke oplyst,,
287,https://www.altinget.dk/kandidattest/FT26/profil/287,ok,Ibrahim Benli,Enhedslisten – De Rød-Grønne,46 år,Kandidat-/masteruddannelse,1979-06-06T00:00:00,
288,https://www.altinget.dk/kandidattest/FT26/profil/288,ok,Caroline Lochow,Enhedslisten – De Rød-Grønne,19 år,Gymnasial uddannelse,2006-10-15T00:00:00,
289,https://www.altinget.dk/kandidattest/FT26/profil/289,ok,Fatih Baran,Enhedslisten – De Rød-Grønne,48 år,Bachelor-/diplomuddannelse,1978-01-01T00:00:00,
290,https://www.altinget.dk/kandidattest/FT26/profil/290,ok,Emil Viskum,Enhedslisten – De Rød-Grønne,45 år,Bachelor-/diplomuddannelse,1981-02-13T00:00:00,
291,https://www.altinget.dk/kandidattest/FT26/profil/291,ok,Helge Bo Jensen,Enhedslisten – De Rød-Grønne,66 år,Kandidat-/masteruddannelse,1959-07-23T00:00:00,
292,https://www.altinget.dk/kandidattest/FT26/profil/292,ok,Runa Friis Hansen,Enhedslisten – De Rød-Grønne,41 år,Bachelor-/diplomuddannelse,,
293,https://www.altinget.dk/kandidattest/FT26/profil/293,ok,Hans Jensen,Enhedslisten – De Rød-Grønne,42 år,Kandidat-/masteruddannelse,,
294,https://www.altinget.dk/kandidattest/FT26/profil/294,ok,Christina Eilers,Enhedslisten – De Rød-Grønne,47 år,Bachelor-/diplomuddannelse,,
295,https://www.altinget.dk/kandidattest/FT26/profil/295,ok,Berit Raldin,Enhedslisten – De Rød-Grønne,56 år,Ikke oplyst,,
296,https://www.altinget.dk/kandidattest/FT26/profil/296,ok,Ulrik Appel,Enhedslisten – De Rød-Grønne,49 år,Kandidat-/masteruddannelse,,
297,https://www.altinget.dk/kandidattest/FT26/profil/297,ok,Lasse Mejer Petersen,Enhedslisten – De Rød-Grønne,48 år,Gymnasial uddannelse,,
298,https://www.altinget.dk/kandidattest/FT26/profil/298,ok,Maria Sofie Petersen,Enhedslisten – De Rød-Grønne,31 år,Bachelor-/diplomuddannelse,,
299,https://www.altinget.dk/kandidattest/FT26/profil/299,ok,Charlotte Lund,Enhedslisten – De Rød-Grønne,43 år,Ikke oplyst,1982-05-15T00:00:00,
300,https://www.altinget.dk/kandidattest/FT26/profil/300,ok,Reinout Bosch,Enhedslisten – De Rød-Grønne,35 år,Kandidat-/masteruddannelse,,
301,https://www.altinget.dk/kandidattest/FT26/profil/301,ok,Leila Stockmarr,Enhedslisten – De Rød-Grønne,44 år,Ph.d.-uddannelse,,
302,https://www.altinget.dk/kandidattest/FT26/profil/302,ok,Pelle Dragsted,Enhedslisten – De Rød-Grønne,50 år,Kandidat-/masteruddannelse,1975-04-13T00:00:00,
303,https://www.altinget.dk/kandidattest/FT26/profil/303,ok,Pil Yildiz,Enhedslisten – De Rød-Grønne,51 år,Bachelor-/diplomuddannelse,1975-03-20T00:00:00,
304,https://www.altinget.dk/kandidattest/FT26/profil/304,ok,Kim Larsen,Enhedslisten – De Rød-Grønne,63 år,Erhvervsuddannelse,1962-08-30T00:00:00,
305,https://www.altinget.dk/kandidattest/FT26/profil/305,ok,David Rønne,Enhedslisten – De Rød-Grønne,55 år,Erhvervsuddannelse,1970-11-16T00:00:00,
306,https://www.altinget.dk/kandidattest/FT26/profil/306,ok,Mette Bloch Hansen,Enhedslisten – De Rød-Grønne,49 år,Kandidat-/masteruddannelse,1977-04-10T00:00:00,
307,https://www.altinget.dk/kandidattest/FT26/profil/307,ok,Mathilde Vinther,Enhedslisten – De Rød-Grønne,32 år,Seminaruddannelse,1994-02-18T00:00:00,
308,https://www.altinget.dk/kandidattest/FT26/profil/308,ok,Pil Christensen,Enhedslisten – De Rød-Grønne,41 år,Kandidat-/masteruddannelse,,
309,https://www.altinget.dk/kandidattest/FT26/profil/309,ok,Rosa Lund,Enhedslisten – De Rød-Grønne,39 år,Kandidat-/masteruddannelse,,
310,https://www.altinget.dk/kandidattest/FT26/profil/310,ok,Peder Hvelplund,Enhedslisten – De Rød-Grønne,58 år,Seminaruddannelse,,
311,https://www.altinget.dk/kandidattest/FT26/profil/311,ok,Lasse Olsen,Enhedslisten – De Rød-Grønne,45 år,Kandidat-/masteruddannelse,,
312,https://www.altinget.dk/kandidattest/FT26/profil/312,ok,Filippa Emilie Vittrup,Enhedslisten – De Rød-Grønne,,Ikke oplyst,,
313,https://www.altinget.dk/kandidattest/FT26/profil/313,ok,Christoffer Emil Jexen,Enhedslisten – De Rød-Grønne,38 år,Erhvervsuddannelse,,
314,https://www.altinget.dk/kandidattest/FT26/profil/314,ok,Annie Hagel,Enhedslisten – De Rød-Grønne,76 år,Kandidat-/masteruddannelse,,
315,https://www.altinget.dk/kandidattest/FT26/profil/315,ok,Sinem Dybvad Demir,Enhedslisten – De Rød-Grønne,33 år,Erhvervsuddannelse,1992-04-11T00:00:00,
316,https://www.altinget.dk/kandidattest/FT26/profil/316,ok,Carolina Cámara,Enhedslisten – De Rød-Grønne,22 år,Bachelor-/diplomuddannelse,2003-08-25T00:00:00,
317,https://www.altinget.dk/kandidattest/FT26/profil/317,ok,Emil Andersen,Enhedslisten – De Rød-Grønne,39 år,Kandidat-/masteruddannelse,1987-01-20T00:00:00,
318,https://www.altinget.dk/kandidattest/FT26/profil/318,missing_candidate,,,,,,Could not locate candidate name on page
319,https://www.altinget.dk/kandidattest/FT26/profil/319,ok,Ludmila Plenge,Enhedslisten – De Rød-Grønne,23 år,Erhvervsuddannelse,,
320,https://www.altinget.dk/kandidattest/FT26/profil/320,ok,Bruno Jerup,Enhedslisten – De Rød-Grønne,68 år,Kandidat-/masteruddannelse,,
321,https://www.altinget.dk/kandidattest/FT26/profil/321,ok,Peter Roswall,Enhedslisten – De Rød-Grønne,59 år,Ikke oplyst,,
322,https://www.altinget.dk/kandidattest/FT26/profil/322,ok,Louis Jacobsen,Enhedslisten – De Rød-Grønne,40 år,Erhvervsuddannelse,1985-04-13T00:00:00,
323,https://www.altinget.dk/kandidattest/FT26/profil/323,ok,Birgit Gedionsen,Enhedslisten – De Rød-Grønne,73 år,Kandidat-/masteruddannelse,1953-01-27T00:00:00,
324,https://www.altinget.dk/kandidattest/FT26/profil/324,ok,Jonas Paludan,Enhedslisten – De Rød-Grønne,45 år,Kandidat-/masteruddannelse,1980-12-03T00:00:00,
325,https://www.altinget.dk/kandidattest/FT26/profil/325,ok,Karen Thestrup Clausen,Enhedslisten – De Rød-Grønne,,Ikke oplyst,,
326,https://www.altinget.dk/kandidattest/FT26/profil/326,ok,Eva Flyvholm,Enhedslisten – De Rød-Grønne,44 år,Kandidat-/masteruddannelse,1981-04-18T00:00:00,
327,https://www.altinget.dk/kandidattest/FT26/profil/327,ok,Helena Hedegaard Udsen,Enhedslisten – De Rød-Grønne,29 år,Kandidat-/masteruddannelse,1996-08-13T00:00:00,
328,https://www.altinget.dk/kandidattest/FT26/profil/328,ok,Johanna-Maria Precht,Enhedslisten – De Rød-Grønne,62 år,Seminaruddannelse,,
329,https://www.altinget.dk/kandidattest/FT26/profil/329,ok,Helene Hellesøe Appel,Enhedslisten – De Rød-Grønne,39 år,Kandidat-/masteruddannelse,,
330,https://www.altinget.dk/kandidattest/FT26/profil/330,ok,Selma Bolø,Enhedslisten – De Rød-Grønne,27 år,Gymnasial uddannelse,,
331,https://www.altinget.dk/kandidattest/FT26/profil/331,ok,Lasse Harder Schousboe,Enhedslisten – De Rød-Grønne,55 år,Kandidat-/masteruddannelse,1970-05-01T00:00:00,
332,https://www.altinget.dk/kandidattest/FT26/profil/332,ok,Sarah Nørris,Enhedslisten – De Rød-Grønne,,Ikke oplyst,,
333,https://www.altinget.dk/kandidattest/FT26/profil/333,ok,Lars Mogensen,Enhedslisten – De Rød-Grønne,48 år,Bachelor-/diplomuddannelse,,
334,https://www.altinget.dk/kandidattest/FT26/profil/334,ok,Rasmus Vestergaard Madsen,Enhedslisten – De Rød-Grønne,34 år,Seminaruddannelse,,
335,https://www.altinget.dk/kandidattest/FT26/profil/335,ok,Lilje Holm,Enhedslisten – De Rød-Grønne,21 år,Gymnasial uddannelse,2004-09-06T00:00:00,
336,https://www.altinget.dk/kandidattest/FT26/profil/336,ok,Holly Marie Turner,Enhedslisten – De Rød-Grønne,22 år,Gymnasial uddannelse,,
337,https://www.altinget.dk/kandidattest/FT26/profil/337,ok,Benny Dall,Enhedslisten – De Rød-Grønne,70 år,Gymnasial uddannelse,1956-02-19T00:00:00,
338,https://www.altinget.dk/kandidattest/FT26/profil/338,ok,Mathias D. Christiansen,Enhedslisten – De Rød-Grønne,46 år,Bachelor-/diplomuddannelse,1980-02-18T00:00:00,
339,https://www.altinget.dk/kandidattest/FT26/profil/339,ok,Jacob Abildgaard,Enhedslisten – De Rød-Grønne,,Ikke oplyst,,
340,https://www.altinget.dk/kandidattest/FT26/profil/340,ok,Lisbeth Torfing,Enhedslisten – De Rød-Grønne,38 år,Ph.d.-uddannelse,,
341,https://www.altinget.dk/kandidattest/FT26/profil/341,ok,Aksel Rosager Johansen,Enhedslisten – De Rød-Grønne,34 år,Kandidat-/masteruddannelse,,
342,https://www.altinget.dk/kandidattest/FT26/profil/342,missing_candidate,,,,,,Could not locate candidate name on page
343,https://www.altinget.dk/kandidattest/FT26/profil/343,ok,Stine Ry Andersen,Enhedslisten – De Rød-Grønne,26 år,Kandidat-/masteruddannelse,2000-01-17T00:00:00,
344,https://www.altinget.dk/kandidattest/FT26/profil/344,ok,Lars Dohn,Enhedslisten – De Rød-Grønne,,Ikke oplyst,,
345,https://www.altinget.dk/kandidattest/FT26/profil/345,ok,Christian Juhl,Enhedslisten – De Rød-Grønne,73 år,Ikke oplyst,,
346,https://www.altinget.dk/kandidattest/FT26/profil/346,ok,Trine Mach,Enhedslisten – De Rød-Grønne,,Kandidat-/masteruddannelse,,
347,https://www.altinget.dk/kandidattest/FT26/profil/347,ok,Maria Temponeras,Enhedslisten – De Rød-Grønne,54 år,Kandidat-/masteruddannelse,,
348,https://www.altinget.dk/kandidattest/FT26/profil/348,ok,Edith Vels,Enhedslisten – De Rød-Grønne,22 år,Gymnasial uddannelse,2003-12-11T00:00:00,
349,https://www.altinget.dk/kandidattest/FT26/profil/349,ok,Martin Laursen,Enhedslisten – De Rød-Grønne,49 år,Kandidat-/masteruddannelse,,
350,https://www.altinget.dk/kandidattest/FT26/profil/350,ok,Maria Sørensen,Enhedslisten – De Rød-Grønne,40 år,Bachelor-/diplomuddannelse,1985-07-27T00:00:00,
351,https://www.altinget.dk/kandidattest/FT26/profil/351,ok,Kristjar Skajaa,Enhedslisten – De Rød-Grønne,72 år,Ph.d.-uddannelse,1954-01-10T00:00:00,
352,https://www.altinget.dk/kandidattest/FT26/profil/352,ok,Christina Hedegaard Hansen,Enhedslisten – De Rød-Grønne,49 år,Kandidat-/masteruddannelse,1976-07-04T00:00:00,
353,https://www.altinget.dk/kandidattest/FT26/profil/353,ok,Anna Bjerre,Alternativet,27 år,Kandidat-/masteruddannelse,1998-06-10T00:00:00,
354,https://www.altinget.dk/kandidattest/FT26/profil/354,ok,Emil Sloth,Alternativet,31 år,Kandidat-/masteruddannelse,,
355,https://www.altinget.dk/kandidattest/FT26/profil/355,ok,Anette Jensen Smith,Alternativet,53 år,Bachelor-/diplomuddannelse,,
356,https://www.altinget.dk/kandidattest/FT26/profil/356,ok,Anne-Marie Hemmeth,Alternativet,64 år,Ikke oplyst,,
357,https://www.altinget.dk/kandidattest/FT26/profil/357,ok,Nicklas Stampe Raabjerg,Alternativet,27 år,Bachelor-/diplomuddannelse,,
358,https://www.altinget.dk/kandidattest/FT26/profil/358,ok,Steffen Tolstrup,Alternativet,35 år,Bachelor-/diplomuddannelse,,
359,https://www.altinget.dk/kandidattest/FT26/profil/359,ok,Torsten Gejl,Alternativet,62 år,Erhvervsuddannelse,,
360,https://www.altinget.dk/kandidattest/FT26/profil/360,ok,Nikoline Erbs Hillers-Bendtsen,Alternativet,24 år,Bachelor-/diplomuddannelse,,
361,https://www.altinget.dk/kandidattest/FT26/profil/361,ok,Juma Nellemann Kruse,Alternativet,53 år,Ikke oplyst,1972-12-03T00:00:00,
362,https://www.altinget.dk/kandidattest/FT26/profil/362,ok,Steffen Hedegaard Attermann Brinch,Alternativet,27 år,Erhvervsuddannelse,,
363,https://www.altinget.dk/kandidattest/FT26/profil/363,ok,Mads Damgaard Mortensen,Alternativet,31 år,Grundskole,1994-04-17T00:00:00,
364,https://www.altinget.dk/kandidattest/FT26/profil/364,ok,Coco Mette Cecilie Kjærgaard,Alternativet,45 år,Erhvervsuddannelse,,
365,https://www.altinget.dk/kandidattest/FT26/profil/365,ok,Mikael Winther,Alternativet,51 år,Kandidat-/masteruddannelse,1974-12-05T00:00:00,
366,https://www.altinget.dk/kandidattest/FT26/profil/366,ok,Hans Biering Fonsbøl,Alternativet,81 år,Kandidat-/masteruddannelse,,
367,https://www.altinget.dk/kandidattest/FT26/profil/367,ok,Carsten Sohl,Alternativet,66 år,Erhvervsuddannelse,1959-07-15T00:00:00,
368,https://www.altinget.dk/kandidattest/FT26/profil/368,ok,Mikael Hertig,Alternativet,76 år,Kandidat-/masteruddannelse,,
369,https://www.altinget.dk/kandidattest/FT26/profil/369,ok,Bo Nielsen,Alternativet,66 år,Bachelor-/diplomuddannelse,,
370,https://www.altinget.dk/kandidattest/FT26/profil/370,ok,Edvard Korsbæk,Alternativet,70 år,Kandidat-/masteruddannelse,1955-05-25T00:00:00,
371,https://www.altinget.dk/kandidattest/FT26/profil/371,ok,Astrid Fogh,Alternativet,60 år,Bachelor-/diplomuddannelse,1965-11-27T00:00:00,
372,https://www.altinget.dk/kandidattest/FT26/profil/372,ok,Ane Line Søndergaard,Alternativet,53 år,Gymnasial uddannelse,,
373,https://www.altinget.dk/kandidattest/FT26/profil/373,ok,Linda Frølund,Alternativet,51 år,Bachelor-/diplomuddannelse,1975-02-23T00:00:00,
374,https://www.altinget.dk/kandidattest/FT26/profil/374,missing_candidate,,,,,,Could not locate candidate name on page
375,https://www.altinget.dk/kandidattest/FT26/profil/375,ok,Jacob Holm,Alternativet,42 år,Seminaruddannelse,,
376,https://www.altinget.dk/kandidattest/FT26/profil/376,ok,Maria Dalum,Alternativet,53 år,Kandidat-/masteruddannelse,1973-01-01T00:00:00,
377,https://www.altinget.dk/kandidattest/FT26/profil/377,ok,Ole Dupont Kofod,Alternativet,54 år,Kandidat-/masteruddannelse,1971-09-02T00:00:00,
378,https://www.altinget.dk/kandidattest/FT26/profil/378,ok,Martin Kjærulff,Alternativet,47 år,Gymnasial uddannelse,,
379,https://www.altinget.dk/kandidattest/FT26/profil/379,ok,Bodil Helbo,Alternativet,77 år,Seminaruddannelse,1948-11-19T00:00:00,
380,https://www.altinget.dk/kandidattest/FT26/profil/380,ok,Sascha Faxe,Alternativet,54 år,Kandidat-/masteruddannelse,,
381,https://www.altinget.dk/kandidattest/FT26/profil/381,ok,Mette Friis,Alternativet,58 år,Bachelor-/diplomuddannelse,,
382,https://www.altinget.dk/kandidattest/FT26/profil/382,ok,Yurdal Cicek,Alternativet,47 år,Seminaruddannelse,1978-07-30T00:00:00,
383,https://www.altinget.dk/kandidattest/FT26/profil/383,ok,Liselotte Katarina Rotfeld,Alternativet,58 år,Erhvervsuddannelse,,
384,https://www.altinget.dk/kandidattest/FT26/profil/384,ok,Allan Hansen Lindemark,Alternativet,48 år,Kandidat-/masteruddannelse,,
385,https://www.altinget.dk/kandidattest/FT26/profil/385,missing_candidate,,,,,,Could not locate candidate name on page
386,https://www.altinget.dk/kandidattest/FT26/profil/386,ok,Jacob Antvorskov,Alternativet,50 år,Bachelor-/diplomuddannelse,1976-01-01T00:00:00,
387,https://www.altinget.dk/kandidattest/FT26/profil/387,missing_candidate,,,,,,Could not locate candidate name on page
388,https://www.altinget.dk/kandidattest/FT26/profil/388,missing_candidate,,,,,,Could not locate candidate name on page
389,https://www.altinget.dk/kandidattest/FT26/profil/389,missing_candidate,,,,,,Could not locate candidate name on page
390,https://www.altinget.dk/kandidattest/FT26/profil/390,ok,Tim Wodskou,Alternativet,48 år,Kandidat-/masteruddannelse,,
391,https://www.altinget.dk/kandidattest/FT26/profil/391,ok,Peter Samir,Alternativet,53 år,Kandidat-/masteruddannelse,1973-03-29T00:00:00,
392,https://www.altinget.dk/kandidattest/FT26/profil/392,ok,Nana Løcke Buttenschøn,Alternativet,,Erhvervsuddannelse,,
393,https://www.altinget.dk/kandidattest/FT26/profil/393,ok,Jesper Callesen,Alternativet,66 år,Kandidat-/masteruddannelse,,
394,https://www.altinget.dk/kandidattest/FT26/profil/394,ok,Thomas Anker,Alternativet,50 år,Kandidat-/masteruddannelse,1975-04-11T00:00:00,
395,https://www.altinget.dk/kandidattest/FT26/profil/395,ok,Franciska Rosenkilde,Alternativet,,Ikke oplyst,,
396,https://www.altinget.dk/kandidattest/FT26/profil/396,ok,Roger Courage Matthisen,Alternativet,50 år,Bachelor-/diplomuddannelse,,
397,https://www.altinget.dk/kandidattest/FT26/profil/397,ok,Jiesper Tristan Pedersen,Alternativet,52 år,Ph.d.-uddannelse,1974-02-07T00:00:00,
398,https://www.altinget.dk/kandidattest/FT26/profil/398,ok,Jan Kristoffersen,Alternativet,,Ikke oplyst,,
399,https://www.altinget.dk/kandidattest/FT26/profil/399,ok,Mikkel Bahl,Alternativet,47 år,Bachelor-/diplomuddannelse,1979-02-23T00:00:00,
400,https://www.altinget.dk/kandidattest/FT26/profil/400,ok,Mette Bram,Alternativet,61 år,Kandidat-/masteruddannelse,1964-09-26T00:00:00,
401,https://www.altinget.dk/kandidattest/FT26/profil/401,missing_candidate,,,,,,Could not locate candidate name on page
402,https://www.altinget.dk/kandidattest/FT26/profil/402,missing_candidate,,,,,,Could not locate candidate name on page
403,https://www.altinget.dk/kandidattest/FT26/profil/403,ok,Peter Martin Jakobsen,Alternativet,42 år,Bachelor-/diplomuddannelse,,
404,https://www.altinget.dk/kandidattest/FT26/profil/404,ok,Anders Sørensen,Alternativet,36 år,Ph.d.-uddannelse,,
405,https://www.altinget.dk/kandidattest/FT26/profil/405,missing_candidate,,,,,,Could not locate candidate name on page
406,https://www.altinget.dk/kandidattest/FT26/profil/406,ok,Catharina Næsby Malkki,Alternativet,37 år,Ikke oplyst,,
407,https://www.altinget.dk/kandidattest/FT26/profil/407,ok,Nikolai Eskild Jensen,Alternativet,34 år,Kandidat-/masteruddannelse,,
408,https://www.altinget.dk/kandidattest/FT26/profil/408,ok,Vibeke Frost,Alternativet,35 år,Kandidat-/masteruddannelse,1990-08-10T00:00:00,
409,https://www.altinget.dk/kandidattest/FT26/profil/409,ok,Helene Brydensholt,Alternativet,38 år,Kandidat-/masteruddannelse,1987-08-08T00:00:00,
410,https://www.altinget.dk/kandidattest/FT26/profil/410,ok,Qasam Nazir Ahmad,Alternativet,46 år,Kandidat-/masteruddannelse,,
411,https://www.altinget.dk/kandidattest/FT26/profil/411,ok,Tine Loft Thomsen,Alternativet,50 år,Bachelor-/diplomuddannelse,,
412,https://www.altinget.dk/kandidattest/FT26/profil/412,ok,Simon Rigét,Alternativet,,Ikke oplyst,,
413,https://www.altinget.dk/kandidattest/FT26/profil/413,ok,Nanna Høyrup,Alternativet,46 år,Bachelor-/diplomuddannelse,1979-04-26T00:00:00,
414,https://www.altinget.dk/kandidattest/FT26/profil/414,ok,Morten Hvidberg Greve,Alternativet,57 år,Kandidat-/masteruddannelse,,
415,https://www.altinget.dk/kandidattest/FT26/profil/415,ok,Mariane Lunden,Alternativet,,Ikke oplyst,,
416,https://www.altinget.dk/kandidattest/FT26/profil/416,ok,Rasmus Harning,Alternativet,21 år,Bachelor-/diplomuddannelse,,
417,https://www.altinget.dk/kandidattest/FT26/profil/417,ok,Birthe Tindbæk Bredo,"Venstre, Danmarks Liberale Parti",,Ikke oplyst,,
418,https://www.altinget.dk/kandidattest/FT26/profil/418,ok,Niklas Stenbye,"Venstre, Danmarks Liberale Parti",22 år,Bachelor-/diplomuddannelse,,
419,https://www.altinget.dk/kandidattest/FT26/profil/419,ok,Peter Juel-Jensen,"Venstre, Danmarks Liberale Parti",59 år,Seminaruddannelse,,
420,https://www.altinget.dk/kandidattest/FT26/profil/420,ok,Amanda Heitmann,"Venstre, Danmarks Liberale Parti",28 år,Kandidat-/masteruddannelse,,
421,https://www.altinget.dk/kandidattest/FT26/profil/421,ok,Anja Lund,"Venstre, Danmarks Liberale Parti",49 år,Erhvervsuddannelse,,
422,https://www.altinget.dk/kandidattest/FT26/profil/422,ok,Marlene Ambo-Rasmussen,"Venstre, Danmarks Liberale Parti",40 år,Bachelor-/diplomuddannelse,,
423,https://www.altinget.dk/kandidattest/FT26/profil/423,ok,Nikolaj Leed Henriksen,"Venstre, Danmarks Liberale Parti",29 år,Kandidat-/masteruddannelse,,
424,https://www.altinget.dk/kandidattest/FT26/profil/424,ok,Sofie Mosgaard,"Venstre, Danmarks Liberale Parti",24 år,Bachelor-/diplomuddannelse,,
425,https://www.altinget.dk/kandidattest/FT26/profil/425,ok,Torben Povlsen,"Venstre, Danmarks Liberale Parti",59 år,Erhvervsuddannelse,,
426,https://www.altinget.dk/kandidattest/FT26/profil/426,ok,Anders Fausbøll,"Venstre, Danmarks Liberale Parti",49 år,Ph.d.-uddannelse,,
427,https://www.altinget.dk/kandidattest/FT26/profil/427,ok,Claus Buch,"Venstre, Danmarks Liberale Parti",53 år,Ikke oplyst,1972-08-24T00:00:00,
428,https://www.altinget.dk/kandidattest/FT26/profil/428,ok,Jan E. Jørgensen,"Venstre, Danmarks Liberale Parti",61 år,Kandidat-/masteruddannelse,1965-02-19T00:00:00,
429,https://www.altinget.dk/kandidattest/FT26/profil/429,ok,Linea Søgaard-Lidell,"Venstre, Danmarks Liberale Parti",39 år,Kandidat-/masteruddannelse,1987-03-30T00:00:00,
430,https://www.altinget.dk/kandidattest/FT26/profil/430,ok,Malene Sandfeld,"Venstre, Danmarks Liberale Parti",60 år,Bachelor-/diplomuddannelse,1966-03-22T00:00:00,
431,https://www.altinget.dk/kandidattest/FT26/profil/431,ok,Natascha Remvig,"Venstre, Danmarks Liberale Parti",31 år,Kandidat-/masteruddannelse,,
432,https://www.altinget.dk/kandidattest/FT26/profil/432,ok,Zeynep Bardakci,"Venstre, Danmarks Liberale Parti",,Kandidat-/masteruddannelse,,
433,https://www.altinget.dk/kandidattest/FT26/profil/433,ok,Anders Bo Larsen,"Venstre, Danmarks Liberale Parti",42 år,Bachelor-/diplomuddannelse,,
434,https://www.altinget.dk/kandidattest/FT26/profil/434,ok,Astrid Søborg,"Venstre, Danmarks Liberale Parti",49 år,Kandidat-/masteruddannelse,1976-05-23T00:00:00,
435,https://www.altinget.dk/kandidattest/FT26/profil/435,ok,Christopher Blomsterberg-Thaysen,"Venstre, Danmarks Liberale Parti",31 år,Kandidat-/masteruddannelse,1994-06-15T00:00:00,
436,https://www.altinget.dk/kandidattest/FT26/profil/436,ok,Kim Valentin,"Venstre, Danmarks Liberale Parti",63 år,Kandidat-/masteruddannelse,1963-03-19T00:00:00,
437,https://www.altinget.dk/kandidattest/FT26/profil/437,ok,Maria Ladegaard,"Venstre, Danmarks Liberale Parti",,Bachelor-/diplomuddannelse,,
438,https://www.altinget.dk/kandidattest/FT26/profil/438,ok,Marie Brixtofte,"Venstre, Danmarks Liberale Parti",47 år,Kandidat-/masteruddannelse,,
439,https://www.altinget.dk/kandidattest/FT26/profil/439,ok,Ricki Vejsmose,"Venstre, Danmarks Liberale Parti",50 år,Gymnasial uddannelse,,
440,https://www.altinget.dk/kandidattest/FT26/profil/440,ok,Anita Vivi Lilholt,"Venstre, Danmarks Liberale Parti",46 år,Bachelor-/diplomuddannelse,1979-12-13T00:00:00,
441,https://www.altinget.dk/kandidattest/FT26/profil/441,ok,Anne Honoré Østergaard,"Venstre, Danmarks Liberale Parti",45 år,Kandidat-/masteruddannelse,,
442,https://www.altinget.dk/kandidattest/FT26/profil/442,ok,Hans Jørgen Adamsen,"Venstre, Danmarks Liberale Parti",,Ikke oplyst,,
443,https://www.altinget.dk/kandidattest/FT26/profil/443,ok,Marie Bjerre,"Venstre, Danmarks Liberale Parti",,Kandidat-/masteruddannelse,,
444,https://www.altinget.dk/kandidattest/FT26/profil/444,ok,Mikkel Bisgaard,"Venstre, Danmarks Liberale Parti",43 år,Bachelor-/diplomuddannelse,,
445,https://www.altinget.dk/kandidattest/FT26/profil/445,ok,Niels H. Bünemann,"Venstre, Danmarks Liberale Parti",67 år,Kandidat-/masteruddannelse,1958-12-15T00:00:00,
446,https://www.altinget.dk/kandidattest/FT26/profil/446,ok,Phillip Sperling,"Venstre, Danmarks Liberale Parti",29 år,Ph.d.-uddannelse,,
447,https://www.altinget.dk/kandidattest/FT26/profil/447,ok,Preben Bang Henriksen,"Venstre, Danmarks Liberale Parti",72 år,Kandidat-/masteruddannelse,,
448,https://www.altinget.dk/kandidattest/FT26/profil/448,ok,Torsten Schack Pedersen,"Venstre, Danmarks Liberale Parti",49 år,Kandidat-/masteruddannelse,,
449,https://www.altinget.dk/kandidattest/FT26/profil/449,ok,Hans Andersen,"Venstre, Danmarks Liberale Parti",51 år,Kandidat-/masteruddannelse,,
450,https://www.altinget.dk/kandidattest/FT26/profil/450,ok,Katarina Ammitzbøll,"Venstre, Danmarks Liberale Parti",56 år,Kandidat-/masteruddannelse,1969-07-15T00:00:00,
451,https://www.altinget.dk/kandidattest/FT26/profil/451,ok,Marianne Lynghøj,"Venstre, Danmarks Liberale Parti",38 år,Kandidat-/masteruddannelse,,
452,https://www.altinget.dk/kandidattest/FT26/profil/452,ok,Sophie Løhde,"Venstre, Danmarks Liberale Parti",42 år,Bachelor-/diplomuddannelse,,
453,https://www.altinget.dk/kandidattest/FT26/profil/453,ok,Tue Villebro,"Venstre, Danmarks Liberale Parti",52 år,Kandidat-/masteruddannelse,,
454,https://www.altinget.dk/kandidattest/FT26/profil/454,ok,Christian Friis Bach,"Venstre, Danmarks Liberale Parti",59 år,Ph.d.-uddannelse,,
455,https://www.altinget.dk/kandidattest/FT26/profil/455,ok,Claus Bakke,"Venstre, Danmarks Liberale Parti",60 år,Kandidat-/masteruddannelse,,
456,https://www.altinget.dk/kandidattest/FT26/profil/456,ok,Iben Krog,"Venstre, Danmarks Liberale Parti",33 år,Kandidat-/masteruddannelse,,
457,https://www.altinget.dk/kandidattest/FT26/profil/457,ok,Jacob Jensen,"Venstre, Danmarks Liberale Parti",52 år,Kandidat-/masteruddannelse,,
458,https://www.altinget.dk/kandidattest/FT26/profil/458,ok,Josefine Paaske,"Venstre, Danmarks Liberale Parti",23 år,Bachelor-/diplomuddannelse,2002-12-04T00:00:00,
459,https://www.altinget.dk/kandidattest/FT26/profil/459,ok,Louise Elholm,"Venstre, Danmarks Liberale Parti",48 år,Kandidat-/masteruddannelse,,
460,https://www.altinget.dk/kandidattest/FT26/profil/460,ok,Marcus Danielsson,"Venstre, Danmarks Liberale Parti",31 år,Kandidat-/masteruddannelse,,
461,https://www.altinget.dk/kandidattest/FT26/profil/461,ok,Michael Schjelde,"Venstre, Danmarks Liberale Parti",,Ikke oplyst,,
462,https://www.altinget.dk/kandidattest/FT26/profil/462,ok,Morten Dahlin,"Venstre, Danmarks Liberale Parti",36 år,Bachelor-/diplomuddannelse,,
463,https://www.altinget.dk/kandidattest/FT26/profil/463,ok,Rasmus Hylleberg,"Venstre, Danmarks Liberale Parti",52 år,Kandidat-/masteruddannelse,,
464,https://www.altinget.dk/kandidattest/FT26/profil/464,ok,Thorbern Alexander Klingert,"Venstre, Danmarks Liberale Parti",33 år,Kandidat-/masteruddannelse,1992-04-24T00:00:00,
465,https://www.altinget.dk/kandidattest/FT26/profil/465,ok,Anni Matthiesen,"Venstre, Danmarks Liberale Parti",62 år,Bachelor-/diplomuddannelse,1964-02-08T00:00:00,
466,https://www.altinget.dk/kandidattest/FT26/profil/466,ok,Christoffer Aagaard Melson,"Venstre, Danmarks Liberale Parti",,Ikke oplyst,,
467,https://www.altinget.dk/kandidattest/FT26/profil/467,ok,Jesper Bierbaum,"Venstre, Danmarks Liberale Parti",47 år,Kandidat-/masteruddannelse,1978-05-19T00:00:00,
468,https://www.altinget.dk/kandidattest/FT26/profil/468,ok,Klaus Sandfeld,"Venstre, Danmarks Liberale Parti",60 år,Ikke oplyst,,
469,https://www.altinget.dk/kandidattest/FT26/profil/469,ok,Lasse Hildingberg,"Venstre, Danmarks Liberale Parti",30 år,Kandidat-/masteruddannelse,,
470,https://www.altinget.dk/kandidattest/FT26/profil/470,ok,Niels Henning Bladt,"Venstre, Danmarks Liberale Parti",38 år,Kandidat-/masteruddannelse,,
471,https://www.altinget.dk/kandidattest/FT26/profil/471,ok,Preben Friis-Hauge,"Venstre, Danmarks Liberale Parti",64 år,Kandidat-/masteruddannelse,1961-12-07T00:00:00,
472,https://www.altinget.dk/kandidattest/FT26/profil/472,ok,Stephanie Lose,"Venstre, Danmarks Liberale Parti",43 år,Kandidat-/masteruddannelse,,
473,https://www.altinget.dk/kandidattest/FT26/profil/473,ok,Thomas Andresen,"Venstre, Danmarks Liberale Parti",61 år,Bachelor-/diplomuddannelse,1964-07-16T00:00:00,
474,https://www.altinget.dk/kandidattest/FT26/profil/474,ok,Tilde Holch Duedahl,"Venstre, Danmarks Liberale Parti",46 år,Erhvervsuddannelse,1980-02-20T00:00:00,
475,https://www.altinget.dk/kandidattest/FT26/profil/475,ok,Tobias Jørgensen,"Venstre, Danmarks Liberale Parti",41 år,Erhvervsuddannelse,,
476,https://www.altinget.dk/kandidattest/FT26/profil/476,ok,Troels Overgaard,"Venstre, Danmarks Liberale Parti",41 år,Erhvervsuddannelse,,
477,https://www.altinget.dk/kandidattest/FT26/profil/477,ok,Erik Flyvholm,"Venstre, Danmarks Liberale Parti",63 år,Kandidat-/masteruddannelse,,
478,https://www.altinget.dk/kandidattest/FT26/profil/478,ok,Frederik Houmann Thuesen,"Venstre, Danmarks Liberale Parti",24 år,Bachelor-/diplomuddannelse,,
479,https://www.altinget.dk/kandidattest/FT26/profil/479,ok,Gert Bækgaard,"Venstre, Danmarks Liberale Parti",64 år,Gymnasial uddannelse,,
480,https://www.altinget.dk/kandidattest/FT26/profil/480,ok,Jarl Matthiesen,"Venstre, Danmarks Liberale Parti",75 år,Kandidat-/masteruddannelse,,
481,https://www.altinget.dk/kandidattest/FT26/profil/481,ok,Morten Høgh,"Venstre, Danmarks Liberale Parti",48 år,Kandidat-/masteruddannelse,,
482,https://www.altinget.dk/kandidattest/FT26/profil/482,ok,Ralf Høgedal,"Venstre, Danmarks Liberale Parti",51 år,Gymnasial uddannelse,,
483,https://www.altinget.dk/kandidattest/FT26/profil/483,ok,Søren Gade,"Venstre, Danmarks Liberale Parti",63 år,Ikke oplyst,,
484,https://www.altinget.dk/kandidattest/FT26/profil/484,ok,Thomas Danielsen,"Venstre, Danmarks Liberale Parti",42 år,Ikke oplyst,,
485,https://www.altinget.dk/kandidattest/FT26/profil/485,ok,Trine Jepsen,"Venstre, Danmarks Liberale Parti",48 år,Bachelor-/diplomuddannelse,1977-09-29T00:00:00,
486,https://www.altinget.dk/kandidattest/FT26/profil/486,ok,Emil M. D. Christensen,"Venstre, Danmarks Liberale Parti",27 år,Kandidat-/masteruddannelse,,
487,https://www.altinget.dk/kandidattest/FT26/profil/487,ok,Erik Veje Rasmussen,"Venstre, Danmarks Liberale Parti",67 år,Kandidat-/masteruddannelse,,
488,https://www.altinget.dk/kandidattest/FT26/profil/488,ok,Gert Bjerregaard,"Venstre, Danmarks Liberale Parti",62 år,Erhvervsuddannelse,,
489,https://www.altinget.dk/kandidattest/FT26/profil/489,ok,Karina Aamann,"Venstre, Danmarks Liberale Parti",56 år,Kandidat-/masteruddannelse,1969-11-25T00:00:00,
490,https://www.altinget.dk/kandidattest/FT26/profil/490,ok,Louise Høeg,"Venstre, Danmarks Liberale Parti",49 år,Bachelor-/diplomuddannelse,1976-12-09T00:00:00,
491,https://www.altinget.dk/kandidattest/FT26/profil/491,ok,Mathilde Hjort Bressum,"Venstre, Danmarks Liberale Parti",27 år,Kandidat-/masteruddannelse,,
492,https://www.altinget.dk/kandidattest/FT26/profil/492,ok,Sebastian Støckler,"Venstre, Danmarks Liberale Parti",25 år,Bachelor-/diplomuddannelse,,
493,https://www.altinget.dk/kandidattest/FT26/profil/493,ok,Troels Lund Poulsen,"Venstre, Danmarks Liberale Parti",50 år,Gymnasial uddannelse,1976-03-30T00:00:00,
494,https://www.altinget.dk/kandidattest/FT26/profil/494,ok,Kirstine van Sabben,Moderaterne,49 år,Erhvervsuddannelse,1976-07-17T00:00:00,
495,https://www.altinget.dk/kandidattest/FT26/profil/495,ok,Lars Aagaard,Moderaterne,58 år,Kandidat-/masteruddannelse,,
496,https://www.altinget.dk/kandidattest/FT26/profil/496,ok,Rosa Eriksen,Moderaterne,36 år,Bachelor-/diplomuddannelse,,
497,https://www.altinget.dk/kandidattest/FT26/profil/497,ok,Jakob Engel-Schmidt,Moderaterne,42 år,Kandidat-/masteruddannelse,,
498,https://www.altinget.dk/kandidattest/FT26/profil/498,ok,Nanna W. Gotfredsen,Moderaterne,57 år,Kandidat-/masteruddannelse,,
499,https://www.altinget.dk/kandidattest/FT26/profil/499,ok,Ali Qais,Moderaterne,48 år,Kandidat-/masteruddannelse,,
500,https://www.altinget.dk/kandidattest/FT26/profil/500,ok,Ellen Emilie,Moderaterne,24 år,Bachelor-/diplomuddannelse,,
501,https://www.altinget.dk/kandidattest/FT26/profil/501,ok,Lisbeth Dam Larsen,Moderaterne,,Kandidat-/masteruddannelse,,
502,https://www.altinget.dk/kandidattest/FT26/profil/502,ok,Mads Sebbelov,Moderaterne,49 år,Bachelor-/diplomuddannelse,1976-05-23T00:00:00,
503,https://www.altinget.dk/kandidattest/FT26/profil/503,ok,Monika Rubin,Moderaterne,38 år,Ph.d.-uddannelse,,
504,https://www.altinget.dk/kandidattest/FT26/profil/504,ok,Karan Khosla,Moderaterne,29 år,Bachelor-/diplomuddannelse,,
505,https://www.altinget.dk/kandidattest/FT26/profil/505,ok,Özkan Kocak,Moderaterne,49 år,Bachelor-/diplomuddannelse,,
506,https://www.altinget.dk/kandidattest/FT26/profil/506,ok,Dorthe Beck-Nyling,Moderaterne,49 år,Bachelor-/diplomuddannelse,,
507,https://www.altinget.dk/kandidattest/FT26/profil/507,ok,Frederik Lau Petersen,Moderaterne,,Bachelor-/diplomuddannelse,,
508,https://www.altinget.dk/kandidattest/FT26/profil/508,ok,Betina Asbæk,Moderaterne,49 år,Bachelor-/diplomuddannelse,1977-01-30T00:00:00,
509,https://www.altinget.dk/kandidattest/FT26/profil/509,ok,Mohammad Rona,Moderaterne,41 år,Bachelor-/diplomuddannelse,,
510,https://www.altinget.dk/kandidattest/FT26/profil/510,ok,Line Randa,Moderaterne,47 år,Ikke oplyst,,
511,https://www.altinget.dk/kandidattest/FT26/profil/511,ok,Nikolaj C. Andersen,Moderaterne,35 år,Erhvervsuddannelse,,
512,https://www.altinget.dk/kandidattest/FT26/profil/512,ok,Morten Arvidsson,Moderaterne,62 år,Seminaruddannelse,,
513,https://www.altinget.dk/kandidattest/FT26/profil/513,ok,Rasmus Lund-Nielsen,Moderaterne,37 år,Kandidat-/masteruddannelse,,
514,https://www.altinget.dk/kandidattest/FT26/profil/514,ok,Charlotte Haagendrup,Moderaterne,59 år,Bachelor-/diplomuddannelse,,
515,https://www.altinget.dk/kandidattest/FT26/profil/515,ok,Andreas Raben,Moderaterne,21 år,Bachelor-/diplomuddannelse,,
516,https://www.altinget.dk/kandidattest/FT26/profil/516,ok,Lars Løkke Rasmussen,Moderaterne,61 år,Kandidat-/masteruddannelse,1964-05-15T00:00:00,
517,https://www.altinget.dk/kandidattest/FT26/profil/517,ok,Charlotte Bagge,Moderaterne,66 år,Ikke oplyst,,
518,https://www.altinget.dk/kandidattest/FT26/profil/518,ok,Kasper Nygaard,Moderaterne,44 år,Erhvervsuddannelse,,
519,https://www.altinget.dk/kandidattest/FT26/profil/519,ok,Frida Qvist Kristensen,Moderaterne,19 år,Gymnasial uddannelse,,
520,https://www.altinget.dk/kandidattest/FT26/profil/520,ok,Jan Carlsen,Moderaterne,60 år,Ikke oplyst,1965-10-21T00:00:00,
521,https://www.altinget.dk/kandidattest/FT26/profil/521,ok,Mogens Haugaard,Moderaterne,67 år,Erhvervsuddannelse,,
522,https://www.altinget.dk/kandidattest/FT26/profil/522,ok,Mia Linda Møller,Moderaterne,57 år,Kandidat-/masteruddannelse,,
523,https://www.altinget.dk/kandidattest/FT26/profil/523,ok,Henrik Frandsen,Moderaterne,65 år,Erhvervsuddannelse,,
524,https://www.altinget.dk/kandidattest/FT26/profil/524,ok,Frida Bruun,Moderaterne,37 år,Bachelor-/diplomuddannelse,1988-12-31T00:00:00,
525,https://www.altinget.dk/kandidattest/FT26/profil/525,ok,Gitte Bjerremand Andersen,Moderaterne,49 år,Bachelor-/diplomuddannelse,,
526,https://www.altinget.dk/kandidattest/FT26/profil/526,ok,Morten Hell,Moderaterne,48 år,Ph.d.-uddannelse,,
527,https://www.altinget.dk/kandidattest/FT26/profil/527,ok,Morten E.G. Brautsch,Moderaterne,41 år,Kandidat-/masteruddannelse,,
528,https://www.altinget.dk/kandidattest/FT26/profil/528,ok,Martin Sanderhoff,Moderaterne,56 år,Bachelor-/diplomuddannelse,1969-10-11T00:00:00,
529,https://www.altinget.dk/kandidattest/FT26/profil/529,ok,Jeppe von Berg,Moderaterne,29 år,Bachelor-/diplomuddannelse,,
530,https://www.altinget.dk/kandidattest/FT26/profil/530,ok,Michael Nielsen,Moderaterne,56 år,Ikke oplyst,,
531,https://www.altinget.dk/kandidattest/FT26/profil/531,ok,Christina Egelund,Moderaterne,48 år,Ikke oplyst,1977-12-09T00:00:00,
532,https://www.altinget.dk/kandidattest/FT26/profil/532,ok,Caroline Stage,Moderaterne,35 år,Kandidat-/masteruddannelse,,
533,https://www.altinget.dk/kandidattest/FT26/profil/533,ok,Peter Have,Moderaterne,62 år,Ikke oplyst,,
534,https://www.altinget.dk/kandidattest/FT26/profil/534,ok,Henrik Rejnholt Andersen,"Venstre, Danmarks Liberale Parti",48 år,Erhvervsuddannelse,1977-10-01T00:00:00,
535,https://www.altinget.dk/kandidattest/FT26/profil/535,ok,Susan Kronborg,Moderaterne,57 år,Kandidat-/masteruddannelse,,
536,https://www.altinget.dk/kandidattest/FT26/profil/536,ok,Søren Vanting,Moderaterne,53 år,Gymnasial uddannelse,1972-07-24T00:00:00,
537,https://www.altinget.dk/kandidattest/FT26/profil/537,ok,Sara Pernille Jespersen,Moderaterne,34 år,Bachelor-/diplomuddannelse,,
538,https://www.altinget.dk/kandidattest/FT26/profil/538,ok,Sten Larsen,Moderaterne,68 år,Kandidat-/masteruddannelse,1958-01-22T00:00:00,
539,https://www.altinget.dk/kandidattest/FT26/profil/539,ok,Lisbeth Bech-Nielsen,SF - Socialistisk Folkeparti,43 år,Kandidat-/masteruddannelse,,
540,https://www.altinget.dk/kandidattest/FT26/profil/540,ok,Carl Valentin,SF - Socialistisk Folkeparti,34 år,Bachelor-/diplomuddannelse,,
541,https://www.altinget.dk/kandidattest/FT26/profil/541,ok,Nanna Bonde,SF - Socialistisk Folkeparti,32 år,Kandidat-/masteruddannelse,,
542,https://www.altinget.dk/kandidattest/FT26/profil/542,ok,Sadek Al-Amood,SF - Socialistisk Folkeparti,26 år,Kandidat-/masteruddannelse,,
543,https://www.altinget.dk/kandidattest/FT26/profil/543,ok,Halime Oguz,SF - Socialistisk Folkeparti,,Kandidat-/masteruddannelse,,
544,https://www.altinget.dk/kandidattest/FT26/profil/544,ok,Kasper Nordborg Kiær,SF - Socialistisk Folkeparti,39 år,Kandidat-/masteruddannelse,,
545,https://www.altinget.dk/kandidattest/FT26/profil/545,ok,Rune Palm,SF - Socialistisk Folkeparti,41 år,Kandidat-/masteruddannelse,,
546,https://www.altinget.dk/kandidattest/FT26/profil/546,missing_candidate,,,,,,Could not locate candidate name on page
547,https://www.altinget.dk/kandidattest/FT26/profil/547,ok,Cecilie Louise Balbay Holdt,SF - Socialistisk Folkeparti,39 år,Kandidat-/masteruddannelse,,
548,https://www.altinget.dk/kandidattest/FT26/profil/548,ok,Mikkel Sammy Christensen,SF - Socialistisk Folkeparti,,Kandidat-/masteruddannelse,,
549,https://www.altinget.dk/kandidattest/FT26/profil/549,ok,Morten Bering,SF - Socialistisk Folkeparti,,Ikke oplyst,,
550,https://www.altinget.dk/kandidattest/FT26/profil/550,ok,Bjarke Bisgaard Yolal,SF - Socialistisk Folkeparti,37 år,Kandidat-/masteruddannelse,,
551,https://www.altinget.dk/kandidattest/FT26/profil/551,ok,Sigurd Agersnap,SF - Socialistisk Folkeparti,33 år,Kandidat-/masteruddannelse,1993-03-02T00:00:00,
552,https://www.altinget.dk/kandidattest/FT26/profil/552,ok,Alexander Bruhn Skjøth,SF - Socialistisk Folkeparti,45 år,Gymnasial uddannelse,,
553,https://www.altinget.dk/kandidattest/FT26/profil/553,ok,Helene Brochmann,SF - Socialistisk Folkeparti,60 år,Kandidat-/masteruddannelse,1965-08-01T00:00:00,
554,https://www.altinget.dk/kandidattest/FT26/profil/554,missing_candidate,,,,,,Could not locate candidate name on page
555,https://www.altinget.dk/kandidattest/FT26/profil/555,ok,Sofie F. Villadsen,SF - Socialistisk Folkeparti,32 år,Kandidat-/masteruddannelse,,
556,https://www.altinget.dk/kandidattest/FT26/profil/556,ok,Niels Haxthausen,SF - Socialistisk Folkeparti,71 år,Kandidat-/masteruddannelse,,
557,https://www.altinget.dk/kandidattest/FT26/profil/557,ok,Troels Stru Schmidt,SF - Socialistisk Folkeparti,,Ph.d.-uddannelse,,
558,https://www.altinget.dk/kandidattest/FT26/profil/558,ok,Vivi Nør Jacobsen,SF - Socialistisk Folkeparti,49 år,Kandidat-/masteruddannelse,1976-07-05T00:00:00,
559,https://www.altinget.dk/kandidattest/FT26/profil/559,missing_candidate,,,,,,Could not locate candidate name on page
560,https://www.altinget.dk/kandidattest/FT26/profil/560,ok,Marianne Bigum,SF - Socialistisk Folkeparti,43 år,Ph.d.-uddannelse,,
561,https://www.altinget.dk/kandidattest/FT26/profil/561,ok,Anja Rosengreen,SF - Socialistisk Folkeparti,57 år,Kandidat-/masteruddannelse,,
562,https://www.altinget.dk/kandidattest/FT26/profil/562,ok,Emil Nielsen,SF - Socialistisk Folkeparti,42 år,Kandidat-/masteruddannelse,1983-04-27T00:00:00,
563,https://www.altinget.dk/kandidattest/FT26/profil/563,ok,Anna Poulsen,SF - Socialistisk Folkeparti,48 år,Bachelor-/diplomuddannelse,,
564,https://www.altinget.dk/kandidattest/FT26/profil/564,ok,Stina Egedius Miller,SF - Socialistisk Folkeparti,51 år,Bachelor-/diplomuddannelse,,
565,https://www.altinget.dk/kandidattest/FT26/profil/565,ok,Elias Julius Binggeli,SF - Socialistisk Folkeparti,23 år,Grundskole,2002-12-23T00:00:00,
566,https://www.altinget.dk/kandidattest/FT26/profil/566,ok,Jens Skov,SF - Socialistisk Folkeparti,59 år,Kandidat-/masteruddannelse,,
567,https://www.altinget.dk/kandidattest/FT26/profil/567,ok,Sebastian Bloch Jensen,SF - Socialistisk Folkeparti,36 år,Kandidat-/masteruddannelse,1990-03-24T00:00:00,
568,https://www.altinget.dk/kandidattest/FT26/profil/568,ok,Sofie Christiansen,SF - Socialistisk Folkeparti,20 år,Gymnasial uddannelse,2005-06-15T00:00:00,
569,https://www.altinget.dk/kandidattest/FT26/profil/569,ok,Astrid Carøe,SF - Socialistisk Folkeparti,31 år,Bachelor-/diplomuddannelse,,
570,https://www.altinget.dk/kandidattest/FT26/profil/570,ok,Anne Valentina Berthelsen,SF - Socialistisk Folkeparti,31 år,Bachelor-/diplomuddannelse,1994-09-16T00:00:00,
571,https://www.altinget.dk/kandidattest/FT26/profil/571,ok,Mads Olsen,SF - Socialistisk Folkeparti,24 år,Gymnasial uddannelse,,
572,https://www.altinget.dk/kandidattest/FT26/profil/572,ok,Kristine Amalie Rostgård,SF - Socialistisk Folkeparti,38 år,Kandidat-/masteruddannelse,,
573,https://www.altinget.dk/kandidattest/FT26/profil/573,ok,Claus Jørgensen,SF - Socialistisk Folkeparti,56 år,Kandidat-/masteruddannelse,,
574,https://www.altinget.dk/kandidattest/FT26/profil/574,ok,Michael Graakjær,SF - Socialistisk Folkeparti,65 år,Erhvervsuddannelse,1960-10-18T00:00:00,
575,https://www.altinget.dk/kandidattest/FT26/profil/575,ok,Joan Kragh,SF - Socialistisk Folkeparti,61 år,Bachelor-/diplomuddannelse,,
576,https://www.altinget.dk/kandidattest/FT26/profil/576,ok,Jeanne Bergmansen,SF - Socialistisk Folkeparti,36 år,Kandidat-/masteruddannelse,1989-05-01T00:00:00,
577,https://www.altinget.dk/kandidattest/FT26/profil/577,ok,Jesper Hartøft,SF - Socialistisk Folkeparti,47 år,Bachelor-/diplomuddannelse,,
578,https://www.altinget.dk/kandidattest/FT26/profil/578,ok,Lise Müller,SF - Socialistisk Folkeparti,52 år,Kandidat-/masteruddannelse,1974-01-21T00:00:00,
579,https://www.altinget.dk/kandidattest/FT26/profil/579,ok,Karsten Hønge,SF - Socialistisk Folkeparti,67 år,Erhvervsuddannelse,1958-09-25T00:00:00,
580,https://www.altinget.dk/kandidattest/FT26/profil/580,ok,Suzette Frovin,SF - Socialistisk Folkeparti,51 år,Kandidat-/masteruddannelse,,
581,https://www.altinget.dk/kandidattest/FT26/profil/581,missing_candidate,,,,,,Could not locate candidate name on page
582,https://www.altinget.dk/kandidattest/FT26/profil/582,ok,Simon Meyer Off,SF - Socialistisk Folkeparti,30 år,Kandidat-/masteruddannelse,,
583,https://www.altinget.dk/kandidattest/FT26/profil/583,ok,Nynne Printz,SF - Socialistisk Folkeparti,57 år,Bachelor-/diplomuddannelse,,
584,https://www.altinget.dk/kandidattest/FT26/profil/584,missing_candidate,,,,,,Could not locate candidate name on page
585,https://www.altinget.dk/kandidattest/FT26/profil/585,ok,Karina Lorentzen Dehnhardt,SF - Socialistisk Folkeparti,52 år,Kandidat-/masteruddannelse,1973-10-26T00:00:00,
586,https://www.altinget.dk/kandidattest/FT26/profil/586,ok,Sofus Teislev,SF - Socialistisk Folkeparti,51 år,Kandidat-/masteruddannelse,,
587,https://www.altinget.dk/kandidattest/FT26/profil/587,ok,Jørgen Kvist,SF - Socialistisk Folkeparti,61 år,Kandidat-/masteruddannelse,,
588,https://www.altinget.dk/kandidattest/FT26/profil/588,ok,Timm Bøttger,SF - Socialistisk Folkeparti,24 år,Gymnasial uddannelse,,
589,https://www.altinget.dk/kandidattest/FT26/profil/589,ok,Christian Mutwa Christensen,SF - Socialistisk Folkeparti,43 år,Kandidat-/masteruddannelse,,
590,https://www.altinget.dk/kandidattest/FT26/profil/590,ok,Magnus Flensborg,SF - Socialistisk Folkeparti,,Bachelor-/diplomuddannelse,,
591,https://www.altinget.dk/kandidattest/FT26/profil/591,ok,Milo Gaarde,SF - Socialistisk Folkeparti,23 år,Gymnasial uddannelse,2002-11-08T00:00:00,
592,https://www.altinget.dk/kandidattest/FT26/profil/592,ok,Ina Juul Jensen,SF - Socialistisk Folkeparti,36 år,Ikke oplyst,,
593,https://www.altinget.dk/kandidattest/FT26/profil/593,missing_candidate,,,,,,Could not locate candidate name on page
594,https://www.altinget.dk/kandidattest/FT26/profil/594,ok,Susanne Blegvad Posselt,SF - Socialistisk Folkeparti,,Ikke oplyst,,
595,https://www.altinget.dk/kandidattest/FT26/profil/595,ok,Kirsten Normann Andersen,SF - Socialistisk Folkeparti,63 år,Erhvervsuddannelse,,
596,https://www.altinget.dk/kandidattest/FT26/profil/596,ok,Sofie Lippert,SF - Socialistisk Folkeparti,30 år,Bachelor-/diplomuddannelse,,
597,https://www.altinget.dk/kandidattest/FT26/profil/597,ok,Charlotte Broman Mølbæk,SF - Socialistisk Folkeparti,48 år,Bachelor-/diplomuddannelse,1977-11-29T00:00:00,
598,https://www.altinget.dk/kandidattest/FT26/profil/598,ok,Anna Brændemose,SF - Socialistisk Folkeparti,32 år,Kandidat-/masteruddannelse,,
599,https://www.altinget.dk/kandidattest/FT26/profil/599,ok,Charlotte Vindeløv,SF - Socialistisk Folkeparti,55 år,Bachelor-/diplomuddannelse,,
600,https://www.altinget.dk/kandidattest/FT26/profil/600,ok,Søren Lahn Sloth,SF - Socialistisk Folkeparti,36 år,Kandidat-/masteruddannelse,,
601,https://www.altinget.dk/kandidattest/FT26/profil/601,ok,Morten Siig Henriksen,SF - Socialistisk Folkeparti,,Kandidat-/masteruddannelse,,
602,https://www.altinget.dk/kandidattest/FT26/profil/602,ok,Paw Hedegaard Amdisen,SF - Socialistisk Folkeparti,49 år,Kandidat-/masteruddannelse,,
603,https://www.altinget.dk/kandidattest/FT26/profil/603,missing_candidate,,,,,,Could not locate candidate name on page
604,https://www.altinget.dk/kandidattest/FT26/profil/604,ok,Signe Munk,SF - Socialistisk Folkeparti,36 år,Bachelor-/diplomuddannelse,1990-03-10T00:00:00,
605,https://www.altinget.dk/kandidattest/FT26/profil/605,ok,Nils Brøgger,SF - Socialistisk Folkeparti,46 år,Kandidat-/masteruddannelse,,
606,https://www.altinget.dk/kandidattest/FT26/profil/606,ok,Emma Thorup Jacobsen,SF - Socialistisk Folkeparti,29 år,Bachelor-/diplomuddannelse,,
607,https://www.altinget.dk/kandidattest/FT26/profil/607,ok,Bente Refslund,SF - Socialistisk Folkeparti,68 år,Ikke oplyst,,
608,https://www.altinget.dk/kandidattest/FT26/profil/608,ok,Anders Bøge,SF - Socialistisk Folkeparti,,Ikke oplyst,,
609,https://www.altinget.dk/kandidattest/FT26/profil/609,ok,Niels Kristian Larsen,SF - Socialistisk Folkeparti,25 år,Gymnasial uddannelse,2001-04-04T00:00:00,
610,https://www.altinget.dk/kandidattest/FT26/profil/610,ok,Theresa Berg Andersen,SF - Socialistisk Folkeparti,46 år,Erhvervsuddannelse,1979-12-29T00:00:00,
611,https://www.altinget.dk/kandidattest/FT26/profil/611,ok,Melina Andersen,SF - Socialistisk Folkeparti,31 år,Kandidat-/masteruddannelse,,
612,https://www.altinget.dk/kandidattest/FT26/profil/612,ok,Dorte M. Nielsen,SF - Socialistisk Folkeparti,60 år,Bachelor-/diplomuddannelse,,
613,https://www.altinget.dk/kandidattest/FT26/profil/613,ok,Benjamin Christensen,SF - Socialistisk Folkeparti,29 år,Kandidat-/masteruddannelse,1996-05-07T00:00:00,
614,https://www.altinget.dk/kandidattest/FT26/profil/614,ok,Morten Bo Bertelsen,SF - Socialistisk Folkeparti,64 år,Kandidat-/masteruddannelse,,
615,https://www.altinget.dk/kandidattest/FT26/profil/615,ok,Peder Larsen,SF - Socialistisk Folkeparti,53 år,Seminaruddannelse,1972-12-29T00:00:00,
616,https://www.altinget.dk/kandidattest/FT26/profil/616,ok,Henning Jørgensen,SF - Socialistisk Folkeparti,,Ikke oplyst,,
617,https://www.altinget.dk/kandidattest/FT26/profil/617,ok,Thomas Kjeldsen,SF - Socialistisk Folkeparti,,Ikke oplyst,,
618,https://www.altinget.dk/kandidattest/FT26/profil/618,ok,Anders Vistisen,Dansk Folkeparti,38 år,Kandidat-/masteruddannelse,1987-11-12T00:00:00,
619,https://www.altinget.dk/kandidattest/FT26/profil/619,ok,Danny Rosenkilde,Dansk Folkeparti,59 år,Grundskole,,
620,https://www.altinget.dk/kandidattest/FT26/profil/620,ok,Thomas Hjort,Dansk Folkeparti,70 år,Bachelor-/diplomuddannelse,,
621,https://www.altinget.dk/kandidattest/FT26/profil/621,ok,Jørgen Hammer Sørensen,Dansk Folkeparti,,Ikke oplyst,,
622,https://www.altinget.dk/kandidattest/FT26/profil/622,ok,Emma Houe Mølgaard,Dansk Folkeparti,31 år,Ikke oplyst,1994-09-26T00:00:00,
623,https://www.altinget.dk/kandidattest/FT26/profil/623,ok,Søren Boel Olesen,Dansk Folkeparti,41 år,Erhvervsuddannelse,1984-06-21T00:00:00,
624,https://www.altinget.dk/kandidattest/FT26/profil/624,ok,Knud Nielsen,Dansk Folkeparti,,Ikke oplyst,,
625,https://www.altinget.dk/kandidattest/FT26/profil/625,ok,Lone Langballe,Dansk Folkeparti,55 år,Bachelor-/diplomuddannelse,1970-09-30T00:00:00,
626,https://www.altinget.dk/kandidattest/FT26/profil/626,ok,Michelle Sundahl,Dansk Folkeparti,25 år,Erhvervsuddannelse,,
627,https://www.altinget.dk/kandidattest/FT26/profil/627,ok,Mikael Würtz,Dansk Folkeparti,56 år,Ikke oplyst,1970-03-16T00:00:00,
628,https://www.altinget.dk/kandidattest/FT26/profil/628,ok,Nick Zimmermann,Dansk Folkeparti,31 år,Erhvervsuddannelse,,
629,https://www.altinget.dk/kandidattest/FT26/profil/629,ok,Michael Nedersøe,Dansk Folkeparti,47 år,Ikke oplyst,,
630,https://www.altinget.dk/kandidattest/FT26/profil/630,ok,Mercedes Czank,Dansk Folkeparti,,Ikke oplyst,,
631,https://www.altinget.dk/kandidattest/FT26/profil/631,ok,Jens Kannegaard Lundager,Dansk Folkeparti,59 år,Gymnasial uddannelse,,
632,https://www.altinget.dk/kandidattest/FT26/profil/632,ok,Nana Harring,Dansk Folkeparti,27 år,Bachelor-/diplomuddannelse,,
633,https://www.altinget.dk/kandidattest/FT26/profil/633,ok,Peter Kofod,Dansk Folkeparti,36 år,Seminaruddannelse,1990-02-27T00:00:00,
634,https://www.altinget.dk/kandidattest/FT26/profil/634,ok,Rune Bønnelykke,Dansk Folkeparti,53 år,Bachelor-/diplomuddannelse,1972-07-19T00:00:00,
635,https://www.altinget.dk/kandidattest/FT26/profil/635,ok,Mads-Magnus Damm,Dansk Folkeparti,19 år,Gymnasial uddannelse,,
636,https://www.altinget.dk/kandidattest/FT26/profil/636,ok,Kim Andkjær Doberck,Dansk Folkeparti,46 år,Erhvervsuddannelse,1979-05-26T00:00:00,
637,https://www.altinget.dk/kandidattest/FT26/profil/637,ok,Jim Zakaria,Dansk Folkeparti,49 år,Bachelor-/diplomuddannelse,1976-11-10T00:00:00,
638,https://www.altinget.dk/kandidattest/FT26/profil/638,ok,Sune Nørgaard Jakobsen,Dansk Folkeparti,49 år,Erhvervsuddannelse,,
639,https://www.altinget.dk/kandidattest/FT26/profil/639,missing_candidate,,,,,,Could not locate candidate name on page
640,https://www.altinget.dk/kandidattest/FT26/profil/640,ok,Rune Højer,Dansk Folkeparti,36 år,Ikke oplyst,,
641,https://www.altinget.dk/kandidattest/FT26/profil/641,ok,Per Knudsen,Dansk Folkeparti,59 år,Ikke oplyst,,
642,https://www.altinget.dk/kandidattest/FT26/profil/642,ok,Josephine Alstrup Kofod,Dansk Folkeparti,27 år,Bachelor-/diplomuddannelse,,
643,https://www.altinget.dk/kandidattest/FT26/profil/643,ok,Tobias Brus Mikkelsen,Dansk Folkeparti,25 år,Erhvervsuddannelse,,
644,https://www.altinget.dk/kandidattest/FT26/profil/644,ok,Christian Kirk,Dansk Folkeparti,25 år,Bachelor-/diplomuddannelse,2000-04-16T00:00:00,
645,https://www.altinget.dk/kandidattest/FT26/profil/645,missing_candidate,,,,,,Could not locate candidate name on page
646,https://www.altinget.dk/kandidattest/FT26/profil/646,ok,Alex Ahrendtsen,Dansk Folkeparti,59 år,Kandidat-/masteruddannelse,1967-02-14T00:00:00,
647,https://www.altinget.dk/kandidattest/FT26/profil/647,ok,Tobias Weische,Dansk Folkeparti,28 år,Gymnasial uddannelse,,
648,https://www.altinget.dk/kandidattest/FT26/profil/648,ok,Romeo Troelsgaard,Dansk Folkeparti,20 år,Gymnasial uddannelse,2006-03-21T00:00:00,
649,https://www.altinget.dk/kandidattest/FT26/profil/649,ok,Anne Møllegaard Mortensen,Dansk Folkeparti,63 år,Gymnasial uddannelse,1962-12-16T00:00:00,
650,https://www.altinget.dk/kandidattest/FT26/profil/650,ok,Niels Bolding,Dansk Folkeparti,59 år,Kandidat-/masteruddannelse,,
651,https://www.altinget.dk/kandidattest/FT26/profil/651,ok,Morten Messerschmidt,Dansk Folkeparti,45 år,Ikke oplyst,,
652,https://www.altinget.dk/kandidattest/FT26/profil/652,ok,Anders Bork,Dansk Folkeparti,35 år,Erhvervsuddannelse,,
653,https://www.altinget.dk/kandidattest/FT26/profil/653,ok,Henrik Brodersen,Dansk Folkeparti,61 år,Erhvervsuddannelse,1964-06-03T00:00:00,
654,https://www.altinget.dk/kandidattest/FT26/profil/654,ok,Tanja Glückstadt,Dansk Folkeparti,52 år,Kandidat-/masteruddannelse,1974-01-27T00:00:00,
655,https://www.altinget.dk/kandidattest/FT26/profil/655,ok,Søren Lund Hansen,Dansk Folkeparti,51 år,Erhvervsuddannelse,,
656,https://www.altinget.dk/kandidattest/FT26/profil/656,ok,Julie Jacobsen,Dansk Folkeparti,41 år,Ikke oplyst,,
657,https://www.altinget.dk/kandidattest/FT26/profil/657,ok,Simon Hampe,Dansk Folkeparti,32 år,Bachelor-/diplomuddannelse,1994-01-02T00:00:00,
658,https://www.altinget.dk/kandidattest/FT26/profil/658,ok,Jan Herskov,Dansk Folkeparti,59 år,Erhvervsuddannelse,1966-07-15T00:00:00,
659,https://www.altinget.dk/kandidattest/FT26/profil/659,ok,Malte Larsen,Dansk Folkeparti,24 år,Kandidat-/masteruddannelse,,
660,https://www.altinget.dk/kandidattest/FT26/profil/660,ok,Michael Pihl,Dansk Folkeparti,60 år,Kandidat-/masteruddannelse,1966-01-19T00:00:00,
661,https://www.altinget.dk/kandidattest/FT26/profil/661,ok,Mette Thiesen,Dansk Folkeparti,44 år,Seminaruddannelse,,
662,https://www.altinget.dk/kandidattest/FT26/profil/662,ok,Pia Adelsteen,Dansk Folkeparti,62 år,Gymnasial uddannelse,,
663,https://www.altinget.dk/kandidattest/FT26/profil/663,ok,Mikkel Hartwich,Dansk Folkeparti,31 år,Erhvervsuddannelse,1994-11-08T00:00:00,
664,https://www.altinget.dk/kandidattest/FT26/profil/664,ok,Jette Juul,Dansk Folkeparti,55 år,Erhvervsuddannelse,,
665,https://www.altinget.dk/kandidattest/FT26/profil/665,ok,Brian Lyck Jørgensen,Dansk Folkeparti,43 år,Erhvervsuddannelse,,
666,https://www.altinget.dk/kandidattest/FT26/profil/666,ok,Ulla Kokfelt,Dansk Folkeparti,52 år,Ph.d.-uddannelse,1973-08-14T00:00:00,
667,https://www.altinget.dk/kandidattest/FT26/profil/667,ok,Gert Løfgren,Dansk Folkeparti,60 år,10. klasse,,
668,https://www.altinget.dk/kandidattest/FT26/profil/668,missing_candidate,,,,,,Could not locate candidate name on page
669,https://www.altinget.dk/kandidattest/FT26/profil/669,ok,Mikkel Bjørn,Dansk Folkeparti,30 år,Bachelor-/diplomuddannelse,,
670,https://www.altinget.dk/kandidattest/FT26/profil/670,ok,Hans Blaaberg,Dansk Folkeparti,55 år,Gymnasial uddannelse,,
671,https://www.altinget.dk/kandidattest/FT26/profil/671,ok,Mikkel Dencker,Dansk Folkeparti,50 år,Gymnasial uddannelse,,
672,https://www.altinget.dk/kandidattest/FT26/profil/672,ok,Kim Hammer,Dansk Folkeparti,60 år,Erhvervsuddannelse,,
673,https://www.altinget.dk/kandidattest/FT26/profil/673,ok,Tenna Røberg,Dansk Folkeparti,24 år,Kandidat-/masteruddannelse,,
674,https://www.altinget.dk/kandidattest/FT26/profil/674,ok,Zandra Thulstrup Pihl,Dansk Folkeparti,46 år,Kandidat-/masteruddannelse,,
675,https://www.altinget.dk/kandidattest/FT26/profil/675,ok,Michael Jensen,Dansk Folkeparti,54 år,Erhvervsuddannelse,,
676,https://www.altinget.dk/kandidattest/FT26/profil/676,ok,Merete Dea Larsen,Dansk Folkeparti,47 år,Ikke oplyst,,
677,https://www.altinget.dk/kandidattest/FT26/profil/677,ok,Allan Feldt,Dansk Folkeparti,62 år,Kandidat-/masteruddannelse,,
678,https://www.altinget.dk/kandidattest/FT26/profil/678,missing_candidate,,,,,,Could not locate candidate name on page
679,https://www.altinget.dk/kandidattest/FT26/profil/679,missing_candidate,,,,,,Could not locate candidate name on page
680,https://www.altinget.dk/kandidattest/FT26/profil/680,ok,Paw Karslund,Dansk Folkeparti,,Ikke oplyst,,
681,https://www.altinget.dk/kandidattest/FT26/profil/681,missing_candidate,,,,,,Could not locate candidate name on page
682,https://www.altinget.dk/kandidattest/FT26/profil/682,ok,Denise Rostgaard,Dansk Folkeparti,40 år,Bachelor-/diplomuddannelse,1985-12-26T00:00:00,
683,https://www.altinget.dk/kandidattest/FT26/profil/683,ok,Bo Vibe Ancher Jensen,Dansk Folkeparti,49 år,Erhvervsuddannelse,,
684,https://www.altinget.dk/kandidattest/FT26/profil/684,ok,Inger Støjberg,Danmarksdemokraterne ‒ Inger Støjberg,53 år,Kandidat-/masteruddannelse,,
685,https://www.altinget.dk/kandidattest/FT26/profil/685,ok,Kristian Bøgsted,Danmarksdemokraterne ‒ Inger Støjberg,43 år,Erhvervsuddannelse,,
686,https://www.altinget.dk/kandidattest/FT26/profil/686,ok,Kim Edberg Andersen,Danmarksdemokraterne ‒ Inger Støjberg,,Ikke oplyst,,
687,https://www.altinget.dk/kandidattest/FT26/profil/687,ok,Liselotte Lynge,Danmarksdemokraterne ‒ Inger Støjberg,55 år,Gymnasial uddannelse,1970-09-21T00:00:00,
688,https://www.altinget.dk/kandidattest/FT26/profil/688,ok,Frederik Storm,Danmarksdemokraterne ‒ Inger Støjberg,38 år,Bachelor-/diplomuddannelse,,
689,https://www.altinget.dk/kandidattest/FT26/profil/689,ok,Claus Skovmose,Danmarksdemokraterne ‒ Inger Støjberg,42 år,Erhvervsuddannelse,,
690,https://www.altinget.dk/kandidattest/FT26/profil/690,ok,Dennis Flydtkjær,Danmarksdemokraterne ‒ Inger Støjberg,48 år,Erhvervsuddannelse,,
691,https://www.altinget.dk/kandidattest/FT26/profil/691,ok,Betina Kastbjerg,Danmarksdemokraterne ‒ Inger Støjberg,54 år,Ikke oplyst,1971-11-25T00:00:00,
692,https://www.altinget.dk/kandidattest/FT26/profil/692,ok,Mads Fuglede,Danmarksdemokraterne ‒ Inger Støjberg,54 år,Kandidat-/masteruddannelse,,
693,https://www.altinget.dk/kandidattest/FT26/profil/693,ok,Morten Vehl Revsbeck,Danmarksdemokraterne ‒ Inger Støjberg,52 år,Kandidat-/masteruddannelse,,
694,https://www.altinget.dk/kandidattest/FT26/profil/694,ok,Marcus Juul Grønbæk,Danmarksdemokraterne ‒ Inger Støjberg,21 år,Bachelor-/diplomuddannelse,,
695,https://www.altinget.dk/kandidattest/FT26/profil/695,ok,Vivi Altenburg,Danmarksdemokraterne ‒ Inger Støjberg,64 år,Kandidat-/masteruddannelse,1962-03-15T00:00:00,
696,https://www.altinget.dk/kandidattest/FT26/profil/696,ok,Hans Kristian Skibby,Danmarksdemokraterne ‒ Inger Støjberg,57 år,Gymnasial uddannelse,1969-01-18T00:00:00,
697,https://www.altinget.dk/kandidattest/FT26/profil/697,ok,Erik Poulsen,Danmarksdemokraterne ‒ Inger Støjberg,63 år,Erhvervsuddannelse,,
698,https://www.altinget.dk/kandidattest/FT26/profil/698,ok,Lone Glarbo,Danmarksdemokraterne ‒ Inger Støjberg,60 år,Kandidat-/masteruddannelse,,
699,https://www.altinget.dk/kandidattest/FT26/profil/699,ok,Magnus Bigum,Danmarksdemokraterne ‒ Inger Støjberg,25 år,Erhvervsuddannelse,2001-01-30T00:00:00,
700,https://www.altinget.dk/kandidattest/FT26/profil/700,ok,Kenneth Fredslund Petersen,Danmarksdemokraterne ‒ Inger Støjberg,61 år,10. klasse,1965-03-24T00:00:00,
701,https://www.altinget.dk/kandidattest/FT26/profil/701,ok,Ulrik Knudsen,Danmarksdemokraterne ‒ Inger Støjberg,47 år,Bachelor-/diplomuddannelse,,
702,https://www.altinget.dk/kandidattest/FT26/profil/702,missing_candidate,,,,,,Could not locate candidate name on page
703,https://www.altinget.dk/kandidattest/FT26/profil/703,ok,Patrick Bryhl,Danmarksdemokraterne ‒ Inger Støjberg,27 år,Bachelor-/diplomuddannelse,,
704,https://www.altinget.dk/kandidattest/FT26/profil/704,ok,Thomas Majgaard Byrsing,Danmarksdemokraterne ‒ Inger Støjberg,46 år,10. klasse,,
705,https://www.altinget.dk/kandidattest/FT26/profil/705,ok,Rune Mikkelsen,Danmarksdemokraterne ‒ Inger Støjberg,44 år,Erhvervsuddannelse,,
706,https://www.altinget.dk/kandidattest/FT26/profil/706,ok,Jakob Venø Heiwald,Danmarksdemokraterne ‒ Inger Støjberg,53 år,Erhvervsuddannelse,,
707,https://www.altinget.dk/kandidattest/FT26/profil/707,ok,Jens Henrik W. Thulesen Dahl,Danmarksdemokraterne ‒ Inger Støjberg,64 år,Kandidat-/masteruddannelse,,
708,https://www.altinget.dk/kandidattest/FT26/profil/708,ok,Nikolaj Vang,Danmarksdemokraterne ‒ Inger Støjberg,48 år,Seminaruddannelse,,
709,https://www.altinget.dk/kandidattest/FT26/profil/709,ok,Vivian Lindberg Larsen,Danmarksdemokraterne ‒ Inger Støjberg,59 år,Erhvervsuddannelse,,
710,https://www.altinget.dk/kandidattest/FT26/profil/710,ok,Peter Skaarup,Danmarksdemokraterne ‒ Inger Støjberg,61 år,Gymnasial uddannelse,,
711,https://www.altinget.dk/kandidattest/FT26/profil/711,ok,Susie Jessen,Danmarksdemokraterne ‒ Inger Støjberg,41 år,Bachelor-/diplomuddannelse,,
712,https://www.altinget.dk/kandidattest/FT26/profil/712,ok,Christian Wibholm,Danmarksdemokraterne ‒ Inger Støjberg,58 år,Erhvervsuddannelse,,
713,https://www.altinget.dk/kandidattest/FT26/profil/713,ok,Michael Rosenmark,Danmarksdemokraterne ‒ Inger Støjberg,66 år,Gymnasial uddannelse,,
714,https://www.altinget.dk/kandidattest/FT26/profil/714,ok,Dina Person,Danmarksdemokraterne ‒ Inger Støjberg,30 år,Kandidat-/masteruddannelse,,
715,https://www.altinget.dk/kandidattest/FT26/profil/715,ok,Brian Mørch,Danmarksdemokraterne ‒ Inger Støjberg,,Ikke oplyst,,
716,https://www.altinget.dk/kandidattest/FT26/profil/716,ok,John Brill Engkebølle,Danmarksdemokraterne ‒ Inger Støjberg,48 år,Ikke oplyst,,
717,https://www.altinget.dk/kandidattest/FT26/profil/717,ok,Martin Rahn Johansen,Danmarksdemokraterne ‒ Inger Støjberg,24 år,Erhvervsuddannelse,,
718,https://www.altinget.dk/kandidattest/FT26/profil/718,ok,Marlene Harpsøe,Danmarksdemokraterne ‒ Inger Støjberg,42 år,Bachelor-/diplomuddannelse,1983-08-03T00:00:00,
719,https://www.altinget.dk/kandidattest/FT26/profil/719,ok,Lars Bregnbak,Danmarksdemokraterne ‒ Inger Støjberg,62 år,Bachelor-/diplomuddannelse,1963-07-27T00:00:00,
720,https://www.altinget.dk/kandidattest/FT26/profil/720,ok,Maibritt Nielsen,Danmarksdemokraterne ‒ Inger Støjberg,,Ikke oplyst,,
721,https://www.altinget.dk/kandidattest/FT26/profil/721,ok,Katrine Schiller,Danmarksdemokraterne ‒ Inger Støjberg,30 år,Gymnasial uddannelse,1995-09-07T00:00:00,
722,https://www.altinget.dk/kandidattest/FT26/profil/722,ok,Charlotte Munch,Danmarksdemokraterne ‒ Inger Støjberg,58 år,Erhvervsuddannelse,1967-06-08T00:00:00,
723,https://www.altinget.dk/kandidattest/FT26/profil/723,ok,Sebastian Mylsted,Danmarksdemokraterne ‒ Inger Støjberg,34 år,Kandidat-/masteruddannelse,,
724,https://www.altinget.dk/kandidattest/FT26/profil/724,ok,Susanne Damsgaard,Danmarksdemokraterne ‒ Inger Støjberg,65 år,Bachelor-/diplomuddannelse,1961-02-26T00:00:00,
725,https://www.altinget.dk/kandidattest/FT26/profil/725,ok,Benny Bindslev,Danmarksdemokraterne ‒ Inger Støjberg,62 år,Bachelor-/diplomuddannelse,,
726,https://www.altinget.dk/kandidattest/FT26/profil/726,ok,Eva Bechmann,Danmarksdemokraterne ‒ Inger Støjberg,61 år,Ikke oplyst,1964-07-04T00:00:00,
727,https://www.altinget.dk/kandidattest/FT26/profil/727,ok,Martin Sibast,Danmarksdemokraterne ‒ Inger Støjberg,,Ikke oplyst,,
728,https://www.altinget.dk/kandidattest/FT26/profil/728,ok,Michael Hendriksen,Danmarksdemokraterne ‒ Inger Støjberg,65 år,Ikke oplyst,,
729,https://www.altinget.dk/kandidattest/FT26/profil/729,ok,Anders Kronborg,Socialdemokratiet,44 år,Bachelor-/diplomuddannelse,1982-03-18T00:00:00,
730,https://www.altinget.dk/kandidattest/FT26/profil/730,ok,Anders Andreasen,Socialdemokratiet,51 år,Bachelor-/diplomuddannelse,1974-07-31T00:00:00,
731,https://www.altinget.dk/kandidattest/FT26/profil/731,ok,Ane Halsboe-Jørgensen,Socialdemokratiet,42 år,Kandidat-/masteruddannelse,,
732,https://www.altinget.dk/kandidattest/FT26/profil/732,ok,Anne Paulin,Socialdemokratiet,38 år,Kandidat-/masteruddannelse,,
733,https://www.altinget.dk/kandidattest/FT26/profil/733,ok,Anne Catherine Hoxcer Nielsen,Socialdemokratiet,40 år,Bachelor-/diplomuddannelse,,
734,https://www.altinget.dk/kandidattest/FT26/profil/734,ok,Asbjørn Reissmann,Socialdemokratiet,34 år,Kandidat-/masteruddannelse,,
735,https://www.altinget.dk/kandidattest/FT26/profil/735,ok,Benny Engelbrecht,Socialdemokratiet,55 år,Grundskole,,
736,https://www.altinget.dk/kandidattest/FT26/profil/736,ok,Birgitte Vind,Socialdemokratiet,60 år,Bachelor-/diplomuddannelse,1965-08-13T00:00:00,
737,https://www.altinget.dk/kandidattest/FT26/profil/737,ok,Bjørn Laursen,Socialdemokratiet,,Ikke oplyst,,
738,https://www.altinget.dk/kandidattest/FT26/profil/738,ok,Bjørn Brandenborg,Socialdemokratiet,34 år,Bachelor-/diplomuddannelse,,
739,https://www.altinget.dk/kandidattest/FT26/profil/739,ok,Camilla Fabricius,Socialdemokratiet,54 år,Seminaruddannelse,1971-10-20T00:00:00,
740,https://www.altinget.dk/kandidattest/FT26/profil/740,ok,Carl Emil Lind,Socialdemokratiet,27 år,Erhvervsuddannelse,,
741,https://www.altinget.dk/kandidattest/FT26/profil/741,ok,Christian Rabjerg Madsen,Socialdemokratiet,40 år,Kandidat-/masteruddannelse,1986-03-24T00:00:00,
742,https://www.altinget.dk/kandidattest/FT26/profil/742,ok,Christian Faurholdt Jeppesen,Socialdemokratiet,54 år,Bachelor-/diplomuddannelse,1971-09-24T00:00:00,
743,https://www.altinget.dk/kandidattest/FT26/profil/743,ok,Dorthe Hindborg,Socialdemokratiet,,Bachelor-/diplomuddannelse,,
744,https://www.altinget.dk/kandidattest/FT26/profil/744,ok,Erik Jensen,Socialdemokratiet,78 år,Kandidat-/masteruddannelse,,
745,https://www.altinget.dk/kandidattest/FT26/profil/745,ok,Eva Borchorst Mejnertz,Socialdemokratiet,45 år,Kandidat-/masteruddannelse,1980-07-30T00:00:00,
746,https://www.altinget.dk/kandidattest/FT26/profil/746,ok,Fie Hækkerup,Socialdemokratiet,31 år,Kandidat-/masteruddannelse,1994-07-25T00:00:00,
747,https://www.altinget.dk/kandidattest/FT26/profil/747,ok,Filiz Sarah Thunø,Socialdemokratiet,48 år,Bachelor-/diplomuddannelse,1977-07-25T00:00:00,
748,https://www.altinget.dk/kandidattest/FT26/profil/748,ok,Flemming Møller Mortensen,Socialdemokratiet,62 år,Bachelor-/diplomuddannelse,1963-07-03T00:00:00,
749,https://www.altinget.dk/kandidattest/FT26/profil/749,ok,Frederik Vad,Socialdemokratiet,31 år,Bachelor-/diplomuddannelse,,
750,https://www.altinget.dk/kandidattest/FT26/profil/750,ok,Gunvor Wibroe,Socialdemokratiet,54 år,Kandidat-/masteruddannelse,1972-02-25T00:00:00,
751,https://www.altinget.dk/kandidattest/FT26/profil/751,ok,Henrik Møller,Socialdemokratiet,60 år,Gymnasial uddannelse,,
752,https://www.altinget.dk/kandidattest/FT26/profil/752,ok,Ida Auken,Socialdemokratiet,47 år,Kandidat-/masteruddannelse,1978-04-22T00:00:00,
753,https://www.altinget.dk/kandidattest/FT26/profil/753,ok,Jarl Feyling,Socialdemokratiet,,Ikke oplyst,,
754,https://www.altinget.dk/kandidattest/FT26/profil/754,ok,Jens Anton Tingstrøm,Socialdemokratiet,37 år,Bachelor-/diplomuddannelse,1989-01-15T00:00:00,
755,https://www.altinget.dk/kandidattest/FT26/profil/755,ok,Jeppe Bruus,Socialdemokratiet,47 år,Ikke oplyst,1978-04-20T00:00:00,
756,https://www.altinget.dk/kandidattest/FT26/profil/756,ok,Jesper Petersen,Socialdemokratiet,44 år,Bachelor-/diplomuddannelse,,
757,https://www.altinget.dk/kandidattest/FT26/profil/757,ok,Julie Kølskov,Socialdemokratiet,24 år,Erhvervsuddannelse,,
758,https://www.altinget.dk/kandidattest/FT26/profil/758,ok,Kanishka Dastageer,Socialdemokratiet,34 år,Kandidat-/masteruddannelse,,
759,https://www.altinget.dk/kandidattest/FT26/profil/759,ok,Kasper Flygare,Socialdemokratiet,,Ikke oplyst,,
760,https://www.altinget.dk/kandidattest/FT26/profil/760,ok,Kasper B.G. Lauritsen,Socialdemokratiet,39 år,Bachelor-/diplomuddannelse,1987-02-20T00:00:00,
761,https://www.altinget.dk/kandidattest/FT26/profil/761,ok,Kasper Roug,Socialdemokratiet,46 år,Kandidat-/masteruddannelse,,
762,https://www.altinget.dk/kandidattest/FT26/profil/762,ok,Katrine Evelyn Jensen,Socialdemokratiet,29 år,Kandidat-/masteruddannelse,1996-12-27T00:00:00,
763,https://www.altinget.dk/kandidattest/FT26/profil/763,ok,Kiki Bille Bach,Socialdemokratiet,38 år,Seminaruddannelse,,
764,https://www.altinget.dk/kandidattest/FT26/profil/764,ok,Kim Eskesen,Socialdemokratiet,47 år,Erhvervsuddannelse,1978-05-12T00:00:00,
765,https://www.altinget.dk/kandidattest/FT26/profil/765,ok,Kim Aas,Socialdemokratiet,55 år,Ikke oplyst,,
766,https://www.altinget.dk/kandidattest/FT26/profil/766,ok,Kris Jensen Skriver,Socialdemokratiet,37 år,Bachelor-/diplomuddannelse,,
767,https://www.altinget.dk/kandidattest/FT26/profil/767,ok,Kaare Dybvad Bek,Socialdemokratiet,41 år,Kandidat-/masteruddannelse,,
768,https://www.altinget.dk/kandidattest/FT26/profil/768,ok,Lars Fibæk,Socialdemokratiet,,Ikke oplyst,,
769,https://www.altinget.dk/kandidattest/FT26/profil/769,ok,Lars Rømer Olsen,Socialdemokratiet,58 år,Bachelor-/diplomuddannelse,,
770,https://www.altinget.dk/kandidattest/FT26/profil/770,ok,Lasse Haugaard Pedersen,Socialdemokratiet,,Kandidat-/masteruddannelse,,
771,https://www.altinget.dk/kandidattest/FT26/profil/771,ok,Lea Wermelin,Socialdemokratiet,40 år,Ikke oplyst,,
772,https://www.altinget.dk/kandidattest/FT26/profil/772,ok,Leif Lahn Jensen,Socialdemokratiet,58 år,10. klasse,,
773,https://www.altinget.dk/kandidattest/FT26/profil/773,ok,Lise Jørgensen,Socialdemokratiet,,Ikke oplyst,,
774,https://www.altinget.dk/kandidattest/FT26/profil/774,ok,Louise Mehnke,Socialdemokratiet,49 år,Ikke oplyst,,
775,https://www.altinget.dk/kandidattest/FT26/profil/775,ok,Louise Stenmann,Socialdemokratiet,,Ikke oplyst,,
776,https://www.altinget.dk/kandidattest/FT26/profil/776,ok,Magnus Barsøe,Socialdemokratiet,45 år,Kandidat-/masteruddannelse,1981-01-28T00:00:00,
777,https://www.altinget.dk/kandidattest/FT26/profil/777,ok,Magnus Heunicke,Socialdemokratiet,51 år,Bachelor-/diplomuddannelse,,
778,https://www.altinget.dk/kandidattest/FT26/profil/778,ok,Malte Larsen,Socialdemokratiet,57 år,Seminaruddannelse,,
779,https://www.altinget.dk/kandidattest/FT26/profil/779,ok,Maria Radoor,Socialdemokratiet,40 år,Kandidat-/masteruddannelse,1986-04-08T00:00:00,
780,https://www.altinget.dk/kandidattest/FT26/profil/780,ok,Maria Durhuus,Socialdemokratiet,48 år,Bachelor-/diplomuddannelse,1977-09-25T00:00:00,
781,https://www.altinget.dk/kandidattest/FT26/profil/781,ok,Maria Gudme,Socialdemokratiet,37 år,Bachelor-/diplomuddannelse,1989-03-14T00:00:00,
782,https://www.altinget.dk/kandidattest/FT26/profil/782,ok,Matilde Powers,Socialdemokratiet,44 år,Kandidat-/masteruddannelse,,
783,https://www.altinget.dk/kandidattest/FT26/profil/783,ok,Mattias Tesfaye,Socialdemokratiet,45 år,Erhvervsuddannelse,1981-03-31T00:00:00,
784,https://www.altinget.dk/kandidattest/FT26/profil/784,ok,Mette Frederiksen,Socialdemokratiet,,Ikke oplyst,,
785,https://www.altinget.dk/kandidattest/FT26/profil/785,ok,Mette Reissmann,Socialdemokratiet,62 år,Kandidat-/masteruddannelse,,
786,https://www.altinget.dk/kandidattest/FT26/profil/786,ok,Mogens Jensen,Socialdemokratiet,62 år,Gymnasial uddannelse,,
787,https://www.altinget.dk/kandidattest/FT26/profil/787,ok,Morten Ryom,Socialdemokratiet,34 år,Erhvervsuddannelse,,
788,https://www.altinget.dk/kandidattest/FT26/profil/788,ok,Morten Bødskov,Socialdemokratiet,55 år,Bachelor-/diplomuddannelse,,
789,https://www.altinget.dk/kandidattest/FT26/profil/789,ok,Nicolai Wammen,Socialdemokratiet,55 år,Ikke oplyst,,
790,https://www.altinget.dk/kandidattest/FT26/profil/790,ok,Peder Key Kristiansen,Socialdemokratiet,54 år,Erhvervsuddannelse,1971-05-20T00:00:00,
791,https://www.altinget.dk/kandidattest/FT26/profil/791,ok,Per Husted,Socialdemokratiet,60 år,Kandidat-/masteruddannelse,1966-04-06T00:00:00,
792,https://www.altinget.dk/kandidattest/FT26/profil/792,ok,Per Kamp Stefansen,Socialdemokratiet,,Ikke oplyst,,
793,https://www.altinget.dk/kandidattest/FT26/profil/793,ok,Peter Hummelgaard,Socialdemokratiet,43 år,Kandidat-/masteruddannelse,,
794,https://www.altinget.dk/kandidattest/FT26/profil/794,ok,Rasmus Stoklund,Socialdemokratiet,42 år,Kandidat-/masteruddannelse,,
795,https://www.altinget.dk/kandidattest/FT26/profil/795,ok,Rasmus Horn Langhoff,Socialdemokratiet,45 år,Kandidat-/masteruddannelse,,
796,https://www.altinget.dk/kandidattest/FT26/profil/796,ok,Sara Emil Baaring,Socialdemokratiet,39 år,Seminaruddannelse,1986-10-11T00:00:00,
797,https://www.altinget.dk/kandidattest/FT26/profil/797,ok,Simon Kollerup,Socialdemokratiet,39 år,Kandidat-/masteruddannelse,1986-05-20T00:00:00,
798,https://www.altinget.dk/kandidattest/FT26/profil/798,ok,Sofie de Bretteville,Socialdemokratiet,25 år,Ikke oplyst,,
799,https://www.altinget.dk/kandidattest/FT26/profil/799,ok,Sophie Hæstorp Andersen,Socialdemokratiet,51 år,Kandidat-/masteruddannelse,1974-09-26T00:00:00,
800,https://www.altinget.dk/kandidattest/FT26/profil/800,ok,Søren Rye,Socialdemokratiet,57 år,Kandidat-/masteruddannelse,,
801,https://www.altinget.dk/kandidattest/FT26/profil/801,ok,Tanja Larsson,Socialdemokratiet,,Bachelor-/diplomuddannelse,,
802,https://www.altinget.dk/kandidattest/FT26/profil/802,ok,Theis Kylling Hommeltoft,Socialdemokratiet,40 år,Bachelor-/diplomuddannelse,,
803,https://www.altinget.dk/kandidattest/FT26/profil/803,ok,Thomas Klimek,Socialdemokratiet,,Erhvervsuddannelse,,
804,https://www.altinget.dk/kandidattest/FT26/profil/804,ok,Thomas Monberg,Socialdemokratiet,49 år,Erhvervsuddannelse,,
805,https://www.altinget.dk/kandidattest/FT26/profil/805,ok,Thomas Skriver Jensen,Socialdemokratiet,30 år,Erhvervsuddannelse,,
806,https://www.altinget.dk/kandidattest/FT26/profil/806,ok,Tommi Christensen,Socialdemokratiet,,Ikke oplyst,,
807,https://www.altinget.dk/kandidattest/FT26/profil/807,ok,Trine Birk Andersen,Socialdemokratiet,51 år,Bachelor-/diplomuddannelse,,
808,https://www.altinget.dk/kandidattest/FT26/profil/808,ok,Trine Bramsen,Socialdemokratiet,45 år,Ikke oplyst,,
809,https://www.altinget.dk/kandidattest/FT26/profil/809,ok,Valdemar Alban,Socialdemokratiet,22 år,Bachelor-/diplomuddannelse,,
810,https://www.altinget.dk/kandidattest/FT26/profil/810,ok,Vinnie Borbjerg,Socialdemokratiet,54 år,Seminaruddannelse,1972-03-24T00:00:00,
811,https://www.altinget.dk/kandidattest/FT26/profil/811,ok,Yildiz Akdogan,Socialdemokratiet,52 år,Kandidat-/masteruddannelse,1973-04-29T00:00:00,
812,https://www.altinget.dk/kandidattest/FT26/profil/812,ok,Bia Ndamukunda,Det Konservative Folkeparti,,Ikke oplyst,,
813,https://www.altinget.dk/kandidattest/FT26/profil/813,ok,Lau Sørensen,Det Konservative Folkeparti,43 år,Seminaruddannelse,1983-03-14T00:00:00,
814,https://www.altinget.dk/kandidattest/FT26/profil/814,ok,Morten Sørensen,Det Konservative Folkeparti,47 år,Kandidat-/masteruddannelse,1978-08-30T00:00:00,
815,https://www.altinget.dk/kandidattest/FT26/profil/815,ok,Morten Trillingsgaard Høybye,Det Konservative Folkeparti,32 år,Erhvervsuddannelse,,
816,https://www.altinget.dk/kandidattest/FT26/profil/816,ok,Rasmus Bjergegaard,Det Konservative Folkeparti,38 år,Kandidat-/masteruddannelse,,
817,https://www.altinget.dk/kandidattest/FT26/profil/817,ok,Stine Thier-Andersen,Det Konservative Folkeparti,20 år,Gymnasial uddannelse,,
818,https://www.altinget.dk/kandidattest/FT26/profil/818,ok,Victoria Helene Olsen,Det Konservative Folkeparti,21 år,Gymnasial uddannelse,,
819,https://www.altinget.dk/kandidattest/FT26/profil/819,ok,Frank Clausen,Liberal Alliance,51 år,Kandidat-/masteruddannelse,,
820,https://www.altinget.dk/kandidattest/FT26/profil/820,ok,Claus Beck,Liberal Alliance,44 år,Bachelor-/diplomuddannelse,,
821,https://www.altinget.dk/kandidattest/FT26/profil/821,ok,Louise Svenstrup,Liberal Alliance,40 år,Kandidat-/masteruddannelse,1985-11-04T00:00:00,
822,https://www.altinget.dk/kandidattest/FT26/profil/822,missing_candidate,,,,,,Could not locate candidate name on page
823,https://www.altinget.dk/kandidattest/FT26/profil/823,missing_candidate,,,,,,Could not locate candidate name on page
824,https://www.altinget.dk/kandidattest/FT26/profil/824,ok,Valentina Crast,Alternativet,46 år,Bachelor-/diplomuddannelse,,
825,https://www.altinget.dk/kandidattest/FT26/profil/825,ok,Peter Bilgrav,Alternativet,57 år,Kandidat-/masteruddannelse,1968-09-05T00:00:00,
826,https://www.altinget.dk/kandidattest/FT26/profil/826,ok,Taner Genc,SF - Socialistisk Folkeparti,40 år,Kandidat-/masteruddannelse,1985-10-01T00:00:00,
827,https://www.altinget.dk/kandidattest/FT26/profil/827,ok,Jacob Mark,SF - Socialistisk Folkeparti,34 år,Bachelor-/diplomuddannelse,1991-10-16T00:00:00,
828,https://www.altinget.dk/kandidattest/FT26/profil/828,missing_candidate,,,,,,Could not locate candidate name on page
829,https://www.altinget.dk/kandidattest/FT26/profil/829,missing_candidate,,,,,,Could not locate candidate name on page
830,https://www.altinget.dk/kandidattest/FT26/profil/830,ok,Allan Svendsen,Dansk Folkeparti,56 år,Gymnasial uddannelse,,
831,https://www.altinget.dk/kandidattest/FT26/profil/831,ok,Jacob Bentsen,Dansk Folkeparti,59 år,Kandidat-/masteruddannelse,,
832,https://www.altinget.dk/kandidattest/FT26/profil/832,ok,David Ibsen,Liberal Alliance,,Ikke oplyst,,
833,https://www.altinget.dk/kandidattest/FT26/profil/833,ok,Ditte Ravn Kaagaard,Moderaterne,49 år,Kandidat-/masteruddannelse,1977-01-22T00:00:00,
834,https://www.altinget.dk/kandidattest/FT26/profil/834,ok,Andreas Lausen,Moderaterne,35 år,Kandidat-/masteruddannelse,,
835,https://www.altinget.dk/kandidattest/FT26/profil/835,ok,Brian Perri,Moderaterne,46 år,Erhvervsuddannelse,1980-02-05T00:00:00,
836,https://www.altinget.dk/kandidattest/FT26/profil/836,ok,Lone Hansen,Moderaterne,57 år,Bachelor-/diplomuddannelse,1968-10-28T00:00:00,
837,https://www.altinget.dk/kandidattest/FT26/profil/837,ok,Pia Olsen Dyhr,SF - Socialistisk Folkeparti,54 år,Kandidat-/masteruddannelse,,
838,https://www.altinget.dk/kandidattest/FT26/profil/838,ok,Ali Yahya,SF - Socialistisk Folkeparti,29 år,Kandidat-/masteruddannelse,,
839,https://www.altinget.dk/kandidattest/FT26/profil/839,ok,Stig Ekman,Socialdemokratiet,65 år,Bachelor-/diplomuddannelse,,
840,https://www.altinget.dk/kandidattest/FT26/profil/840,ok,Dorthe Pedersen,Det Konservative Folkeparti,42 år,Erhvervsuddannelse,,
841,https://www.altinget.dk/kandidattest/FT26/profil/841,ok,Rune Kristensen,Det Konservative Folkeparti,44 år,Kandidat-/masteruddannelse,,
842,https://www.altinget.dk/kandidattest/FT26/profil/842,ok,Peter Svarre Fridolf,Det Konservative Folkeparti,,Ikke oplyst,,
843,https://www.altinget.dk/kandidattest/FT26/profil/843,ok,Erik Særkjær,Socialdemokratiet,45 år,Seminaruddannelse,1981-03-23T00:00:00,
844,https://www.altinget.dk/kandidattest/FT26/profil/844,ok,Anders Kühnau,Socialdemokratiet,44 år,Kandidat-/masteruddannelse,,
845,https://www.altinget.dk/kandidattest/FT26/profil/845,ok,Charlotte Friberg Henriksen,Borgernes Parti - Lars Boje Mathiesen,43 år,Bachelor-/diplomuddannelse,,
846,https://www.altinget.dk/kandidattest/FT26/profil/846,ok,Charlotte Møller-Madsen,Borgernes Parti - Lars Boje Mathiesen,52 år,Ikke oplyst,1973-09-12T00:00:00,
847,https://www.altinget.dk/kandidattest/FT26/profil/847,ok,Allan Orland,Borgernes Parti - Lars Boje Mathiesen,59 år,Kandidat-/masteruddannelse,,
848,https://www.altinget.dk/kandidattest/FT26/profil/848,ok,Frederik Lundberg,Borgernes Parti - Lars Boje Mathiesen,38 år,Ikke oplyst,,
849,https://www.altinget.dk/kandidattest/FT26/profil/849,ok,Arne Hyldgaard,Borgernes Parti - Lars Boje Mathiesen,55 år,Erhvervsuddannelse,,
850,https://www.altinget.dk/kandidattest/FT26/profil/850,ok,Jan Køpke Christensen,Borgernes Parti - Lars Boje Mathiesen,71 år,Gymnasial uddannelse,,
851,https://www.altinget.dk/kandidattest/FT26/profil/851,missing_candidate,,,,,,Could not locate candidate name on page
852,https://www.altinget.dk/kandidattest/FT26/profil/852,ok,Michael Bang Pedersen,Borgernes Parti - Lars Boje Mathiesen,52 år,Erhvervsuddannelse,1974-01-13T00:00:00,
853,https://www.altinget.dk/kandidattest/FT26/profil/853,ok,Lina Sikora Christiansen,Alternativet,47 år,Erhvervsuddannelse,1978-11-15T00:00:00,
854,https://www.altinget.dk/kandidattest/FT26/profil/854,ok,Bjørn Olsen,Alternativet,54 år,Ikke oplyst,,
855,https://www.altinget.dk/kandidattest/FT26/profil/855,ok,Elise Sydendal,Alternativet,26 år,Kandidat-/masteruddannelse,1999-09-18T00:00:00,
856,https://www.altinget.dk/kandidattest/FT26/profil/856,ok,Jakob Ravn Karlsen,Alternativet,26 år,Bachelor-/diplomuddannelse,,
857,https://www.altinget.dk/kandidattest/FT26/profil/857,ok,Lise Coermann,Alternativet,27 år,Kandidat-/masteruddannelse,1998-06-20T00:00:00,
858,https://www.altinget.dk/kandidattest/FT26/profil/858,ok,Anna Katrine Leth Rehn,SF - Socialistisk Folkeparti,26 år,Seminaruddannelse,,
859,https://www.altinget.dk/kandidattest/FT26/profil/859,ok,Carina Sarkkinen,SF - Socialistisk Folkeparti,44 år,Ikke oplyst,,
860,https://www.altinget.dk/kandidattest/FT26/profil/860,ok,Charlotte Ellenberger,SF - Socialistisk Folkeparti,27 år,Bachelor-/diplomuddannelse,,
861,https://www.altinget.dk/kandidattest/FT26/profil/861,ok,Christina Lykke,SF - Socialistisk Folkeparti,44 år,Bachelor-/diplomuddannelse,,
862,https://www.altinget.dk/kandidattest/FT26/profil/862,ok,Johannes Skov Pedersen,SF - Socialistisk Folkeparti,,Ikke oplyst,,
863,https://www.altinget.dk/kandidattest/FT26/profil/863,ok,Lars Nissen,SF - Socialistisk Folkeparti,56 år,Bachelor-/diplomuddannelse,1970-03-07T00:00:00,
864,https://www.altinget.dk/kandidattest/FT26/profil/864,ok,Laura Elise Andersen-Mühl,SF - Socialistisk Folkeparti,43 år,Kandidat-/masteruddannelse,,
865,https://www.altinget.dk/kandidattest/FT26/profil/865,ok,Linda Bollerup,SF - Socialistisk Folkeparti,53 år,Kandidat-/masteruddannelse,,
866,https://www.altinget.dk/kandidattest/FT26/profil/866,ok,Martin Graff Jørgensen,SF - Socialistisk Folkeparti,30 år,Seminaruddannelse,1996-03-13T00:00:00,
867,https://www.altinget.dk/kandidattest/FT26/profil/867,ok,Rasmus T. Mortensen,SF - Socialistisk Folkeparti,37 år,Bachelor-/diplomuddannelse,,
868,https://www.altinget.dk/kandidattest/FT26/profil/868,ok,Torsten Wetche,Radikale Venstre,,Kandidat-/masteruddannelse,,
869,https://www.altinget.dk/kandidattest/FT26/profil/869,ok,Emma Biørn Tretow-Fish,Radikale Venstre,35 år,Bachelor-/diplomuddannelse,,
870,https://www.altinget.dk/kandidattest/FT26/profil/870,ok,Gorm Simonsen,Radikale Venstre,,Kandidat-/masteruddannelse,,
871,https://www.altinget.dk/kandidattest/FT26/profil/871,ok,Julie Herdal,Radikale Venstre,51 år,Kandidat-/masteruddannelse,,
872,https://www.altinget.dk/kandidattest/FT26/profil/872,ok,Barbara Krarup Hansen,Radikale Venstre,51 år,Kandidat-/masteruddannelse,,
873,https://www.altinget.dk/kandidattest/FT26/profil/873,ok,Stine Larsen,Alternativet,46 år,Kandidat-/masteruddannelse,,
874,https://www.altinget.dk/kandidattest/FT26/profil/874,ok,Jakob Jensen,Enhedslisten – De Rød-Grønne,31 år,Erhvervsuddannelse,,
875,https://www.altinget.dk/kandidattest/FT26/profil/875,ok,Karina Adsbøl,Danmarksdemokraterne ‒ Inger Støjberg,49 år,Erhvervsuddannelse,1976-11-28T00:00:00,
876,https://www.altinget.dk/kandidattest/FT26/profil/876,ok,Asta Kofod,Enhedslisten – De Rød-Grønne,19 år,Gymnasial uddannelse,,
877,https://www.altinget.dk/kandidattest/FT26/profil/877,ok,Lasse Oszadlik,Moderaterne,,Ikke oplyst,,
878,https://www.altinget.dk/kandidattest/FT26/profil/878,ok,Camilla Schuster Nygaard,Moderaterne,42 år,Bachelor-/diplomuddannelse,,
879,https://www.altinget.dk/kandidattest/FT26/profil/879,ok,Zishan Ali,Moderaterne,41 år,Seminaruddannelse,1985-01-21T00:00:00,
880,https://www.altinget.dk/kandidattest/FT26/profil/880,ok,Thomas Skovgaard,Moderaterne,50 år,Ikke oplyst,1976-03-23T00:00:00,
881,https://www.altinget.dk/kandidattest/FT26/profil/881,ok,Pernille Christensen,Moderaterne,,Kandidat-/masteruddannelse,,
882,https://www.altinget.dk/kandidattest/FT26/profil/882,ok,Marcus Vesterager,Socialdemokratiet,34 år,Kandidat-/masteruddannelse,,
883,https://www.altinget.dk/kandidattest/FT26/profil/883,ok,Louise Louring,"Venstre, Danmarks Liberale Parti",33 år,Kandidat-/masteruddannelse,,
884,https://www.altinget.dk/kandidattest/FT26/profil/884,ok,Bob Richard Nielsen,Danmarksdemokraterne ‒ Inger Støjberg,58 år,Bachelor-/diplomuddannelse,1967-08-01T00:00:00,
885,https://www.altinget.dk/kandidattest/FT26/profil/885,ok,Benny Damgaard,Danmarksdemokraterne ‒ Inger Støjberg,65 år,Erhvervsuddannelse,,
886,https://www.altinget.dk/kandidattest/FT26/profil/886,ok,Bo Tønnesen,Alternativet,,Ikke oplyst,,
887,https://www.altinget.dk/kandidattest/FT26/profil/887,ok,Hans Skou,"Venstre, Danmarks Liberale Parti",66 år,Gymnasial uddannelse,,
888,https://www.altinget.dk/kandidattest/FT26/profil/888,ok,Tina Mandrup,"Venstre, Danmarks Liberale Parti",57 år,Kandidat-/masteruddannelse,1968-09-14T00:00:00,
889,https://www.altinget.dk/kandidattest/FT26/profil/889,ok,Claus Oxfeldt,"Venstre, Danmarks Liberale Parti",63 år,Erhvervsuddannelse,,
890,https://www.altinget.dk/kandidattest/FT26/profil/890,ok,Simon Højer,Det Konservative Folkeparti,39 år,Ikke oplyst,,
891,https://www.altinget.dk/kandidattest/FT26/profil/891,ok,Lasse Vogel Andersen,Det Konservative Folkeparti,48 år,Ikke oplyst,1977-11-19T00:00:00,
892,https://www.altinget.dk/kandidattest/FT26/profil/892,ok,Pernille Birch,Det Konservative Folkeparti,32 år,Kandidat-/masteruddannelse,1993-06-19T00:00:00,
893,https://www.altinget.dk/kandidattest/FT26/profil/893,ok,Cecilie C. Johannsen,Det Konservative Folkeparti,23 år,Erhvervsuddannelse,,
894,https://www.altinget.dk/kandidattest/FT26/profil/894,ok,Helle Munk Ravnborg,Enhedslisten – De Rød-Grønne,64 år,Ph.d.-uddannelse,1961-10-13T00:00:00,
895,https://www.altinget.dk/kandidattest/FT26/profil/895,ok,Mette Skaarup,Enhedslisten – De Rød-Grønne,34 år,Kandidat-/masteruddannelse,,
896,https://www.altinget.dk/kandidattest/FT26/profil/896,ok,Rasmus Petersen,Enhedslisten – De Rød-Grønne,45 år,Kandidat-/masteruddannelse,,
897,https://www.altinget.dk/kandidattest/FT26/profil/897,ok,Kevin Alex Rasmussen,Enhedslisten – De Rød-Grønne,23 år,Gymnasial uddannelse,2002-05-30T00:00:00,
898,https://www.altinget.dk/kandidattest/FT26/profil/898,ok,Damian Hartvig Mathiesen,Enhedslisten – De Rød-Grønne,23 år,Grundskole,,
899,https://www.altinget.dk/kandidattest/FT26/profil/899,ok,Henning Bo Madsen,Enhedslisten – De Rød-Grønne,68 år,Kandidat-/masteruddannelse,1958-03-28T00:00:00,
900,https://www.altinget.dk/kandidattest/FT26/profil/900,ok,Henning Lindberg,Enhedslisten – De Rød-Grønne,67 år,Bachelor-/diplomuddannelse,,
901,https://www.altinget.dk/kandidattest/FT26/profil/901,ok,Lisbeth Ivanhoe,Enhedslisten – De Rød-Grønne,42 år,Kandidat-/masteruddannelse,,
902,https://www.altinget.dk/kandidattest/FT26/profil/902,ok,Dennis Munk,Enhedslisten – De Rød-Grønne,31 år,Erhvervsuddannelse,,
903,https://www.altinget.dk/kandidattest/FT26/profil/903,ok,Signe Wenneberg,Alternativet,57 år,Bachelor-/diplomuddannelse,,
904,https://www.altinget.dk/kandidattest/FT26/profil/904,ok,Camilla Hoffmann,Socialdemokratiet,56 år,Kandidat-/masteruddannelse,1970-02-09T00:00:00,
905,https://www.altinget.dk/kandidattest/FT26/profil/905,ok,Mathias Thybo,Socialdemokratiet,,Kandidat-/masteruddannelse,,
906,https://www.altinget.dk/kandidattest/FT26/profil/906,ok,Ragnar Dixen,Liberal Alliance,38 år,Bachelor-/diplomuddannelse,,
907,https://www.altinget.dk/kandidattest/FT26/profil/907,ok,Iben Forum Jeppesen,Liberal Alliance,,Ikke oplyst,,
908,https://www.altinget.dk/kandidattest/FT26/profil/908,ok,Keld Lorenzen,Liberal Alliance,49 år,Bachelor-/diplomuddannelse,,
909,https://www.altinget.dk/kandidattest/FT26/profil/909,ok,Annette Sofia Skotte,Liberal Alliance,,Ikke oplyst,,
910,https://www.altinget.dk/kandidattest/FT26/profil/910,ok,Kevin Possekel,Liberal Alliance,19 år,Gymnasial uddannelse,2006-10-12T00:00:00,
911,https://www.altinget.dk/kandidattest/FT26/profil/911,ok,Gustav Wilde,Liberal Alliance,20 år,Ikke oplyst,2005-12-26T00:00:00,
912,https://www.altinget.dk/kandidattest/FT26/profil/912,ok,Ayhan Kilic,Moderaterne,43 år,Ikke oplyst,,
913,https://www.altinget.dk/kandidattest/FT26/profil/913,ok,Anna Calero,Alternativet,26 år,Kandidat-/masteruddannelse,,
914,https://www.altinget.dk/kandidattest/FT26/profil/914,ok,Gitte Dreier Jacobsen,Alternativet,50 år,Kandidat-/masteruddannelse,1975-12-15T00:00:00,
915,https://www.altinget.dk/kandidattest/FT26/profil/915,ok,Hanne K. Mortensen,Alternativet,,Kandidat-/masteruddannelse,,
916,https://www.altinget.dk/kandidattest/FT26/profil/916,ok,Kim Sørensen,Alternativet,65 år,Seminaruddannelse,1961-03-20T00:00:00,
917,https://www.altinget.dk/kandidattest/FT26/profil/917,ok,Lissi Bagge,Alternativet,,Ikke oplyst,,
918,https://www.altinget.dk/kandidattest/FT26/profil/918,ok,Marcus Bech Pedersen,Alternativet,27 år,Gymnasial uddannelse,,
919,https://www.altinget.dk/kandidattest/FT26/profil/919,ok,Pernille Skærsø,Alternativet,42 år,Kandidat-/masteruddannelse,,
920,https://www.altinget.dk/kandidattest/FT26/profil/920,ok,Sasja Elkjær Krogsdal,Alternativet,,Ikke oplyst,,
921,https://www.altinget.dk/kandidattest/FT26/profil/921,ok,Thomas Due Nielsen,Alternativet,52 år,Bachelor-/diplomuddannelse,,
922,https://www.altinget.dk/kandidattest/FT26/profil/922,ok,Thomas Quist Mortensen,Alternativet,47 år,Bachelor-/diplomuddannelse,,
923,https://www.altinget.dk/kandidattest/FT26/profil/923,ok,Thor Clasen Jonasen,Alternativet,51 år,Kandidat-/masteruddannelse,,
924,https://www.altinget.dk/kandidattest/FT26/profil/924,ok,Tina Kjær,Alternativet,43 år,Kandidat-/masteruddannelse,,
925,https://www.altinget.dk/kandidattest/FT26/profil/925,ok,Tenna Duch Schaldemose,Alternativet,,Ikke oplyst,,
926,https://www.altinget.dk/kandidattest/FT26/profil/926,missing_candidate,,,,,,Could not locate candidate name on page
927,https://www.altinget.dk/kandidattest/FT26/profil/927,ok,Daniel Drefeld,Det Konservative Folkeparti,19 år,Gymnasial uddannelse,,
928,https://www.altinget.dk/kandidattest/FT26/profil/928,ok,Julie Ahlefeldt-Laurvig,Det Konservative Folkeparti,18 år,Gymnasial uddannelse,,
929,https://www.altinget.dk/kandidattest/FT26/profil/929,ok,Gunver Birgitte Nielsen,Det Konservative Folkeparti,69 år,Kandidat-/masteruddannelse,,
930,https://www.altinget.dk/kandidattest/FT26/profil/930,ok,Christian Tarbensen,Det Konservative Folkeparti,19 år,Gymnasial uddannelse,,
931,https://www.altinget.dk/kandidattest/FT26/profil/931,ok,Silas Ipsen,Det Konservative Folkeparti,20 år,Gymnasial uddannelse,,
932,https://www.altinget.dk/kandidattest/FT26/profil/932,ok,Annette Rieva,"Venstre, Danmarks Liberale Parti",50 år,Kandidat-/masteruddannelse,1975-07-10T00:00:00,
933,https://www.altinget.dk/kandidattest/FT26/profil/933,ok,Phillip Kjær Luscombe,"Venstre, Danmarks Liberale Parti",30 år,Kandidat-/masteruddannelse,,
934,https://www.altinget.dk/kandidattest/FT26/profil/934,ok,Paulina Laparil,Borgernes Parti - Lars Boje Mathiesen,50 år,Kandidat-/masteruddannelse,,
935,https://www.altinget.dk/kandidattest/FT26/profil/935,ok,Ib Poulsen,Borgernes Parti - Lars Boje Mathiesen,61 år,Kandidat-/masteruddannelse,,
936,https://www.altinget.dk/kandidattest/FT26/profil/936,ok,Daniel Juhl,Borgernes Parti - Lars Boje Mathiesen,45 år,Erhvervsuddannelse,,
937,https://www.altinget.dk/kandidattest/FT26/profil/937,ok,Anja Busch,Borgernes Parti - Lars Boje Mathiesen,52 år,Erhvervsuddannelse,,
938,https://www.altinget.dk/kandidattest/FT26/profil/938,missing_candidate,,,,,,Could not locate candidate name on page
939,https://www.altinget.dk/kandidattest/FT26/profil/939,ok,Vibeke Westh,Socialdemokratiet,62 år,Bachelor-/diplomuddannelse,1963-05-16T00:00:00,
940,https://www.altinget.dk/kandidattest/FT26/profil/940,ok,Stine Øllegaard,Enhedslisten – De Rød-Grønne,35 år,Bachelor-/diplomuddannelse,,
941,https://www.altinget.dk/kandidattest/FT26/profil/941,ok,Kim Hjerrild,Alternativet,65 år,Kandidat-/masteruddannelse,1960-09-04T00:00:00,
942,https://www.altinget.dk/kandidattest/FT26/profil/942,ok,Laila Stougaard Kofoed Espersen,Radikale Venstre,46 år,Kandidat-/masteruddannelse,,
943,https://www.altinget.dk/kandidattest/FT26/profil/943,ok,Freja Eva Lockenwitz,Radikale Venstre,39 år,Kandidat-/masteruddannelse,,
944,https://www.altinget.dk/kandidattest/FT26/profil/944,ok,Matilde Skov-Hansen,Alternativet,22 år,Bachelor-/diplomuddannelse,2004-01-21T00:00:00,
945,https://www.altinget.dk/kandidattest/FT26/profil/945,missing_candidate,,,,,,Could not locate candidate name on page
946,https://www.altinget.dk/kandidattest/FT26/profil/946,ok,John Bo Hansen,Borgernes Parti - Lars Boje Mathiesen,68 år,Erhvervsuddannelse,1957-06-09T00:00:00,
947,https://www.altinget.dk/kandidattest/FT26/profil/947,ok,Araz Khan,Liberal Alliance,44 år,Seminaruddannelse,,
948,https://www.altinget.dk/kandidattest/FT26/profil/948,ok,Hanne Frølund,Radikale Venstre,70 år,Bachelor-/diplomuddannelse,,
949,https://www.altinget.dk/kandidattest/FT26/profil/949,ok,Lone Kjær Hein,Radikale Venstre,59 år,Kandidat-/masteruddannelse,,
950,https://www.altinget.dk/kandidattest/FT26/profil/950,ok,Nicholas Wentworth,Radikale Venstre,26 år,Kandidat-/masteruddannelse,1999-11-22T00:00:00,
951,https://www.altinget.dk/kandidattest/FT26/profil/951,ok,Rabih Azad-Ahmad,Radikale Venstre,50 år,Kandidat-/masteruddannelse,,
952,https://www.altinget.dk/kandidattest/FT26/profil/952,ok,Andreas Fjord Larsen,"Venstre, Danmarks Liberale Parti",33 år,Kandidat-/masteruddannelse,1993-04-09T00:00:00,
953,https://www.altinget.dk/kandidattest/FT26/profil/953,ok,Ditte Keidser,Det Konservative Folkeparti,44 år,Bachelor-/diplomuddannelse,1981-10-30T00:00:00,
954,https://www.altinget.dk/kandidattest/FT26/profil/954,ok,Mads Ramstedt,Det Konservative Folkeparti,18 år,Grundskole,2007-06-27T00:00:00,
955,https://www.altinget.dk/kandidattest/FT26/profil/955,ok,Gabriel Aaen,Det Konservative Folkeparti,22 år,Erhvervsuddannelse,,
956,https://www.altinget.dk/kandidattest/FT26/profil/956,ok,Salik Anders Rosing,Alternativet,40 år,Ph.d.-uddannelse,,
957,https://www.altinget.dk/kandidattest/FT26/profil/957,ok,Sofie Faureholm Lundsberg,Alternativet,,Ikke oplyst,,
958,https://www.altinget.dk/kandidattest/FT26/profil/958,missing_candidate,,,,,,Could not locate candidate name on page
959,https://www.altinget.dk/kandidattest/FT26/profil/959,ok,Jan Schumann,Alternativet,,Ikke oplyst,,
960,https://www.altinget.dk/kandidattest/FT26/profil/960,ok,Noah Sturis,Alternativet,,Kandidat-/masteruddannelse,,
961,https://www.altinget.dk/kandidattest/FT26/profil/961,ok,Sofie Valbjørn,Alternativet,,Ikke oplyst,,
962,https://www.altinget.dk/kandidattest/FT26/profil/962,ok,Line Gessø,Alternativet,51 år,Kandidat-/masteruddannelse,,
963,https://www.altinget.dk/kandidattest/FT26/profil/963,ok,Isabella Apelroth,Alternativet,,Ikke oplyst,,
964,https://www.altinget.dk/kandidattest/FT26/profil/964,ok,Lars König,Alternativet,,Bachelor-/diplomuddannelse,,
965,https://www.altinget.dk/kandidattest/FT26/profil/965,ok,Signe Sofie Larsen,Alternativet,25 år,Ikke oplyst,,
966,https://www.altinget.dk/kandidattest/FT26/profil/966,ok,Didde Krabbe Johannesen,Alternativet,41 år,Bachelor-/diplomuddannelse,,
967,https://www.altinget.dk/kandidattest/FT26/profil/967,ok,Theresa Scavenius,Uden for parti,41 år,Ph.d.-uddannelse,1984-07-26T00:00:00,
968,https://www.altinget.dk/kandidattest/FT26/profil/968,ok,Luise Hjortebjerg,"Venstre, Danmarks Liberale Parti",48 år,Erhvervsuddannelse,1977-05-26T00:00:00,
969,https://www.altinget.dk/kandidattest/FT26/profil/969,ok,Emilla Møller,Socialdemokratiet,,Ikke oplyst,,
970,https://www.altinget.dk/kandidattest/FT26/profil/970,ok,Pia Halkjær,Socialdemokratiet,,Ikke oplyst,,
971,https://www.altinget.dk/kandidattest/FT26/profil/971,ok,Bodil Nielsen,Alternativet,,Ikke oplyst,,
972,https://www.altinget.dk/kandidattest/FT26/profil/972,ok,Ingrid Heintz,Alternativet,70 år,Kandidat-/masteruddannelse,1955-06-03T00:00:00,
973,https://www.altinget.dk/kandidattest/FT26/profil/973,ok,Karina Konrad,Alternativet,,Ikke oplyst,,
974,https://www.altinget.dk/kandidattest/FT26/profil/974,ok,Thomas Lindqvist,Alternativet,36 år,Kandidat-/masteruddannelse,,
975,https://www.altinget.dk/kandidattest/FT26/profil/975,ok,Rasmus Paludan,Uden for parti,,Ikke oplyst,,
976,https://www.altinget.dk/kandidattest/FT26/profil/976,ok,Rashid Ali,Uden for parti,41 år,Bachelor-/diplomuddannelse,1984-08-04T00:00:00,
977,https://www.altinget.dk/kandidattest/FT26/profil/977,ok,John Erik Wagner,Uden for parti,,Ikke oplyst,,
978,https://www.altinget.dk/kandidattest/FT26/profil/978,ok,Peter Kempf Pedersen,Socialdemokratiet,,Ikke oplyst,,
979,https://www.altinget.dk/kandidattest/FT26/profil/979,ok,Kasper Thomassen,"Venstre, Danmarks Liberale Parti",,Ikke oplyst,,
980,https://www.altinget.dk/kandidattest/FT26/profil/980,ok,Majbrit Nørgaard,"Venstre, Danmarks Liberale Parti",,Ikke oplyst,,
981,https://www.altinget.dk/kandidattest/FT26/profil/981,ok,Maria Enemark,Borgernes Parti - Lars Boje Mathiesen,,Ikke oplyst,,
982,https://www.altinget.dk/kandidattest/FT26/profil/982,ok,Knud Gaarn-Larsen,Uden for parti,77 år,Seminaruddannelse,,
983,https://www.altinget.dk/kandidattest/FT26/profil/983,ok,Viviane Ellasofie Karlsen,Borgernes Parti - Lars Boje Mathiesen,,Ikke oplyst,,
984,https://www.altinget.dk/kandidattest/FT26/profil/984,ok,Søren Skjold Andersen,Uden for parti,40 år,Kandidat-/masteruddannelse,1985-10-10T00:00:00,
