candidate_name,party_name_results,storkreds,landsdel,opstillet_i_kreds,prioriteret_i_kreds,total_votes,personal_votes,valgt_token,valgt_nr,stedfortraeder_nr,elected_marker,is_elected
Yildiz Akdogan,Socialdemokratiet,Københavns Storkreds,Hovedstaden,Alle,2,1140,1140,,,2,,False
Sophie Hæstorp Andersen,Socialdemokratiet,Københavns Storkreds,Hovedstaden,Alle,7,2187,2187,3K,3,,K,True
Ida Auken,Socialdemokratiet,Københavns Storkreds,Hovedstaden,Alle,"10,11",11286,11286,2K,2,,K,True
Stig Ekman,Socialdemokratiet,Københavns Storkreds,Hovedstaden,Alle,6,189,189,,,8,,False
Jarl Feyling,Socialdemokratiet,Københavns Storkreds,Hovedstaden,Alle,4,72,72,,,9,,False
Camilla Hoffmann,Socialdemokratiet,Københavns Storkreds,Hovedstaden,Alle,3,418,418,,,5,,False
Peter Hummelgaard,Socialdemokratiet,Københavns Storkreds,Hovedstaden,Alle,12,11637,11637,1K,1,,K,True
Erik Jensen,Socialdemokratiet,Københavns Storkreds,Hovedstaden,Alle,,201,201,,,7,,False
Emilla Møller,Socialdemokratiet,Københavns Storkreds,Hovedstaden,Alle,8,302,302,,,6,,False
Asbjørn Reissmann,Socialdemokratiet,Københavns Storkreds,Hovedstaden,Alle,9,494,494,,,4,,False
Mette Reissmann,Socialdemokratiet,Københavns Storkreds,Hovedstaden,Alle,1,1841,1841,,,1,,False
Marcus Vesterager,Socialdemokratiet,Københavns Storkreds,Hovedstaden,Alle,5,509,509,,,3,,False
Magnus Barsøe,Socialdemokratiet,Københavns Omegns Storkreds,Hovedstaden,Alle,2,1902,1902,,,2,,False
Sofie de Bretteville,Socialdemokratiet,Københavns Omegns Storkreds,Hovedstaden,Alle,8,4431,4431,3K,3,,K,True
Morten Bødskov,Socialdemokratiet,Københavns Omegns Storkreds,Hovedstaden,Alle,4,5643,5643,2K,2,,K,True
Maria Durhuus,Socialdemokratiet,Københavns Omegns Storkreds,Hovedstaden,Alle,5,2836,2836,,,1,,False
Mattias Tesfaye,Socialdemokratiet,Københavns Omegns Storkreds,Hovedstaden,Alle,6,11898,11898,1K,1,,K,True
Jens Anton Tingstrøm,Socialdemokratiet,Københavns Omegns Storkreds,Hovedstaden,Alle,3,1373,1373,,,4,,False
Vibeke Westh,Socialdemokratiet,Københavns Omegns Storkreds,Hovedstaden,Alle,1,350,350,,,5,,False
Gunvor Wibroe,Socialdemokratiet,Københavns Omegns Storkreds,Hovedstaden,Alle,7,1712,1712,,,3,,False
Fie Hækkerup,Socialdemokratiet,Nordsjællands Storkreds,Hovedstaden,Alle,3,5763,5763,1K,1,,K,True
Louise Mehnke,Socialdemokratiet,Nordsjællands Storkreds,Hovedstaden,Alle,2,2555,2555,,,2,,False
Henrik Møller,Socialdemokratiet,Nordsjællands Storkreds,Hovedstaden,Alle,1,2781,2781,,,1,,False
Matilde Powers,Socialdemokratiet,Nordsjællands Storkreds,Hovedstaden,Alle,5,4030,4030,3K,3,,K,True
Søren Rye,Socialdemokratiet,Nordsjællands Storkreds,Hovedstaden,Alle,6,688,688,,,3,,False
Rasmus Stoklund,Socialdemokratiet,Nordsjællands Storkreds,Hovedstaden,Alle,4,4528,4528,2K,2,,K,True
Kasper Flygare,Socialdemokratiet,Bornholms Storkreds,Hovedstaden,Alle,,261,261,,,1,,False
Christian Faurholdt Jeppesen,Socialdemokratiet,Bornholms Storkreds,Hovedstaden,Alle,,188,188,,,2,,False
Lea Wermelin,Socialdemokratiet,Bornholms Storkreds,Hovedstaden,Alle,Alle,3837,3837,1K,1,,K,True
Valdemar Alban,Socialdemokratiet,Sjællands Storkreds,Sjælland-Syddanmark,Alle,3,1569,1569,,,5,,False
Trine Birk Andersen,Socialdemokratiet,Sjællands Storkreds,Sjælland-Syddanmark,Alle,9,4106,4106,5K,5,,K,True
Kaare Dybvad Bek,Socialdemokratiet,Sjællands Storkreds,Sjælland-Syddanmark,Alle,8,5848,5848,3K,3,,K,True
Kanishka Dastageer,Socialdemokratiet,Sjællands Storkreds,Sjælland-Syddanmark,Alle,11,407,407,,,7,,False
Magnus Heunicke,Socialdemokratiet,Sjællands Storkreds,Sjælland-Syddanmark,Alle,4,14316,14316,1K,1,,K,True
Julie Kølskov,Socialdemokratiet,Sjællands Storkreds,Sjælland-Syddanmark,Alle,2,2799,2799,,,2,,False
Rasmus Horn Langhoff,Socialdemokratiet,Sjællands Storkreds,Sjælland-Syddanmark,Alle,10,3648,3648,,,1,,False
Tanja Larsson,Socialdemokratiet,Sjællands Storkreds,Sjælland-Syddanmark,Alle,5,2580,2580,,,3,,False
Carl Emil Lind,Socialdemokratiet,Sjællands Storkreds,Sjælland-Syddanmark,Alle,6,2495,2495,,,4,,False
Kasper Roug,Socialdemokratiet,Sjællands Storkreds,Sjælland-Syddanmark,Alle,1,4476,4476,4K,4,,K,True
Filiz Sarah Thunø,Socialdemokratiet,Sjællands Storkreds,Sjælland-Syddanmark,Alle,7,941,941,,,6,,False
Frederik Vad,Socialdemokratiet,Sjællands Storkreds,Sjælland-Syddanmark,Alle,12,6763,6763,2K,2,,K,True
Trine Bramsen,Socialdemokratiet,Fyns Storkreds,Sjælland-Syddanmark,Alle,2,8112,8112,2K,2,,K,True
Bjørn Brandenborg,Socialdemokratiet,Fyns Storkreds,Sjælland-Syddanmark,Alle,7,12098,12098,1K,1,,K,True
Jeppe Bruus,Socialdemokratiet,Fyns Storkreds,Sjælland-Syddanmark,Alle,5,5501,5501,3K,3,,K,True
Sara Emil Baaring,Socialdemokratiet,Fyns Storkreds,Sjælland-Syddanmark,Alle,4,3641,3641,,,1,,False
Maria Gudme,Socialdemokratiet,Fyns Storkreds,Sjælland-Syddanmark,Alle,1,1160,1160,,,4,,False
Thomas Skriver Jensen,Socialdemokratiet,Fyns Storkreds,Sjælland-Syddanmark,Alle,3,4231,4231,4K,4,,K,True
Lasse Haugaard Pedersen,Socialdemokratiet,Fyns Storkreds,Sjælland-Syddanmark,Alle,6,1163,1163,,,3,,False
Kim Aas,Socialdemokratiet,Fyns Storkreds,Sjælland-Syddanmark,Alle,8,2084,2084,,,2,,False
Tommi Christensen,Socialdemokratiet,Sydjyllands Storkreds,Sjælland-Syddanmark,Alle,,239,239,,,7,,False
Benny Engelbrecht,Socialdemokratiet,Sydjyllands Storkreds,Sjælland-Syddanmark,Alle,1,7275,7275,2K,2,,K,True
Kim Eskesen,Socialdemokratiet,Sydjyllands Storkreds,Sjælland-Syddanmark,Alle,,340,340,,,6,,False
Theis Kylling Hommeltoft,Socialdemokratiet,Sydjyllands Storkreds,Sjælland-Syddanmark,Alle,2,2197,2197,,,3,,False
Anders Kronborg,Socialdemokratiet,Sydjyllands Storkreds,Sjælland-Syddanmark,Alle,"4,5",5728,5728,5K,5,,K,True
Bjørn Laursen,Socialdemokratiet,Sydjyllands Storkreds,Sjælland-Syddanmark,Alle,,64,64,,,8,,False
Christian Rabjerg Madsen,Socialdemokratiet,Sydjyllands Storkreds,Sjælland-Syddanmark,Alle,"11,12",7844,7844,1K,1,,K,True
Anne Catherine Hoxcer Nielsen,Socialdemokratiet,Sydjyllands Storkreds,Sjælland-Syddanmark,Alle,6,1789,1789,,,4,,False
Lars Rømer Olsen,Socialdemokratiet,Sydjyllands Storkreds,Sjælland-Syddanmark,Alle,3,599,599,,,5,,False
Jesper Petersen,Socialdemokratiet,Sydjyllands Storkreds,Sjælland-Syddanmark,Alle,13,6188,6188,4K,4,,K,True
Maria Radoor,Socialdemokratiet,Sydjyllands Storkreds,Sjælland-Syddanmark,Alle,10,2763,2763,,,2,,False
Kris Jensen Skriver,Socialdemokratiet,Sydjyllands Storkreds,Sjælland-Syddanmark,Alle,7,3295,3295,,,1,,False
Birgitte Vind,Socialdemokratiet,Sydjyllands Storkreds,Sjælland-Syddanmark,Alle,"8,9",6220,6220,3K,3,,K,True
Camilla Fabricius,Socialdemokratiet,Østjyllands Storkreds,Midtjylland-Nordjylland,Alle,2,5876,5876,3K,3,,K,True
Pia Halkjær,Socialdemokratiet,Østjyllands Storkreds,Midtjylland-Nordjylland,Alle,7,590,590,,,2,,False
Dorthe Hindborg,Socialdemokratiet,Østjyllands Storkreds,Midtjylland-Nordjylland,Alle,9,1664,1664,,,1,,False
Leif Lahn Jensen,Socialdemokratiet,Østjyllands Storkreds,Midtjylland-Nordjylland,Alle,5,6837,6837,2K,2,,K,True
Anders Kühnau,Socialdemokratiet,Østjyllands Storkreds,Midtjylland-Nordjylland,Alle,4,4043,4043,1T,1,,T,True
Malte Larsen,Socialdemokratiet,Østjyllands Storkreds,Midtjylland-Nordjylland,Alle,6,4365,4365,5K,5,,K,True
Thomas Monberg,Socialdemokratiet,Østjyllands Storkreds,Midtjylland-Nordjylland,Alle,10,4652,4652,4K,4,,K,True
Louise Stenmann,Socialdemokratiet,Østjyllands Storkreds,Midtjylland-Nordjylland,Alle,11,364,364,,,4,,False
Erik Særkjær,Socialdemokratiet,Østjyllands Storkreds,Midtjylland-Nordjylland,Alle,8,527,527,,,3,,False
Mathias Thybo,Socialdemokratiet,Østjyllands Storkreds,Midtjylland-Nordjylland,Alle,,325,325,,,5,,False
Nicolai Wammen,Socialdemokratiet,Østjyllands Storkreds,Midtjylland-Nordjylland,Alle,"1,3",19203,19203,1K,1,,K,True
Anders Andreasen,Socialdemokratiet,Vestjyllands Storkreds,Midtjylland-Nordjylland,Alle,1,1329,1329,,,3,,False
Vinnie Borbjerg,Socialdemokratiet,Vestjyllands Storkreds,Midtjylland-Nordjylland,Alle,,838,838,,,4,,False
Lars Fibæk,Socialdemokratiet,Vestjyllands Storkreds,Midtjylland-Nordjylland,Alle,,136,136,,,7,,False
Katrine Evelyn Jensen,Socialdemokratiet,Vestjyllands Storkreds,Midtjylland-Nordjylland,Alle,"3,4",4721,4721,3K,3,,K,True
Mogens Jensen,Socialdemokratiet,Vestjyllands Storkreds,Midtjylland-Nordjylland,Alle,"8,9",7010,7010,1K,1,,K,True
Lise Jørgensen,Socialdemokratiet,Vestjyllands Storkreds,Midtjylland-Nordjylland,Alle,,305,305,,,5,,False
Kasper B.G. Lauritsen,Socialdemokratiet,Vestjyllands Storkreds,Midtjylland-Nordjylland,Alle,10,1810,1810,,,2,,False
Eva Borchorst Mejnertz,Socialdemokratiet,Vestjyllands Storkreds,Midtjylland-Nordjylland,Alle,"5,6",4131,4131,,,1,,False
Anne Paulin,Socialdemokratiet,Vestjyllands Storkreds,Midtjylland-Nordjylland,Alle,2,6742,6742,2K,2,,K,True
Peter Kempf Pedersen,Socialdemokratiet,Vestjyllands Storkreds,Midtjylland-Nordjylland,Alle,7,113,113,,,8,,False
Per Kamp Stefansen,Socialdemokratiet,Vestjyllands Storkreds,Midtjylland-Nordjylland,Alle,11,193,193,,,6,,False
Kiki Bille Bach,Socialdemokratiet,Nordjyllands Storkreds,Midtjylland-Nordjylland,Alle,9,2543,2543,,,2,,False
Mette Frederiksen,Socialdemokratiet,Nordjyllands Storkreds,Midtjylland-Nordjylland,Alle,7,41721,41721,1K,1,,K,True
Ane Halsboe-Jørgensen,Socialdemokratiet,Nordjyllands Storkreds,Midtjylland-Nordjylland,Alle,3,6864,6864,3K,3,,K,True
Per Husted,Socialdemokratiet,Nordjyllands Storkreds,Midtjylland-Nordjylland,Alle,6,2846,2846,,,1,,False
Thomas Klimek,Socialdemokratiet,Nordjyllands Storkreds,Midtjylland-Nordjylland,Alle,2,4116,4116,5K,5,,K,True
Simon Kollerup,Socialdemokratiet,Nordjyllands Storkreds,Midtjylland-Nordjylland,Alle,4,9050,9050,2K,2,,K,True
Peder Key Kristiansen,Socialdemokratiet,Nordjyllands Storkreds,Midtjylland-Nordjylland,Alle,1,1770,1770,,,3,,False
Flemming Møller Mortensen,Socialdemokratiet,Nordjyllands Storkreds,Midtjylland-Nordjylland,Alle,5,5824,5824,4K,4,,K,True
Morten Ryom,Socialdemokratiet,Nordjyllands Storkreds,Midtjylland-Nordjylland,Alle,8,1389,1389,,,4,,False
Julie Herdal,Radikale Venstre,Københavns Storkreds,Hovedstaden,Alle,3,573,573,,,6,,False
Magnus Georg Jensen,Radikale Venstre,Københavns Storkreds,Hovedstaden,Alle,6,4491,4491,2K,2,,K,True
Helene Langager,Radikale Venstre,Københavns Storkreds,Hovedstaden,Alle,1,1198,1198,,,3,,False
Thomas Markmann,Radikale Venstre,Københavns Storkreds,Hovedstaden,Alle,7,404,404,,,8,,False
Marianne Mortensen,Radikale Venstre,Københavns Storkreds,Hovedstaden,Alle,8,229,229,,,9,,False
Emil Moselund,Radikale Venstre,Københavns Storkreds,Hovedstaden,Alle,12,975,975,,,4,,False
Samira Nawa,Radikale Venstre,Københavns Storkreds,Hovedstaden,Alle,5,10372,10372,1K,1,,K,True
Mikkel Senna Odoom,Radikale Venstre,Københavns Storkreds,Hovedstaden,Alle,4,529,529,,,7,,False
Thomas Rohden,Radikale Venstre,Københavns Storkreds,Hovedstaden,Alle,10,4136,4136,1T,1,,T,True
Frederik Rosberg,Radikale Venstre,Københavns Storkreds,Hovedstaden,Alle,11,838,838,,,5,,False
Anne-Sofie Sadolin,Radikale Venstre,Københavns Storkreds,Hovedstaden,Alle,9,1385,1385,,,2,,False
Maria Georgi Sloth,Radikale Venstre,Københavns Storkreds,Hovedstaden,Alle,2,1630,1630,,,1,,False
Kashif Ahmad,Radikale Venstre,Københavns Omegns Storkreds,Hovedstaden,Alle,6,1327,1327,,,5,,False
Zohair Ali,Radikale Venstre,Københavns Omegns Storkreds,Hovedstaden,Alle,,1997,1997,,,1,,False
Lars Green Bach,Radikale Venstre,Københavns Omegns Storkreds,Hovedstaden,Alle,8,374,374,,,8,,False
Trine Dybkjær,Radikale Venstre,Københavns Omegns Storkreds,Hovedstaden,Alle,,1497,1497,,,3,,False
Christina Falkberg,Radikale Venstre,Københavns Omegns Storkreds,Hovedstaden,Alle,3,1385,1385,,,4,,False
Jens Frost,Radikale Venstre,Københavns Omegns Storkreds,Hovedstaden,Alle,4,235,235,,,10,,False
Ruben Kidde,Radikale Venstre,Københavns Omegns Storkreds,Hovedstaden,Alle,1,862,862,,,6,,False
Brian Køster,Radikale Venstre,Københavns Omegns Storkreds,Hovedstaden,Alle,5,275,275,,,9,,False
Stinus Lindgreen,Radikale Venstre,Københavns Omegns Storkreds,Hovedstaden,Alle,2,2837,2837,1K,1,,K,True
Esat Senturk,Radikale Venstre,Københavns Omegns Storkreds,Hovedstaden,Alle,7,1664,1664,,,2,,False
Isabel Havndrup Aackmann,Radikale Venstre,Københavns Omegns Storkreds,Hovedstaden,Alle,,533,533,,,7,,False
Christian Elkjær,Radikale Venstre,Nordsjællands Storkreds,Hovedstaden,Alle,4,414,414,,,6,,False
Tine Hessner,Radikale Venstre,Nordsjællands Storkreds,Hovedstaden,Alle,5,1086,1086,,,1,,False
Mikkel Westh Jepsen,Radikale Venstre,Nordsjællands Storkreds,Hovedstaden,Alle,1,472,472,,,5,,False
Martin Lidegaard,Radikale Venstre,Nordsjællands Storkreds,Hovedstaden,Alle,6,9328,9328,1K,1,,K,True
Freja Eva Lockenwitz,Radikale Venstre,Nordsjællands Storkreds,Hovedstaden,Alle,,1009,1009,,,2,,False
Hediye Temiz,Radikale Venstre,Nordsjællands Storkreds,Hovedstaden,Alle,2,899,899,,,3,,False
Christina Thorholm,Radikale Venstre,Nordsjællands Storkreds,Hovedstaden,Alle,3,877,877,,,4,,False
Laila Stougaard Kofoed Espersen,Radikale Venstre,Bornholms Storkreds,Hovedstaden,Alle,,76,76,,,1,,False
Simon Bech Munch-Petersen,Radikale Venstre,Bornholms Storkreds,Hovedstaden,Alle,Alle,36,36,,,2,,False
Troels Brandt,Radikale Venstre,Sjællands Storkreds,Sjælland-Syddanmark,Alle,12,281,281,,,6,,False
Mette Hvid Brockmann,Radikale Venstre,Sjællands Storkreds,Sjælland-Syddanmark,Alle,"9,10",600,600,,,3,,False
Helena Tjørnelund Christensen,Radikale Venstre,Sjællands Storkreds,Sjælland-Syddanmark,Alle,,502,502,,,4,,False
Jeppe Fransson,Radikale Venstre,Sjællands Storkreds,Sjælland-Syddanmark,Alle,,223,223,,,8,,False
Sofie Holm,Radikale Venstre,Sjællands Storkreds,Sjælland-Syddanmark,Alle,"3,4",831,831,,,2,,False
Line Krogh Lay,Radikale Venstre,Sjællands Storkreds,Sjælland-Syddanmark,Alle,"5,6",902,902,,,1,,False
Edris Qasimi,Radikale Venstre,Sjællands Storkreds,Sjælland-Syddanmark,Alle,"2,11",444,444,,,5,,False
Zenia Stampe,Radikale Venstre,Sjællands Storkreds,Sjælland-Syddanmark,Alle,"7,8",4242,4242,1T,1,,T,True
Kristian Stokholm,Radikale Venstre,Sjællands Storkreds,Sjælland-Syddanmark,Alle,1,175,175,,,9,,False
Jeppe Trolle,Radikale Venstre,Sjællands Storkreds,Sjælland-Syddanmark,Alle,,244,244,,,7,,False
Jakob Larsen,Radikale Venstre,Fyns Storkreds,Sjælland-Syddanmark,Alle,"2,4",1176,1176,,,1,,False
Kim Lei-Jensen,Radikale Venstre,Fyns Storkreds,Sjælland-Syddanmark,Alle,"3,8",656,656,,,3,,False
Jan Werner Mathiasen,Radikale Venstre,Fyns Storkreds,Sjælland-Syddanmark,Alle,"6,7",1155,1155,,,2,,False
Anastasia Milthers,Radikale Venstre,Fyns Storkreds,Sjælland-Syddanmark,Alle,"1,5",2393,2393,1T,1,,T,True
Anne Marie Geisler Andersen,Radikale Venstre,Sydjyllands Storkreds,Sjælland-Syddanmark,Alle,"4,5",1349,1349,,,2,,False
Barbara Krarup Hansen,Radikale Venstre,Sydjyllands Storkreds,Sjælland-Syddanmark,Alle,6,96,96,,,8,,False
Ole Lynggaard Jørgensen,Radikale Venstre,Sydjyllands Storkreds,Sjælland-Syddanmark,Alle,8,178,178,,,5,,False
Bjarne Lastein,Radikale Venstre,Sydjyllands Storkreds,Sjælland-Syddanmark,Alle,7,62,62,,,9,,False
Finn Hartvig Nielsen,Radikale Venstre,Sydjyllands Storkreds,Sjælland-Syddanmark,Alle,"3,10",124,124,,,6,,False
Lasse Skov Ovesen,Radikale Venstre,Sydjyllands Storkreds,Sjælland-Syddanmark,Alle,"1,2",111,111,,,7,,False
Lotte Rod,Radikale Venstre,Sydjyllands Storkreds,Sjælland-Syddanmark,Alle,"9,12",2946,2946,,,1,,False
Nils Sjøberg,Radikale Venstre,Sydjyllands Storkreds,Sjælland-Syddanmark,Alle,13,281,281,,,3,,False
Nicholas Wentworth,Radikale Venstre,Sydjyllands Storkreds,Sjælland-Syddanmark,Alle,11,217,217,,,4,,False
Rabih Azad-Ahmad,Radikale Venstre,Østjyllands Storkreds,Midtjylland-Nordjylland,Alle,,2385,2385,,,2,,False
Anne Sophie Callesen,Radikale Venstre,Østjyllands Storkreds,Midtjylland-Nordjylland,Alle,9,4101,4101,,,1,,False
Rikke Christensen,Radikale Venstre,Østjyllands Storkreds,Midtjylland-Nordjylland,Alle,"10,11",844,844,,,5,,False
Rune Christiansen,Radikale Venstre,Østjyllands Storkreds,Midtjylland-Nordjylland,Alle,1,683,683,,,7,,False
Bjarke Jensen,Radikale Venstre,Østjyllands Storkreds,Midtjylland-Nordjylland,Alle,"5,8",389,389,,,8,,False
Line Rasmussen,Radikale Venstre,Østjyllands Storkreds,Midtjylland-Nordjylland,Alle,"6,7",1740,1740,,,3,,False
Katrine Robsøe,Radikale Venstre,Østjyllands Storkreds,Midtjylland-Nordjylland,Alle,4,6406,6406,1K,1,,K,True
Hanne Roed,Radikale Venstre,Østjyllands Storkreds,Midtjylland-Nordjylland,Alle,3,764,764,,,6,,False
Mathias Sikora,Radikale Venstre,Østjyllands Storkreds,Midtjylland-Nordjylland,Alle,2,1030,1030,,,4,,False
Johan Brødsgaard,Radikale Venstre,Vestjyllands Storkreds,Midtjylland-Nordjylland,Alle,"6,10",1057,1057,,,1,,False
Hanne Frølund,Radikale Venstre,Vestjyllands Storkreds,Midtjylland-Nordjylland,Alle,7,191,191,,,4,,False
Lone Kjær Hein,Radikale Venstre,Vestjyllands Storkreds,Midtjylland-Nordjylland,Alle,5,578,578,,,2,,False
Casper Hindkjær,Radikale Venstre,Vestjyllands Storkreds,Midtjylland-Nordjylland,Alle,9,189,189,,,5,,False
Kim Pagels,Radikale Venstre,Vestjyllands Storkreds,Midtjylland-Nordjylland,Alle,"3,4",183,183,,,6,,False
Peter Vestergaard,Radikale Venstre,Vestjyllands Storkreds,Midtjylland-Nordjylland,Alle,"1,2",268,268,,,3,,False
Philip Vivet,Radikale Venstre,Vestjyllands Storkreds,Midtjylland-Nordjylland,Alle,"8,11",1443,1443,1T,1,,T,True
Carsten Bedsted,Radikale Venstre,Nordjyllands Storkreds,Midtjylland-Nordjylland,Alle,2,859,859,,,1,,False
Pia Elberg,Radikale Venstre,Nordjyllands Storkreds,Midtjylland-Nordjylland,Alle,5,389,389,,,5,,False
Steffen Holme Helledie,Radikale Venstre,Nordjyllands Storkreds,Midtjylland-Nordjylland,Alle,9,1124,1124,1T,1,,T,True
Dorthe Kerschus,Radikale Venstre,Nordjyllands Storkreds,Midtjylland-Nordjylland,Alle,3,158,158,,,8,,False
Susanne Krebs,Radikale Venstre,Nordjyllands Storkreds,Midtjylland-Nordjylland,Alle,8,286,286,,,6,,False
Michael Portefee P. Lex,Radikale Venstre,Nordjyllands Storkreds,Midtjylland-Nordjylland,Alle,6,142,142,,,9,,False
Steen Asgeir Petersen,Radikale Venstre,Nordjyllands Storkreds,Midtjylland-Nordjylland,Alle,4,119,119,,,10,,False
Jacob Robsøe,Radikale Venstre,Nordjyllands Storkreds,Midtjylland-Nordjylland,Alle,7,677,677,,,4,,False
Gorm Simonsen,Radikale Venstre,Nordjyllands Storkreds,Midtjylland-Nordjylland,Alle,,66,66,,,11,,False
Emma Biørn Tretow-Fish,Radikale Venstre,Nordjyllands Storkreds,Midtjylland-Nordjylland,Alle,,822,822,,,2,,False
Marie Wandel,Radikale Venstre,Nordjyllands Storkreds,Midtjylland-Nordjylland,Alle,1,280,280,,,7,,False
Torsten Wetche,Radikale Venstre,Nordjyllands Storkreds,Midtjylland-Nordjylland,Alle,,679,679,,,3,,False
Lasse Vogel Andersen,Det Konservative Folkeparti,Københavns Storkreds,Hovedstaden,Alle,4,261,261,,,10,,False
Pernille Birch,Det Konservative Folkeparti,Københavns Storkreds,Hovedstaden,Alle,5,657,657,,,7,,False
Rasmus Bjergegaard,Det Konservative Folkeparti,Københavns Storkreds,Hovedstaden,Alle,8,871,871,,,6,,False
Helle Bonnesen,Det Konservative Folkeparti,Københavns Storkreds,Hovedstaden,Alle,1,2852,2852,2K,2,,K,True
Nikolaj Bøgh,Det Konservative Folkeparti,Københavns Storkreds,Hovedstaden,Alle,11,1827,1827,,,2,,False
Line Ervolder,Det Konservative Folkeparti,Københavns Storkreds,Hovedstaden,Alle,9,1008,1008,,,5,,False
Helene Fagerhøj,Det Konservative Folkeparti,Københavns Storkreds,Hovedstaden,Alle,2,1841,1841,,,1,,False
Carina Høedt,Det Konservative Folkeparti,Københavns Storkreds,Hovedstaden,Alle,6,1063,1063,,,4,,False
Anders Havelund Krøyer,Det Konservative Folkeparti,Københavns Storkreds,Hovedstaden,Alle,3,339,339,,,9,,False
Niels Peder Ravn,Det Konservative Folkeparti,Københavns Storkreds,Hovedstaden,Alle,7,461,461,,,8,,False
Anders Storgaard,Det Konservative Folkeparti,Københavns Storkreds,Hovedstaden,Alle,10,3099,3099,1K,1,,K,True
Mia Tang,Det Konservative Folkeparti,Københavns Storkreds,Hovedstaden,Alle,12,1676,1676,,,3,,False
Julie Ahlefeldt-Laurvig,Det Konservative Folkeparti,Københavns Omegns Storkreds,Hovedstaden,Alle,3,1077,1077,,,4,,False
Isabella Arendt,Det Konservative Folkeparti,Københavns Omegns Storkreds,Hovedstaden,Alle,7,2132,2132,,,1,,False
Magnus Von Dreiager,Det Konservative Folkeparti,Københavns Omegns Storkreds,Hovedstaden,Alle,2,1718,1718,,,2,,False
Tina Cartey Hansen,Det Konservative Folkeparti,Københavns Omegns Storkreds,Hovedstaden,Alle,6,1421,1421,,,3,,False
Jette Larsen,Det Konservative Folkeparti,Københavns Omegns Storkreds,Hovedstaden,Alle,4,377,377,,,6,,False
Sigurd Hebo Lønholdt,Det Konservative Folkeparti,Københavns Omegns Storkreds,Hovedstaden,Alle,5,128,128,,,7,,False
Christian Vigilius,Det Konservative Folkeparti,Københavns Omegns Storkreds,Hovedstaden,Alle,1,4295,4295,1K,1,,K,True
Dorte Vilhelmsen,Det Konservative Folkeparti,Københavns Omegns Storkreds,Hovedstaden,Alle,8,498,498,,,5,,False
Mette Abildgaard,Det Konservative Folkeparti,Nordsjællands Storkreds,Hovedstaden,Alle,6,10807,10807,1K,1,,K,True
Birgitte Bergman,Det Konservative Folkeparti,Nordsjællands Storkreds,Hovedstaden,Alle,1,3176,3176,1T,1,,T,True
Daniel Drefeld,Det Konservative Folkeparti,Nordsjællands Storkreds,Hovedstaden,Alle,5,589,589,,,4,,False
Frederik Germann,Det Konservative Folkeparti,Nordsjællands Storkreds,Hovedstaden,Alle,4,1243,1243,,,2,,False
Emma Juul Hansen,Det Konservative Folkeparti,Nordsjællands Storkreds,Hovedstaden,Alle,3,2270,2270,,,1,,False
Egil Hulgaard,Det Konservative Folkeparti,Nordsjællands Storkreds,Hovedstaden,Alle,2,1027,1027,,,3,,False
Peter Svarre Fridolf,Det Konservative Folkeparti,Bornholms Storkreds,Hovedstaden,Alle,2,97,97,,,2,,False
Kristoffer Kromand,Det Konservative Folkeparti,Bornholms Storkreds,Hovedstaden,Alle,1,255,255,,,1,,False
Jane Christensen,Det Konservative Folkeparti,Sjællands Storkreds,Sjælland-Syddanmark,Alle,10,445,445,,,6,,False
Ida Dyhr,Det Konservative Folkeparti,Sjællands Storkreds,Sjælland-Syddanmark,Alle,6,1572,1572,,,2,,False
Barbara Engelstoft,Det Konservative Folkeparti,Sjællands Storkreds,Sjælland-Syddanmark,Alle,4,356,356,,,7,,False
Silas Ipsen,Det Konservative Folkeparti,Sjællands Storkreds,Sjælland-Syddanmark,Alle,5,568,568,,,4,,False
Henrik Jacobsen,Det Konservative Folkeparti,Sjællands Storkreds,Sjælland-Syddanmark,Alle,1,219,219,,,10,,False
Ditte Keidser,Det Konservative Folkeparti,Sjællands Storkreds,Sjælland-Syddanmark,Alle,9,352,352,,,8,,False
Marcus Knuth,Det Konservative Folkeparti,Sjællands Storkreds,Sjælland-Syddanmark,Alle,2,4394,4394,1K,1,,K,True
Rune Kristensen,Det Konservative Folkeparti,Sjællands Storkreds,Sjælland-Syddanmark,Alle,11,1880,1880,1T,1,,T,True
Vilhelm Møller,Det Konservative Folkeparti,Sjællands Storkreds,Sjælland-Syddanmark,Alle,3,546,546,,,5,,False
Victoria Helene Olsen,Det Konservative Folkeparti,Sjællands Storkreds,Sjælland-Syddanmark,Alle,8,1874,1874,,,1,,False
Mads Ramstedt,Det Konservative Folkeparti,Sjællands Storkreds,Sjælland-Syddanmark,Alle,7,220,220,,,9,,False
Jacob Stryhn,Det Konservative Folkeparti,Sjællands Storkreds,Sjælland-Syddanmark,Alle,12,596,596,,,3,,False
Tobias Bennedsen,Det Konservative Folkeparti,Fyns Storkreds,Sjælland-Syddanmark,Alle,5,339,339,,,6,,False
Anne Fiber,Det Konservative Folkeparti,Fyns Storkreds,Sjælland-Syddanmark,Alle,8,470,470,,,3,,False
Joachim Hoffmann-Petersen,Det Konservative Folkeparti,Fyns Storkreds,Sjælland-Syddanmark,Alle,1,2226,2226,,,1,,False
John Hoppe,Det Konservative Folkeparti,Fyns Storkreds,Sjælland-Syddanmark,Alle,2,445,445,,,5,,False
Natasja Bruun Knudsen,Det Konservative Folkeparti,Fyns Storkreds,Sjælland-Syddanmark,Alle,4,446,446,,,4,,False
Klavs Norup Lauridsen,Det Konservative Folkeparti,Fyns Storkreds,Sjælland-Syddanmark,Alle,6,1802,1802,,,2,,False
Mai Mercado,Det Konservative Folkeparti,Fyns Storkreds,Sjælland-Syddanmark,Alle,3,6146,6146,1K,1,,K,True
Johan Emil Sevelsted,Det Konservative Folkeparti,Fyns Storkreds,Sjælland-Syddanmark,Alle,7,296,296,,,7,,False
Dan Arnløv,Det Konservative Folkeparti,Sydjyllands Storkreds,Sjælland-Syddanmark,Alle,8,747,747,,,4,,False
Gitte Eriksen,Det Konservative Folkeparti,Sydjyllands Storkreds,Sjælland-Syddanmark,Alle,9,719,719,,,5,,False
Christina Foldager,Det Konservative Folkeparti,Sydjyllands Storkreds,Sjælland-Syddanmark,Alle,11,1555,1555,,,1,,False
Morten Trillingsgaard Høybye,Det Konservative Folkeparti,Sydjyllands Storkreds,Sjælland-Syddanmark,Alle,12,313,313,,,7,,False
Cecilie C. Johannsen,Det Konservative Folkeparti,Sydjyllands Storkreds,Sjælland-Syddanmark,Alle,2,309,309,,,8,,False
Rasmus Elkjær Larsen,Det Konservative Folkeparti,Sydjyllands Storkreds,Sjælland-Syddanmark,Alle,1,1120,1120,,,2,,False
Frederik Bloch Münster,Det Konservative Folkeparti,Sydjyllands Storkreds,Sjælland-Syddanmark,Alle,4,2081,2081,1K,1,,K,True
Gunver Birgitte Nielsen,Det Konservative Folkeparti,Sydjyllands Storkreds,Sjælland-Syddanmark,Alle,3,227,227,,,9,,False
Rasmus Sandvej,Det Konservative Folkeparti,Sydjyllands Storkreds,Sjælland-Syddanmark,Alle,7,474,474,,,6,,False
Jens Langer Schou,Det Konservative Folkeparti,Sydjyllands Storkreds,Sjælland-Syddanmark,Alle,10,144,144,,,11,,False
Christian Tarbensen,Det Konservative Folkeparti,Sydjyllands Storkreds,Sjælland-Syddanmark,Alle,5,40,40,,,12,,False
Kristian Thomsen,Det Konservative Folkeparti,Sydjyllands Storkreds,Sjælland-Syddanmark,Alle,6,212,212,,,10,,False
Jannie Boysen Westergaard,Det Konservative Folkeparti,Sydjyllands Storkreds,Sjælland-Syddanmark,Alle,13,954,954,,,3,,False
Charlotte Green,Det Konservative Folkeparti,Østjyllands Storkreds,Midtjylland-Nordjylland,Alle,8,1425,1425,2K,2,,K,True
Michael Faust Horsbøl,Det Konservative Folkeparti,Østjyllands Storkreds,Midtjylland-Nordjylland,Alle,9,266,266,,,8,,False
Bjørn Jensen,Det Konservative Folkeparti,Østjyllands Storkreds,Midtjylland-Nordjylland,Alle,5,509,509,,,2,,False
Mona Juul,Det Konservative Folkeparti,Østjyllands Storkreds,Midtjylland-Nordjylland,Alle,4,21594,21594,1K,1,,K,True
Anders Krojgaard Lund,Det Konservative Folkeparti,Østjyllands Storkreds,Midtjylland-Nordjylland,Alle,2,418,418,,,4,,False
Bia Ndamukunda,Det Konservative Folkeparti,Østjyllands Storkreds,Midtjylland-Nordjylland,Alle,6,106,106,,,9,,False
Viktor Thyregod Sivertsen,Det Konservative Folkeparti,Østjyllands Storkreds,Midtjylland-Nordjylland,Alle,10,270,270,,,7,,False
Jacob Skjærris,Det Konservative Folkeparti,Østjyllands Storkreds,Midtjylland-Nordjylland,Alle,11,350,350,,,6,,False
Peter Sporleder,Det Konservative Folkeparti,Østjyllands Storkreds,Midtjylland-Nordjylland,Alle,1,1136,1136,,,1,,False
Caroline Svejsø,Det Konservative Folkeparti,Østjyllands Storkreds,Midtjylland-Nordjylland,Alle,3,367,367,,,5,,False
Morten Sørensen,Det Konservative Folkeparti,Østjyllands Storkreds,Midtjylland-Nordjylland,Alle,7,495,495,,,3,,False
Dina Andersen-Raabjerg,Det Konservative Folkeparti,Vestjyllands Storkreds,Midtjylland-Nordjylland,Alle,7,3389,3389,,,1,,False
Lise Bertelsen,Det Konservative Folkeparti,Vestjyllands Storkreds,Midtjylland-Nordjylland,Alle,4,6290,6290,1K,1,,K,True
Michael Grove,Det Konservative Folkeparti,Vestjyllands Storkreds,Midtjylland-Nordjylland,Alle,3,411,411,,,5,,False
Simon Højer,Det Konservative Folkeparti,Vestjyllands Storkreds,Midtjylland-Nordjylland,Alle,1,255,255,,,8,,False
Marianne Karlsmose,Det Konservative Folkeparti,Vestjyllands Storkreds,Midtjylland-Nordjylland,Alle,6,2875,2875,,,2,,False
Siff Tang Lassen,Det Konservative Folkeparti,Vestjyllands Storkreds,Midtjylland-Nordjylland,Alle,8,295,295,,,7,,False
Gorm Hoff Lauridsen,Det Konservative Folkeparti,Vestjyllands Storkreds,Midtjylland-Nordjylland,Alle,9,560,560,,,4,,False
Jørgen Christian Pedersen,Det Konservative Folkeparti,Vestjyllands Storkreds,Midtjylland-Nordjylland,Alle,2,204,204,,,10,,False
Lennart Qvist,Det Konservative Folkeparti,Vestjyllands Storkreds,Midtjylland-Nordjylland,Alle,11,643,643,,,3,,False
Lau Sørensen,Det Konservative Folkeparti,Vestjyllands Storkreds,Midtjylland-Nordjylland,Alle,10,227,227,,,9,,False
Nicklas Verne,Det Konservative Folkeparti,Vestjyllands Storkreds,Midtjylland-Nordjylland,Alle,5,352,352,,,6,,False
Lene Burchardt,Det Konservative Folkeparti,Nordjyllands Storkreds,Midtjylland-Nordjylland,Alle,7,1202,1202,,,4,,False
René Flou,Det Konservative Folkeparti,Nordjyllands Storkreds,Midtjylland-Nordjylland,Alle,8,222,222,,,7,,False
Laura Holm,Det Konservative Folkeparti,Nordjyllands Storkreds,Midtjylland-Nordjylland,Alle,5,1787,1787,,,2,,False
Søren Homann,Det Konservative Folkeparti,Nordjyllands Storkreds,Midtjylland-Nordjylland,Alle,2,1234,1234,,,3,,False
Per Larsen,Det Konservative Folkeparti,Nordjyllands Storkreds,Midtjylland-Nordjylland,Alle,1,2367,2367,,,1,,False
Dorthe Pedersen,Det Konservative Folkeparti,Nordjyllands Storkreds,Midtjylland-Nordjylland,Alle,4,435,435,,,5,,False
Sofie Therese Svendsen,Det Konservative Folkeparti,Nordjyllands Storkreds,Midtjylland-Nordjylland,Alle,9,2488,2488,1K,1,,K,True
Stine Thier-Andersen,Det Konservative Folkeparti,Nordjyllands Storkreds,Midtjylland-Nordjylland,Alle,6,284,284,,,6,,False
Gabriel Aaen,Det Konservative Folkeparti,Nordjyllands Storkreds,Midtjylland-Nordjylland,Alle,3,48,48,,,8,,False
Sadek Al-Amood,SF - Socialistisk Folkeparti,Københavns Storkreds,Hovedstaden,Alle,,1560,1560,,,2,,False
Lisbeth Bech-Nielsen,SF - Socialistisk Folkeparti,Københavns Storkreds,Hovedstaden,Alle,Alle,5494,5494,1K,1,,K,True
Morten Bering,SF - Socialistisk Folkeparti,Københavns Storkreds,Hovedstaden,Alle,,69,69,,,8,,False
Nanna Bonde,SF - Socialistisk Folkeparti,Københavns Storkreds,Hovedstaden,Alle,,4166,4166,2K,2,,K,True
Mikkel Sammy Christensen,SF - Socialistisk Folkeparti,Københavns Storkreds,Hovedstaden,Alle,,624,624,,,6,,False
Cecilie Louise Balbay Holdt,SF - Socialistisk Folkeparti,Københavns Storkreds,Hovedstaden,Alle,,903,903,,,4,,False
Kasper Nordborg Kiær,SF - Socialistisk Folkeparti,Københavns Storkreds,Hovedstaden,Alle,,1128,1128,,,3,,False
Halime Oguz,SF - Socialistisk Folkeparti,Københavns Storkreds,Hovedstaden,Alle,,1567,1567,,,1,,False
Rune Palm,SF - Socialistisk Folkeparti,Københavns Storkreds,Hovedstaden,Alle,,801,801,,,5,,False
Carl Valentin,SF - Socialistisk Folkeparti,Københavns Storkreds,Hovedstaden,Alle,,3271,3271,3K,3,,K,True
Bjarke Bisgaard Yolal,SF - Socialistisk Folkeparti,Københavns Storkreds,Hovedstaden,Alle,,129,129,,,7,,False
Sigurd Agersnap,SF - Socialistisk Folkeparti,Københavns Omegns Storkreds,Hovedstaden,Alle,3,3546,3546,1K,1,,K,True
Helene Brochmann,SF - Socialistisk Folkeparti,Københavns Omegns Storkreds,Hovedstaden,Alle,1,787,787,,,3,,False
Taner Genc,SF - Socialistisk Folkeparti,Københavns Omegns Storkreds,Hovedstaden,Alle,8,576,576,,,4,,False
Niels Haxthausen,SF - Socialistisk Folkeparti,Københavns Omegns Storkreds,Hovedstaden,Alle,2,311,311,,,5,,False
Vivi Nør Jacobsen,SF - Socialistisk Folkeparti,Københavns Omegns Storkreds,Hovedstaden,Alle,7,2506,2506,,,1,,False
Troels Stru Schmidt,SF - Socialistisk Folkeparti,Københavns Omegns Storkreds,Hovedstaden,Alle,4,903,903,,,2,,False
Alexander Bruhn Skjøth,SF - Socialistisk Folkeparti,Københavns Omegns Storkreds,Hovedstaden,Alle,6,263,263,,,6,,False
Sofie F. Villadsen,SF - Socialistisk Folkeparti,Københavns Omegns Storkreds,Hovedstaden,Alle,5,3349,3349,2K,2,,K,True
Marianne Bigum,SF - Socialistisk Folkeparti,Nordsjællands Storkreds,Hovedstaden,Alle,,2384,2384,1T,1,,T,True
Elias Julius Binggeli,SF - Socialistisk Folkeparti,Nordsjællands Storkreds,Hovedstaden,Alle,,189,189,,,6,,False
Jacob Mark,SF - Socialistisk Folkeparti,Nordsjællands Storkreds,Hovedstaden,Alle,Alle,12139,12139,1K,1,,K,True
Stina Egedius Miller,SF - Socialistisk Folkeparti,Nordsjællands Storkreds,Hovedstaden,Alle,,444,444,,,4,,False
Emil Nielsen,SF - Socialistisk Folkeparti,Nordsjællands Storkreds,Hovedstaden,Alle,,1590,1590,,,1,,False
Anna Poulsen,SF - Socialistisk Folkeparti,Nordsjællands Storkreds,Hovedstaden,Alle,,776,776,,,3,,False
Anja Rosengreen,SF - Socialistisk Folkeparti,Nordsjællands Storkreds,Hovedstaden,Alle,,1287,1287,,,2,,False
Jens Skov,SF - Socialistisk Folkeparti,Nordsjællands Storkreds,Hovedstaden,Alle,,327,327,,,5,,False
Sofie Christiansen,SF - Socialistisk Folkeparti,Bornholms Storkreds,Hovedstaden,1,,1020,266,,,2,,False
Sebastian Bloch Jensen,SF - Socialistisk Folkeparti,Bornholms Storkreds,Hovedstaden,2,,1744,1059,,,1,,False
Jeanne Bergmansen,SF - Socialistisk Folkeparti,Sjællands Storkreds,Sjælland-Syddanmark,Alle,,659,659,,,7,,False
Anne Valentina Berthelsen,SF - Socialistisk Folkeparti,Sjællands Storkreds,Sjælland-Syddanmark,Alle,,1782,1782,3K,3,,K,True
Astrid Carøe,SF - Socialistisk Folkeparti,Sjællands Storkreds,Sjælland-Syddanmark,Alle,,1895,1895,2K,2,,K,True
Pia Olsen Dyhr,SF - Socialistisk Folkeparti,Sjællands Storkreds,Sjælland-Syddanmark,Alle,Alle,29344,29344,1K,1,,K,True
Michael Graakjær,SF - Socialistisk Folkeparti,Sjællands Storkreds,Sjælland-Syddanmark,Alle,,128,128,,,9,,False
Jesper Hartøft,SF - Socialistisk Folkeparti,Sjællands Storkreds,Sjælland-Syddanmark,Alle,,551,551,,,8,,False
Claus Jørgensen,SF - Socialistisk Folkeparti,Sjællands Storkreds,Sjælland-Syddanmark,Alle,,1125,1125,,,2,,False
Martin Graff Jørgensen,SF - Socialistisk Folkeparti,Sjællands Storkreds,Sjælland-Syddanmark,Alle,,836,836,,,5,,False
Joan Kragh,SF - Socialistisk Folkeparti,Sjællands Storkreds,Sjælland-Syddanmark,Alle,,667,667,,,6,,False
Mads Olsen,SF - Socialistisk Folkeparti,Sjællands Storkreds,Sjælland-Syddanmark,Alle,,1315,1315,,,1,,False
Kristine Amalie Rostgård,SF - Socialistisk Folkeparti,Sjællands Storkreds,Sjælland-Syddanmark,Alle,,1014,1014,,,4,,False
Ali Yahya,SF - Socialistisk Folkeparti,Sjællands Storkreds,Sjælland-Syddanmark,Alle,,1102,1102,,,3,,False
Laura Elise Andersen-Mühl,SF - Socialistisk Folkeparti,Fyns Storkreds,Sjælland-Syddanmark,Alle,,835,835,,,2,,False
Linda Bollerup,SF - Socialistisk Folkeparti,Fyns Storkreds,Sjælland-Syddanmark,Alle,,541,541,,,5,,False
Charlotte Ellenberger,SF - Socialistisk Folkeparti,Fyns Storkreds,Sjælland-Syddanmark,Alle,,431,431,,,7,,False
Suzette Frovin,SF - Socialistisk Folkeparti,Fyns Storkreds,Sjælland-Syddanmark,Alle,,1486,1486,,,1,,False
Karsten Hønge,SF - Socialistisk Folkeparti,Fyns Storkreds,Sjælland-Syddanmark,Alle,,5373,5373,1K,1,,K,True
Lise Müller,SF - Socialistisk Folkeparti,Fyns Storkreds,Sjælland-Syddanmark,Alle,Alle,4732,4732,2K,2,,K,True
Lars Nissen,SF - Socialistisk Folkeparti,Fyns Storkreds,Sjælland-Syddanmark,Alle,,475,475,,,6,,False
Simon Meyer Off,SF - Socialistisk Folkeparti,Fyns Storkreds,Sjælland-Syddanmark,Alle,,645,645,,,3,,False
Johannes Skov Pedersen,SF - Socialistisk Folkeparti,Fyns Storkreds,Sjælland-Syddanmark,Alle,,197,197,,,9,,False
Nynne Printz,SF - Socialistisk Folkeparti,Fyns Storkreds,Sjælland-Syddanmark,Alle,,234,234,,,8,,False
Anna Katrine Leth Rehn,SF - Socialistisk Folkeparti,Fyns Storkreds,Sjælland-Syddanmark,Alle,,606,606,,,4,,False
Timm Bøttger,SF - Socialistisk Folkeparti,Sydjyllands Storkreds,Sjælland-Syddanmark,Alle,,379,379,,,6,,False
Christian Mutwa Christensen,SF - Socialistisk Folkeparti,Sydjyllands Storkreds,Sjælland-Syddanmark,Alle,,440,440,,,5,,False
Karina Lorentzen Dehnhardt,SF - Socialistisk Folkeparti,Sydjyllands Storkreds,Sjælland-Syddanmark,Alle,"1,2,8,9,10,11,12,13",8246,8246,1K,1,,K,True
Magnus Flensborg,SF - Socialistisk Folkeparti,Sydjyllands Storkreds,Sjælland-Syddanmark,Alle,,592,592,,,3,,False
Milo Gaarde,SF - Socialistisk Folkeparti,Sydjyllands Storkreds,Sjælland-Syddanmark,Alle,,922,922,,,1,,False
Ina Juul Jensen,SF - Socialistisk Folkeparti,Sydjyllands Storkreds,Sjælland-Syddanmark,Alle,,868,868,,,2,,False
Jørgen Kvist,SF - Socialistisk Folkeparti,Sydjyllands Storkreds,Sjælland-Syddanmark,Alle,"3,4,5,6,7",1197,1197,2K,2,,K,True
Susanne Blegvad Posselt,SF - Socialistisk Folkeparti,Sydjyllands Storkreds,Sjælland-Syddanmark,Alle,,310,310,,,7,,False
Sofus Teislev,SF - Socialistisk Folkeparti,Sydjyllands Storkreds,Sjælland-Syddanmark,Alle,,471,471,,,4,,False
Paw Hedegaard Amdisen,SF - Socialistisk Folkeparti,Østjyllands Storkreds,Midtjylland-Nordjylland,Alle,,1384,1384,,,3,,False
Kirsten Normann Andersen,SF - Socialistisk Folkeparti,Østjyllands Storkreds,Midtjylland-Nordjylland,Alle,Alle,9526,9526,1K,1,,K,True
Anna Brændemose,SF - Socialistisk Folkeparti,Østjyllands Storkreds,Midtjylland-Nordjylland,Alle,,2013,2013,,,2,,False
Morten Siig Henriksen,SF - Socialistisk Folkeparti,Østjyllands Storkreds,Midtjylland-Nordjylland,Alle,,644,644,,,6,,False
Sofie Lippert,SF - Socialistisk Folkeparti,Østjyllands Storkreds,Midtjylland-Nordjylland,Alle,,4516,4516,2K,2,,K,True
Rasmus T. Mortensen,SF - Socialistisk Folkeparti,Østjyllands Storkreds,Midtjylland-Nordjylland,Alle,,550,550,,,7,,False
Charlotte Broman Mølbæk,SF - Socialistisk Folkeparti,Østjyllands Storkreds,Midtjylland-Nordjylland,Alle,,4356,4356,3K,3,,K,True
Carina Sarkkinen,SF - Socialistisk Folkeparti,Østjyllands Storkreds,Midtjylland-Nordjylland,Alle,,861,861,,,5,,False
Søren Lahn Sloth,SF - Socialistisk Folkeparti,Østjyllands Storkreds,Midtjylland-Nordjylland,Alle,,883,883,,,4,,False
Charlotte Vindeløv,SF - Socialistisk Folkeparti,Østjyllands Storkreds,Midtjylland-Nordjylland,Alle,,2248,2248,,,1,,False
Nils Brøgger,SF - Socialistisk Folkeparti,Vestjyllands Storkreds,Midtjylland-Nordjylland,Alle,,1898,1898,,,1,,False
Anders Bøge,SF - Socialistisk Folkeparti,Vestjyllands Storkreds,Midtjylland-Nordjylland,Alle,,492,492,,,4,,False
Emma Thorup Jacobsen,SF - Socialistisk Folkeparti,Vestjyllands Storkreds,Midtjylland-Nordjylland,Alle,,655,655,,,2,,False
Niels Kristian Larsen,SF - Socialistisk Folkeparti,Vestjyllands Storkreds,Midtjylland-Nordjylland,Alle,,648,648,,,3,,False
Signe Munk,SF - Socialistisk Folkeparti,Vestjyllands Storkreds,Midtjylland-Nordjylland,Alle,Alle,13806,13806,1K,1,,K,True
Bente Refslund,SF - Socialistisk Folkeparti,Vestjyllands Storkreds,Midtjylland-Nordjylland,Alle,,472,472,,,5,,False
Melina Andersen,SF - Socialistisk Folkeparti,Nordjyllands Storkreds,Midtjylland-Nordjylland,Alle,7,2330,2330,,,1,,False
Theresa Berg Andersen,SF - Socialistisk Folkeparti,Nordjyllands Storkreds,Midtjylland-Nordjylland,Alle,5,4623,4623,1K,1,,K,True
Morten Bo Bertelsen,SF - Socialistisk Folkeparti,Nordjyllands Storkreds,Midtjylland-Nordjylland,Alle,4,772,772,,,3,,False
Benjamin Christensen,SF - Socialistisk Folkeparti,Nordjyllands Storkreds,Midtjylland-Nordjylland,Alle,8,991,991,,,2,,False
Henning Jørgensen,SF - Socialistisk Folkeparti,Nordjyllands Storkreds,Midtjylland-Nordjylland,Alle,3,183,183,,,6,,False
Thomas Kjeldsen,SF - Socialistisk Folkeparti,Nordjyllands Storkreds,Midtjylland-Nordjylland,Alle,9,103,103,,,7,,False
Peder Larsen,SF - Socialistisk Folkeparti,Nordjyllands Storkreds,Midtjylland-Nordjylland,Alle,6,602,602,,,4,,False
Christina Lykke,SF - Socialistisk Folkeparti,Nordjyllands Storkreds,Midtjylland-Nordjylland,Alle,1,3260,3260,1T,1,,T,True
Dorte M. Nielsen,SF - Socialistisk Folkeparti,Nordjyllands Storkreds,Midtjylland-Nordjylland,Alle,2,458,458,,,5,,False
Rikke Hansen,Borgernes Parti - Lars Boje Mathiesen,Københavns Storkreds,Hovedstaden,Alle,Alle,284,284,,,1,,False
Flemming Steenlykke,Borgernes Parti - Lars Boje Mathiesen,Københavns Storkreds,Hovedstaden,Alle,,203,203,,,2,,False
Morten Dehn,Borgernes Parti - Lars Boje Mathiesen,Københavns Omegns Storkreds,Hovedstaden,Alle,Alle,260,260,,,1,,False
Søren T. Fugleberg,Borgernes Parti - Lars Boje Mathiesen,Københavns Omegns Storkreds,Hovedstaden,Alle,,44,44,,,5,,False
Mathias Fuglsang,Borgernes Parti - Lars Boje Mathiesen,Københavns Omegns Storkreds,Hovedstaden,Alle,,207,207,,,2,,False
Frederik Lundberg,Borgernes Parti - Lars Boje Mathiesen,Københavns Omegns Storkreds,Hovedstaden,Alle,,97,97,,,3,,False
Allan Orland,Borgernes Parti - Lars Boje Mathiesen,Københavns Omegns Storkreds,Hovedstaden,Alle,,75,75,,,4,,False
Peter Faber,Borgernes Parti - Lars Boje Mathiesen,Nordsjællands Storkreds,Hovedstaden,Alle,"2,4,5,6",302,302,,,1,,False
Martin Nordstjerne,Borgernes Parti - Lars Boje Mathiesen,Nordsjællands Storkreds,Hovedstaden,Alle,1,298,298,,,2,,False
Emilie Schytte,Borgernes Parti - Lars Boje Mathiesen,Nordsjællands Storkreds,Hovedstaden,Alle,3,533,533,1T,1,,T,True
Charlotte Friberg Henriksen,Borgernes Parti - Lars Boje Mathiesen,Bornholms Storkreds,Hovedstaden,Alle,,421,28,,,1,,False
John Bo Hansen,Borgernes Parti - Lars Boje Mathiesen,Sjællands Storkreds,Sjælland-Syddanmark,Alle,"1,2",152,152,,,3,,False
Jacob Harris,Borgernes Parti - Lars Boje Mathiesen,Sjællands Storkreds,Sjælland-Syddanmark,Alle,"3,4,7,8,9,10,11,12",2307,2307,1T,1,,T,True
Tim Larsen,Borgernes Parti - Lars Boje Mathiesen,Sjællands Storkreds,Sjælland-Syddanmark,Alle,5,319,319,,,2,,False
Sanne Pilgaard,Borgernes Parti - Lars Boje Mathiesen,Sjællands Storkreds,Sjælland-Syddanmark,Alle,6,586,586,,,1,,False
Anja Busch,Borgernes Parti - Lars Boje Mathiesen,Fyns Storkreds,Sjælland-Syddanmark,Alle,,190,190,,,3,,False
Allan Holm,Borgernes Parti - Lars Boje Mathiesen,Fyns Storkreds,Sjælland-Syddanmark,Alle,Alle,591,591,,,1,,False
Daniel Juhl,Borgernes Parti - Lars Boje Mathiesen,Fyns Storkreds,Sjælland-Syddanmark,Alle,,152,152,,,4,,False
Charlotte Møller-Madsen,Borgernes Parti - Lars Boje Mathiesen,Fyns Storkreds,Sjælland-Syddanmark,Alle,,351,351,,,2,,False
Karsten Byrgesen,Borgernes Parti - Lars Boje Mathiesen,Sydjyllands Storkreds,Sjælland-Syddanmark,Alle,"2,3,4,5,6,7,8,9,10,11",556,556,,,1,,False
Jan Køpke Christensen,Borgernes Parti - Lars Boje Mathiesen,Sydjyllands Storkreds,Sjælland-Syddanmark,Alle,,507,507,,,3,,False
Jørn Dohrmann,Borgernes Parti - Lars Boje Mathiesen,Sydjyllands Storkreds,Sjælland-Syddanmark,Alle,12,527,527,,,2,,False
Nadja Natalie Isaksen,Borgernes Parti - Lars Boje Mathiesen,Sydjyllands Storkreds,Sjælland-Syddanmark,Alle,"1,13",1301,1301,1T,1,,T,True
Viviane Ellasofie Karlsen,Borgernes Parti - Lars Boje Mathiesen,Østjyllands Storkreds,Midtjylland-Nordjylland,Alle,,239,239,,,1,,False
Lars Boje Mathiesen,Borgernes Parti - Lars Boje Mathiesen,Østjyllands Storkreds,Midtjylland-Nordjylland,Alle,Alle,8408,8408,1T,1,,T,True
Michael Bang Pedersen,Borgernes Parti - Lars Boje Mathiesen,Østjyllands Storkreds,Midtjylland-Nordjylland,Alle,,30,30,,,2,,False
Maria Enemark,Borgernes Parti - Lars Boje Mathiesen,Vestjyllands Storkreds,Midtjylland-Nordjylland,Alle,,321,321,,,3,,False
Helge K. Frandsen,Borgernes Parti - Lars Boje Mathiesen,Vestjyllands Storkreds,Midtjylland-Nordjylland,Alle,Alle,837,837,,,1,,False
Jes Halfdan,Borgernes Parti - Lars Boje Mathiesen,Vestjyllands Storkreds,Midtjylland-Nordjylland,Alle,,729,729,,,2,,False
John Bjerg,Borgernes Parti - Lars Boje Mathiesen,Nordjyllands Storkreds,Midtjylland-Nordjylland,Alle,"1,2,3,9",553,553,,,1,,False
Niels Christensen,Borgernes Parti - Lars Boje Mathiesen,Nordjyllands Storkreds,Midtjylland-Nordjylland,Alle,"4,5,6,7,8",351,351,,,3,,False
Arne Hyldgaard,Borgernes Parti - Lars Boje Mathiesen,Nordjyllands Storkreds,Midtjylland-Nordjylland,Alle,,236,236,,,5,,False
Paulina Laparil,Borgernes Parti - Lars Boje Mathiesen,Nordjyllands Storkreds,Midtjylland-Nordjylland,Alle,,292,292,,,4,,False
Ib Poulsen,Borgernes Parti - Lars Boje Mathiesen,Nordjyllands Storkreds,Midtjylland-Nordjylland,Alle,,372,372,,,2,,False
Per Nørgaard Andersen,Liberal Alliance,Københavns Storkreds,Hovedstaden,Alle,,149,149,,,5,,False
Laura Emilie Fabricius-Lauritzen,Liberal Alliance,Københavns Storkreds,Hovedstaden,Alle,,279,279,,,3,,False
Torben Guldbæk,Liberal Alliance,Københavns Storkreds,Hovedstaden,Alle,,50,50,,,7,,False
Charlotte Nellemann,Liberal Alliance,Københavns Storkreds,Hovedstaden,Alle,,191,191,,,4,,False
Ole Birk Olesen,Liberal Alliance,Københavns Storkreds,Hovedstaden,Alle,"1,3,5,6,7,8,10,11",2886,2886,1T,1,,T,True
Line Østergaard Olsen,Liberal Alliance,Københavns Storkreds,Hovedstaden,Alle,,143,143,,,6,,False
Merete Riisager,Liberal Alliance,Københavns Storkreds,Hovedstaden,Alle,,1656,1656,,,2,,False
Alexander Ryle,Liberal Alliance,Københavns Storkreds,Hovedstaden,Alle,,1984,1984,,,1,,False
Mads Strange,Liberal Alliance,Københavns Storkreds,Hovedstaden,Alle,"2,4,9,12",4488,4488,1K,1,,K,True
Hanne Bjørn,Liberal Alliance,Københavns Omegns Storkreds,Hovedstaden,Alle,,378,378,,,3,,False
Freja Brandhøj,Liberal Alliance,Københavns Omegns Storkreds,Hovedstaden,Alle,"1,2,3",1566,1566,1K,1,,K,True
Patrizia Venturelli Christensen,Liberal Alliance,Københavns Omegns Storkreds,Hovedstaden,Alle,,467,467,,,2,,False
Frank Clausen,Liberal Alliance,Københavns Omegns Storkreds,Hovedstaden,Alle,,218,218,,,5,,False
David Ibsen,Liberal Alliance,Københavns Omegns Storkreds,Hovedstaden,Alle,,72,72,,,7,,False
Jonas Juhl,Liberal Alliance,Københavns Omegns Storkreds,Hovedstaden,Alle,"4,5,6,7,8",813,813,,,1,,False
Jacqueline Kristensen,Liberal Alliance,Københavns Omegns Storkreds,Hovedstaden,Alle,,169,169,,,6,,False
Michael Melchert,Liberal Alliance,Københavns Omegns Storkreds,Hovedstaden,Alle,,331,331,,,4,,False
Chelle Lilly Albøge,Liberal Alliance,Nordsjællands Storkreds,Hovedstaden,Alle,,1809,1809,,,1,,False
Christopher Arzrouni,Liberal Alliance,Nordsjællands Storkreds,Hovedstaden,Alle,"1,3,4",1334,1334,,,2,,False
Kira Danholm,Liberal Alliance,Nordsjællands Storkreds,Hovedstaden,Alle,,157,157,,,6,,False
Steffen W. Frølund,Liberal Alliance,Nordsjællands Storkreds,Hovedstaden,Alle,"2,5,6",1868,1868,1K,1,,K,True
Lars Høyer Holmqvist,Liberal Alliance,Nordsjællands Storkreds,Hovedstaden,Alle,,800,800,,,3,,False
Johannes Joyce,Liberal Alliance,Nordsjællands Storkreds,Hovedstaden,Alle,,27,27,,,10,,False
Robert Mørck,Liberal Alliance,Nordsjællands Storkreds,Hovedstaden,Alle,,190,190,,,5,,False
Steffen Sjørslev,Liberal Alliance,Nordsjællands Storkreds,Hovedstaden,Alle,,92,92,,,8,,False
Philip Solberg,Liberal Alliance,Nordsjællands Storkreds,Hovedstaden,Alle,,365,365,,,4,,False
Sten Schmidl Søbjærg,Liberal Alliance,Nordsjællands Storkreds,Hovedstaden,Alle,,78,78,,,9,,False
Steen Tofteng,Liberal Alliance,Nordsjællands Storkreds,Hovedstaden,Alle,,94,94,,,7,,False
Eik Dahl Bidstrup,Liberal Alliance,Bornholms Storkreds,Hovedstaden,Alle,,1200,148,,,1,,False
Lars-Christian Brask,Liberal Alliance,Sjællands Storkreds,Sjælland-Syddanmark,Alle,"6,7,8",1691,1691,2K,2,,K,True
Mads Brenøe,Liberal Alliance,Sjællands Storkreds,Sjælland-Syddanmark,Alle,,437,437,,,2,,False
Henrik B. Dynesen,Liberal Alliance,Sjællands Storkreds,Sjælland-Syddanmark,Alle,,75,75,,,13,,False
Steffen Friis,Liberal Alliance,Sjællands Storkreds,Sjælland-Syddanmark,Alle,,92,92,,,11,,False
Frederik Grünfeld,Liberal Alliance,Sjællands Storkreds,Sjælland-Syddanmark,Alle,,351,351,,,3,,False
Elva Bille Klem,Liberal Alliance,Sjællands Storkreds,Sjælland-Syddanmark,Alle,,56,56,,,14,,False
Frederik Max Krag,Liberal Alliance,Sjællands Storkreds,Sjælland-Syddanmark,Alle,,26,26,,,17,,False
Ulrik Lassen,Liberal Alliance,Sjællands Storkreds,Sjælland-Syddanmark,Alle,,155,155,,,8,,False
Julie Memborg,Liberal Alliance,Sjællands Storkreds,Sjælland-Syddanmark,Alle,,299,299,,,4,,False
Susan H. Møller,Liberal Alliance,Sjællands Storkreds,Sjælland-Syddanmark,Alle,,33,33,,,16,,False
Nikolaj Brink Olsen,Liberal Alliance,Sjællands Storkreds,Sjælland-Syddanmark,Alle,,93,93,,,10,,False
Martin Mickey Pedersen,Liberal Alliance,Sjællands Storkreds,Sjælland-Syddanmark,Alle,,97,97,,,9,,False
Brian Prehn,Liberal Alliance,Sjællands Storkreds,Sjælland-Syddanmark,Alle,,44,44,,,15,,False
Carsten Abildtrup Ranum,Liberal Alliance,Sjællands Storkreds,Sjælland-Syddanmark,Alle,,82,82,,,12,,False
Michael Rask,Liberal Alliance,Sjællands Storkreds,Sjælland-Syddanmark,Alle,,243,243,,,5,,False
Joachim Riis,Liberal Alliance,Sjællands Storkreds,Sjælland-Syddanmark,Alle,"1,2,3,4,5",965,965,1T,1,,T,True
Nicolai Sandager,Liberal Alliance,Sjællands Storkreds,Sjælland-Syddanmark,Alle,,172,172,,,7,,False
Kasper Schneider,Liberal Alliance,Sjællands Storkreds,Sjælland-Syddanmark,Alle,,878,878,,,1,,False
Sandra Skalvig,Liberal Alliance,Sjællands Storkreds,Sjælland-Syddanmark,Alle,,191,191,,,6,,False
Pernille Vermund,Liberal Alliance,Sjællands Storkreds,Sjælland-Syddanmark,Alle,"9,10,11,12",5751,5751,1K,1,,K,True
Katrine Daugaard,Liberal Alliance,Fyns Storkreds,Sjælland-Syddanmark,Alle,"1,2,3",2375,2375,1K,1,,K,True
Thomas Estrup,Liberal Alliance,Fyns Storkreds,Sjælland-Syddanmark,Alle,,142,142,,,4,,False
Malte Jäger,Liberal Alliance,Fyns Storkreds,Sjælland-Syddanmark,Alle,"4,5,6,7,8",1656,1656,,,1,,False
Araz Khan,Liberal Alliance,Fyns Storkreds,Sjælland-Syddanmark,Alle,,978,978,,,3,,False
Martin Lissner,Liberal Alliance,Fyns Storkreds,Sjælland-Syddanmark,Alle,,101,101,,,6,,False
Pia Offer Madsen,Liberal Alliance,Fyns Storkreds,Sjælland-Syddanmark,Alle,,1573,1573,,,2,,False
Tonny Vest,Liberal Alliance,Fyns Storkreds,Sjælland-Syddanmark,Alle,,79,79,,,7,,False
Gustav Wilde,Liberal Alliance,Fyns Storkreds,Sjælland-Syddanmark,Alle,,118,118,,,5,,False
Carl Andersen,Liberal Alliance,Sydjyllands Storkreds,Sjælland-Syddanmark,Alle,,1106,1106,,,3,,False
Helena Artmann Andresen,Liberal Alliance,Sydjyllands Storkreds,Sjælland-Syddanmark,Alle,"1,2,3,13",2387,2387,2K,2,,K,True
Cecilie Liv Hansen,Liberal Alliance,Sydjyllands Storkreds,Sjælland-Syddanmark,Alle,,2569,2569,1K,1,,K,True
Kim Alexander Jensen,Liberal Alliance,Sydjyllands Storkreds,Sjælland-Syddanmark,Alle,"4,5,6,7",903,903,,,4,,False
Christian Jørgensen,Liberal Alliance,Sydjyllands Storkreds,Sjælland-Syddanmark,Alle,,498,498,,,5,,False
Frederik Klakk,Liberal Alliance,Sydjyllands Storkreds,Sjælland-Syddanmark,Alle,,1738,1738,,,1,,False
Steffen Larsen,Liberal Alliance,Sydjyllands Storkreds,Sjælland-Syddanmark,Alle,"8,9,10,11,12",1593,1593,,,2,,False
Helene Lykke,Liberal Alliance,Sydjyllands Storkreds,Sjælland-Syddanmark,Alle,,351,351,,,7,,False
Christian Fini Mosegaard,Liberal Alliance,Sydjyllands Storkreds,Sjælland-Syddanmark,Alle,,96,96,,,9,,False
John Rasmussen,Liberal Alliance,Sydjyllands Storkreds,Sjælland-Syddanmark,Alle,,155,155,,,8,,False
Troels Simonsen,Liberal Alliance,Sydjyllands Storkreds,Sjælland-Syddanmark,Alle,,446,446,,,6,,False
Lars Abildskov,Liberal Alliance,Østjyllands Storkreds,Midtjylland-Nordjylland,Alle,,177,177,,,5,,False
Louise Brown,Liberal Alliance,Østjyllands Storkreds,Midtjylland-Nordjylland,Alle,"9,10,11",992,992,,,1,,False
Chris Hvidberg,Liberal Alliance,Østjyllands Storkreds,Midtjylland-Nordjylland,Alle,,285,285,,,3,,False
Søren Jensen,Liberal Alliance,Østjyllands Storkreds,Midtjylland-Nordjylland,Alle,,157,157,,,6,,False
Michael Klausen,Liberal Alliance,Østjyllands Storkreds,Midtjylland-Nordjylland,Alle,,79,79,,,8,,False
Jens Meilvang,Liberal Alliance,Østjyllands Storkreds,Midtjylland-Nordjylland,Alle,"5,6,7,8",2385,2385,2K,2,,K,True
Kim Møller-Nielsen,Liberal Alliance,Østjyllands Storkreds,Midtjylland-Nordjylland,Alle,,473,473,,,2,,False
Niels Povlsgaard,Liberal Alliance,Østjyllands Storkreds,Midtjylland-Nordjylland,Alle,,88,88,,,7,,False
Louise Svenstrup,Liberal Alliance,Østjyllands Storkreds,Midtjylland-Nordjylland,Alle,,206,206,,,4,,False
Alex Vanopslagh,Liberal Alliance,Østjyllands Storkreds,Midtjylland-Nordjylland,Alle,"1,2,3,4",38487,38487,1K,1,,K,True
Carsten Bach,Liberal Alliance,Vestjyllands Storkreds,Midtjylland-Nordjylland,Alle,"5,6,7,8,9",2315,2315,1K,1,,K,True
Ragnar Dixen,Liberal Alliance,Vestjyllands Storkreds,Midtjylland-Nordjylland,Alle,,685,685,,,2,,False
Thorbjørn Jacobsen,Liberal Alliance,Vestjyllands Storkreds,Midtjylland-Nordjylland,Alle,"1,10,11",1836,1836,1T,1,,T,True
Helle Jensen,Liberal Alliance,Vestjyllands Storkreds,Midtjylland-Nordjylland,Alle,"2,3,4",1487,1487,,,1,,False
Iben Forum Jeppesen,Liberal Alliance,Vestjyllands Storkreds,Midtjylland-Nordjylland,Alle,,81,81,,,8,,False
Keld Lorenzen,Liberal Alliance,Vestjyllands Storkreds,Midtjylland-Nordjylland,Alle,,278,278,,,4,,False
Svend Stein Olsen,Liberal Alliance,Vestjyllands Storkreds,Midtjylland-Nordjylland,Alle,,111,111,,,6,,False
Kevin Possekel,Liberal Alliance,Vestjyllands Storkreds,Midtjylland-Nordjylland,Alle,,71,71,,,9,,False
Annette Sofia Skotte,Liberal Alliance,Vestjyllands Storkreds,Midtjylland-Nordjylland,Alle,,89,89,,,7,,False
Steffen Troldtoft,Liberal Alliance,Vestjyllands Storkreds,Midtjylland-Nordjylland,Alle,,132,132,,,5,,False
Michael Valbjørn,Liberal Alliance,Vestjyllands Storkreds,Midtjylland-Nordjylland,Alle,,636,636,,,3,,False
Claus Beck,Liberal Alliance,Nordjyllands Storkreds,Midtjylland-Nordjylland,Alle,,219,219,,,7,,False
HP Beck,Liberal Alliance,Nordjyllands Storkreds,Midtjylland-Nordjylland,Alle,"1,2,3",992,992,,,1,,False
Thomas Christiansen,Liberal Alliance,Nordjyllands Storkreds,Midtjylland-Nordjylland,Alle,,48,48,,,15,,False
Kim Gaarsdahl,Liberal Alliance,Nordjyllands Storkreds,Midtjylland-Nordjylland,Alle,,102,102,,,10,,False
Kenneth Skatka Hammer,Liberal Alliance,Nordjyllands Storkreds,Midtjylland-Nordjylland,Alle,"4,5,6",382,382,,,4,,False
Anders Peter Hansen,Liberal Alliance,Nordjyllands Storkreds,Midtjylland-Nordjylland,Alle,,245,245,,,5,,False
Mark Hellerup,Liberal Alliance,Nordjyllands Storkreds,Midtjylland-Nordjylland,Alle,,172,172,,,8,,False
Thomas Heuniche,Liberal Alliance,Nordjyllands Storkreds,Midtjylland-Nordjylland,Alle,,48,48,,,14,,False
Sólbjørg Jakobsen,Liberal Alliance,Nordjyllands Storkreds,Midtjylland-Nordjylland,Alle,"7,8,9",7618,7618,1K,1,,K,True
Kresten Solvang Larsen,Liberal Alliance,Nordjyllands Storkreds,Midtjylland-Nordjylland,Alle,,64,64,,,12,,False
Peter Larsen,Liberal Alliance,Nordjyllands Storkreds,Midtjylland-Nordjylland,Alle,,1493,1493,1T,1,,T,True
Jimmy Abel Nielsen,Liberal Alliance,Nordjyllands Storkreds,Midtjylland-Nordjylland,Alle,,59,59,,,13,,False
Rikke Olssen,Liberal Alliance,Nordjyllands Storkreds,Midtjylland-Nordjylland,Alle,,137,137,,,9,,False
Frederik Blicher Pedersen,Liberal Alliance,Nordjyllands Storkreds,Midtjylland-Nordjylland,Alle,,40,40,,,16,,False
Bo Ritterbusch,Liberal Alliance,Nordjyllands Storkreds,Midtjylland-Nordjylland,Alle,,588,588,,,2,,False
Dan Gaardboe Rueskov,Liberal Alliance,Nordjyllands Storkreds,Midtjylland-Nordjylland,Alle,,75,75,,,11,,False
Sara Tvilling,Liberal Alliance,Nordjyllands Storkreds,Midtjylland-Nordjylland,Alle,,406,406,,,3,,False
Lukas Vestergaard,Liberal Alliance,Nordjyllands Storkreds,Midtjylland-Nordjylland,Alle,,236,236,,,6,,False
Ellen Emilie,Moderaterne,Københavns Storkreds,Hovedstaden,Alle,,1175,1175,1T,1,,T,True
Jakob Engel-Schmidt,Moderaterne,Københavns Storkreds,Hovedstaden,Alle,"1,2,3,4,7,8,10,11,12",8132,8132,1K,1,,K,True
Nanna W. Gotfredsen,Moderaterne,Københavns Storkreds,Hovedstaden,Alle,"5,6,9",1091,1091,,,1,,False
Lisbeth Dam Larsen,Moderaterne,Københavns Storkreds,Hovedstaden,Alle,,382,382,,,4,,False
Ali Qais,Moderaterne,Københavns Storkreds,Hovedstaden,Alle,,1024,1024,,,2,,False
Mads Sebbelov,Moderaterne,Københavns Storkreds,Hovedstaden,Alle,,790,790,,,3,,False
Zishan Ali,Moderaterne,Københavns Omegns Storkreds,Hovedstaden,Alle,,874,874,,,2,,False
Betina Asbæk,Moderaterne,Københavns Omegns Storkreds,Hovedstaden,Alle,,691,691,,,3,,False
Dorthe Beck-Nyling,Moderaterne,Københavns Omegns Storkreds,Hovedstaden,Alle,,350,350,,,4,,False
Karan Khosla,Moderaterne,Københavns Omegns Storkreds,Hovedstaden,Alle,,224,224,,,6,,False
Özkan Kocak,Moderaterne,Københavns Omegns Storkreds,Hovedstaden,Alle,"6,7,8",1151,1151,,,1,,False
Frederik Lau Petersen,Moderaterne,Københavns Omegns Storkreds,Hovedstaden,Alle,,225,225,,,5,,False
Monika Rubin,Moderaterne,Københavns Omegns Storkreds,Hovedstaden,Alle,"1,2,3,4,5",4633,4633,1K,1,,K,True
Pernille Christensen,Moderaterne,Nordsjællands Storkreds,Hovedstaden,Alle,,885,885,1T,1,,T,True
Charlotte Haagendrup,Moderaterne,Nordsjællands Storkreds,Hovedstaden,Alle,,865,865,,,1,,False
Ayhan Kilic,Moderaterne,Nordsjællands Storkreds,Hovedstaden,Alle,,763,763,,,2,,False
Rasmus Lund-Nielsen,Moderaterne,Nordsjællands Storkreds,Hovedstaden,Alle,Alle,3574,3574,1K,1,,K,True
Andreas Raben,Moderaterne,Nordsjællands Storkreds,Hovedstaden,Alle,,322,322,,,3,,False
Lasse Oszadlik,Moderaterne,Bornholms Storkreds,Hovedstaden,Alle,,17,17,,,2,,False
Kirstine van Sabben,Moderaterne,Bornholms Storkreds,Hovedstaden,Alle,Alle,600,600,,,1,,False
Charlotte Bagge,Moderaterne,Sjællands Storkreds,Sjælland-Syddanmark,Alle,"1,2,3",1909,1909,2K,2,,K,True
Jan Carlsen,Moderaterne,Sjællands Storkreds,Sjælland-Syddanmark,Alle,,187,187,,,6,,False
Mogens Haugaard,Moderaterne,Sjællands Storkreds,Sjælland-Syddanmark,Alle,,330,330,,,1,,False
Frida Qvist Kristensen,Moderaterne,Sjællands Storkreds,Sjælland-Syddanmark,Alle,,214,214,,,5,,False
Mia Linda Møller,Moderaterne,Sjællands Storkreds,Sjælland-Syddanmark,Alle,,322,322,,,2,,False
Kasper Nygaard,Moderaterne,Sjællands Storkreds,Sjælland-Syddanmark,Alle,,220,220,,,4,,False
Brian Perri,Moderaterne,Sjællands Storkreds,Sjælland-Syddanmark,Alle,,234,234,,,3,,False
Lars Løkke Rasmussen,Moderaterne,Sjællands Storkreds,Sjælland-Syddanmark,Alle,"4,5,6,7,8,9,10,11,12",34636,34636,1K,1,,K,True
Rosa Eriksen,Moderaterne,Fyns Storkreds,Sjælland-Syddanmark,Alle,"3,4,7,8",2016,2016,,,1,,False
Andreas Lausen,Moderaterne,Fyns Storkreds,Sjælland-Syddanmark,Alle,,275,275,,,3,,False
Camilla Schuster Nygaard,Moderaterne,Fyns Storkreds,Sjælland-Syddanmark,Alle,,434,434,,,2,,False
Lars Aagaard,Moderaterne,Fyns Storkreds,Sjælland-Syddanmark,Alle,"1,2,5,6",5685,5685,1K,1,,K,True
Gitte Bjerremand Andersen,Moderaterne,Sydjyllands Storkreds,Sjælland-Syddanmark,Alle,,609,609,,,2,,False
Frida Bruun,Moderaterne,Sydjyllands Storkreds,Sjælland-Syddanmark,Alle,"6,7",3193,3193,1T,1,,T,True
Henrik Frandsen,Moderaterne,Sydjyllands Storkreds,Sjælland-Syddanmark,Alle,"1,2,3,4,5,8,9,10,11,12,13",4471,4471,1K,1,,K,True
Lone Hansen,Moderaterne,Sydjyllands Storkreds,Sjælland-Syddanmark,Alle,,341,341,,,3,,False
Morten Hell,Moderaterne,Sydjyllands Storkreds,Sjælland-Syddanmark,Alle,,1001,1001,,,1,,False
Christina Egelund,Moderaterne,Østjyllands Storkreds,Midtjylland-Nordjylland,Alle,"2,3,5,6,7,8,11",3549,3549,1T,1,,T,True
Peter Have,Moderaterne,Østjyllands Storkreds,Midtjylland-Nordjylland,Alle,,676,676,,,3,,False
Sara Pernille Jespersen,Moderaterne,Østjyllands Storkreds,Midtjylland-Nordjylland,Alle,,428,428,,,5,,False
Susan Kronborg,Moderaterne,Østjyllands Storkreds,Midtjylland-Nordjylland,Alle,,776,776,,,1,,False
Sten Larsen,Moderaterne,Østjyllands Storkreds,Midtjylland-Nordjylland,Alle,,713,713,,,2,,False
Caroline Stage,Moderaterne,Østjyllands Storkreds,Midtjylland-Nordjylland,Alle,"1,4,9,10",3751,3751,1K,1,,K,True
Søren Vanting,Moderaterne,Østjyllands Storkreds,Midtjylland-Nordjylland,Alle,,502,502,,,4,,False
Jeppe von Berg,Moderaterne,Vestjyllands Storkreds,Midtjylland-Nordjylland,Alle,,408,408,,,3,,False
Morten E.G. Brautsch,Moderaterne,Vestjyllands Storkreds,Midtjylland-Nordjylland,Alle,Alle,1585,1585,1K,1,,K,True
Michael Nielsen,Moderaterne,Vestjyllands Storkreds,Midtjylland-Nordjylland,Alle,,562,562,,,2,,False
Martin Sanderhoff,Moderaterne,Vestjyllands Storkreds,Midtjylland-Nordjylland,Alle,,650,650,,,1,,False
Nikolaj C. Andersen,Moderaterne,Nordjyllands Storkreds,Midtjylland-Nordjylland,Alle,,168,168,,,5,,False
Morten Arvidsson,Moderaterne,Nordjyllands Storkreds,Midtjylland-Nordjylland,Alle,,658,658,,,2,,False
Ditte Ravn Kaagaard,Moderaterne,Nordjyllands Storkreds,Midtjylland-Nordjylland,Alle,,414,414,,,3,,False
Line Randa,Moderaterne,Nordjyllands Storkreds,Midtjylland-Nordjylland,Alle,,986,986,,,1,,False
Mohammad Rona,Moderaterne,Nordjyllands Storkreds,Midtjylland-Nordjylland,Alle,Alle,1604,1604,1K,1,,K,True
Thomas Skovgaard,Moderaterne,Nordjyllands Storkreds,Midtjylland-Nordjylland,Alle,,288,288,,,4,,False
Allan Feldt,Dansk Folkeparti,Københavns Storkreds,Hovedstaden,Alle,"3,5,9,10,11",1679,1679,1K,1,,K,True
Paw Karslund,Dansk Folkeparti,Københavns Storkreds,Hovedstaden,Alle,,1677,1677,,,1,,False
Merete Dea Larsen,Dansk Folkeparti,Københavns Storkreds,Hovedstaden,Alle,"1,2,4,6,7,8,12",1083,1083,,,2,,False
Denise Rostgaard,Dansk Folkeparti,Københavns Storkreds,Hovedstaden,Alle,,649,649,,,3,,False
Mikkel Bjørn,Dansk Folkeparti,Københavns Omegns Storkreds,Hovedstaden,Alle,Alle,5746,5746,1K,1,,K,True
Hans Blaaberg,Dansk Folkeparti,Københavns Omegns Storkreds,Hovedstaden,Alle,,739,739,,,1,,False
Mikkel Dencker,Dansk Folkeparti,Københavns Omegns Storkreds,Hovedstaden,Alle,,750,750,1T,1,,T,True
Kim Hammer,Dansk Folkeparti,Københavns Omegns Storkreds,Hovedstaden,Alle,,375,375,,,5,,False
Michael Jensen,Dansk Folkeparti,Københavns Omegns Storkreds,Hovedstaden,Alle,,475,475,,,3,,False
Zandra Thulstrup Pihl,Dansk Folkeparti,Københavns Omegns Storkreds,Hovedstaden,Alle,,412,412,,,4,,False
Tenna Røberg,Dansk Folkeparti,Københavns Omegns Storkreds,Hovedstaden,Alle,,503,503,,,2,,False
Pia Adelsteen,Dansk Folkeparti,Nordsjællands Storkreds,Hovedstaden,Alle,,354,354,,,6,,False
Mikkel Hartwich,Dansk Folkeparti,Nordsjællands Storkreds,Hovedstaden,Alle,,840,840,,,1,,False
Jette Juul,Dansk Folkeparti,Nordsjællands Storkreds,Hovedstaden,Alle,,405,405,,,4,,False
Brian Lyck Jørgensen,Dansk Folkeparti,Nordsjællands Storkreds,Hovedstaden,Alle,,566,566,,,3,,False
Ulla Kokfelt,Dansk Folkeparti,Nordsjællands Storkreds,Hovedstaden,Alle,,376,376,,,5,,False
Gert Løfgren,Dansk Folkeparti,Nordsjællands Storkreds,Hovedstaden,Alle,,608,608,,,2,,False
Mette Thiesen,Dansk Folkeparti,Nordsjællands Storkreds,Hovedstaden,Alle,Alle,4555,4555,1K,1,,K,True
Bo Vibe Ancher Jensen,Dansk Folkeparti,Bornholms Storkreds,Hovedstaden,Alle,,2501,545,,,1,,False
Jacob Bentsen,Dansk Folkeparti,Sjællands Storkreds,Sjælland-Syddanmark,Alle,,104,104,,,7,,False
Anders Bork,Dansk Folkeparti,Sjællands Storkreds,Sjælland-Syddanmark,Alle,,209,209,,,4,,False
Henrik Brodersen,Dansk Folkeparti,Sjællands Storkreds,Sjælland-Syddanmark,Alle,,366,366,,,2,,False
Tanja Glückstadt,Dansk Folkeparti,Sjællands Storkreds,Sjælland-Syddanmark,Alle,,276,276,,,3,,False
Simon Hampe,Dansk Folkeparti,Sjællands Storkreds,Sjælland-Syddanmark,Alle,,179,179,,,5,,False
Søren Lund Hansen,Dansk Folkeparti,Sjællands Storkreds,Sjælland-Syddanmark,Alle,,415,415,,,1,,False
Jan Herskov,Dansk Folkeparti,Sjællands Storkreds,Sjælland-Syddanmark,Alle,,460,460,1T,1,,T,True
Julie Jacobsen,Dansk Folkeparti,Sjællands Storkreds,Sjælland-Syddanmark,Alle,,768,768,3K,3,,K,True
Malte Larsen,Dansk Folkeparti,Sjællands Storkreds,Sjælland-Syddanmark,Alle,,1036,1036,2K,2,,K,True
Morten Messerschmidt,Dansk Folkeparti,Sjællands Storkreds,Sjælland-Syddanmark,Alle,Alle,50819,50819,1K,1,,K,True
Michael Pihl,Dansk Folkeparti,Sjællands Storkreds,Sjælland-Syddanmark,Alle,,111,111,,,6,,False
Alex Ahrendtsen,Dansk Folkeparti,Fyns Storkreds,Sjælland-Syddanmark,Alle,Alle,3281,3281,1K,1,,K,True
Niels Bolding,Dansk Folkeparti,Fyns Storkreds,Sjælland-Syddanmark,Alle,,344,344,,,3,,False
Anne Møllegaard Mortensen,Dansk Folkeparti,Fyns Storkreds,Sjælland-Syddanmark,Alle,,1149,1149,,,1,,False
Romeo Troelsgaard,Dansk Folkeparti,Fyns Storkreds,Sjælland-Syddanmark,Alle,,326,326,,,4,,False
Tobias Weische,Dansk Folkeparti,Fyns Storkreds,Sjælland-Syddanmark,Alle,,1054,1054,,,2,,False
Rune Bønnelykke,Dansk Folkeparti,Sydjyllands Storkreds,Sjælland-Syddanmark,Alle,,814,814,2K,2,,K,True
Mads-Magnus Damm,Dansk Folkeparti,Sydjyllands Storkreds,Sjælland-Syddanmark,Alle,,428,428,,,5,,False
Kim Andkjær Doberck,Dansk Folkeparti,Sydjyllands Storkreds,Sjælland-Syddanmark,Alle,,510,510,,,3,,False
Rune Højer,Dansk Folkeparti,Sydjyllands Storkreds,Sjælland-Syddanmark,Alle,,123,123,,,9,,False
Sune Nørgaard Jakobsen,Dansk Folkeparti,Sydjyllands Storkreds,Sjælland-Syddanmark,Alle,,531,531,,,2,,False
Christian Kirk,Dansk Folkeparti,Sydjyllands Storkreds,Sjælland-Syddanmark,Alle,,663,663,,,1,,False
Per Knudsen,Dansk Folkeparti,Sydjyllands Storkreds,Sjælland-Syddanmark,Alle,,448,448,,,4,,False
Josephine Alstrup Kofod,Dansk Folkeparti,Sydjyllands Storkreds,Sjælland-Syddanmark,Alle,,734,734,1T,1,,T,True
Peter Kofod,Dansk Folkeparti,Sydjyllands Storkreds,Sjælland-Syddanmark,Alle,Alle,15993,15993,1K,1,,K,True
Tobias Brus Mikkelsen,Dansk Folkeparti,Sydjyllands Storkreds,Sjælland-Syddanmark,Alle,,203,203,,,7,,False
Allan Svendsen,Dansk Folkeparti,Sydjyllands Storkreds,Sjælland-Syddanmark,Alle,,362,362,,,6,,False
Jim Zakaria,Dansk Folkeparti,Sydjyllands Storkreds,Sjælland-Syddanmark,Alle,,188,188,,,8,,False
Mercedes Czank,Dansk Folkeparti,Østjyllands Storkreds,Midtjylland-Nordjylland,Alle,,156,156,,,3,,False
Nana Harring,Dansk Folkeparti,Østjyllands Storkreds,Midtjylland-Nordjylland,Alle,,1121,1121,,,1,,False
Jens Kannegaard Lundager,Dansk Folkeparti,Østjyllands Storkreds,Midtjylland-Nordjylland,Alle,,516,516,,,2,,False
Michael Nedersøe,Dansk Folkeparti,Østjyllands Storkreds,Midtjylland-Nordjylland,Alle,,2075,2075,1T,1,,T,True
Nick Zimmermann,Dansk Folkeparti,Østjyllands Storkreds,Midtjylland-Nordjylland,Alle,Alle,6007,6007,1K,1,,K,True
Lone Langballe,Dansk Folkeparti,Vestjyllands Storkreds,Midtjylland-Nordjylland,Alle,,1562,1562,,,1,,False
Knud Nielsen,Dansk Folkeparti,Vestjyllands Storkreds,Midtjylland-Nordjylland,Alle,,352,352,,,4,,False
Søren Boel Olesen,Dansk Folkeparti,Vestjyllands Storkreds,Midtjylland-Nordjylland,Alle,Alle,2446,2446,1K,1,,K,True
Michelle Sundahl,Dansk Folkeparti,Vestjyllands Storkreds,Midtjylland-Nordjylland,Alle,,1059,1059,,,2,,False
Mikael Würtz,Dansk Folkeparti,Vestjyllands Storkreds,Midtjylland-Nordjylland,Alle,,889,889,,,3,,False
Thomas Hjort,Dansk Folkeparti,Nordjyllands Storkreds,Midtjylland-Nordjylland,Alle,,570,570,,,3,,False
Emma Houe Mølgaard,Dansk Folkeparti,Nordjyllands Storkreds,Midtjylland-Nordjylland,Alle,,940,940,,,2,,False
Danny Rosenkilde,Dansk Folkeparti,Nordjyllands Storkreds,Midtjylland-Nordjylland,Alle,,1011,1011,,,1,,False
Jørgen Hammer Sørensen,Dansk Folkeparti,Nordjyllands Storkreds,Midtjylland-Nordjylland,Alle,,334,334,,,4,,False
Anders Vistisen,Dansk Folkeparti,Nordjyllands Storkreds,Midtjylland-Nordjylland,Alle,Alle,3580,3580,1K,1,,K,True
Zeynep Bardakci,"Venstre, Danmarks Liberale Parti",Københavns Storkreds,Hovedstaden,Alle,2,300,126,,,7,,False
Claus Buch,"Venstre, Danmarks Liberale Parti",Københavns Storkreds,Hovedstaden,Alle,9,1108,468,,,3,,False
Anders Fausbøll,"Venstre, Danmarks Liberale Parti",Københavns Storkreds,Hovedstaden,Alle,"4,8",834,356,,,5,,False
Jan E. Jørgensen,"Venstre, Danmarks Liberale Parti",Københavns Storkreds,Hovedstaden,Alle,"7,11",8009,3538,,,1,,False
Natascha Remvig,"Venstre, Danmarks Liberale Parti",Københavns Storkreds,Hovedstaden,Alle,"5,6",973,411,,,4,,False
Malene Sandfeld,"Venstre, Danmarks Liberale Parti",Københavns Storkreds,Hovedstaden,Alle,"10,12",802,348,,,6,,False
Linea Søgaard-Lidell,"Venstre, Danmarks Liberale Parti",Københavns Storkreds,Hovedstaden,Alle,"1,3",4949,2113,,,2,,False
Christopher Blomsterberg-Thaysen,"Venstre, Danmarks Liberale Parti",Københavns Omegns Storkreds,Hovedstaden,Alle,7,852,277,,,5,,False
Marie Brixtofte,"Venstre, Danmarks Liberale Parti",Københavns Omegns Storkreds,Hovedstaden,Alle,1,6514,2827,1T,1,,T,True
Luise Hjortebjerg,"Venstre, Danmarks Liberale Parti",Københavns Omegns Storkreds,Hovedstaden,Alle,4,661,247,,,6,,False
Maria Ladegaard,"Venstre, Danmarks Liberale Parti",Københavns Omegns Storkreds,Hovedstaden,Alle,2,1504,568,,,3,,False
Anders Bo Larsen,"Venstre, Danmarks Liberale Parti",Københavns Omegns Storkreds,Hovedstaden,Alle,5,1242,433,,,4,,False
Astrid Søborg,"Venstre, Danmarks Liberale Parti",Københavns Omegns Storkreds,Hovedstaden,Alle,3,2214,915,,,2,,False
Kim Valentin,"Venstre, Danmarks Liberale Parti",Københavns Omegns Storkreds,Hovedstaden,Alle,8,3851,1461,,,1,,False
Ricki Vejsmose,"Venstre, Danmarks Liberale Parti",Københavns Omegns Storkreds,Hovedstaden,Alle,6,452,143,,,7,,False
Katarina Ammitzbøll,"Venstre, Danmarks Liberale Parti",Nordsjællands Storkreds,Hovedstaden,Alle,2,1895,1018,,,4,,False
Hans Andersen,"Venstre, Danmarks Liberale Parti",Nordsjællands Storkreds,Hovedstaden,Alle,4,4538,2664,,,1,,False
Marianne Lynghøj,"Venstre, Danmarks Liberale Parti",Nordsjællands Storkreds,Hovedstaden,Alle,6,3412,1829,,,2,,False
Sophie Løhde,"Venstre, Danmarks Liberale Parti",Nordsjællands Storkreds,Hovedstaden,Alle,5,12514,6784,1K,1,,K,True
Annette Rieva,"Venstre, Danmarks Liberale Parti",Nordsjællands Storkreds,Hovedstaden,Alle,1,1051,595,,,5,,False
Tue Villebro,"Venstre, Danmarks Liberale Parti",Nordsjællands Storkreds,Hovedstaden,Alle,3,2096,1205,,,3,,False
Birthe Tindbæk Bredo,"Venstre, Danmarks Liberale Parti",Bornholms Storkreds,Hovedstaden,Alle,,27,24,,,2,,False
Peter Juel-Jensen,"Venstre, Danmarks Liberale Parti",Bornholms Storkreds,Hovedstaden,Alle,Alle,3494,3017,1K,1,,K,True
Niklas Stenbye,"Venstre, Danmarks Liberale Parti",Bornholms Storkreds,Hovedstaden,Alle,,646,558,,,1,,False
Christian Friis Bach,"Venstre, Danmarks Liberale Parti",Sjællands Storkreds,Sjælland-Syddanmark,Alle,4,3957,2040,,,4,,False
Claus Bakke,"Venstre, Danmarks Liberale Parti",Sjællands Storkreds,Sjælland-Syddanmark,Alle,3,956,553,,,7,,False
Morten Dahlin,"Venstre, Danmarks Liberale Parti",Sjællands Storkreds,Sjælland-Syddanmark,Alle,6,12552,7021,1K,1,,K,True
Marcus Danielsson,"Venstre, Danmarks Liberale Parti",Sjællands Storkreds,Sjælland-Syddanmark,Alle,12,693,364,,,8,,False
Louise Elholm,"Venstre, Danmarks Liberale Parti",Sjællands Storkreds,Sjælland-Syddanmark,Alle,11,4670,2576,,,2,,False
Rasmus Hylleberg,"Venstre, Danmarks Liberale Parti",Sjællands Storkreds,Sjælland-Syddanmark,Alle,8,1350,624,,,6,,False
Jacob Jensen,"Venstre, Danmarks Liberale Parti",Sjællands Storkreds,Sjælland-Syddanmark,Alle,10,7629,4265,2K,2,,K,True
Thorbern Alexander Klingert,"Venstre, Danmarks Liberale Parti",Sjællands Storkreds,Sjælland-Syddanmark,Alle,7,606,336,,,9,,False
Iben Krog,"Venstre, Danmarks Liberale Parti",Sjællands Storkreds,Sjælland-Syddanmark,Alle,2,5996,3796,,,1,,False
Tina Mandrup,"Venstre, Danmarks Liberale Parti",Sjællands Storkreds,Sjælland-Syddanmark,Alle,9,2071,1144,,,5,,False
Josefine Paaske,"Venstre, Danmarks Liberale Parti",Sjællands Storkreds,Sjælland-Syddanmark,Alle,5,4317,2343,,,3,,False
Michael Schjelde,"Venstre, Danmarks Liberale Parti",Sjællands Storkreds,Sjælland-Syddanmark,Alle,1,115,77,,,10,,False
Marlene Ambo-Rasmussen,"Venstre, Danmarks Liberale Parti",Fyns Storkreds,Sjælland-Syddanmark,Alle,6,9201,4791,1K,1,,K,True
Amanda Heitmann,"Venstre, Danmarks Liberale Parti",Fyns Storkreds,Sjælland-Syddanmark,Alle,7,5813,3202,1T,1,,T,True
Nikolaj Leed Henriksen,"Venstre, Danmarks Liberale Parti",Fyns Storkreds,Sjælland-Syddanmark,Alle,8,1175,649,,,5,,False
Andreas Fjord Larsen,"Venstre, Danmarks Liberale Parti",Fyns Storkreds,Sjælland-Syddanmark,Alle,2,503,260,,,6,,False
Anja Lund,"Venstre, Danmarks Liberale Parti",Fyns Storkreds,Sjælland-Syddanmark,Alle,4,5534,3081,,,1,,False
Sofie Mosgaard,"Venstre, Danmarks Liberale Parti",Fyns Storkreds,Sjælland-Syddanmark,Alle,3,2301,1151,,,4,,False
Claus Oxfeldt,"Venstre, Danmarks Liberale Parti",Fyns Storkreds,Sjælland-Syddanmark,Alle,1,2743,1400,,,3,,False
Torben Povlsen,"Venstre, Danmarks Liberale Parti",Fyns Storkreds,Sjælland-Syddanmark,Alle,5,4453,2445,,,2,,False
Thomas Andresen,"Venstre, Danmarks Liberale Parti",Sydjyllands Storkreds,Sjælland-Syddanmark,Alle,2,3318,2656,,,1,,False
Jesper Bierbaum,"Venstre, Danmarks Liberale Parti",Sydjyllands Storkreds,Sjælland-Syddanmark,Alle,13,1302,958,,,6,,False
Niels Henning Bladt,"Venstre, Danmarks Liberale Parti",Sydjyllands Storkreds,Sjælland-Syddanmark,Alle,11,828,590,,,8,,False
Tilde Holch Duedahl,"Venstre, Danmarks Liberale Parti",Sydjyllands Storkreds,Sjælland-Syddanmark,Alle,3,1729,1373,,,4,,False
Preben Friis-Hauge,"Venstre, Danmarks Liberale Parti",Sydjyllands Storkreds,Sjælland-Syddanmark,Alle,6,2602,2076,,,3,,False
Lasse Hildingberg,"Venstre, Danmarks Liberale Parti",Sydjyllands Storkreds,Sjælland-Syddanmark,Alle,10,641,410,,,10,,False
Tobias Jørgensen,"Venstre, Danmarks Liberale Parti",Sydjyllands Storkreds,Sjælland-Syddanmark,Alle,12,3028,2066,,,2,,False
Stephanie Lose,"Venstre, Danmarks Liberale Parti",Sydjyllands Storkreds,Sjælland-Syddanmark,Alle,4,41544,31008,1K,1,,K,True
Phillip Kjær Luscombe,"Venstre, Danmarks Liberale Parti",Sydjyllands Storkreds,Sjælland-Syddanmark,Alle,1,1373,992,,,5,,False
Anni Matthiesen,"Venstre, Danmarks Liberale Parti",Sydjyllands Storkreds,Sjælland-Syddanmark,Alle,7,7978,6339,2K,2,,K,True
Christoffer Aagaard Melson,"Venstre, Danmarks Liberale Parti",Sydjyllands Storkreds,Sjælland-Syddanmark,Alle,8,6028,4074,3K,3,,K,True
Troels Overgaard,"Venstre, Danmarks Liberale Parti",Sydjyllands Storkreds,Sjælland-Syddanmark,Alle,9,793,562,,,9,,False
Klaus Sandfeld,"Venstre, Danmarks Liberale Parti",Sydjyllands Storkreds,Sjælland-Syddanmark,Alle,5,1030,794,,,7,,False
Henrik Rejnholt Andersen,"Venstre, Danmarks Liberale Parti",Østjyllands Storkreds,Midtjylland-Nordjylland,Alle,,519,354,,,6,,False
Gert Bjerregaard,"Venstre, Danmarks Liberale Parti",Østjyllands Storkreds,Midtjylland-Nordjylland,Alle,,1776,1114,,,4,,False
Mathilde Hjort Bressum,"Venstre, Danmarks Liberale Parti",Østjyllands Storkreds,Midtjylland-Nordjylland,Alle,,3707,2317,1T,1,,T,True
Emil M. D. Christensen,"Venstre, Danmarks Liberale Parti",Østjyllands Storkreds,Midtjylland-Nordjylland,Alle,,444,277,,,7,,False
Louise Høeg,"Venstre, Danmarks Liberale Parti",Østjyllands Storkreds,Midtjylland-Nordjylland,Alle,,2833,1925,,,2,,False
Louise Louring,"Venstre, Danmarks Liberale Parti",Østjyllands Storkreds,Midtjylland-Nordjylland,Alle,,5111,3355,2K,2,,K,True
Troels Lund Poulsen,"Venstre, Danmarks Liberale Parti",Østjyllands Storkreds,Midtjylland-Nordjylland,Alle,Alle,29320,19857,1K,1,,K,True
Erik Veje Rasmussen,"Venstre, Danmarks Liberale Parti",Østjyllands Storkreds,Midtjylland-Nordjylland,Alle,,2777,1819,,,3,,False
Hans Skou,"Venstre, Danmarks Liberale Parti",Østjyllands Storkreds,Midtjylland-Nordjylland,Alle,,431,272,,,8,,False
Sebastian Støckler,"Venstre, Danmarks Liberale Parti",Østjyllands Storkreds,Midtjylland-Nordjylland,Alle,,868,581,,,5,,False
Karina Aamann,"Venstre, Danmarks Liberale Parti",Østjyllands Storkreds,Midtjylland-Nordjylland,Alle,,2883,1940,,,1,,False
Gert Bækgaard,"Venstre, Danmarks Liberale Parti",Vestjyllands Storkreds,Midtjylland-Nordjylland,Alle,7,232,156,,,7,,False
Thomas Danielsen,"Venstre, Danmarks Liberale Parti",Vestjyllands Storkreds,Midtjylland-Nordjylland,Alle,10,7608,5966,2K,2,,K,True
Erik Flyvholm,"Venstre, Danmarks Liberale Parti",Vestjyllands Storkreds,Midtjylland-Nordjylland,Alle,1,6614,5833,,,1,,False
Søren Gade,"Venstre, Danmarks Liberale Parti",Vestjyllands Storkreds,Midtjylland-Nordjylland,Alle,11,21608,15775,1K,1,,K,True
Ralf Høgedal,"Venstre, Danmarks Liberale Parti",Vestjyllands Storkreds,Midtjylland-Nordjylland,Alle,2,2144,1479,,,4,,False
Morten Høgh,"Venstre, Danmarks Liberale Parti",Vestjyllands Storkreds,Midtjylland-Nordjylland,Alle,5,2788,1712,,,3,,False
Trine Jepsen,"Venstre, Danmarks Liberale Parti",Vestjyllands Storkreds,Midtjylland-Nordjylland,Alle,9,6892,4921,3K,3,,K,True
Jarl Matthiesen,"Venstre, Danmarks Liberale Parti",Vestjyllands Storkreds,Midtjylland-Nordjylland,Alle,8,345,240,,,5,,False
Majbrit Nørgaard,"Venstre, Danmarks Liberale Parti",Vestjyllands Storkreds,Midtjylland-Nordjylland,Alle,3,302,198,,,6,,False
Kasper Thomassen,"Venstre, Danmarks Liberale Parti",Vestjyllands Storkreds,Midtjylland-Nordjylland,Alle,6,145,87,,,8,,False
Frederik Houmann Thuesen,"Venstre, Danmarks Liberale Parti",Vestjyllands Storkreds,Midtjylland-Nordjylland,Alle,4,3206,2085,,,2,,False
Hans Jørgen Adamsen,"Venstre, Danmarks Liberale Parti",Nordjyllands Storkreds,Midtjylland-Nordjylland,Alle,7,169,125,,,7,,False
Mikkel Bisgaard,"Venstre, Danmarks Liberale Parti",Nordjyllands Storkreds,Midtjylland-Nordjylland,Alle,6,972,705,,,3,,False
Marie Bjerre,"Venstre, Danmarks Liberale Parti",Nordjyllands Storkreds,Midtjylland-Nordjylland,Alle,5,19961,15319,1K,1,,K,True
Niels H. Bünemann,"Venstre, Danmarks Liberale Parti",Nordjyllands Storkreds,Midtjylland-Nordjylland,Alle,1,855,606,,,4,,False
Preben Bang Henriksen,"Venstre, Danmarks Liberale Parti",Nordjyllands Storkreds,Midtjylland-Nordjylland,Alle,9,15980,11947,2K,2,,K,True
Anita Vivi Lilholt,"Venstre, Danmarks Liberale Parti",Nordjyllands Storkreds,Midtjylland-Nordjylland,Alle,3,461,350,,,5,,False
Torsten Schack Pedersen,"Venstre, Danmarks Liberale Parti",Nordjyllands Storkreds,Midtjylland-Nordjylland,Alle,4,5368,4433,,,1,,False
Phillip Sperling,"Venstre, Danmarks Liberale Parti",Nordjyllands Storkreds,Midtjylland-Nordjylland,Alle,8,195,142,,,6,,False
Anne Honoré Østergaard,"Venstre, Danmarks Liberale Parti",Nordjyllands Storkreds,Midtjylland-Nordjylland,Alle,2,2408,1805,,,2,,False
Eva Bechmann,Danmarksdemokraterne - Inger Støjberg,Københavns Storkreds,Hovedstaden,Alle,"3,7,10,11",173,173,,,2,,False
Benny Bindslev,Danmarksdemokraterne - Inger Støjberg,Københavns Storkreds,Hovedstaden,Alle,"2,4,9,12",184,184,,,1,,False
Martin Sibast,Danmarksdemokraterne - Inger Støjberg,Københavns Storkreds,Hovedstaden,Alle,"1,5,6,8",107,107,,,3,,False
Susanne Damsgaard,Danmarksdemokraterne - Inger Støjberg,Københavns Omegns Storkreds,Hovedstaden,Alle,"3,4,8",237,237,,,2,,False
Charlotte Munch,Danmarksdemokraterne - Inger Støjberg,Københavns Omegns Storkreds,Hovedstaden,Alle,"2,5,7",355,355,,,1,,False
Sebastian Mylsted,Danmarksdemokraterne - Inger Støjberg,Københavns Omegns Storkreds,Hovedstaden,Alle,"1,6",157,157,,,3,,False
Lars Bregnbak,Danmarksdemokraterne - Inger Støjberg,Nordsjællands Storkreds,Hovedstaden,Alle,4,306,306,,,1,,False
Marlene Harpsøe,Danmarksdemokraterne - Inger Støjberg,Nordsjællands Storkreds,Hovedstaden,Alle,"1,3",575,575,1T,1,,T,True
Maibritt Nielsen,Danmarksdemokraterne - Inger Støjberg,Nordsjællands Storkreds,Hovedstaden,Alle,5,175,175,,,3,,False
Katrine Schiller,Danmarksdemokraterne - Inger Støjberg,Nordsjællands Storkreds,Hovedstaden,Alle,"2,6",217,217,,,2,,False
Michael Hendriksen,Danmarksdemokraterne - Inger Støjberg,Bornholms Storkreds,Hovedstaden,Alle,,1001,206,,,1,,False
Benny Damgaard,Danmarksdemokraterne - Inger Støjberg,Sjællands Storkreds,Sjælland-Syddanmark,Alle,3,1468,1468,,,2,,False
John Brill Engkebølle,Danmarksdemokraterne - Inger Støjberg,Sjællands Storkreds,Sjælland-Syddanmark,Alle,1,207,207,,,9,,False
Susie Jessen,Danmarksdemokraterne - Inger Støjberg,Sjællands Storkreds,Sjælland-Syddanmark,Alle,"4,9",1946,1946,1K,1,,K,True
Martin Rahn Johansen,Danmarksdemokraterne - Inger Støjberg,Sjællands Storkreds,Sjælland-Syddanmark,Alle,5,582,582,,,3,,False
Brian Mørch,Danmarksdemokraterne - Inger Støjberg,Sjællands Storkreds,Sjælland-Syddanmark,Alle,6,376,376,,,5,,False
Bob Richard Nielsen,Danmarksdemokraterne - Inger Støjberg,Sjællands Storkreds,Sjælland-Syddanmark,Alle,8,299,299,,,7,,False
Dina Person,Danmarksdemokraterne - Inger Støjberg,Sjællands Storkreds,Sjælland-Syddanmark,Alle,"7,12",433,433,,,4,,False
Michael Rosenmark,Danmarksdemokraterne - Inger Støjberg,Sjællands Storkreds,Sjælland-Syddanmark,Alle,11,207,207,,,8,,False
Peter Skaarup,Danmarksdemokraterne - Inger Støjberg,Sjællands Storkreds,Sjælland-Syddanmark,Alle,10,1874,1874,,,1,,False
Christian Wibholm,Danmarksdemokraterne - Inger Støjberg,Sjællands Storkreds,Sjælland-Syddanmark,Alle,2,336,336,,,6,,False
Jens Henrik W. Thulesen Dahl,Danmarksdemokraterne - Inger Støjberg,Fyns Storkreds,Sjælland-Syddanmark,Alle,"2,3,4",1447,1447,1T,1,,T,True
Vivian Lindberg Larsen,Danmarksdemokraterne - Inger Støjberg,Fyns Storkreds,Sjælland-Syddanmark,Alle,"5,8",587,587,,,2,,False
Nikolaj Vang,Danmarksdemokraterne - Inger Støjberg,Fyns Storkreds,Sjælland-Syddanmark,Alle,"1,6,7",1373,1373,,,1,,False
Karina Adsbøl,Danmarksdemokraterne - Inger Støjberg,Sydjyllands Storkreds,Sjælland-Syddanmark,Alle,"5,12",2370,2370,1K,1,,K,True
Patrick Bryhl,Danmarksdemokraterne - Inger Støjberg,Sydjyllands Storkreds,Sjælland-Syddanmark,Alle,"2,3",714,714,,,2,,False
Thomas Majgaard Byrsing,Danmarksdemokraterne - Inger Støjberg,Sydjyllands Storkreds,Sjælland-Syddanmark,Alle,"1,11",415,415,,,4,,False
Jakob Venø Heiwald,Danmarksdemokraterne - Inger Støjberg,Sydjyllands Storkreds,Sjælland-Syddanmark,Alle,"8,10",439,439,,,3,,False
Ulrik Knudsen,Danmarksdemokraterne - Inger Støjberg,Sydjyllands Storkreds,Sjælland-Syddanmark,Alle,"6,7,13",2023,2023,1T,1,,T,True
Kenneth Fredslund Petersen,Danmarksdemokraterne - Inger Støjberg,Sydjyllands Storkreds,Sjælland-Syddanmark,Alle,"4,9",783,783,,,1,,False
Magnus Bigum,Danmarksdemokraterne - Inger Støjberg,Østjyllands Storkreds,Midtjylland-Nordjylland,Alle,"3,6,7",996,996,,,3,,False
Lone Glarbo,Danmarksdemokraterne - Inger Støjberg,Østjyllands Storkreds,Midtjylland-Nordjylland,Alle,8,1015,1015,,,2,,False
Rune Mikkelsen,Danmarksdemokraterne - Inger Støjberg,Østjyllands Storkreds,Midtjylland-Nordjylland,Alle,"2,9,11",675,675,,,4,,False
Erik Poulsen,Danmarksdemokraterne - Inger Støjberg,Østjyllands Storkreds,Midtjylland-Nordjylland,Alle,"1,5",1109,1109,,,1,,False
Hans Kristian Skibby,Danmarksdemokraterne - Inger Støjberg,Østjyllands Storkreds,Midtjylland-Nordjylland,Alle,"4,10",1818,1818,1K,1,,K,True
Vivi Altenburg,Danmarksdemokraterne - Inger Støjberg,Vestjyllands Storkreds,Midtjylland-Nordjylland,Alle,5,393,393,,,4,,False
Dennis Flydtkjær,Danmarksdemokraterne - Inger Støjberg,Vestjyllands Storkreds,Midtjylland-Nordjylland,Alle,"6,8,10",4360,4360,2K,2,,K,True
Mads Fuglede,Danmarksdemokraterne - Inger Støjberg,Vestjyllands Storkreds,Midtjylland-Nordjylland,Alle,"4,11",5806,5806,1K,1,,K,True
Marcus Juul Grønbæk,Danmarksdemokraterne - Inger Støjberg,Vestjyllands Storkreds,Midtjylland-Nordjylland,Alle,"1,7",597,597,,,3,,False
Betina Kastbjerg,Danmarksdemokraterne - Inger Støjberg,Vestjyllands Storkreds,Midtjylland-Nordjylland,Alle,9,2259,2259,,,1,,False
Morten Vehl Revsbeck,Danmarksdemokraterne - Inger Støjberg,Vestjyllands Storkreds,Midtjylland-Nordjylland,Alle,"2,3",1681,1681,,,2,,False
Kim Edberg Andersen,Danmarksdemokraterne - Inger Støjberg,Nordjyllands Storkreds,Midtjylland-Nordjylland,Alle,2,1791,1791,2K,2,,K,True
Kristian Bøgsted,Danmarksdemokraterne - Inger Støjberg,Nordjyllands Storkreds,Midtjylland-Nordjylland,Alle,1,958,958,,,1,,False
Liselotte Lynge,Danmarksdemokraterne - Inger Støjberg,Nordjyllands Storkreds,Midtjylland-Nordjylland,Alle,5,800,800,,,2,,False
Claus Skovmose,Danmarksdemokraterne - Inger Støjberg,Nordjyllands Storkreds,Midtjylland-Nordjylland,Alle,4,592,592,,,3,,False
Frederik Storm,Danmarksdemokraterne - Inger Støjberg,Nordjyllands Storkreds,Midtjylland-Nordjylland,Alle,3,354,354,,,4,,False
Inger Støjberg,Danmarksdemokraterne - Inger Støjberg,Nordjyllands Storkreds,Midtjylland-Nordjylland,Alle,"6,7,8,9",29995,29995,1K,1,,K,True
Pelle Dragsted,Enhedslisten - De Rød-Grønne,Københavns Storkreds,Hovedstaden,10,,31961,30707,1K,1,,K,True
Rosa Lund,Enhedslisten - De Rød-Grønne,Københavns Storkreds,Hovedstaden,5,,13110,8621,2K,2,,K,True
Leila Stockmarr,Enhedslisten - De Rød-Grønne,Københavns Storkreds,Hovedstaden,9,,4897,1969,3K,3,,K,True
Pil Christensen,Enhedslisten - De Rød-Grønne,Københavns Storkreds,Hovedstaden,4,,6644,4725,,,1,,False
Mathilde Vinther,Enhedslisten - De Rød-Grønne,Københavns Storkreds,Hovedstaden,3,,3071,1294,,,2,,False
Charlotte Lund,Enhedslisten - De Rød-Grønne,Københavns Storkreds,Hovedstaden,7,,3585,633,,,3,,False
David Rønne,Enhedslisten - De Rød-Grønne,Københavns Storkreds,Hovedstaden,1,,2423,174,,,4,,False
Pil Yildiz,Enhedslisten - De Rød-Grønne,Københavns Storkreds,Hovedstaden,11,,2085,737,,,5,,False
Kim Larsen,Enhedslisten - De Rød-Grønne,Københavns Storkreds,Hovedstaden,12,,924,164,,,6,,False
Mette Bloch Hansen,Enhedslisten - De Rød-Grønne,Københavns Storkreds,Hovedstaden,2,,2836,173,,,7,,False
Maria Sofie Petersen,Enhedslisten - De Rød-Grønne,Københavns Storkreds,Hovedstaden,6,,3446,478,,,8,,False
Reinout Bosch,Enhedslisten - De Rød-Grønne,Københavns Storkreds,Hovedstaden,8,,2245,258,,,9,,False
Ibrahim Benli,Enhedslisten - De Rød-Grønne,Københavns Omegns Storkreds,Hovedstaden,4,,5230,2740,1K,1,,K,True
Clara Turms,Enhedslisten - De Rød-Grønne,Københavns Omegns Storkreds,Hovedstaden,2,,3022,1648,,,1,,False
Fatih Baran,Enhedslisten - De Rød-Grønne,Københavns Omegns Storkreds,Hovedstaden,6,,3444,813,,,2,,False
Emil Viskum,Enhedslisten - De Rød-Grønne,Københavns Omegns Storkreds,Hovedstaden,7,,3193,443,,,3,,False
Caroline Lochow,Enhedslisten - De Rød-Grønne,Københavns Omegns Storkreds,Hovedstaden,5,,2305,586,,,4,,False
Helge Bo Jensen,Enhedslisten - De Rød-Grønne,Københavns Omegns Storkreds,Hovedstaden,8,,2464,279,,,5,,False
Bianca Vitting,Enhedslisten - De Rød-Grønne,Københavns Omegns Storkreds,Hovedstaden,1,,2141,637,,,6,,False
Sune Rastad Bahn,Enhedslisten - De Rød-Grønne,Københavns Omegns Storkreds,Hovedstaden,3,,2568,168,,,7,,False
Sinem Dybvad Demir,Enhedslisten - De Rød-Grønne,Nordsjællands Storkreds,Hovedstaden,3,,3346,1318,1T,1,,T,True
Christoffer Emil Jexen,Enhedslisten - De Rød-Grønne,Nordsjællands Storkreds,Hovedstaden,1,,2298,515,,,1,,False
Emil Andersen,Enhedslisten - De Rød-Grønne,Nordsjællands Storkreds,Hovedstaden,6,,2002,566,,,2,,False
Carolina Cámara,Enhedslisten - De Rød-Grønne,Nordsjællands Storkreds,Hovedstaden,5,,2675,734,,,3,,False
Annie Hagel,Enhedslisten - De Rød-Grønne,Nordsjællands Storkreds,Hovedstaden,2,,1353,250,,,4,,False
Rasmus Petersen,Enhedslisten - De Rød-Grønne,Nordsjællands Storkreds,Hovedstaden,4,,1936,224,,,5,,False
Asta Kofod,Enhedslisten - De Rød-Grønne,Bornholms Storkreds,Hovedstaden,Alle,,147,147,,,3,,False
Helle Munk Ravnborg,Enhedslisten - De Rød-Grønne,Bornholms Storkreds,Hovedstaden,Alle,,202,202,,,2,,False
Morten Riis,Enhedslisten - De Rød-Grønne,Bornholms Storkreds,Hovedstaden,Alle,Alle,279,279,,,1,,False
Eva Flyvholm,Enhedslisten - De Rød-Grønne,Sjællands Storkreds,Sjælland-Syddanmark,"10,11",,5514,2822,1K,1,,K,True
Louis Jacobsen,Enhedslisten - De Rød-Grønne,Sjællands Storkreds,Sjælland-Syddanmark,6,,2160,365,,,1,,False
Ludmila Plenge,Enhedslisten - De Rød-Grønne,Sjællands Storkreds,Sjælland-Syddanmark,"2,3",,2928,1038,,,2,,False
Jonas Paludan,Enhedslisten - De Rød-Grønne,Sjællands Storkreds,Sjælland-Syddanmark,8,,2772,513,,,3,,False
Bruno Jerup,Enhedslisten - De Rød-Grønne,Sjællands Storkreds,Sjælland-Syddanmark,4,,1604,168,,,4,,False
Birgit Gedionsen,Enhedslisten - De Rød-Grønne,Sjællands Storkreds,Sjælland-Syddanmark,7,,1583,225,,,5,,False
Karen Thestrup Clausen,Enhedslisten - De Rød-Grønne,Sjællands Storkreds,Sjælland-Syddanmark,9,,1724,268,,,6,,False
Kevin Alex Rasmussen,Enhedslisten - De Rød-Grønne,Sjællands Storkreds,Sjælland-Syddanmark,1,,730,220,,,7,,False
Peter Roswall,Enhedslisten - De Rød-Grønne,Sjællands Storkreds,Sjælland-Syddanmark,5,,1071,142,,,8,,False
Helena Hedegaard Udsen,Enhedslisten - De Rød-Grønne,Sjællands Storkreds,Sjælland-Syddanmark,12,,2111,729,,,9,,False
Victoria Velásquez,Enhedslisten - De Rød-Grønne,Fyns Storkreds,Sjælland-Syddanmark,1,,7756,4973,1K,1,,K,True
Reza Javid,Enhedslisten - De Rød-Grønne,Fyns Storkreds,Sjælland-Syddanmark,3,,2289,597,,,1,,False
Jesper Kiel,Enhedslisten - De Rød-Grønne,Fyns Storkreds,Sjælland-Syddanmark,7,,2821,780,,,2,,False
Vibeke Syppli Enrum,Enhedslisten - De Rød-Grønne,Fyns Storkreds,Sjælland-Syddanmark,8,,1138,202,,,3,,False
Torsten Ringgaard,Enhedslisten - De Rød-Grønne,Fyns Storkreds,Sjælland-Syddanmark,2,,1961,219,,,4,,False
Kaj Alstrup,Enhedslisten - De Rød-Grønne,Fyns Storkreds,Sjælland-Syddanmark,4,,661,142,,,5,,False
Mette Skaarup,Enhedslisten - De Rød-Grønne,Fyns Storkreds,Sjælland-Syddanmark,6,,1319,428,,,6,,False
Stine Øllegaard,Enhedslisten - De Rød-Grønne,Fyns Storkreds,Sjælland-Syddanmark,5,,1098,278,,,7,,False
Rasmus Vestergaard Madsen,Enhedslisten - De Rød-Grønne,Sydjyllands Storkreds,Sjælland-Syddanmark,"7,9",,2458,856,1T,1,,T,True
Selma Bolø,Enhedslisten - De Rød-Grønne,Sydjyllands Storkreds,Sjælland-Syddanmark,"3,11",,2283,1192,,,1,,False
Mathias D. Christiansen,Enhedslisten - De Rød-Grønne,Sydjyllands Storkreds,Sjælland-Syddanmark,13,,735,140,,,2,,False
Johanna-Maria Precht,Enhedslisten - De Rød-Grønne,Sydjyllands Storkreds,Sjælland-Syddanmark,1,,1060,202,,,3,,False
Lasse Harder Schousboe,Enhedslisten - De Rød-Grønne,Sydjyllands Storkreds,Sjælland-Syddanmark,4,,1658,193,,,4,,False
Lilje Holm,Enhedslisten - De Rød-Grønne,Sydjyllands Storkreds,Sjælland-Syddanmark,8,,978,144,,,5,,False
Sarah Nørris,Enhedslisten - De Rød-Grønne,Sydjyllands Storkreds,Sjælland-Syddanmark,5,,826,226,,,6,,False
Helene Hellesøe Appel,Enhedslisten - De Rød-Grønne,Sydjyllands Storkreds,Sjælland-Syddanmark,2,,851,361,,,7,,False
Benny Dall,Enhedslisten - De Rød-Grønne,Sydjyllands Storkreds,Sjælland-Syddanmark,12,,942,201,,,8,,False
Holly Marie Turner,Enhedslisten - De Rød-Grønne,Sydjyllands Storkreds,Sjælland-Syddanmark,10,,1334,226,,,9,,False
Lars Mogensen,Enhedslisten - De Rød-Grønne,Sydjyllands Storkreds,Sjælland-Syddanmark,6,,488,96,,,10,,False
Trine Mach,Enhedslisten - De Rød-Grønne,Østjyllands Storkreds,Midtjylland-Nordjylland,"1,4",,10455,3397,1K,1,,K,True
Maria Temponeras,Enhedslisten - De Rød-Grønne,Østjyllands Storkreds,Midtjylland-Nordjylland,2,,5290,1583,,,1,,False
Edith Vels,Enhedslisten - De Rød-Grønne,Østjyllands Storkreds,Midtjylland-Nordjylland,3,,6947,2596,,,2,,False
Lisbeth Ivanhoe,Enhedslisten - De Rød-Grønne,Østjyllands Storkreds,Midtjylland-Nordjylland,10,,2337,746,,,3,,False
Martin Laursen,Enhedslisten - De Rød-Grønne,Østjyllands Storkreds,Midtjylland-Nordjylland,6,,1025,317,,,4,,False
Maria Sørensen,Enhedslisten - De Rød-Grønne,Østjyllands Storkreds,Midtjylland-Nordjylland,8,,1359,619,,,5,,False
Christina Hedegaard Hansen,Enhedslisten - De Rød-Grønne,Østjyllands Storkreds,Midtjylland-Nordjylland,11,,695,259,,,6,,False
Jakob Jensen,Enhedslisten - De Rød-Grønne,Østjyllands Storkreds,Midtjylland-Nordjylland,5,,1747,274,,,7,,False
Kristjar Skajaa,Enhedslisten - De Rød-Grønne,Østjyllands Storkreds,Midtjylland-Nordjylland,9,,2178,379,,,8,,False
Dennis Munk,Enhedslisten - De Rød-Grønne,Østjyllands Storkreds,Midtjylland-Nordjylland,7,,1022,204,,,9,,False
Lisbeth Torfing,Enhedslisten - De Rød-Grønne,Vestjyllands Storkreds,Midtjylland-Nordjylland,"3,6",,2521,644,1T,1,,T,True
Stine Ry Andersen,Enhedslisten - De Rød-Grønne,Vestjyllands Storkreds,Midtjylland-Nordjylland,"8,10",,1864,764,,,1,,False
Christian Juhl,Enhedslisten - De Rød-Grønne,Vestjyllands Storkreds,Midtjylland-Nordjylland,5,,980,310,,,2,,False
Aksel Rosager Johansen,Enhedslisten - De Rød-Grønne,Vestjyllands Storkreds,Midtjylland-Nordjylland,4,,658,193,,,3,,False
Damian Hartvig Mathiesen,Enhedslisten - De Rød-Grønne,Vestjyllands Storkreds,Midtjylland-Nordjylland,1,,360,66,,,4,,False
Henning Bo Madsen,Enhedslisten - De Rød-Grønne,Vestjyllands Storkreds,Midtjylland-Nordjylland,11,,403,88,,,5,,False
Henning Lindberg,Enhedslisten - De Rød-Grønne,Vestjyllands Storkreds,Midtjylland-Nordjylland,7,,484,108,,,6,,False
Jacob Abildgaard,Enhedslisten - De Rød-Grønne,Vestjyllands Storkreds,Midtjylland-Nordjylland,2,,531,49,,,7,,False
Lars Dohn,Enhedslisten - De Rød-Grønne,Vestjyllands Storkreds,Midtjylland-Nordjylland,9,,491,75,,,8,,False
Peder Hvelplund,Enhedslisten - De Rød-Grønne,Nordjyllands Storkreds,Midtjylland-Nordjylland,7,,4400,2296,1T,1,,T,True
Runa Friis Hansen,Enhedslisten - De Rød-Grønne,Nordjyllands Storkreds,Midtjylland-Nordjylland,1,,867,459,,,1,,False
Lasse Olsen,Enhedslisten - De Rød-Grønne,Nordjyllands Storkreds,Midtjylland-Nordjylland,8,,1706,398,,,2,,False
Filippa Emilie Vittrup,Enhedslisten - De Rød-Grønne,Nordjyllands Storkreds,Midtjylland-Nordjylland,9,,2779,1332,,,3,,False
Berit Raldin,Enhedslisten - De Rød-Grønne,Nordjyllands Storkreds,Midtjylland-Nordjylland,4,,1001,353,,,4,,False
Christina Eilers,Enhedslisten - De Rød-Grønne,Nordjyllands Storkreds,Midtjylland-Nordjylland,3,,771,198,,,5,,False
Hans Jensen,Enhedslisten - De Rød-Grønne,Nordjyllands Storkreds,Midtjylland-Nordjylland,2,,643,67,,,6,,False
Lasse Mejer Petersen,Enhedslisten - De Rød-Grønne,Nordjyllands Storkreds,Midtjylland-Nordjylland,6,,476,73,,,7,,False
Ulrik Appel,Enhedslisten - De Rød-Grønne,Nordjyllands Storkreds,Midtjylland-Nordjylland,5,,668,97,,,8,,False
Qasam Nazir Ahmad,Alternativet,Københavns Storkreds,Hovedstaden,Alle,,1165,1165,,,2,,False
Mikkel Bahl,Alternativet,Københavns Storkreds,Hovedstaden,Alle,,53,53,,,15,,False
Mette Bram,Alternativet,Københavns Storkreds,Hovedstaden,Alle,,217,217,,,9,,False
Lise Coermann,Alternativet,Københavns Storkreds,Hovedstaden,Alle,,3946,3946,,,1,,False
Vibeke Frost,Alternativet,Københavns Storkreds,Hovedstaden,Alle,,159,159,,,10,,False
Peter Martin Jakobsen,Alternativet,Københavns Storkreds,Hovedstaden,Alle,,148,148,,,12,,False
Nikolai Eskild Jensen,Alternativet,Københavns Storkreds,Hovedstaden,Alle,,222,222,,,8,,False
Jakob Ravn Karlsen,Alternativet,Københavns Storkreds,Hovedstaden,Alle,,107,107,,,13,,False
Jan Kristoffersen,Alternativet,Københavns Storkreds,Hovedstaden,Alle,,554,554,,,5,,False
Catharina Næsby Malkki,Alternativet,Københavns Storkreds,Hovedstaden,Alle,,259,259,,,7,,False
Roger Courage Matthisen,Alternativet,Københavns Storkreds,Hovedstaden,Alle,,325,325,,,6,,False
Jiesper Tristan Pedersen,Alternativet,Københavns Storkreds,Hovedstaden,Alle,,971,971,,,4,,False
Franciska Rosenkilde,Alternativet,Københavns Storkreds,Hovedstaden,Alle,Alle,11385,11385,1K,1,,K,True
Jan Schumann,Alternativet,Københavns Storkreds,Hovedstaden,Alle,,58,58,,,14,,False
Noah Sturis,Alternativet,Københavns Storkreds,Hovedstaden,Alle,,153,153,,,11,,False
Anders Sørensen,Alternativet,Københavns Storkreds,Hovedstaden,Alle,,1009,1009,,,3,,False
Thomas Anker,Alternativet,Københavns Omegns Storkreds,Hovedstaden,Alle,,143,143,,,3,,False
Nana Løcke Buttenschøn,Alternativet,Københavns Omegns Storkreds,Hovedstaden,Alle,,206,206,,,1,,False
Jesper Callesen,Alternativet,Københavns Omegns Storkreds,Hovedstaden,Alle,,48,48,,,6,,False
Thomas Lindqvist,Alternativet,Københavns Omegns Storkreds,Hovedstaden,Alle,,119,119,,,5,,False
Peter Samir,Alternativet,Københavns Omegns Storkreds,Hovedstaden,Alle,,135,135,,,4,,False
Signe Wenneberg,Alternativet,Københavns Omegns Storkreds,Hovedstaden,Alle,Alle,3349,3349,1T,1,,T,True
Tim Wodskou,Alternativet,Københavns Omegns Storkreds,Hovedstaden,Alle,,188,188,,,2,,False
Helene Brydensholt,Alternativet,Nordsjællands Storkreds,Hovedstaden,Alle,Alle,1227,1227,,,1,,False
Morten Hvidberg Greve,Alternativet,Nordsjællands Storkreds,Hovedstaden,Alle,,145,145,,,4,,False
Rasmus Harning,Alternativet,Nordsjællands Storkreds,Hovedstaden,Alle,,136,136,,,5,,False
Ingrid Heintz,Alternativet,Nordsjællands Storkreds,Hovedstaden,Alle,,50,50,,,8,,False
Nanna Høyrup,Alternativet,Nordsjællands Storkreds,Hovedstaden,Alle,,268,268,,,2,,False
Mariane Lunden,Alternativet,Nordsjællands Storkreds,Hovedstaden,Alle,,47,47,,,9,,False
Sofie Faureholm Lundsberg,Alternativet,Nordsjællands Storkreds,Hovedstaden,Alle,,36,36,,,10,,False
Simon Rigét,Alternativet,Nordsjællands Storkreds,Hovedstaden,Alle,,63,63,,,7,,False
Salik Anders Rosing,Alternativet,Nordsjællands Storkreds,Hovedstaden,Alle,,198,198,,,3,,False
Tine Loft Thomsen,Alternativet,Nordsjællands Storkreds,Hovedstaden,Alle,,120,120,,,6,,False
Kim Hjerrild,Alternativet,Bornholms Storkreds,Hovedstaden,Alle,2,37,37,,,2,,False
Sofie Valbjørn,Alternativet,Bornholms Storkreds,Hovedstaden,Alle,1,57,57,,,1,,False
Jacob Antvorskov,Alternativet,Sjællands Storkreds,Sjælland-Syddanmark,Alle,,295,295,,,3,,False
Isabella Apelroth,Alternativet,Sjællands Storkreds,Sjælland-Syddanmark,Alle,,45,45,,,10,,False
Yurdal Cicek,Alternativet,Sjællands Storkreds,Sjælland-Syddanmark,Alle,,243,243,,,4,,False
Valentina Crast,Alternativet,Sjællands Storkreds,Sjælland-Syddanmark,Alle,,329,329,,,2,,False
Sascha Faxe,Alternativet,Sjællands Storkreds,Sjælland-Syddanmark,Alle,Alle,1290,1290,,,1,,False
Mette Friis,Alternativet,Sjællands Storkreds,Sjælland-Syddanmark,Alle,,199,199,,,5,,False
Line Gessø,Alternativet,Sjællands Storkreds,Sjælland-Syddanmark,Alle,,81,81,,,7,,False
Lars König,Alternativet,Sjællands Storkreds,Sjælland-Syddanmark,Alle,,47,47,,,9,,False
Allan Hansen Lindemark,Alternativet,Sjællands Storkreds,Sjælland-Syddanmark,Alle,,52,52,,,8,,False
Liselotte Katarina Rotfeld,Alternativet,Sjællands Storkreds,Sjælland-Syddanmark,Alle,,122,122,,,6,,False
Elise Sydendal,Alternativet,Sjællands Storkreds,Sjælland-Syddanmark,Alle,,1298,1298,1T,1,,T,True
Maria Dalum,Alternativet,Fyns Storkreds,Sjælland-Syddanmark,Alle,,315,315,,,3,,False
Linda Frølund,Alternativet,Fyns Storkreds,Sjælland-Syddanmark,Alle,Alle,732,732,,,1,,False
Bodil Helbo,Alternativet,Fyns Storkreds,Sjælland-Syddanmark,Alle,,70,70,,,8,,False
Jacob Holm,Alternativet,Fyns Storkreds,Sjælland-Syddanmark,Alle,,119,119,,,5,,False
Martin Kjærulff,Alternativet,Fyns Storkreds,Sjælland-Syddanmark,Alle,,94,94,,,6,,False
Ole Dupont Kofod,Alternativet,Fyns Storkreds,Sjælland-Syddanmark,Alle,,81,81,,,7,,False
Stine Larsen,Alternativet,Fyns Storkreds,Sjælland-Syddanmark,Alle,,470,470,,,2,,False
Matilde Skov-Hansen,Alternativet,Fyns Storkreds,Sjælland-Syddanmark,Alle,,212,212,,,4,,False
Bo Tønnesen,Alternativet,Fyns Storkreds,Sjælland-Syddanmark,Alle,,21,21,,,9,,False
Astrid Fogh,Alternativet,Sydjyllands Storkreds,Sjælland-Syddanmark,Alle,,156,156,,,2,,False
Hans Biering Fonsbøl,Alternativet,Sydjyllands Storkreds,Sjælland-Syddanmark,Alle,,51,51,,,6,,False
Mikael Hertig,Alternativet,Sydjyllands Storkreds,Sjælland-Syddanmark,Alle,,33,33,,,9,,False
Coco Mette Cecilie Kjærgaard,Alternativet,Sydjyllands Storkreds,Sjælland-Syddanmark,Alle,Alle,379,379,,,1,,False
Edvard Korsbæk,Alternativet,Sydjyllands Storkreds,Sjælland-Syddanmark,Alle,,44,44,,,7,,False
Bo Nielsen,Alternativet,Sydjyllands Storkreds,Sjælland-Syddanmark,Alle,,61,61,,,5,,False
Bodil Nielsen,Alternativet,Sydjyllands Storkreds,Sjælland-Syddanmark,Alle,,32,32,,,10,,False
Carsten Sohl,Alternativet,Sydjyllands Storkreds,Sjælland-Syddanmark,Alle,,43,43,,,8,,False
Ane Line Søndergaard,Alternativet,Sydjyllands Storkreds,Sjælland-Syddanmark,Alle,,121,121,,,3,,False
Mikael Winther,Alternativet,Sydjyllands Storkreds,Sjælland-Syddanmark,Alle,,96,96,,,4,,False
Lissi Bagge,Alternativet,Østjyllands Storkreds,Midtjylland-Nordjylland,Alle,,23,23,,,19,,False
Steffen Hedegaard Attermann Brinch,Alternativet,Østjyllands Storkreds,Midtjylland-Nordjylland,Alle,,393,393,,,2,,False
Anna Calero,Alternativet,Østjyllands Storkreds,Midtjylland-Nordjylland,Alle,,132,132,,,7,,False
Torsten Gejl,Alternativet,Østjyllands Storkreds,Midtjylland-Nordjylland,Alle,Alle,3316,3316,1T,1,,T,True
Nikoline Erbs Hillers-Bendtsen,Alternativet,Østjyllands Storkreds,Midtjylland-Nordjylland,Alle,,1267,1267,,,1,,False
Gitte Dreier Jacobsen,Alternativet,Østjyllands Storkreds,Midtjylland-Nordjylland,Alle,,344,344,,,4,,False
Thor Clasen Jonasen,Alternativet,Østjyllands Storkreds,Midtjylland-Nordjylland,Alle,,124,124,,,8,,False
Tina Kjær,Alternativet,Østjyllands Storkreds,Midtjylland-Nordjylland,Alle,,321,321,,,5,,False
Karina Konrad,Alternativet,Østjyllands Storkreds,Midtjylland-Nordjylland,Alle,,112,112,,,9,,False
Sasja Elkjær Krogsdal,Alternativet,Østjyllands Storkreds,Midtjylland-Nordjylland,Alle,,56,56,,,11,,False
Juma Nellemann Kruse,Alternativet,Østjyllands Storkreds,Midtjylland-Nordjylland,Alle,,50,50,,,12,,False
Hanne K. Mortensen,Alternativet,Østjyllands Storkreds,Midtjylland-Nordjylland,Alle,,58,58,,,10,,False
Mads Damgaard Mortensen,Alternativet,Østjyllands Storkreds,Midtjylland-Nordjylland,Alle,,44,44,,,14,,False
Thomas Quist Mortensen,Alternativet,Østjyllands Storkreds,Midtjylland-Nordjylland,Alle,,43,43,,,15,,False
Thomas Due Nielsen,Alternativet,Østjyllands Storkreds,Midtjylland-Nordjylland,Alle,,46,46,,,13,,False
Bjørn Olsen,Alternativet,Østjyllands Storkreds,Midtjylland-Nordjylland,Alle,,351,351,,,3,,False
Marcus Bech Pedersen,Alternativet,Østjyllands Storkreds,Midtjylland-Nordjylland,Alle,,28,28,,,17,,False
Tenna Duch Schaldemose,Alternativet,Østjyllands Storkreds,Midtjylland-Nordjylland,Alle,,35,35,,,16,,False
Pernille Skærsø,Alternativet,Østjyllands Storkreds,Midtjylland-Nordjylland,Alle,,187,187,,,6,,False
Kim Sørensen,Alternativet,Østjyllands Storkreds,Midtjylland-Nordjylland,Alle,,27,27,,,18,,False
Peter Bilgrav,Alternativet,Vestjyllands Storkreds,Midtjylland-Nordjylland,Alle,"3,4",387,387,,,2,,False
Lina Sikora Christiansen,Alternativet,Vestjyllands Storkreds,Midtjylland-Nordjylland,Alle,2,80,80,,,5,,False
Didde Krabbe Johannesen,Alternativet,Vestjyllands Storkreds,Midtjylland-Nordjylland,Alle,,80,80,,,4,,False
Signe Sofie Larsen,Alternativet,Vestjyllands Storkreds,Midtjylland-Nordjylland,Alle,"5,6",457,457,,,1,,False
Nicklas Stampe Raabjerg,Alternativet,Vestjyllands Storkreds,Midtjylland-Nordjylland,Alle,"8,9,10",142,142,,,3,,False
Steffen Tolstrup,Alternativet,Vestjyllands Storkreds,Midtjylland-Nordjylland,Alle,"1,7,11",58,58,,,6,,False
Anna Bjerre,Alternativet,Nordjyllands Storkreds,Midtjylland-Nordjylland,Alle,Alle,1194,1194,1T,1,,T,True
Anne-Marie Hemmeth,Alternativet,Nordjyllands Storkreds,Midtjylland-Nordjylland,Alle,,116,116,,,3,,False
Emil Sloth,Alternativet,Nordjyllands Storkreds,Midtjylland-Nordjylland,Alle,,350,350,,,1,,False
Anette Jensen Smith,Alternativet,Nordjyllands Storkreds,Midtjylland-Nordjylland,Alle,,277,277,,,2,,False
