candidate_key,candidate_name,party_name,storkreds,age_num,education,tiktok_exists,candidate_votes_total_2026,party_votes_total_2026,vote_share_of_party_total_2026,videos_last_7d,videos_last_14d,videos_last_30d,videos_last_90d,videos_total_2026,prior_vote_share_of_party_2022,prior_party_rank_2022
Aksel Rosager Johansen || Enhedslisten - De Rød-Grønne || vestjylland,Aksel Rosager Johansen,Enhedslisten - De Rød-Grønne,vestjylland,0.0,Kandidat-/masteruddannelse,0,193,86659,0.0022271200913927002,0.0,0.0,0.0,0.0,0.0,0.004448732379267835,22.0
Alex Ahrendtsen || Dansk Folkeparti || fyn,Alex Ahrendtsen,Dansk Folkeparti,fyn,0.0,Kandidat-/masteruddannelse,0,3281,126849,0.025865399017729742,0.0,0.0,0.0,0.0,0.0,0.14500294521892795,2.0
Alex Vanopslagh || Liberal Alliance || østjylland,Alex Vanopslagh,Liberal Alliance,østjylland,0.0,Kandidat-/masteruddannelse,1,38487,117371,0.32790893832377677,17.0,28.0,42.0,43.0,43.0,0.5256480667838312,1.0
Alexander Bruhn Skjøth || SF - Socialistisk Folkeparti || københavns omegn,Alexander Bruhn Skjøth,SF - Socialistisk Folkeparti,københavns omegn,0.0,Gymnasial uddannelse,0,263,180086,0.0014604133580622591,0.0,0.0,0.0,0.0,0.0,0.0021013991594403363,37.0
Alexander Ryle || Liberal Alliance || københavn,Alexander Ryle,Liberal Alliance,københavn,0.0,Kandidat-/masteruddannelse,1,1984,117371,0.016903664448628706,12.0,19.0,19.0,19.0,33.0,0.026746485061511425,8.0
Ali Qais || Moderaterne || københavn,Ali Qais,Moderaterne,københavn,0.0,Kandidat-/masteruddannelse,0,1024,100412,0.010197984304664781,0.0,0.0,0.0,0.0,0.0,,
Ali Yahya || SF - Socialistisk Folkeparti || sjælland,Ali Yahya,SF - Socialistisk Folkeparti,sjælland,0.0,Kandidat-/masteruddannelse,0,1102,180086,0.00611929855735593,0.0,0.0,0.0,0.0,0.0,,
Allan Feldt || Dansk Folkeparti || københavn,Allan Feldt,Dansk Folkeparti,københavn,0.0,Kandidat-/masteruddannelse,1,1679,126849,0.01323620998194704,20.0,31.0,34.0,36.0,36.0,,
Allan Hansen Lindemark || Alternativet || sjælland,Allan Hansen Lindemark,Alternativet,sjælland,0.0,Kandidat-/masteruddannelse,0,52,44532,0.0011676996317255008,0.0,0.0,0.0,0.0,0.0,,
Allan Holm || Borgernes Parti - Lars Boje Mathiesen || fyn,Allan Holm,Borgernes Parti - Lars Boje Mathiesen,fyn,0.0,Ph.d.-uddannelse,0,591,22238,0.02657613094702761,0.0,0.0,0.0,0.0,0.0,,
Allan Orland || Borgernes Parti - Lars Boje Mathiesen || københavns omegn,Allan Orland,Borgernes Parti - Lars Boje Mathiesen,københavns omegn,0.0,Kandidat-/masteruddannelse,0,75,22238,0.003372605450130407,0.0,0.0,0.0,0.0,0.0,,
Allan Svendsen || Dansk Folkeparti || sydjylland,Allan Svendsen,Dansk Folkeparti,sydjylland,0.0,Gymnasial uddannelse,0,362,126849,0.002853786785863507,0.0,0.0,0.0,0.0,0.0,,
Amanda Heitmann || Venstre || fyn,Amanda Heitmann,Venstre,fyn,0.0,Kandidat-/masteruddannelse,1,3202,235636,0.013588755538202992,2.0,8.0,20.0,31.0,31.0,,
Anastasia Milthers || Radikale Venstre || fyn,Anastasia Milthers,Radikale Venstre,fyn,0.0,Bachelor-/diplomuddannelse,1,2393,100983,0.023697057920640106,7.0,15.0,30.0,50.0,53.0,,
Anders Andreasen || Socialdemokratiet || vestjylland,Anders Andreasen,Socialdemokratiet,vestjylland,0.0,Bachelor-/diplomuddannelse,0,1329,369428,0.0035974533603300237,0.0,0.0,0.0,0.0,0.0,0.002845612873170978,49.0
Anders Bo Larsen || Venstre || københavns omegn,Anders Bo Larsen,Venstre,københavns omegn,0.0,Bachelor-/diplomuddannelse,0,433,235636,0.0018375799962654263,0.0,0.0,0.0,0.0,0.0,0.0023986827572655017,32.0
Anders Bork || Dansk Folkeparti || sjælland,Anders Bork,Dansk Folkeparti,sjælland,0.0,Erhvervsuddannelse,0,209,126849,0.001647628282446058,0.0,0.0,0.0,0.0,0.0,,
Anders Bøge || SF - Socialistisk Folkeparti || vestjylland,Anders Bøge,SF - Socialistisk Folkeparti,vestjylland,0.0,Ikke oplyst,0,492,180086,0.002732028031051831,0.0,0.0,0.0,0.0,0.0,0.005718997712400915,31.0
Anders Fausbøll || Venstre || københavn,Anders Fausbøll,Venstre,københavn,0.0,Ph.d.-uddannelse,0,356,235636,0.0015108048006246923,0.0,0.0,0.0,0.0,0.0,0.006769164052283153,29.0
Anders Havelund Krøyer || Det Konservative Folkeparti || københavn,Anders Havelund Krøyer,Det Konservative Folkeparti,københavn,0.0,Bachelor-/diplomuddannelse,0,339,133656,0.00253636200395044,0.0,0.0,0.0,0.0,0.0,0.013992899898940167,21.0
Anders Krojgaard Lund || Det Konservative Folkeparti || østjylland,Anders Krojgaard Lund,Det Konservative Folkeparti,østjylland,0.0,Bachelor-/diplomuddannelse,0,418,133656,0.003127431615490513,0.0,0.0,0.0,0.0,0.0,0.006970537171879454,25.0
Anders Kronborg || Socialdemokratiet || sydjylland,Anders Kronborg,Socialdemokratiet,sydjylland,0.0,Bachelor-/diplomuddannelse,1,5728,369428,0.015505051051896446,3.0,3.0,5.0,28.0,68.0,0.020786444330944218,15.0
Anders Kühnau || Socialdemokratiet || østjylland,Anders Kühnau,Socialdemokratiet,østjylland,0.0,Kandidat-/masteruddannelse,0,4043,369428,0.010943945775631517,0.0,0.0,0.0,0.0,0.0,,
Anders Peter Hansen || Liberal Alliance || nordjylland,Anders Peter Hansen,Liberal Alliance,nordjylland,0.0,Kandidat-/masteruddannelse,1,245,117371,0.0020873980795937668,6.0,9.0,19.0,23.0,23.0,,
Anders Storgaard || Det Konservative Folkeparti || københavn,Anders Storgaard,Det Konservative Folkeparti,københavn,0.0,Kandidat-/masteruddannelse,0,3099,133656,0.02318638893876818,0.0,0.0,0.0,0.0,0.0,,
Anders Sørensen || Alternativet || københavn,Anders Sørensen,Alternativet,københavn,0.0,Ph.d.-uddannelse,0,1009,44532,0.022657864007904427,0.0,0.0,0.0,0.0,0.0,,
Anders Vistisen || Dansk Folkeparti || nordjylland,Anders Vistisen,Dansk Folkeparti,nordjylland,0.0,Kandidat-/masteruddannelse,1,3580,126849,0.028222532302186062,2.0,5.0,13.0,35.0,69.0,,
Andreas Fjord Larsen || Venstre || fyn,Andreas Fjord Larsen,Venstre,fyn,0.0,Kandidat-/masteruddannelse,0,260,235636,0.0011033967645011798,0.0,0.0,0.0,0.0,0.0,,
Andreas Lausen || Moderaterne || fyn,Andreas Lausen,Moderaterne,fyn,0.0,Kandidat-/masteruddannelse,0,275,100412,0.002738716488069155,0.0,0.0,0.0,0.0,0.0,,
Andreas Raben || Moderaterne || nordsjælland,Andreas Raben,Moderaterne,nordsjælland,0.0,Bachelor-/diplomuddannelse,1,322,100412,0.0032067880333027923,14.0,38.0,67.0,77.0,105.0,,
Ane Halsboe-Jørgensen || Socialdemokratiet || nordjylland,Ane Halsboe-Jørgensen,Socialdemokratiet,nordjylland,0.0,Kandidat-/masteruddannelse,0,6864,369428,0.018580075143194343,0.0,0.0,0.0,0.0,0.0,0.015347787774528677,25.0
Ane Line Søndergaard || Alternativet || sydjylland,Ane Line Søndergaard,Alternativet,sydjylland,0.0,Gymnasial uddannelse,0,121,44532,0.002717147219976646,0.0,0.0,0.0,0.0,0.0,0.007030885676364028,16.0
Anette Jensen Smith || Alternativet || nordjylland,Anette Jensen Smith,Alternativet,nordjylland,0.0,Bachelor-/diplomuddannelse,1,277,44532,0.006220246115153148,0.0,0.0,1.0,1.0,1.0,0.009685403737848406,13.0
Anita Vivi Lilholt || Venstre || nordjylland,Anita Vivi Lilholt,Venstre,nordjylland,0.0,Bachelor-/diplomuddannelse,0,350,235636,0.0014853417983669728,0.0,0.0,0.0,0.0,0.0,0.001280652658540056,36.0
Anja Busch || Borgernes Parti - Lars Boje Mathiesen || fyn,Anja Busch,Borgernes Parti - Lars Boje Mathiesen,fyn,0.0,Erhvervsuddannelse,0,190,22238,0.008543933806997032,0.0,0.0,0.0,0.0,0.0,,
Anja Lund || Venstre || fyn,Anja Lund,Venstre,fyn,0.0,Erhvervsuddannelse,1,3081,235636,0.01307525165933898,0.0,0.0,0.0,0.0,0.0,,
Anja Rosengreen || SF - Socialistisk Folkeparti || nordsjælland,Anja Rosengreen,SF - Socialistisk Folkeparti,nordsjælland,0.0,Kandidat-/masteruddannelse,0,1287,180086,0.007146585520251435,0.0,0.0,0.0,0.0,0.0,,
Anna Bjerre || Alternativet || nordjylland,Anna Bjerre,Alternativet,nordjylland,0.0,Kandidat-/masteruddannelse,0,1194,44532,0.02681218000538938,0.0,0.0,0.0,0.0,0.0,,
Anna Brændemose || SF - Socialistisk Folkeparti || østjylland,Anna Brændemose,SF - Socialistisk Folkeparti,østjylland,0.0,Kandidat-/masteruddannelse,0,2013,180086,0.011177992736803527,0.0,0.0,0.0,0.0,0.0,0.025589189764324095,16.0
Anna Calero || Alternativet || østjylland,Anna Calero,Alternativet,østjylland,0.0,Kandidat-/masteruddannelse,0,132,44532,0.0029641606036108865,0.0,0.0,0.0,0.0,0.0,,
Anna Katrine Leth Rehn || SF - Socialistisk Folkeparti || fyn,Anna Katrine Leth Rehn,SF - Socialistisk Folkeparti,fyn,0.0,Seminaruddannelse,0,606,180086,0.003365058916295548,0.0,0.0,0.0,0.0,0.0,,
Anna Poulsen || SF - Socialistisk Folkeparti || nordsjælland,Anna Poulsen,SF - Socialistisk Folkeparti,nordsjælland,0.0,Bachelor-/diplomuddannelse,0,776,180086,0.004309052341658985,0.0,0.0,0.0,0.0,0.0,,
Anne Catherine Hoxcer Nielsen || Socialdemokratiet || sydjylland,Anne Catherine Hoxcer Nielsen,Socialdemokratiet,sydjylland,0.0,Bachelor-/diplomuddannelse,0,1789,369428,0.004842621566313328,0.0,0.0,0.0,0.0,0.0,,
Anne Fiber || Det Konservative Folkeparti || fyn,Anne Fiber,Det Konservative Folkeparti,fyn,0.0,Bachelor-/diplomuddannelse,0,470,133656,0.0035164900939725864,0.0,0.0,0.0,0.0,0.0,0.017698427094400247,18.0
Anne Honoré Østergaard || Venstre || nordjylland,Anne Honoré Østergaard,Venstre,nordjylland,0.0,Kandidat-/masteruddannelse,0,1805,235636,0.0076601198458639596,0.0,0.0,0.0,0.0,0.0,0.025972177990391716,15.0
Anne Marie Geisler Andersen || Radikale Venstre || sydjylland,Anne Marie Geisler Andersen,Radikale Venstre,sydjylland,0.0,Kandidat-/masteruddannelse,0,1349,100983,0.013358684134953409,0.0,0.0,0.0,0.0,0.0,0.03207286645187859,8.0
Anne Møllegaard Mortensen || Dansk Folkeparti || fyn,Anne Møllegaard Mortensen,Dansk Folkeparti,fyn,0.0,Gymnasial uddannelse,0,1149,126849,0.009058013858997706,0.0,0.0,0.0,0.0,0.0,,
Anne Paulin || Socialdemokratiet || vestjylland,Anne Paulin,Socialdemokratiet,vestjylland,0.0,Kandidat-/masteruddannelse,0,6742,369428,0.018249834879868337,0.0,0.0,0.0,0.0,0.0,0.019377669516021306,17.0
Anne Sophie Callesen || Radikale Venstre || østjylland,Anne Sophie Callesen,Radikale Venstre,østjylland,0.0,Kandidat-/masteruddannelse,1,4101,100983,0.04061079587653368,4.0,12.0,15.0,15.0,15.0,,
Anne Valentina Berthelsen || SF - Socialistisk Folkeparti || sjælland,Anne Valentina Berthelsen,SF - Socialistisk Folkeparti,sjælland,0.0,Bachelor-/diplomuddannelse,0,1782,180086,0.00989527225880968,0.0,0.0,0.0,0.0,0.0,0.018393892642442945,18.0
Anne-Marie Hemmeth || Alternativet || nordjylland,Anne-Marie Hemmeth,Alternativet,nordjylland,0.0,Ikke oplyst,0,116,44532,0.0026048684092338094,0.0,0.0,0.0,0.0,0.0,,
Anne-Sofie Sadolin || Radikale Venstre || københavn,Anne-Sofie Sadolin,Radikale Venstre,københavn,0.0,Ikke oplyst,0,1385,100983,0.013715179782735709,0.0,0.0,0.0,0.0,0.0,,
Annette Rieva || Venstre || nordsjælland,Annette Rieva,Venstre,nordsjælland,0.0,Kandidat-/masteruddannelse,0,595,235636,0.002525081057223854,0.0,0.0,0.0,0.0,0.0,,
Annette Sofia Skotte || Liberal Alliance || vestjylland,Annette Sofia Skotte,Liberal Alliance,vestjylland,0.0,Ikke oplyst,0,89,117371,0.0007582793023830418,0.0,0.0,0.0,0.0,0.0,,
Anni Matthiesen || Venstre || sydjylland,Anni Matthiesen,Venstre,sydjylland,0.0,Bachelor-/diplomuddannelse,1,6339,235636,0.026901661885280686,0.0,0.0,0.0,0.0,0.0,0.06464246752630759,5.0
Annie Hagel || Enhedslisten - De Rød-Grønne || nordsjælland,Annie Hagel,Enhedslisten - De Rød-Grønne,nordsjælland,0.0,Kandidat-/masteruddannelse,0,250,86659,0.0028848705847055703,0.0,0.0,0.0,0.0,0.0,0.015463364956852656,6.0
Araz Khan || Liberal Alliance || fyn,Araz Khan,Liberal Alliance,fyn,0.0,Seminaruddannelse,0,978,117371,0.008332552334051852,0.0,0.0,0.0,0.0,0.0,,
Arne Hyldgaard || Borgernes Parti - Lars Boje Mathiesen || nordjylland,Arne Hyldgaard,Borgernes Parti - Lars Boje Mathiesen,nordjylland,0.0,Erhvervsuddannelse,0,236,22238,0.010612465149743682,0.0,0.0,0.0,0.0,0.0,,
Asbjørn Reissmann || Socialdemokratiet || københavn,Asbjørn Reissmann,Socialdemokratiet,københavn,0.0,Kandidat-/masteruddannelse,0,494,369428,0.001337202377729896,0.0,0.0,0.0,0.0,0.0,,
Asta Kofod || Enhedslisten - De Rød-Grønne || bornholm,Asta Kofod,Enhedslisten - De Rød-Grønne,bornholm,0.0,Gymnasial uddannelse,0,147,86659,0.0016963039038068752,0.0,0.0,0.0,0.0,0.0,,
Astrid Carøe || SF - Socialistisk Folkeparti || sjælland,Astrid Carøe,SF - Socialistisk Folkeparti,sjælland,0.0,Bachelor-/diplomuddannelse,0,1895,180086,0.010522750241551259,0.0,0.0,0.0,0.0,0.0,0.02807628876948449,14.0
Astrid Fogh || Alternativet || sydjylland,Astrid Fogh,Alternativet,sydjylland,0.0,Bachelor-/diplomuddannelse,0,156,44532,0.0035030988951765024,0.0,0.0,0.0,0.0,0.0,,
Astrid Søborg || Venstre || københavns omegn,Astrid Søborg,Venstre,københavns omegn,0.0,Kandidat-/masteruddannelse,0,915,235636,0.003883107844302229,0.0,0.0,0.0,0.0,0.0,0.008652875370135722,27.0
Ayhan Kilic || Moderaterne || nordsjælland,Ayhan Kilic,Moderaterne,nordsjælland,0.0,Ikke oplyst,1,763,100412,0.007598693383260965,7.0,14.0,27.0,27.0,27.0,,
Barbara Engelstoft || Det Konservative Folkeparti || sjælland,Barbara Engelstoft,Det Konservative Folkeparti,sjælland,0.0,Kandidat-/masteruddannelse,0,356,133656,0.0026635541988388103,0.0,0.0,0.0,0.0,0.0,,
Barbara Krarup Hansen || Radikale Venstre || sydjylland,Barbara Krarup Hansen,Radikale Venstre,sydjylland,0.0,Kandidat-/masteruddannelse,1,96,100983,0.0009506550607527999,0.0,1.0,1.0,1.0,2.0,,
Benjamin Christensen || SF - Socialistisk Folkeparti || nordjylland,Benjamin Christensen,SF - Socialistisk Folkeparti,nordjylland,0.0,Kandidat-/masteruddannelse,1,991,180086,0.0055029263796186265,0.0,0.0,0.0,0.0,0.0,,
Benny Bindslev || Danmarksdemokraterne - Inger Støjberg || københavn,Benny Bindslev,Danmarksdemokraterne - Inger Støjberg,københavn,0.0,Bachelor-/diplomuddannelse,0,184,75770,0.0024284017421142934,0.0,0.0,0.0,0.0,0.0,,
Benny Dall || Enhedslisten - De Rød-Grønne || sydjylland,Benny Dall,Enhedslisten - De Rød-Grønne,sydjylland,0.0,Gymnasial uddannelse,0,201,86659,0.0023194359501032785,0.0,0.0,0.0,0.0,0.0,0.005976309160100767,20.0
Benny Damgaard || Danmarksdemokraterne - Inger Støjberg || sjælland,Benny Damgaard,Danmarksdemokraterne - Inger Støjberg,sjælland,0.0,Erhvervsuddannelse,0,1468,75770,0.01937442259469447,0.0,0.0,0.0,0.0,0.0,,
Benny Engelbrecht || Socialdemokratiet || sydjylland,Benny Engelbrecht,Socialdemokratiet,sydjylland,0.0,Grundskole,0,7275,369428,0.019692605866366383,0.0,0.0,0.0,0.0,0.0,0.02990699841162043,6.0
Bente Refslund || SF - Socialistisk Folkeparti || vestjylland,Bente Refslund,SF - Socialistisk Folkeparti,vestjylland,0.0,Ikke oplyst,0,472,180086,0.0026209699810090734,0.0,0.0,0.0,0.0,0.0,0.0070090971963611215,27.0
Berit Raldin || Enhedslisten - De Rød-Grønne || nordjylland,Berit Raldin,Enhedslisten - De Rød-Grønne,nordjylland,0.0,Ikke oplyst,0,353,86659,0.004073437265604265,0.0,0.0,0.0,0.0,0.0,0.004984724232191671,21.0
Betina Asbæk || Moderaterne || københavns omegn,Betina Asbæk,Moderaterne,københavns omegn,0.0,Bachelor-/diplomuddannelse,0,691,100412,0.006881647611839223,0.0,0.0,0.0,0.0,0.0,,
Betina Kastbjerg || Danmarksdemokraterne - Inger Støjberg || vestjylland,Betina Kastbjerg,Danmarksdemokraterne - Inger Støjberg,vestjylland,0.0,Ikke oplyst,1,2259,75770,0.02981391051867494,0.0,0.0,0.0,0.0,0.0,,
Bia Ndamukunda || Det Konservative Folkeparti || østjylland,Bia Ndamukunda,Det Konservative Folkeparti,østjylland,0.0,Ikke oplyst,0,106,133656,0.0007930807445980727,0.0,0.0,0.0,0.0,0.0,,
Bianca Vitting || Enhedslisten - De Rød-Grønne || københavns omegn,Bianca Vitting,Enhedslisten - De Rød-Grønne,københavns omegn,0.0,Kandidat-/masteruddannelse,0,637,86659,0.0073506502498297925,0.0,0.0,0.0,0.0,0.0,,
Birgit Gedionsen || Enhedslisten - De Rød-Grønne || sjælland,Birgit Gedionsen,Enhedslisten - De Rød-Grønne,sjælland,0.0,Kandidat-/masteruddannelse,0,225,86659,0.002596383526235013,0.0,0.0,0.0,0.0,0.0,0.00316235193225063,25.0
Birgitte Bergman || Det Konservative Folkeparti || nordsjælland,Birgitte Bergman,Det Konservative Folkeparti,nordsjælland,0.0,Erhvervsuddannelse,0,3176,133656,0.02376249476267433,0.0,0.0,0.0,0.0,0.0,0.0397242880464357,9.0
Birgitte Vind || Socialdemokratiet || sydjylland,Birgitte Vind,Socialdemokratiet,sydjylland,0.0,Bachelor-/diplomuddannelse,0,6220,369428,0.016836839654817717,0.0,0.0,0.0,0.0,0.0,0.019969803950182132,16.0
Birthe Tindbæk Bredo || Venstre || bornholm,Birthe Tindbæk Bredo,Venstre,bornholm,0.0,Ikke oplyst,0,24,235636,0.00010185200903087814,0.0,0.0,0.0,0.0,0.0,0.0001693984998068857,38.0
Bjarke Bisgaard Yolal || SF - Socialistisk Folkeparti || københavn,Bjarke Bisgaard Yolal,SF - Socialistisk Folkeparti,københavn,0.0,Kandidat-/masteruddannelse,0,129,180086,0.0007163244227757849,0.0,0.0,0.0,0.0,0.0,,
Bjarke Jensen || Radikale Venstre || østjylland,Bjarke Jensen,Radikale Venstre,østjylland,0.0,Bachelor-/diplomuddannelse,0,389,100983,0.0038521335274254082,0.0,0.0,0.0,0.0,0.0,,
Bjarne Lastein || Radikale Venstre || sydjylland,Bjarne Lastein,Radikale Venstre,sydjylland,0.0,Ikke oplyst,0,62,100983,0.0006139647267361833,0.0,0.0,0.0,0.0,0.0,0.003367166493059761,28.0
Bjørn Brandenborg || Socialdemokratiet || fyn,Bjørn Brandenborg,Socialdemokratiet,fyn,0.0,Bachelor-/diplomuddannelse,1,12098,369428,0.03274792381736089,8.0,16.0,34.0,34.0,34.0,0.031338223821203465,5.0
Bjørn Jensen || Det Konservative Folkeparti || østjylland,Bjørn Jensen,Det Konservative Folkeparti,østjylland,0.0,Ikke oplyst,0,509,133656,0.0038082839528341414,0.0,0.0,0.0,0.0,0.0,,
Bjørn Laursen || Socialdemokratiet || sydjylland,Bjørn Laursen,Socialdemokratiet,sydjylland,0.0,Ikke oplyst,0,64,369428,0.00017324079387593793,0.0,0.0,0.0,0.0,0.0,0.0007128063804590024,52.0
Bjørn Olsen || Alternativet || østjylland,Bjørn Olsen,Alternativet,østjylland,0.0,Ikke oplyst,0,351,44532,0.00788197251414713,0.0,0.0,0.0,0.0,0.0,,
Bo Nielsen || Alternativet || sydjylland,Bo Nielsen,Alternativet,sydjylland,0.0,Bachelor-/diplomuddannelse,0,61,44532,0.0013698014910626067,0.0,0.0,0.0,0.0,0.0,,
Bo Ritterbusch || Liberal Alliance || nordjylland,Bo Ritterbusch,Liberal Alliance,nordjylland,0.0,Ikke oplyst,0,588,117371,0.00500975539102504,0.0,0.0,0.0,0.0,0.0,0.009624890158172233,17.0
Bo Tønnesen || Alternativet || fyn,Bo Tønnesen,Alternativet,fyn,0.0,Ikke oplyst,0,21,44532,0.00047157100511991377,0.0,0.0,0.0,0.0,0.0,,
Bo Vibe Ancher Jensen || Dansk Folkeparti || bornholm,Bo Vibe Ancher Jensen,Dansk Folkeparti,bornholm,0.0,Erhvervsuddannelse,0,545,126849,0.004296446956617711,0.0,0.0,0.0,0.0,0.0,,
Bob Richard Nielsen || Danmarksdemokraterne - Inger Støjberg || sjælland,Bob Richard Nielsen,Danmarksdemokraterne - Inger Støjberg,sjælland,0.0,Bachelor-/diplomuddannelse,0,299,75770,0.003946152830935726,0.0,0.0,0.0,0.0,0.0,,
Bodil Helbo || Alternativet || fyn,Bodil Helbo,Alternativet,fyn,0.0,Seminaruddannelse,0,70,44532,0.0015719033503997126,0.0,0.0,0.0,0.0,0.0,,
Bodil Nielsen || Alternativet || sydjylland,Bodil Nielsen,Alternativet,sydjylland,0.0,Ikke oplyst,0,32,44532,0.0007185843887541543,0.0,0.0,0.0,0.0,0.0,,
Brian Køster || Radikale Venstre || københavns omegn,Brian Køster,Radikale Venstre,københavns omegn,0.0,Ph.d.-uddannelse,1,275,100983,0.0027232306427814584,0.0,0.0,0.0,0.0,0.0,0.012717715171628594,18.0
Brian Lyck Jørgensen || Dansk Folkeparti || nordsjælland,Brian Lyck Jørgensen,Dansk Folkeparti,nordsjælland,0.0,Erhvervsuddannelse,0,566,126849,0.004461998123753439,0.0,0.0,0.0,0.0,0.0,0.030630276850579227,9.0
Brian Mørch || Danmarksdemokraterne - Inger Støjberg || sjælland,Brian Mørch,Danmarksdemokraterne - Inger Støjberg,sjælland,0.0,Ikke oplyst,0,376,75770,0.004962386168668338,0.0,0.0,0.0,0.0,0.0,,
Brian Perri || Moderaterne || sjælland,Brian Perri,Moderaterne,sjælland,0.0,Erhvervsuddannelse,0,234,100412,0.002330398757120663,0.0,0.0,0.0,0.0,0.0,,
Brian Prehn || Liberal Alliance || sjælland,Brian Prehn,Liberal Alliance,sjælland,0.0,Erhvervsuddannelse,0,44,117371,0.0003748796551107173,0.0,0.0,0.0,0.0,0.0,,
Bruno Jerup || Enhedslisten - De Rød-Grønne || sjælland,Bruno Jerup,Enhedslisten - De Rød-Grønne,sjælland,0.0,Kandidat-/masteruddannelse,0,168,86659,0.001938633032922143,0.0,0.0,0.0,0.0,0.0,0.00361794500723589,23.0
Camilla Fabricius || Socialdemokratiet || østjylland,Camilla Fabricius,Socialdemokratiet,østjylland,0.0,Seminaruddannelse,0,5876,369428,0.015905670387734553,0.0,0.0,0.0,0.0,0.0,0.012656522739646067,30.0
Camilla Hoffmann || Socialdemokratiet || københavn,Camilla Hoffmann,Socialdemokratiet,københavn,0.0,Kandidat-/masteruddannelse,0,418,369428,0.0011314789350022197,0.0,0.0,0.0,0.0,0.0,,
Camilla Schuster Nygaard || Moderaterne || fyn,Camilla Schuster Nygaard,Moderaterne,fyn,0.0,Bachelor-/diplomuddannelse,0,434,100412,0.004322192566625503,0.0,0.0,0.0,0.0,0.0,,
Carina Høedt || Det Konservative Folkeparti || københavn,Carina Høedt,Det Konservative Folkeparti,københavn,0.0,Kandidat-/masteruddannelse,1,1063,133656,0.007953253127431616,4.0,7.0,9.0,10.0,28.0,,
Carina Sarkkinen || SF - Socialistisk Folkeparti || østjylland,Carina Sarkkinen,SF - Socialistisk Folkeparti,østjylland,0.0,Ikke oplyst,0,861,180086,0.004781049054340704,0.0,0.0,0.0,0.0,0.0,,
Carl Andersen || Liberal Alliance || sydjylland,Carl Andersen,Liberal Alliance,sydjylland,0.0,Kandidat-/masteruddannelse,1,1106,117371,0.009423111330737576,6.0,12.0,18.0,26.0,37.0,0.011272517574692442,14.0
Carl Emil Lind || Socialdemokratiet || sjælland,Carl Emil Lind,Socialdemokratiet,sjælland,0.0,Erhvervsuddannelse,1,2495,369428,0.006753684073757268,4.0,8.0,13.0,17.0,17.0,,
Carl Valentin || SF - Socialistisk Folkeparti || københavn,Carl Valentin,SF - Socialistisk Folkeparti,københavn,0.0,Bachelor-/diplomuddannelse,0,3271,180086,0.018163544084492965,0.0,0.0,0.0,0.0,0.0,0.0349922860030856,10.0
Carolina Cámara || Enhedslisten - De Rød-Grønne || nordsjælland,Carolina Cámara,Enhedslisten - De Rød-Grønne,nordsjælland,0.0,Bachelor-/diplomuddannelse,1,734,86659,0.008469980036695553,6.0,8.0,10.0,11.0,16.0,,
Caroline Lochow || Enhedslisten - De Rød-Grønne || københavns omegn,Caroline Lochow,Enhedslisten - De Rød-Grønne,københavns omegn,0.0,Gymnasial uddannelse,0,586,86659,0.006762136650549856,0.0,0.0,0.0,0.0,0.0,,
Caroline Stage || Moderaterne || østjylland,Caroline Stage,Moderaterne,østjylland,0.0,Kandidat-/masteruddannelse,0,3751,100412,0.03735609289726328,0.0,0.0,0.0,0.0,0.0,,
Caroline Svejsø || Det Konservative Folkeparti || østjylland,Caroline Svejsø,Det Konservative Folkeparti,østjylland,0.0,Bachelor-/diplomuddannelse,0,367,133656,0.0027458550308254027,0.0,0.0,0.0,0.0,0.0,,
Carsten Abildtrup Ranum || Liberal Alliance || sjælland,Carsten Abildtrup Ranum,Liberal Alliance,sjælland,0.0,Bachelor-/diplomuddannelse,0,82,117371,0.0006986393572517913,0.0,0.0,0.0,0.0,0.0,,
Carsten Bach || Liberal Alliance || vestjylland,Carsten Bach,Liberal Alliance,vestjylland,0.0,Kandidat-/masteruddannelse,0,2315,117371,0.019723781854120694,0.0,0.0,0.0,0.0,0.0,0.028874670474516695,7.0
Carsten Bedsted || Radikale Venstre || nordjylland,Carsten Bedsted,Radikale Venstre,nordjylland,0.0,Kandidat-/masteruddannelse,1,859,100983,0.008506382262360992,6.0,11.0,20.0,26.0,33.0,,
Carsten Sohl || Alternativet || sydjylland,Carsten Sohl,Alternativet,sydjylland,0.0,Erhvervsuddannelse,0,43,44532,0.0009655977723883949,0.0,0.0,0.0,0.0,0.0,0.0031567241812246656,21.0
Casper Hindkjær || Radikale Venstre || vestjylland,Casper Hindkjær,Radikale Venstre,vestjylland,0.0,Kandidat-/masteruddannelse,0,189,100983,0.0018716021508570749,0.0,0.0,0.0,0.0,0.0,,
Catharina Næsby Malkki || Alternativet || københavn,Catharina Næsby Malkki,Alternativet,københavn,0.0,Ikke oplyst,0,259,44532,0.005816042396478937,0.0,0.0,0.0,0.0,0.0,,
Cecilie C. Johannsen || Det Konservative Folkeparti || sydjylland,Cecilie C. Johannsen,Det Konservative Folkeparti,sydjylland,0.0,Erhvervsuddannelse,0,309,133656,0.0023119051894415514,0.0,0.0,0.0,0.0,0.0,,
Cecilie Liv Hansen || Liberal Alliance || sydjylland,Cecilie Liv Hansen,Liberal Alliance,sydjylland,0.0,Bachelor-/diplomuddannelse,1,2569,117371,0.021887859863168924,3.0,5.0,8.0,9.0,23.0,,
Cecilie Louise Balbay Holdt || SF - Socialistisk Folkeparti || københavn,Cecilie Louise Balbay Holdt,SF - Socialistisk Folkeparti,københavn,0.0,Kandidat-/masteruddannelse,0,903,180086,0.005014270959430495,0.0,0.0,0.0,0.0,0.0,0.009349896260041495,25.0
Charlotte Bagge || Moderaterne || sjælland,Charlotte Bagge,Moderaterne,sjælland,0.0,Ikke oplyst,0,1909,100412,0.019011671911723697,0.0,0.0,0.0,0.0,0.0,,
Charlotte Broman Mølbæk || SF - Socialistisk Folkeparti || østjylland,Charlotte Broman Mølbæk,SF - Socialistisk Folkeparti,østjylland,0.0,Bachelor-/diplomuddannelse,0,4356,180086,0.02418844329931255,0.0,0.0,0.0,0.0,0.0,0.03966058413576635,7.0
Charlotte Ellenberger || SF - Socialistisk Folkeparti || fyn,Charlotte Ellenberger,SF - Socialistisk Folkeparti,fyn,0.0,Bachelor-/diplomuddannelse,0,431,180086,0.002393300978421421,0.0,0.0,0.0,0.0,0.0,,
Charlotte Friberg Henriksen || Borgernes Parti - Lars Boje Mathiesen || bornholm,Charlotte Friberg Henriksen,Borgernes Parti - Lars Boje Mathiesen,bornholm,0.0,Bachelor-/diplomuddannelse,0,28,22238,0.0012591060347153522,0.0,0.0,0.0,0.0,0.0,,
Charlotte Green || Det Konservative Folkeparti || østjylland,Charlotte Green,Det Konservative Folkeparti,østjylland,0.0,Ph.d.-uddannelse,0,1425,133656,0.010661698689172203,0.0,0.0,0.0,0.0,0.0,0.03366069809022829,11.0
Charlotte Haagendrup || Moderaterne || nordsjælland,Charlotte Haagendrup,Moderaterne,nordsjælland,0.0,Bachelor-/diplomuddannelse,0,865,100412,0.008614508226108434,0.0,0.0,0.0,0.0,0.0,,
Charlotte Lund || Enhedslisten - De Rød-Grønne || københavn,Charlotte Lund,Enhedslisten - De Rød-Grønne,københavn,0.0,Ikke oplyst,0,633,86659,0.007304492320474504,0.0,0.0,0.0,0.0,0.0,,
Charlotte Munch || Danmarksdemokraterne - Inger Støjberg || københavns omegn,Charlotte Munch,Danmarksdemokraterne - Inger Støjberg,københavns omegn,0.0,Erhvervsuddannelse,0,355,75770,0.0046852316220139896,0.0,0.0,0.0,0.0,0.0,,
Charlotte Møller-Madsen || Borgernes Parti - Lars Boje Mathiesen || fyn,Charlotte Møller-Madsen,Borgernes Parti - Lars Boje Mathiesen,fyn,0.0,Ikke oplyst,0,351,22238,0.015783793506610307,0.0,0.0,0.0,0.0,0.0,,
Charlotte Nellemann || Liberal Alliance || københavn,Charlotte Nellemann,Liberal Alliance,københavn,0.0,Bachelor-/diplomuddannelse,0,191,117371,0.0016273185028669774,0.0,0.0,0.0,0.0,0.0,0.012288554481546574,12.0
Charlotte Vindeløv || SF - Socialistisk Folkeparti || østjylland,Charlotte Vindeløv,SF - Socialistisk Folkeparti,østjylland,0.0,Bachelor-/diplomuddannelse,0,2248,180086,0.012482924824805926,0.0,0.0,0.0,0.0,0.0,0.017516092993562802,19.0
Chelle Lilly Albøge || Liberal Alliance || nordsjælland,Chelle Lilly Albøge,Liberal Alliance,nordsjælland,0.0,Gymnasial uddannelse,0,1809,117371,0.015412665820347445,0.0,0.0,0.0,0.0,0.0,,
Chris Hvidberg || Liberal Alliance || østjylland,Chris Hvidberg,Liberal Alliance,østjylland,0.0,Erhvervsuddannelse,0,285,117371,0.002428197766058055,0.0,0.0,0.0,0.0,0.0,,
Christian Elkjær || Radikale Venstre || nordsjælland,Christian Elkjær,Radikale Venstre,nordsjælland,0.0,Ph.d.-uddannelse,0,414,100983,0.00409969994949645,0.0,0.0,0.0,0.0,0.0,,
Christian Faurholdt Jeppesen || Socialdemokratiet || bornholm,Christian Faurholdt Jeppesen,Socialdemokratiet,bornholm,0.0,Bachelor-/diplomuddannelse,0,188,369428,0.0005088948320105677,0.0,0.0,0.0,0.0,0.0,,
Christian Fini Mosegaard || Liberal Alliance || sydjylland,Christian Fini Mosegaard,Liberal Alliance,sydjylland,0.0,Erhvervsuddannelse,0,96,117371,0.0008179192475142923,0.0,0.0,0.0,0.0,0.0,,
Christian Friis Bach || Venstre || sjælland,Christian Friis Bach,Venstre,sjælland,0.0,Ph.d.-uddannelse,0,2040,235636,0.008657420767624642,0.0,0.0,0.0,0.0,0.0,,
Christian Juhl || Enhedslisten - De Rød-Grønne || vestjylland,Christian Juhl,Enhedslisten - De Rød-Grønne,vestjylland,0.0,Ikke oplyst,0,310,86659,0.003577239525034907,0.0,0.0,0.0,0.0,0.0,,
Christian Jørgensen || Liberal Alliance || sydjylland,Christian Jørgensen,Liberal Alliance,sydjylland,0.0,Gymnasial uddannelse,0,498,117371,0.004242956096480391,0.0,0.0,0.0,0.0,0.0,,
Christian Kirk || Dansk Folkeparti || sydjylland,Christian Kirk,Dansk Folkeparti,sydjylland,0.0,Bachelor-/diplomuddannelse,1,663,126849,0.005226686848142279,7.0,14.0,20.0,20.0,20.0,,
Christian Mutwa Christensen || SF - Socialistisk Folkeparti || sydjylland,Christian Mutwa Christensen,SF - Socialistisk Folkeparti,sydjylland,0.0,Kandidat-/masteruddannelse,0,440,180086,0.002443277100940662,0.0,0.0,0.0,0.0,0.0,0.0016358993456402618,38.0
Christian Rabjerg Madsen || Socialdemokratiet || sydjylland,Christian Rabjerg Madsen,Socialdemokratiet,sydjylland,0.0,Kandidat-/masteruddannelse,0,7844,369428,0.021232824799419642,0.0,0.0,0.0,0.0,0.0,0.021448736873417935,13.0
Christian Tarbensen || Det Konservative Folkeparti || sydjylland,Christian Tarbensen,Det Konservative Folkeparti,sydjylland,0.0,Gymnasial uddannelse,0,40,133656,0.000299275752678518,0.0,0.0,0.0,0.0,0.0,,
Christian Vigilius || Det Konservative Folkeparti || københavns omegn,Christian Vigilius,Det Konservative Folkeparti,københavns omegn,0.0,Bachelor-/diplomuddannelse,0,4295,133656,0.03213473394385587,0.0,0.0,0.0,0.0,0.0,,
Christian Wibholm || Danmarksdemokraterne - Inger Støjberg || sjælland,Christian Wibholm,Danmarksdemokraterne - Inger Støjberg,sjælland,0.0,Erhvervsuddannelse,0,336,75770,0.004434472746469579,0.0,0.0,0.0,0.0,0.0,,
Christina Egelund || Moderaterne || østjylland,Christina Egelund,Moderaterne,østjylland,0.0,Ikke oplyst,0,3549,100412,0.03534438114966339,0.0,0.0,0.0,0.0,0.0,,
Christina Eilers || Enhedslisten - De Rød-Grønne || nordjylland,Christina Eilers,Enhedslisten - De Rød-Grønne,nordjylland,0.0,Bachelor-/diplomuddannelse,0,198,86659,0.0022848175030868115,0.0,0.0,0.0,0.0,0.0,,
Christina Falkberg || Radikale Venstre || københavns omegn,Christina Falkberg,Radikale Venstre,københavns omegn,0.0,Kandidat-/masteruddannelse,0,1385,100983,0.013715179782735709,0.0,0.0,0.0,0.0,0.0,,
Christina Foldager || Det Konservative Folkeparti || sydjylland,Christina Foldager,Det Konservative Folkeparti,sydjylland,0.0,Kandidat-/masteruddannelse,0,1555,133656,0.011634344885377387,0.0,0.0,0.0,0.0,0.0,,
Christina Hedegaard Hansen || Enhedslisten - De Rød-Grønne || østjylland,Christina Hedegaard Hansen,Enhedslisten - De Rød-Grønne,østjylland,0.0,Kandidat-/masteruddannelse,0,259,86659,0.0029887259257549707,0.0,0.0,0.0,0.0,0.0,,
Christina Lykke || SF - Socialistisk Folkeparti || nordjylland,Christina Lykke,SF - Socialistisk Folkeparti,nordjylland,0.0,Bachelor-/diplomuddannelse,0,3260,180086,0.018102462156969448,0.0,0.0,0.0,0.0,0.0,,
Christina Thorholm || Radikale Venstre || nordsjælland,Christina Thorholm,Radikale Venstre,nordsjælland,0.0,Kandidat-/masteruddannelse,0,877,100983,0.008684630086252141,0.0,0.0,0.0,0.0,0.0,0.026089484266369516,11.0
Christoffer Aagaard Melson || Venstre || sydjylland,Christoffer Aagaard Melson,Venstre,sydjylland,0.0,Ikke oplyst,0,4074,235636,0.01728937853299156,0.0,0.0,0.0,0.0,0.0,0.043772572350099265,7.0
Christoffer Emil Jexen || Enhedslisten - De Rød-Grønne || nordsjælland,Christoffer Emil Jexen,Enhedslisten - De Rød-Grønne,nordsjælland,0.0,Erhvervsuddannelse,0,515,86659,0.005942833404493474,0.0,0.0,0.0,0.0,0.0,0.011845419949616767,10.0
Christopher Arzrouni || Liberal Alliance || nordsjælland,Christopher Arzrouni,Liberal Alliance,nordsjælland,0.0,Kandidat-/masteruddannelse,0,1334,117371,0.01136566954358402,0.0,0.0,0.0,0.0,0.0,,
Christopher Blomsterberg-Thaysen || Venstre || københavns omegn,Christopher Blomsterberg-Thaysen,Venstre,københavns omegn,0.0,Kandidat-/masteruddannelse,0,277,235636,0.0011755419375647186,0.0,0.0,0.0,0.0,0.0,,
Clara Turms || Enhedslisten - De Rød-Grønne || københavns omegn,Clara Turms,Enhedslisten - De Rød-Grønne,københavns omegn,0.0,Kandidat-/masteruddannelse,0,1648,86659,0.01901706689437912,0.0,0.0,0.0,0.0,0.0,,
Claus Bakke || Venstre || sjælland,Claus Bakke,Venstre,sjælland,0.0,Kandidat-/masteruddannelse,0,553,235636,0.002346840041419817,0.0,0.0,0.0,0.0,0.0,,
Claus Beck || Liberal Alliance || nordjylland,Claus Beck,Liberal Alliance,nordjylland,0.0,Bachelor-/diplomuddannelse,0,219,117371,0.0018658782833919792,0.0,0.0,0.0,0.0,0.0,,
Claus Buch || Venstre || københavn,Claus Buch,Venstre,københavn,0.0,Ikke oplyst,0,468,235636,0.0019861141761021235,0.0,0.0,0.0,0.0,0.0,0.0024461143372114295,31.0
Claus Jørgensen || SF - Socialistisk Folkeparti || sjælland,Claus Jørgensen,SF - Socialistisk Folkeparti,sjælland,0.0,Kandidat-/masteruddannelse,0,1125,180086,0.006247015314905101,0.0,0.0,0.0,0.0,0.0,0.009642496143001543,24.0
Claus Oxfeldt || Venstre || fyn,Claus Oxfeldt,Venstre,fyn,0.0,Erhvervsuddannelse,0,1400,235636,0.005941367193467891,0.0,0.0,0.0,0.0,0.0,,
Claus Skovmose || Danmarksdemokraterne - Inger Støjberg || nordjylland,Claus Skovmose,Danmarksdemokraterne - Inger Støjberg,nordjylland,0.0,Erhvervsuddannelse,0,592,75770,0.00781311864854164,0.0,0.0,0.0,0.0,0.0,,
Coco Mette Cecilie Kjærgaard || Alternativet || sydjylland,Coco Mette Cecilie Kjærgaard,Alternativet,sydjylland,0.0,Erhvervsuddannelse,1,379,44532,0.008510733854307015,3.0,8.0,13.0,13.0,48.0,,
Damian Hartvig Mathiesen || Enhedslisten - De Rød-Grønne || vestjylland,Damian Hartvig Mathiesen,Enhedslisten - De Rød-Grønne,vestjylland,0.0,Grundskole,0,66,86659,0.0007616058343622705,0.0,0.0,0.0,0.0,0.0,,
Dan Arnløv || Det Konservative Folkeparti || sydjylland,Dan Arnløv,Det Konservative Folkeparti,sydjylland,0.0,Gymnasial uddannelse,0,747,133656,0.005588974681271323,0.0,0.0,0.0,0.0,0.0,,
Dan Gaardboe Rueskov || Liberal Alliance || nordjylland,Dan Gaardboe Rueskov,Liberal Alliance,nordjylland,0.0,Erhvervsuddannelse,0,75,117371,0.0006389994121205408,0.0,0.0,0.0,0.0,0.0,,
Daniel Drefeld || Det Konservative Folkeparti || nordsjælland,Daniel Drefeld,Det Konservative Folkeparti,nordsjælland,0.0,Gymnasial uddannelse,0,589,133656,0.004406835458191177,0.0,0.0,0.0,0.0,0.0,,
Daniel Juhl || Borgernes Parti - Lars Boje Mathiesen || fyn,Daniel Juhl,Borgernes Parti - Lars Boje Mathiesen,fyn,0.0,Erhvervsuddannelse,0,152,22238,0.006835147045597625,0.0,0.0,0.0,0.0,0.0,,
Danny Rosenkilde || Dansk Folkeparti || nordjylland,Danny Rosenkilde,Dansk Folkeparti,nordjylland,0.0,Grundskole,0,1011,126849,0.007970106189248633,0.0,0.0,0.0,0.0,0.0,,
David Ibsen || Liberal Alliance || københavns omegn,David Ibsen,Liberal Alliance,københavns omegn,0.0,Ikke oplyst,0,72,117371,0.0006134394356357192,0.0,0.0,0.0,0.0,0.0,0.0011533391915641475,30.0
David Rønne || Enhedslisten - De Rød-Grønne || københavn,David Rønne,Enhedslisten - De Rød-Grønne,københavn,0.0,Erhvervsuddannelse,0,174,86659,0.0020078699269550767,0.0,0.0,0.0,0.0,0.0,0.006083507530685534,19.0
Denise Rostgaard || Dansk Folkeparti || københavn,Denise Rostgaard,Dansk Folkeparti,københavn,0.0,Bachelor-/diplomuddannelse,1,649,126849,0.005116319403385127,7.0,16.0,18.0,18.0,18.0,,
Dennis Flydtkjær || Danmarksdemokraterne - Inger Støjberg || vestjylland,Dennis Flydtkjær,Danmarksdemokraterne - Inger Støjberg,vestjylland,0.0,Erhvervsuddannelse,1,4360,75770,0.057542563019664775,0.0,0.0,0.0,0.0,0.0,,
Dennis Munk || Enhedslisten - De Rød-Grønne || østjylland,Dennis Munk,Enhedslisten - De Rød-Grønne,østjylland,0.0,Erhvervsuddannelse,0,204,86659,0.002354054397119745,0.0,0.0,0.0,0.0,0.0,,
Didde Krabbe Johannesen || Alternativet || vestjylland,Didde Krabbe Johannesen,Alternativet,vestjylland,0.0,Bachelor-/diplomuddannelse,0,80,44532,0.0017964609718853857,0.0,0.0,0.0,0.0,0.0,0.008645119632672095,15.0
Dina Andersen-Raabjerg || Det Konservative Folkeparti || vestjylland,Dina Andersen-Raabjerg,Det Konservative Folkeparti,vestjylland,0.0,Kandidat-/masteruddannelse,1,3389,133656,0.025356138145687438,2.0,2.0,5.0,9.0,14.0,,
Dina Person || Danmarksdemokraterne - Inger Støjberg || sjælland,Dina Person,Danmarksdemokraterne - Inger Støjberg,sjælland,0.0,Kandidat-/masteruddannelse,0,433,75770,0.005714662795301571,0.0,0.0,0.0,0.0,0.0,,
Ditte Keidser || Det Konservative Folkeparti || sjælland,Ditte Keidser,Det Konservative Folkeparti,sjælland,0.0,Bachelor-/diplomuddannelse,0,352,133656,0.0026336266235709583,0.0,0.0,0.0,0.0,0.0,,
Ditte Ravn Kaagaard || Moderaterne || nordjylland,Ditte Ravn Kaagaard,Moderaterne,nordjylland,0.0,Kandidat-/masteruddannelse,0,414,100412,0.004123013185675019,0.0,0.0,0.0,0.0,0.0,,
Dorte M. Nielsen || SF - Socialistisk Folkeparti || nordjylland,Dorte M. Nielsen,SF - Socialistisk Folkeparti,nordjylland,0.0,Bachelor-/diplomuddannelse,0,458,180086,0.0025432293459791435,0.0,0.0,0.0,0.0,0.0,0.00831249667500133,26.0
Dorte Vilhelmsen || Det Konservative Folkeparti || københavns omegn,Dorte Vilhelmsen,Det Konservative Folkeparti,københavns omegn,0.0,Erhvervsuddannelse,0,498,133656,0.003725983120847549,0.0,0.0,0.0,0.0,0.0,,
Dorthe Beck-Nyling || Moderaterne || københavns omegn,Dorthe Beck-Nyling,Moderaterne,københavns omegn,0.0,Bachelor-/diplomuddannelse,0,350,100412,0.00348563916663347,0.0,0.0,0.0,0.0,0.0,,
Dorthe Hindborg || Socialdemokratiet || østjylland,Dorthe Hindborg,Socialdemokratiet,østjylland,0.0,Bachelor-/diplomuddannelse,0,1664,369428,0.004504260640774386,0.0,0.0,0.0,0.0,0.0,0.011042886248449506,33.0
Dorthe Kerschus || Radikale Venstre || nordjylland,Dorthe Kerschus,Radikale Venstre,nordjylland,0.0,Bachelor-/diplomuddannelse,0,158,100983,0.0015646197874889833,0.0,0.0,0.0,0.0,0.0,0.004675274339284417,27.0
Dorthe Pedersen || Det Konservative Folkeparti || nordjylland,Dorthe Pedersen,Det Konservative Folkeparti,nordjylland,0.0,Erhvervsuddannelse,0,435,133656,0.0032546238103788832,0.0,0.0,0.0,0.0,0.0,,
Edith Vels || Enhedslisten - De Rød-Grønne || østjylland,Edith Vels,Enhedslisten - De Rød-Grønne,østjylland,0.0,Gymnasial uddannelse,1,2596,86659,0.02995649615158264,0.0,1.0,4.0,6.0,6.0,,
Edris Qasimi || Radikale Venstre || sjælland,Edris Qasimi,Radikale Venstre,sjælland,0.0,Kandidat-/masteruddannelse,0,444,100983,0.0043967796559816995,0.0,0.0,0.0,0.0,0.0,0.004917516533029723,25.0
Edvard Korsbæk || Alternativet || sydjylland,Edvard Korsbæk,Alternativet,sydjylland,0.0,Kandidat-/masteruddannelse,0,44,44532,0.0009880535345369622,0.0,0.0,0.0,0.0,0.0,,
Egil Hulgaard || Det Konservative Folkeparti || nordsjælland,Egil Hulgaard,Det Konservative Folkeparti,nordsjælland,0.0,Ph.d.-uddannelse,0,1027,133656,0.007683904950020949,0.0,0.0,0.0,0.0,0.0,0.018916327641159855,17.0
Eik Dahl Bidstrup || Liberal Alliance || bornholm,Eik Dahl Bidstrup,Liberal Alliance,bornholm,0.0,Kandidat-/masteruddannelse,1,148,117371,0.0012609588399178672,0.0,0.0,0.0,0.0,0.0,,
Elias Julius Binggeli || SF - Socialistisk Folkeparti || nordsjælland,Elias Julius Binggeli,SF - Socialistisk Folkeparti,nordsjælland,0.0,Grundskole,0,189,180086,0.001049498572904057,0.0,0.0,0.0,0.0,0.0,,
Elise Sydendal || Alternativet || sjælland,Elise Sydendal,Alternativet,sjælland,0.0,Kandidat-/masteruddannelse,0,1298,44532,0.029147579268840384,0.0,0.0,0.0,0.0,0.0,,
Ellen Emilie || Moderaterne || københavn,Ellen Emilie,Moderaterne,københavn,0.0,Bachelor-/diplomuddannelse,1,1175,100412,0.011701788630840936,10.0,21.0,27.0,27.0,27.0,0.016728154849143376,8.0
Elva Bille Klem || Liberal Alliance || sjælland,Elva Bille Klem,Liberal Alliance,sjælland,0.0,Ikke oplyst,0,56,117371,0.00047711956105000384,0.0,0.0,0.0,0.0,0.0,,
Emil Andersen || Enhedslisten - De Rød-Grønne || nordsjælland,Emil Andersen,Enhedslisten - De Rød-Grønne,nordsjælland,0.0,Kandidat-/masteruddannelse,0,566,86659,0.006531347003773411,0.0,0.0,0.0,0.0,0.0,,
Emil M. D. Christensen || Venstre || østjylland,Emil M. D. Christensen,Venstre,østjylland,0.0,Kandidat-/masteruddannelse,0,277,235636,0.0011755419375647186,0.0,0.0,0.0,0.0,0.0,,
Emil Moselund || Radikale Venstre || københavn,Emil Moselund,Radikale Venstre,københavn,0.0,Kandidat-/masteruddannelse,0,975,100983,0.009655090460770625,0.0,0.0,0.0,0.0,0.0,,
Emil Nielsen || SF - Socialistisk Folkeparti || nordsjælland,Emil Nielsen,SF - Socialistisk Folkeparti,nordsjælland,0.0,Kandidat-/masteruddannelse,0,1590,180086,0.00882911497839921,0.0,0.0,0.0,0.0,0.0,,
Emil Sloth || Alternativet || nordjylland,Emil Sloth,Alternativet,nordjylland,0.0,Kandidat-/masteruddannelse,1,350,44532,0.007859516751998563,7.0,8.0,8.0,8.0,32.0,,
Emil Viskum || Enhedslisten - De Rød-Grønne || københavns omegn,Emil Viskum,Enhedslisten - De Rød-Grønne,københavns omegn,0.0,Bachelor-/diplomuddannelse,0,443,86659,0.0051119906760982705,0.0,0.0,0.0,0.0,0.0,,
Emilie Schytte || Borgernes Parti - Lars Boje Mathiesen || nordsjælland,Emilie Schytte,Borgernes Parti - Lars Boje Mathiesen,nordsjælland,0.0,Kandidat-/masteruddannelse,1,533,22238,0.023967982732260095,2.0,5.0,8.0,15.0,16.0,,
Emilla Møller || Socialdemokratiet || københavn,Emilla Møller,Socialdemokratiet,københavn,0.0,Ikke oplyst,1,302,369428,0.0008174799961020822,0.0,0.0,1.0,2.0,16.0,,
Emma Biørn Tretow-Fish || Radikale Venstre || nordjylland,Emma Biørn Tretow-Fish,Radikale Venstre,nordjylland,0.0,Bachelor-/diplomuddannelse,0,822,100983,0.00813998395769585,0.0,0.0,0.0,0.0,0.0,,
Emma Houe Mølgaard || Dansk Folkeparti || nordjylland,Emma Houe Mølgaard,Dansk Folkeparti,nordjylland,0.0,Ikke oplyst,0,940,126849,0.007410385576551648,0.0,0.0,0.0,0.0,0.0,,
Emma Juul Hansen || Det Konservative Folkeparti || nordsjælland,Emma Juul Hansen,Det Konservative Folkeparti,nordsjælland,0.0,Bachelor-/diplomuddannelse,0,2270,133656,0.016983898964505896,0.0,0.0,0.0,0.0,0.0,0.02041926874141639,15.0
Emma Thorup Jacobsen || SF - Socialistisk Folkeparti || vestjylland,Emma Thorup Jacobsen,SF - Socialistisk Folkeparti,vestjylland,0.0,Bachelor-/diplomuddannelse,0,655,180086,0.003637151138900303,0.0,0.0,0.0,0.0,0.0,0.005825397669840932,30.0
Erik Flyvholm || Venstre || vestjylland,Erik Flyvholm,Venstre,vestjylland,0.0,Kandidat-/masteruddannelse,0,5833,235636,0.024754282028213007,0.0,0.0,0.0,0.0,0.0,,
Erik Jensen || Socialdemokratiet || københavn,Erik Jensen,Socialdemokratiet,københavn,0.0,Kandidat-/masteruddannelse,0,201,369428,0.0005440843682666176,0.0,0.0,0.0,0.0,0.0,,
Erik Poulsen || Danmarksdemokraterne - Inger Støjberg || østjylland,Erik Poulsen,Danmarksdemokraterne - Inger Støjberg,østjylland,0.0,Erhvervsuddannelse,0,1109,75770,0.014636399630460605,0.0,0.0,0.0,0.0,0.0,,
Erik Særkjær || Socialdemokratiet || østjylland,Erik Særkjær,Socialdemokratiet,østjylland,0.0,Seminaruddannelse,0,527,369428,0.0014265296620721765,0.0,0.0,0.0,0.0,0.0,,
Erik Veje Rasmussen || Venstre || østjylland,Erik Veje Rasmussen,Venstre,østjylland,0.0,Kandidat-/masteruddannelse,0,1819,235636,0.007719533517798639,0.0,0.0,0.0,0.0,0.0,0.016580725161097973,20.0
Esat Senturk || Radikale Venstre || københavns omegn,Esat Senturk,Radikale Venstre,københavns omegn,0.0,Bachelor-/diplomuddannelse,1,1664,100983,0.016478021053048533,4.0,9.0,13.0,14.0,25.0,,
Eva Bechmann || Danmarksdemokraterne - Inger Støjberg || københavn,Eva Bechmann,Danmarksdemokraterne - Inger Støjberg,københavn,0.0,Ikke oplyst,0,173,75770,0.0022832255510096345,0.0,0.0,0.0,0.0,0.0,,
Eva Borchorst Mejnertz || Socialdemokratiet || vestjylland,Eva Borchorst Mejnertz,Socialdemokratiet,vestjylland,0.0,Kandidat-/masteruddannelse,0,4131,369428,0.011182151867210931,0.0,0.0,0.0,0.0,0.0,,
Fatih Baran || Enhedslisten - De Rød-Grønne || københavns omegn,Fatih Baran,Enhedslisten - De Rød-Grønne,københavns omegn,0.0,Bachelor-/diplomuddannelse,1,813,86659,0.009381599141462514,6.0,10.0,19.0,39.0,61.0,,
Fie Hækkerup || Socialdemokratiet || nordsjælland,Fie Hækkerup,Socialdemokratiet,nordsjælland,0.0,Kandidat-/masteruddannelse,0,5763,369428,0.01559979211104735,0.0,0.0,0.0,0.0,0.0,0.01624581156093372,23.0
Filippa Emilie Vittrup || Enhedslisten - De Rød-Grønne || nordjylland,Filippa Emilie Vittrup,Enhedslisten - De Rød-Grønne,nordjylland,0.0,Ikke oplyst,1,1332,86659,0.015370590475311278,4.0,7.0,8.0,12.0,12.0,,
Filiz Sarah Thunø || Socialdemokratiet || sjælland,Filiz Sarah Thunø,Socialdemokratiet,sjælland,0.0,Bachelor-/diplomuddannelse,0,941,369428,0.00254718104745715,0.0,0.0,0.0,0.0,0.0,,
Finn Hartvig Nielsen || Radikale Venstre || sydjylland,Finn Hartvig Nielsen,Radikale Venstre,sydjylland,0.0,Kandidat-/masteruddannelse,0,124,100983,0.0012279294534723666,0.0,0.0,0.0,0.0,0.0,0.0015745742593444925,30.0
Flemming Møller Mortensen || Socialdemokratiet || nordjylland,Flemming Møller Mortensen,Socialdemokratiet,nordjylland,0.0,Bachelor-/diplomuddannelse,0,5824,369428,0.01576491224271035,0.0,0.0,0.0,0.0,0.0,0.0173823729156026,22.0
Flemming Steenlykke || Borgernes Parti - Lars Boje Mathiesen || københavn,Flemming Steenlykke,Borgernes Parti - Lars Boje Mathiesen,københavn,0.0,Bachelor-/diplomuddannelse,0,203,22238,0.009128518751686302,0.0,0.0,0.0,0.0,0.0,,
Franciska Rosenkilde || Alternativet || københavn,Franciska Rosenkilde,Alternativet,københavn,0.0,Ikke oplyst,0,11385,44532,0.25565885206143896,0.0,0.0,0.0,0.0,0.0,0.5631524195573412,1.0
Frank Clausen || Liberal Alliance || københavns omegn,Frank Clausen,Liberal Alliance,københavns omegn,0.0,Kandidat-/masteruddannelse,0,218,117371,0.001857358291230372,0.0,0.0,0.0,0.0,0.0,,
Frederik Blicher Pedersen || Liberal Alliance || nordjylland,Frederik Blicher Pedersen,Liberal Alliance,nordjylland,0.0,Bachelor-/diplomuddannelse,0,40,117371,0.00034079968646428844,0.0,0.0,0.0,0.0,0.0,,
Frederik Bloch Münster || Det Konservative Folkeparti || sydjylland,Frederik Bloch Münster,Det Konservative Folkeparti,sydjylland,0.0,Kandidat-/masteruddannelse,0,2081,133656,0.015569821033099899,0.0,0.0,0.0,0.0,0.0,0.02637920758726128,12.0
Frederik Germann || Det Konservative Folkeparti || nordsjælland,Frederik Germann,Det Konservative Folkeparti,nordsjælland,0.0,Bachelor-/diplomuddannelse,0,1243,133656,0.009299994014484947,0.0,0.0,0.0,0.0,0.0,,
Frederik Grünfeld || Liberal Alliance || sjælland,Frederik Grünfeld,Liberal Alliance,sjælland,0.0,Gymnasial uddannelse,0,351,117371,0.002990517248724131,0.0,0.0,0.0,0.0,0.0,0.005986379613356766,20.0
Frederik Houmann Thuesen || Venstre || vestjylland,Frederik Houmann Thuesen,Venstre,vestjylland,0.0,Bachelor-/diplomuddannelse,1,2085,235636,0.008848393284557539,7.0,15.0,30.0,31.0,31.0,,
Frederik Klakk || Liberal Alliance || sydjylland,Frederik Klakk,Liberal Alliance,sydjylland,0.0,Bachelor-/diplomuddannelse,1,1738,117371,0.014807746376873333,4.0,8.0,11.0,11.0,11.0,,
Frederik Lau Petersen || Moderaterne || københavns omegn,Frederik Lau Petersen,Moderaterne,københavns omegn,0.0,Bachelor-/diplomuddannelse,1,225,100412,0.002240768035692945,8.0,17.0,20.0,20.0,20.0,,
Frederik Lundberg || Borgernes Parti - Lars Boje Mathiesen || københavns omegn,Frederik Lundberg,Borgernes Parti - Lars Boje Mathiesen,københavns omegn,0.0,Ikke oplyst,0,97,22238,0.004361903048835327,0.0,0.0,0.0,0.0,0.0,,
Frederik Max Krag || Liberal Alliance || sjælland,Frederik Max Krag,Liberal Alliance,sjælland,0.0,Ikke oplyst,0,26,117371,0.0002215197962017875,0.0,0.0,0.0,0.0,0.0,,
Frederik Rosberg || Radikale Venstre || københavn,Frederik Rosberg,Radikale Venstre,københavn,0.0,Kandidat-/masteruddannelse,0,838,100983,0.008298426467821316,0.0,0.0,0.0,0.0,0.0,,
Frederik Storm || Danmarksdemokraterne - Inger Støjberg || nordjylland,Frederik Storm,Danmarksdemokraterne - Inger Støjberg,nordjylland,0.0,Bachelor-/diplomuddannelse,0,354,75770,0.004672033786459021,0.0,0.0,0.0,0.0,0.0,,
Frederik Vad || Socialdemokratiet || sjælland,Frederik Vad,Socialdemokratiet,sjælland,0.0,Bachelor-/diplomuddannelse,1,6763,369428,0.01830667951535888,12.0,20.0,28.0,40.0,53.0,0.01426174025784508,27.0
Freja Brandhøj || Liberal Alliance || københavns omegn,Freja Brandhøj,Liberal Alliance,københavns omegn,0.0,Ikke oplyst,0,1566,117371,0.013342307725076894,0.0,0.0,0.0,0.0,0.0,,
Freja Eva Lockenwitz || Radikale Venstre || nordsjælland,Freja Eva Lockenwitz,Radikale Venstre,nordsjælland,0.0,Kandidat-/masteruddannelse,0,1009,100983,0.009991780794787242,0.0,0.0,0.0,0.0,0.0,,
Frida Bruun || Moderaterne || sydjylland,Frida Bruun,Moderaterne,sydjylland,0.0,Bachelor-/diplomuddannelse,0,3193,100412,0.03179898816874477,0.0,0.0,0.0,0.0,0.0,0.020333215410791597,6.0
Frida Qvist Kristensen || Moderaterne || sjælland,Frida Qvist Kristensen,Moderaterne,sjælland,0.0,Gymnasial uddannelse,0,214,100412,0.002131219376170179,0.0,0.0,0.0,0.0,0.0,,
Gabriel Aaen || Det Konservative Folkeparti || nordjylland,Gabriel Aaen,Det Konservative Folkeparti,nordjylland,0.0,Erhvervsuddannelse,0,48,133656,0.0003591309032142216,0.0,0.0,0.0,0.0,0.0,,
Gert Bjerregaard || Venstre || østjylland,Gert Bjerregaard,Venstre,østjylland,0.0,Erhvervsuddannelse,0,1114,235636,0.004727630752516593,0.0,0.0,0.0,0.0,0.0,,
Gert Bækgaard || Venstre || vestjylland,Gert Bækgaard,Venstre,vestjylland,0.0,Gymnasial uddannelse,0,156,235636,0.0006620380587007079,0.0,0.0,0.0,0.0,0.0,,
Gert Løfgren || Dansk Folkeparti || nordsjælland,Gert Løfgren,Dansk Folkeparti,nordsjælland,0.0,10. klasse,0,608,126849,0.004793100458024896,0.0,0.0,0.0,0.0,0.0,0.036520714706459845,8.0
Gitte Bjerremand Andersen || Moderaterne || sydjylland,Gitte Bjerremand Andersen,Moderaterne,sydjylland,0.0,Bachelor-/diplomuddannelse,0,609,100412,0.006065012149942238,0.0,0.0,0.0,0.0,0.0,,
Gitte Dreier Jacobsen || Alternativet || østjylland,Gitte Dreier Jacobsen,Alternativet,østjylland,0.0,Kandidat-/masteruddannelse,0,344,44532,0.007724782179107159,0.0,0.0,0.0,0.0,0.0,,
Gitte Eriksen || Det Konservative Folkeparti || sydjylland,Gitte Eriksen,Det Konservative Folkeparti,sydjylland,0.0,Erhvervsuddannelse,0,719,133656,0.005379481654396361,0.0,0.0,0.0,0.0,0.0,,
Gorm Hoff Lauridsen || Det Konservative Folkeparti || vestjylland,Gorm Hoff Lauridsen,Det Konservative Folkeparti,vestjylland,0.0,Bachelor-/diplomuddannelse,0,560,133656,0.004189860537499252,0.0,0.0,0.0,0.0,0.0,,
Gorm Simonsen || Radikale Venstre || nordjylland,Gorm Simonsen,Radikale Venstre,nordjylland,0.0,Kandidat-/masteruddannelse,0,66,100983,0.00065357535426755,0.0,0.0,0.0,0.0,0.0,,
Gunver Birgitte Nielsen || Det Konservative Folkeparti || sydjylland,Gunver Birgitte Nielsen,Det Konservative Folkeparti,sydjylland,0.0,Kandidat-/masteruddannelse,0,227,133656,0.0016983898964505896,0.0,0.0,0.0,0.0,0.0,,
Gunvor Wibroe || Socialdemokratiet || københavns omegn,Gunvor Wibroe,Socialdemokratiet,københavns omegn,0.0,Kandidat-/masteruddannelse,0,1712,369428,0.004634191236181339,0.0,0.0,0.0,0.0,0.0,0.005340435204777487,46.0
Gustav Wilde || Liberal Alliance || fyn,Gustav Wilde,Liberal Alliance,fyn,0.0,Ikke oplyst,0,118,117371,0.001005359075069651,0.0,0.0,0.0,0.0,0.0,,
HP Beck || Liberal Alliance || nordjylland,HP Beck,Liberal Alliance,nordjylland,0.0,Erhvervsuddannelse,0,992,117371,0.008451832224314353,0.0,0.0,0.0,0.0,0.0,0.010407513181019332,15.0
Halime Oguz || SF - Socialistisk Folkeparti || københavn,Halime Oguz,SF - Socialistisk Folkeparti,københavn,0.0,Kandidat-/masteruddannelse,0,1567,180086,0.008701398220850039,0.0,0.0,0.0,0.0,0.0,0.016412193435122627,20.0
Hanne Bjørn || Liberal Alliance || københavns omegn,Hanne Bjørn,Liberal Alliance,københavns omegn,0.0,Erhvervsuddannelse,0,378,117371,0.003220557037087526,0.0,0.0,0.0,0.0,0.0,,
Hanne Frølund || Radikale Venstre || vestjylland,Hanne Frølund,Radikale Venstre,vestjylland,0.0,Bachelor-/diplomuddannelse,0,191,100983,0.0018914074646227584,0.0,0.0,0.0,0.0,0.0,,
Hanne K. Mortensen || Alternativet || østjylland,Hanne K. Mortensen,Alternativet,østjylland,0.0,Kandidat-/masteruddannelse,0,58,44532,0.0013024342046169047,0.0,0.0,0.0,0.0,0.0,,
Hanne Roed || Radikale Venstre || østjylland,Hanne Roed,Radikale Venstre,østjylland,0.0,Kandidat-/masteruddannelse,0,764,100983,0.007565629858491033,0.0,0.0,0.0,0.0,0.0,0.016787384026549744,15.0
Hans Andersen || Venstre || nordsjælland,Hans Andersen,Venstre,nordsjælland,0.0,Kandidat-/masteruddannelse,1,2664,235636,0.011305573002427472,0.0,0.0,0.0,0.0,0.0,0.02731381410886225,13.0
Hans Biering Fonsbøl || Alternativet || sydjylland,Hans Biering Fonsbøl,Alternativet,sydjylland,0.0,Kandidat-/masteruddannelse,0,51,44532,0.0011452438695769335,0.0,0.0,0.0,0.0,0.0,0.00444811134627112,20.0
Hans Blaaberg || Dansk Folkeparti || københavns omegn,Hans Blaaberg,Dansk Folkeparti,københavns omegn,0.0,Gymnasial uddannelse,0,739,126849,0.005825824405395391,0.0,0.0,0.0,0.0,0.0,,
Hans Jensen || Enhedslisten - De Rød-Grønne || nordjylland,Hans Jensen,Enhedslisten - De Rød-Grønne,nordjylland,0.0,Kandidat-/masteruddannelse,0,67,86659,0.0007731453167010928,0.0,0.0,0.0,0.0,0.0,,
Hans Jørgen Adamsen || Venstre || nordjylland,Hans Jørgen Adamsen,Venstre,nordjylland,0.0,Ikke oplyst,0,125,235636,0.0005304792137024903,0.0,0.0,0.0,0.0,0.0,,
Hans Kristian Skibby || Danmarksdemokraterne - Inger Støjberg || østjylland,Hans Kristian Skibby,Danmarksdemokraterne - Inger Støjberg,østjylland,0.0,Gymnasial uddannelse,0,1818,75770,0.023993665038933614,0.0,0.0,0.0,0.0,0.0,,
Hans Skou || Venstre || østjylland,Hans Skou,Venstre,østjylland,0.0,Gymnasial uddannelse,0,272,235636,0.0011543227690166188,0.0,0.0,0.0,0.0,0.0,,
Hediye Temiz || Radikale Venstre || nordsjælland,Hediye Temiz,Radikale Venstre,nordsjælland,0.0,Bachelor-/diplomuddannelse,1,899,100983,0.008902488537674658,8.0,14.0,24.0,26.0,29.0,,
Helena Artmann Andresen || Liberal Alliance || sydjylland,Helena Artmann Andresen,Liberal Alliance,sydjylland,0.0,Gymnasial uddannelse,1,2387,117371,0.020337221289756412,5.0,8.0,18.0,27.0,30.0,0.01569365114235501,10.0
Helena Hedegaard Udsen || Enhedslisten - De Rød-Grønne || sjælland,Helena Hedegaard Udsen,Enhedslisten - De Rød-Grønne,sjælland,0.0,Kandidat-/masteruddannelse,1,729,86659,0.008412282625001443,0.0,0.0,0.0,0.0,26.0,,
Helena Tjørnelund Christensen || Radikale Venstre || sjælland,Helena Tjørnelund Christensen,Radikale Venstre,sjælland,0.0,Kandidat-/masteruddannelse,0,502,100983,0.004971133755186517,0.0,0.0,0.0,0.0,0.0,,
Helene Brochmann || SF - Socialistisk Folkeparti || københavns omegn,Helene Brochmann,SF - Socialistisk Folkeparti,københavns omegn,0.0,Kandidat-/masteruddannelse,0,787,180086,0.004370134269182501,0.0,0.0,0.0,0.0,0.0,,
Helene Brydensholt || Alternativet || nordsjælland,Helene Brydensholt,Alternativet,nordsjælland,0.0,Kandidat-/masteruddannelse,0,1227,44532,0.027553220156292104,0.0,0.0,0.0,0.0,0.0,,
Helene Fagerhøj || Det Konservative Folkeparti || københavn,Helene Fagerhøj,Det Konservative Folkeparti,københavn,0.0,Kandidat-/masteruddannelse,0,1841,133656,0.01377416651702879,0.0,0.0,0.0,0.0,0.0,,
Helene Hellesøe Appel || Enhedslisten - De Rød-Grønne || sydjylland,Helene Hellesøe Appel,Enhedslisten - De Rød-Grønne,sydjylland,0.0,Kandidat-/masteruddannelse,0,361,86659,0.0041657531243148435,0.0,0.0,0.0,0.0,0.0,0.007128691643887013,16.0
Helene Langager || Radikale Venstre || københavn,Helene Langager,Radikale Venstre,københavn,0.0,Bachelor-/diplomuddannelse,0,1198,100983,0.011863382945644317,0.0,0.0,0.0,0.0,0.0,,
Helene Lykke || Liberal Alliance || sydjylland,Helene Lykke,Liberal Alliance,sydjylland,0.0,Gymnasial uddannelse,1,351,117371,0.002990517248724131,4.0,9.0,15.0,15.0,15.0,,
Helge Bo Jensen || Enhedslisten - De Rød-Grønne || københavns omegn,Helge Bo Jensen,Enhedslisten - De Rød-Grønne,københavns omegn,0.0,Kandidat-/masteruddannelse,0,279,86659,0.0032195155725314164,0.0,0.0,0.0,0.0,0.0,0.006217505493916493,18.0
Helge K. Frandsen || Borgernes Parti - Lars Boje Mathiesen || vestjylland,Helge K. Frandsen,Borgernes Parti - Lars Boje Mathiesen,vestjylland,0.0,Erhvervsuddannelse,0,837,22238,0.037638276823455344,0.0,0.0,0.0,0.0,0.0,,
Helle Bonnesen || Det Konservative Folkeparti || københavn,Helle Bonnesen,Det Konservative Folkeparti,københavn,0.0,Kandidat-/masteruddannelse,0,2852,133656,0.021338361165978332,0.0,0.0,0.0,0.0,0.0,0.07211526003472313,4.0
Helle Jensen || Liberal Alliance || vestjylland,Helle Jensen,Liberal Alliance,vestjylland,0.0,Bachelor-/diplomuddannelse,0,1487,117371,0.012669228344309924,0.0,0.0,0.0,0.0,0.0,0.003295254833040422,24.0
Helle Munk Ravnborg || Enhedslisten - De Rød-Grønne || bornholm,Helle Munk Ravnborg,Enhedslisten - De Rød-Grønne,bornholm,0.0,Ph.d.-uddannelse,0,202,86659,0.0023309754324421007,0.0,0.0,0.0,0.0,0.0,,
Henning Bo Madsen || Enhedslisten - De Rød-Grønne || vestjylland,Henning Bo Madsen,Enhedslisten - De Rød-Grønne,vestjylland,0.0,Kandidat-/masteruddannelse,0,88,86659,0.0010154744458163608,0.0,0.0,0.0,0.0,0.0,,
Henning Jørgensen || SF - Socialistisk Folkeparti || nordjylland,Henning Jørgensen,SF - Socialistisk Folkeparti,nordjylland,0.0,Ikke oplyst,0,183,180086,0.0010161811578912297,0.0,0.0,0.0,0.0,0.0,0.0012102995158801936,39.0
Henning Lindberg || Enhedslisten - De Rød-Grønne || vestjylland,Henning Lindberg,Enhedslisten - De Rød-Grønne,vestjylland,0.0,Bachelor-/diplomuddannelse,0,108,86659,0.0012462640925928062,0.0,0.0,0.0,0.0,0.0,,
Henrik B. Dynesen || Liberal Alliance || sjælland,Henrik B. Dynesen,Liberal Alliance,sjælland,0.0,Kandidat-/masteruddannelse,0,75,117371,0.0006389994121205408,0.0,0.0,0.0,0.0,0.0,,
Henrik Brodersen || Dansk Folkeparti || sjælland,Henrik Brodersen,Dansk Folkeparti,sjælland,0.0,Erhvervsuddannelse,0,366,126849,0.0028853203415084077,0.0,0.0,0.0,0.0,0.0,,
Henrik Frandsen || Moderaterne || sydjylland,Henrik Frandsen,Moderaterne,sydjylland,0.0,Erhvervsuddannelse,0,4471,100412,0.0445265506114807,0.0,0.0,0.0,0.0,0.0,0.10454675628779839,2.0
Henrik Jacobsen || Det Konservative Folkeparti || sjælland,Henrik Jacobsen,Det Konservative Folkeparti,sjælland,0.0,Kandidat-/masteruddannelse,0,219,133656,0.001638534745914886,0.0,0.0,0.0,0.0,0.0,,
Henrik Møller || Socialdemokratiet || nordsjælland,Henrik Møller,Socialdemokratiet,nordsjælland,0.0,Gymnasial uddannelse,0,2781,369428,0.007527853871390365,0.0,0.0,0.0,0.0,0.0,0.011837076034551464,32.0
Henrik Rejnholt Andersen || Venstre || østjylland,Henrik Rejnholt Andersen,Venstre,østjylland,0.0,Erhvervsuddannelse,0,354,235636,0.0015023171332054525,0.0,0.0,0.0,0.0,0.0,,
Holly Marie Turner || Enhedslisten - De Rød-Grønne || sydjylland,Holly Marie Turner,Enhedslisten - De Rød-Grønne,sydjylland,0.0,Gymnasial uddannelse,1,226,86659,0.0026079230085738355,2.0,3.0,9.0,9.0,9.0,,
Ib Poulsen || Borgernes Parti - Lars Boje Mathiesen || nordjylland,Ib Poulsen,Borgernes Parti - Lars Boje Mathiesen,nordjylland,0.0,Kandidat-/masteruddannelse,0,372,22238,0.01672812303264682,0.0,0.0,0.0,0.0,0.0,,
Iben Forum Jeppesen || Liberal Alliance || vestjylland,Iben Forum Jeppesen,Liberal Alliance,vestjylland,0.0,Ikke oplyst,0,81,117371,0.0006901193650901841,0.0,0.0,0.0,0.0,0.0,,
Iben Krog || Venstre || sjælland,Iben Krog,Venstre,sjælland,0.0,Kandidat-/masteruddannelse,1,3796,235636,0.016109592761717226,6.0,7.0,16.0,16.0,20.0,0.017780066539730723,18.0
Ibrahim Benli || Enhedslisten - De Rød-Grønne || københavns omegn,Ibrahim Benli,Enhedslisten - De Rød-Grønne,københavns omegn,0.0,Kandidat-/masteruddannelse,1,2740,86659,0.03161818160837305,3.0,6.0,7.0,7.0,7.0,,
Ida Auken || Socialdemokratiet || københavn,Ida Auken,Socialdemokratiet,københavn,0.0,Kandidat-/masteruddannelse,1,11286,369428,0.03054993124505993,5.0,9.0,21.0,26.0,32.0,0.02772367808092317,8.0
Ida Dyhr || Det Konservative Folkeparti || sjælland,Ida Dyhr,Det Konservative Folkeparti,sjælland,0.0,Kandidat-/masteruddannelse,0,1572,133656,0.011761537080265757,0.0,0.0,0.0,0.0,0.0,,
Ina Juul Jensen || SF - Socialistisk Folkeparti || sydjylland,Ina Juul Jensen,SF - Socialistisk Folkeparti,sydjylland,0.0,Ikke oplyst,0,868,180086,0.004819919371855669,0.0,0.0,0.0,0.0,0.0,,
Inger Støjberg || Danmarksdemokraterne - Inger Støjberg || nordjylland,Inger Støjberg,Danmarksdemokraterne - Inger Støjberg,nordjylland,0.0,Kandidat-/masteruddannelse,1,29995,75770,0.3958690774712947,4.0,15.0,27.0,27.0,27.0,,
Ingrid Heintz || Alternativet || nordsjælland,Ingrid Heintz,Alternativet,nordsjælland,0.0,Kandidat-/masteruddannelse,0,50,44532,0.0011227881074283661,0.0,0.0,0.0,0.0,0.0,,
Isabel Havndrup Aackmann || Radikale Venstre || københavns omegn,Isabel Havndrup Aackmann,Radikale Venstre,københavns omegn,0.0,Kandidat-/masteruddannelse,1,533,100983,0.005278116118554608,5.0,8.0,17.0,19.0,44.0,,
Isabella Apelroth || Alternativet || sjælland,Isabella Apelroth,Alternativet,sjælland,0.0,Ikke oplyst,0,45,44532,0.0010105092966855296,0.0,0.0,0.0,0.0,0.0,,
Isabella Arendt || Det Konservative Folkeparti || københavns omegn,Isabella Arendt,Det Konservative Folkeparti,københavns omegn,0.0,Bachelor-/diplomuddannelse,0,2132,133656,0.01595139761776501,0.0,0.0,0.0,0.0,0.0,,
Jacob Abildgaard || Enhedslisten - De Rød-Grønne || vestjylland,Jacob Abildgaard,Enhedslisten - De Rød-Grønne,vestjylland,0.0,Ikke oplyst,0,49,86659,0.0005654346346022917,0.0,0.0,0.0,0.0,0.0,,
Jacob Antvorskov || Alternativet || sjælland,Jacob Antvorskov,Alternativet,sjælland,0.0,Bachelor-/diplomuddannelse,0,295,44532,0.00662444983382736,0.0,0.0,0.0,0.0,0.0,,
Jacob Bentsen || Dansk Folkeparti || sjælland,Jacob Bentsen,Dansk Folkeparti,sjælland,0.0,Kandidat-/masteruddannelse,0,104,126849,0.0008198724467674164,0.0,0.0,0.0,0.0,0.0,,
Jacob Harris || Borgernes Parti - Lars Boje Mathiesen || sjælland,Jacob Harris,Borgernes Parti - Lars Boje Mathiesen,sjælland,0.0,Erhvervsuddannelse,1,2307,22238,0.10374134364601133,6.0,6.0,6.0,8.0,8.0,,
Jacob Holm || Alternativet || fyn,Jacob Holm,Alternativet,fyn,0.0,Seminaruddannelse,0,119,44532,0.002672235695679511,0.0,0.0,0.0,0.0,0.0,,
Jacob Jensen || Venstre || sjælland,Jacob Jensen,Venstre,sjælland,0.0,Kandidat-/masteruddannelse,0,4265,235636,0.01809995077152897,0.0,0.0,0.0,0.0,0.0,0.03928012413522066,8.0
Jacob Mark || SF - Socialistisk Folkeparti || nordsjælland,Jacob Mark,SF - Socialistisk Folkeparti,nordsjælland,0.0,Bachelor-/diplomuddannelse,0,12139,180086,0.06740668347345158,0.0,0.0,0.0,0.0,0.0,,
Jacob Robsøe || Radikale Venstre || nordjylland,Jacob Robsøe,Radikale Venstre,nordjylland,0.0,Kandidat-/masteruddannelse,0,677,100983,0.006704098709683809,0.0,0.0,0.0,0.0,0.0,,
Jacob Skjærris || Det Konservative Folkeparti || østjylland,Jacob Skjærris,Det Konservative Folkeparti,østjylland,0.0,Kandidat-/masteruddannelse,0,350,133656,0.002618662835937032,0.0,0.0,0.0,0.0,0.0,,
Jacob Stryhn || Det Konservative Folkeparti || sjælland,Jacob Stryhn,Det Konservative Folkeparti,sjælland,0.0,Erhvervsuddannelse,0,596,133656,0.004459208714909918,0.0,0.0,0.0,0.0,0.0,0.016350962659687492,20.0
Jacqueline Kristensen || Liberal Alliance || københavns omegn,Jacqueline Kristensen,Liberal Alliance,københavns omegn,0.0,Seminaruddannelse,0,169,117371,0.0014398786753116188,0.0,0.0,0.0,0.0,0.0,,
Jakob Engel-Schmidt || Moderaterne || københavn,Jakob Engel-Schmidt,Moderaterne,københavn,0.0,Kandidat-/masteruddannelse,1,8132,100412,0.08098633629446679,0.0,0.0,0.0,0.0,0.0,,
Jakob Jensen || Enhedslisten - De Rød-Grønne || østjylland,Jakob Jensen,Enhedslisten - De Rød-Grønne,østjylland,0.0,Erhvervsuddannelse,0,274,86659,0.0031618181608373047,0.0,0.0,0.0,0.0,0.0,,
Jakob Larsen || Radikale Venstre || fyn,Jakob Larsen,Radikale Venstre,fyn,0.0,Kandidat-/masteruddannelse,1,1176,100983,0.0116455244942218,3.0,12.0,15.0,17.0,18.0,,
Jakob Ravn Karlsen || Alternativet || københavn,Jakob Ravn Karlsen,Alternativet,københavn,0.0,Bachelor-/diplomuddannelse,0,107,44532,0.0024027665498967034,0.0,0.0,0.0,0.0,0.0,,
Jakob Venø Heiwald || Danmarksdemokraterne - Inger Støjberg || sydjylland,Jakob Venø Heiwald,Danmarksdemokraterne - Inger Støjberg,sydjylland,0.0,Erhvervsuddannelse,0,439,75770,0.005793849808631384,0.0,0.0,0.0,0.0,0.0,,
Jan Carlsen || Moderaterne || sjælland,Jan Carlsen,Moderaterne,sjælland,0.0,Ikke oplyst,0,187,100412,0.0018623272118870255,0.0,0.0,0.0,0.0,0.0,0.005458129074644969,10.0
Jan E. Jørgensen || Venstre || københavn,Jan E. Jørgensen,Venstre,københavn,0.0,Kandidat-/masteruddannelse,0,3538,235636,0.015014683664635285,0.0,0.0,0.0,0.0,0.0,0.02893326376701608,12.0
Jan Herskov || Dansk Folkeparti || sjælland,Jan Herskov,Dansk Folkeparti,sjælland,0.0,Erhvervsuddannelse,0,460,126849,0.0036263588991635723,0.0,0.0,0.0,0.0,0.0,0.02199096799528765,12.0
Jan Kristoffersen || Alternativet || københavn,Jan Kristoffersen,Alternativet,københavn,0.0,Ikke oplyst,1,554,44532,0.012440492230306296,7.0,14.0,29.0,29.0,29.0,0.026939771137496862,6.0
Jan Køpke Christensen || Borgernes Parti - Lars Boje Mathiesen || sydjylland,Jan Køpke Christensen,Borgernes Parti - Lars Boje Mathiesen,sydjylland,0.0,Gymnasial uddannelse,0,507,22238,0.022798812842881554,0.0,0.0,0.0,0.0,0.0,,
Jan Schumann || Alternativet || københavn,Jan Schumann,Alternativet,københavn,0.0,Ikke oplyst,1,58,44532,0.0013024342046169047,0.0,0.0,0.0,0.0,0.0,0.0018653370161782114,24.0
Jan Werner Mathiasen || Radikale Venstre || fyn,Jan Werner Mathiasen,Radikale Venstre,fyn,0.0,Kandidat-/masteruddannelse,0,1155,100983,0.011437568699682125,0.0,0.0,0.0,0.0,0.0,0.01107046825416051,19.0
Jane Christensen || Det Konservative Folkeparti || sjælland,Jane Christensen,Det Konservative Folkeparti,sjælland,0.0,Ikke oplyst,0,445,133656,0.0033294427485485124,0.0,0.0,0.0,0.0,0.0,,
Jannie Boysen Westergaard || Det Konservative Folkeparti || sydjylland,Jannie Boysen Westergaard,Det Konservative Folkeparti,sydjylland,0.0,Bachelor-/diplomuddannelse,0,954,133656,0.007137726701382654,0.0,0.0,0.0,0.0,0.0,,
Jarl Feyling || Socialdemokratiet || københavn,Jarl Feyling,Socialdemokratiet,københavn,0.0,Ikke oplyst,1,72,369428,0.00019489589311043017,0.0,0.0,0.0,0.0,7.0,0.0007436759481166757,51.0
Jarl Matthiesen || Venstre || vestjylland,Jarl Matthiesen,Venstre,vestjylland,0.0,Kandidat-/masteruddannelse,0,240,235636,0.0010185200903087813,0.0,0.0,0.0,0.0,0.0,0.0004336601595056274,37.0
Jeanne Bergmansen || SF - Socialistisk Folkeparti || sjælland,Jeanne Bergmansen,SF - Socialistisk Folkeparti,sjælland,0.0,Kandidat-/masteruddannelse,1,659,180086,0.003659362748908855,0.0,1.0,1.0,1.0,11.0,,
Jens Anton Tingstrøm || Socialdemokratiet || københavns omegn,Jens Anton Tingstrøm,Socialdemokratiet,københavns omegn,0.0,Bachelor-/diplomuddannelse,0,1373,369428,0.003716556406119731,0.0,0.0,0.0,0.0,0.0,,
Jens Frost || Radikale Venstre || københavns omegn,Jens Frost,Radikale Venstre,københavns omegn,0.0,Kandidat-/masteruddannelse,0,235,100983,0.0023271243674677917,0.0,0.0,0.0,0.0,0.0,,
Jens Henrik W. Thulesen Dahl || Danmarksdemokraterne - Inger Støjberg || fyn,Jens Henrik W. Thulesen Dahl,Danmarksdemokraterne - Inger Støjberg,fyn,0.0,Kandidat-/masteruddannelse,0,1447,75770,0.01909726804804012,0.0,0.0,0.0,0.0,0.0,,
Jens Kannegaard Lundager || Dansk Folkeparti || østjylland,Jens Kannegaard Lundager,Dansk Folkeparti,østjylland,0.0,Gymnasial uddannelse,0,516,126849,0.004067828678192181,0.0,0.0,0.0,0.0,0.0,,
Jens Langer Schou || Det Konservative Folkeparti || sydjylland,Jens Langer Schou,Det Konservative Folkeparti,sydjylland,0.0,Gymnasial uddannelse,0,144,133656,0.0010773927096426647,0.0,0.0,0.0,0.0,0.0,,
Jens Meilvang || Liberal Alliance || østjylland,Jens Meilvang,Liberal Alliance,østjylland,0.0,Bachelor-/diplomuddannelse,1,2385,117371,0.0203201813054332,1.0,2.0,11.0,16.0,16.0,0.022545035149384884,9.0
Jens Skov || SF - Socialistisk Folkeparti || nordsjælland,Jens Skov,SF - Socialistisk Folkeparti,nordsjælland,0.0,Kandidat-/masteruddannelse,0,327,180086,0.0018157991181990826,0.0,0.0,0.0,0.0,0.0,0.004668298132680747,35.0
Jeppe Bruus || Socialdemokratiet || fyn,Jeppe Bruus,Socialdemokratiet,fyn,0.0,Ikke oplyst,0,5501,369428,0.014890587611117728,0.0,0.0,0.0,0.0,0.0,,
Jeppe Fransson || Radikale Venstre || sjælland,Jeppe Fransson,Radikale Venstre,sjælland,0.0,Kandidat-/masteruddannelse,0,223,100983,0.0022082924848736917,0.0,0.0,0.0,0.0,0.0,,
Jeppe Trolle || Radikale Venstre || sjælland,Jeppe Trolle,Radikale Venstre,sjælland,0.0,Kandidat-/masteruddannelse,0,244,100983,0.0024162482794133668,0.0,0.0,0.0,0.0,0.0,0.007727525980475279,22.0
Jeppe von Berg || Moderaterne || vestjylland,Jeppe von Berg,Moderaterne,vestjylland,0.0,Bachelor-/diplomuddannelse,0,408,100412,0.004063259371389873,0.0,0.0,0.0,0.0,0.0,,
Jes Halfdan || Borgernes Parti - Lars Boje Mathiesen || vestjylland,Jes Halfdan,Borgernes Parti - Lars Boje Mathiesen,vestjylland,0.0,Kandidat-/masteruddannelse,0,729,22238,0.03278172497526756,0.0,0.0,0.0,0.0,0.0,,
Jesper Bierbaum || Venstre || sydjylland,Jesper Bierbaum,Venstre,sydjylland,0.0,Kandidat-/masteruddannelse,1,958,235636,0.004065592693815886,12.0,22.0,29.0,29.0,29.0,,
Jesper Callesen || Alternativet || københavns omegn,Jesper Callesen,Alternativet,københavns omegn,0.0,Kandidat-/masteruddannelse,0,48,44532,0.0010778765831312314,0.0,0.0,0.0,0.0,0.0,0.004914445600315672,19.0
Jesper Hartøft || SF - Socialistisk Folkeparti || sjælland,Jesper Hartøft,SF - Socialistisk Folkeparti,sjælland,0.0,Bachelor-/diplomuddannelse,0,551,180086,0.003059649278677965,0.0,0.0,0.0,0.0,0.0,,
Jesper Kiel || Enhedslisten - De Rød-Grønne || fyn,Jesper Kiel,Enhedslisten - De Rød-Grønne,fyn,0.0,Erhvervsuddannelse,0,780,86659,0.009000796224281378,0.0,0.0,0.0,0.0,0.0,,
Jesper Petersen || Socialdemokratiet || sydjylland,Jesper Petersen,Socialdemokratiet,sydjylland,0.0,Bachelor-/diplomuddannelse,0,6188,369428,0.01675021925787975,0.0,0.0,0.0,0.0,0.0,0.024417828017219607,11.0
Jette Juul || Dansk Folkeparti || nordsjælland,Jette Juul,Dansk Folkeparti,nordsjælland,0.0,Erhvervsuddannelse,0,405,126849,0.003192772509046189,0.0,0.0,0.0,0.0,0.0,,
Jette Larsen || Det Konservative Folkeparti || københavns omegn,Jette Larsen,Det Konservative Folkeparti,københavns omegn,0.0,Ph.d.-uddannelse,0,377,133656,0.002820673968995032,0.0,0.0,0.0,0.0,0.0,,
Jiesper Tristan Pedersen || Alternativet || københavn,Jiesper Tristan Pedersen,Alternativet,københavn,0.0,Ph.d.-uddannelse,0,971,44532,0.02180454504625887,0.0,0.0,0.0,0.0,0.0,,
Jim Zakaria || Dansk Folkeparti || sydjylland,Jim Zakaria,Dansk Folkeparti,sydjylland,0.0,Bachelor-/diplomuddannelse,0,188,126849,0.0014820771153103297,0.0,0.0,0.0,0.0,0.0,,
Jimmy Abel Nielsen || Liberal Alliance || nordjylland,Jimmy Abel Nielsen,Liberal Alliance,nordjylland,0.0,Ikke oplyst,0,59,117371,0.0005026795375348255,0.0,0.0,0.0,0.0,0.0,,
Joachim Hoffmann-Petersen || Det Konservative Folkeparti || fyn,Joachim Hoffmann-Petersen,Det Konservative Folkeparti,fyn,0.0,Kandidat-/masteruddannelse,0,2226,133656,0.016654695636559524,0.0,0.0,0.0,0.0,0.0,0.04055349692933585,8.0
Joachim Riis || Liberal Alliance || sjælland,Joachim Riis,Liberal Alliance,sjælland,0.0,Erhvervsuddannelse,0,965,117371,0.00822179243595096,0.0,0.0,0.0,0.0,0.0,,
Joan Kragh || SF - Socialistisk Folkeparti || sjælland,Joan Kragh,SF - Socialistisk Folkeparti,sjælland,0.0,Bachelor-/diplomuddannelse,0,667,180086,0.0037037859689259575,0.0,0.0,0.0,0.0,0.0,,
Johan Brødsgaard || Radikale Venstre || vestjylland,Johan Brødsgaard,Radikale Venstre,vestjylland,0.0,Bachelor-/diplomuddannelse,0,1057,100983,0.010467108325163642,0.0,0.0,0.0,0.0,0.0,0.023812407645163635,12.0
Johan Emil Sevelsted || Det Konservative Folkeparti || fyn,Johan Emil Sevelsted,Det Konservative Folkeparti,fyn,0.0,Kandidat-/masteruddannelse,1,296,133656,0.002214640569821033,5.0,7.0,11.0,11.0,23.0,,
Johanna-Maria Precht || Enhedslisten - De Rød-Grønne || sydjylland,Johanna-Maria Precht,Enhedslisten - De Rød-Grønne,sydjylland,0.0,Seminaruddannelse,0,202,86659,0.0023309754324421007,0.0,0.0,0.0,0.0,0.0,0.008817065980597096,13.0
Johannes Joyce || Liberal Alliance || nordsjælland,Johannes Joyce,Liberal Alliance,nordsjælland,0.0,Ikke oplyst,0,27,117371,0.00023003978836339472,0.0,0.0,0.0,0.0,0.0,,
Johannes Skov Pedersen || SF - Socialistisk Folkeparti || fyn,Johannes Skov Pedersen,SF - Socialistisk Folkeparti,fyn,0.0,Ikke oplyst,0,197,180086,0.0010939217929211598,0.0,0.0,0.0,0.0,0.0,,
John Bjerg || Borgernes Parti - Lars Boje Mathiesen || nordjylland,John Bjerg,Borgernes Parti - Lars Boje Mathiesen,nordjylland,0.0,Ikke oplyst,0,553,22238,0.024867344185628203,0.0,0.0,0.0,0.0,0.0,,
John Bo Hansen || Borgernes Parti - Lars Boje Mathiesen || sjælland,John Bo Hansen,Borgernes Parti - Lars Boje Mathiesen,sjælland,0.0,Erhvervsuddannelse,0,152,22238,0.006835147045597625,0.0,0.0,0.0,0.0,0.0,,
John Brill Engkebølle || Danmarksdemokraterne - Inger Støjberg || sjælland,John Brill Engkebølle,Danmarksdemokraterne - Inger Støjberg,sjælland,0.0,Ikke oplyst,1,207,75770,0.00273195195987858,0.0,1.0,3.0,3.0,14.0,,
John Erik Wagner || Uden for partierne || københavn,John Erik Wagner,Uden for partierne,københavn,0.0,Ikke oplyst,1,34,2436,0.013957307060755337,8.0,8.0,8.0,8.0,8.0,,
John Hoppe || Det Konservative Folkeparti || fyn,John Hoppe,Det Konservative Folkeparti,fyn,0.0,Ikke oplyst,1,445,133656,0.0033294427485485124,0.0,0.0,0.0,0.0,0.0,0.007670182166826462,24.0
John Rasmussen || Liberal Alliance || sydjylland,John Rasmussen,Liberal Alliance,sydjylland,0.0,Kandidat-/masteruddannelse,0,155,117371,0.0013205987850491178,0.0,0.0,0.0,0.0,0.0,,
Jonas Juhl || Liberal Alliance || københavns omegn,Jonas Juhl,Liberal Alliance,københavns omegn,0.0,Gymnasial uddannelse,0,813,117371,0.0069267536273866625,0.0,0.0,0.0,0.0,0.0,,
Jonas Paludan || Enhedslisten - De Rød-Grønne || sjælland,Jonas Paludan,Enhedslisten - De Rød-Grønne,sjælland,0.0,Kandidat-/masteruddannelse,0,513,86659,0.00591975443981583,0.0,0.0,0.0,0.0,0.0,0.014364581658358792,7.0
Josefine Paaske || Venstre || sjælland,Josefine Paaske,Venstre,sjælland,0.0,Bachelor-/diplomuddannelse,1,2343,235636,0.009943302381639478,3.0,6.0,9.0,11.0,13.0,,
Josephine Alstrup Kofod || Dansk Folkeparti || sydjylland,Josephine Alstrup Kofod,Dansk Folkeparti,sydjylland,0.0,Bachelor-/diplomuddannelse,0,734,126849,0.0057864074608392655,0.0,0.0,0.0,0.0,0.0,,
Julie Ahlefeldt-Laurvig || Det Konservative Folkeparti || københavns omegn,Julie Ahlefeldt-Laurvig,Det Konservative Folkeparti,københavns omegn,0.0,Gymnasial uddannelse,0,1077,133656,0.008057999640869097,0.0,0.0,0.0,0.0,0.0,,
Julie Herdal || Radikale Venstre || københavn,Julie Herdal,Radikale Venstre,københavn,0.0,Kandidat-/masteruddannelse,0,573,100983,0.005674222393868275,0.0,0.0,0.0,0.0,0.0,,
Julie Jacobsen || Dansk Folkeparti || sjælland,Julie Jacobsen,Dansk Folkeparti,sjælland,0.0,Ikke oplyst,0,768,126849,0.006054442683820921,0.0,0.0,0.0,0.0,0.0,,
Julie Kølskov || Socialdemokratiet || sjælland,Julie Kølskov,Socialdemokratiet,sjælland,0.0,Erhvervsuddannelse,0,2799,369428,0.007576577844667973,0.0,0.0,0.0,0.0,0.0,,
Julie Memborg || Liberal Alliance || sjælland,Julie Memborg,Liberal Alliance,sjælland,0.0,Gymnasial uddannelse,0,299,117371,0.0025474776563205563,0.0,0.0,0.0,0.0,0.0,,
Juma Nellemann Kruse || Alternativet || østjylland,Juma Nellemann Kruse,Alternativet,østjylland,0.0,Ikke oplyst,0,50,44532,0.0011227881074283661,0.0,0.0,0.0,0.0,0.0,,
Jørgen Christian Pedersen || Det Konservative Folkeparti || vestjylland,Jørgen Christian Pedersen,Det Konservative Folkeparti,vestjylland,0.0,10. klasse,0,204,133656,0.0015263063386604418,0.0,0.0,0.0,0.0,0.0,,
Jørgen Hammer Sørensen || Dansk Folkeparti || nordjylland,Jørgen Hammer Sørensen,Dansk Folkeparti,nordjylland,0.0,Ikke oplyst,0,334,126849,0.0026330518963492027,0.0,0.0,0.0,0.0,0.0,,
Jørgen Kvist || SF - Socialistisk Folkeparti || sydjylland,Jørgen Kvist,SF - Socialistisk Folkeparti,sydjylland,0.0,Kandidat-/masteruddannelse,0,1197,180086,0.0066468242950590275,0.0,0.0,0.0,0.0,0.0,,
Jørn Dohrmann || Borgernes Parti - Lars Boje Mathiesen || sydjylland,Jørn Dohrmann,Borgernes Parti - Lars Boje Mathiesen,sydjylland,0.0,Erhvervsuddannelse,0,527,22238,0.023698174296249663,0.0,0.0,0.0,0.0,0.0,,
Kaare Dybvad Bek || Socialdemokratiet || sjælland,Kaare Dybvad Bek,Socialdemokratiet,sjælland,0.0,Kandidat-/masteruddannelse,1,5848,369428,0.015829877540413827,3.0,3.0,3.0,12.0,16.0,0.0249510296403976,10.0
Kaj Alstrup || Enhedslisten - De Rød-Grønne || fyn,Kaj Alstrup,Enhedslisten - De Rød-Grønne,fyn,0.0,Kandidat-/masteruddannelse,0,142,86659,0.0016386064921127639,0.0,0.0,0.0,0.0,0.0,,
Kanishka Dastageer || Socialdemokratiet || sjælland,Kanishka Dastageer,Socialdemokratiet,sjælland,0.0,Kandidat-/masteruddannelse,0,407,369428,0.0011017031735547928,0.0,0.0,0.0,0.0,0.0,,
Karan Khosla || Moderaterne || københavns omegn,Karan Khosla,Moderaterne,københavns omegn,0.0,Bachelor-/diplomuddannelse,0,224,100412,0.0022308090666454208,0.0,0.0,0.0,0.0,0.0,,
Karen Thestrup Clausen || Enhedslisten - De Rød-Grønne || sjælland,Karen Thestrup Clausen,Enhedslisten - De Rød-Grønne,sjælland,0.0,Ikke oplyst,0,268,86659,0.003092581266804371,0.0,0.0,0.0,0.0,0.0,,
Karina Aamann || Venstre || østjylland,Karina Aamann,Venstre,østjylland,0.0,Kandidat-/masteruddannelse,0,1940,235636,0.00823303739666265,0.0,0.0,0.0,0.0,0.0,,
Karina Adsbøl || Danmarksdemokraterne - Inger Støjberg || sydjylland,Karina Adsbøl,Danmarksdemokraterne - Inger Støjberg,sydjylland,0.0,Erhvervsuddannelse,0,2370,75770,0.031278870265276495,0.0,0.0,0.0,0.0,0.0,,
Karina Konrad || Alternativet || østjylland,Karina Konrad,Alternativet,østjylland,0.0,Ikke oplyst,0,112,44532,0.00251504536063954,0.0,0.0,0.0,0.0,0.0,,
Karina Lorentzen Dehnhardt || SF - Socialistisk Folkeparti || sydjylland,Karina Lorentzen Dehnhardt,SF - Socialistisk Folkeparti,sydjylland,0.0,Kandidat-/masteruddannelse,1,8246,180086,0.045789234032628856,0.0,0.0,0.0,0.0,0.0,0.06834867266053093,4.0
Karsten Byrgesen || Borgernes Parti - Lars Boje Mathiesen || sydjylland,Karsten Byrgesen,Borgernes Parti - Lars Boje Mathiesen,sydjylland,0.0,Bachelor-/diplomuddannelse,1,556,22238,0.02500224840363342,0.0,0.0,0.0,0.0,0.0,,
Karsten Hønge || SF - Socialistisk Folkeparti || fyn,Karsten Hønge,SF - Socialistisk Folkeparti,fyn,0.0,Erhvervsuddannelse,0,5373,180086,0.02983574514398676,0.0,0.0,0.0,0.0,0.0,0.0693594722562111,3.0
Kashif Ahmad || Radikale Venstre || københavns omegn,Kashif Ahmad,Radikale Venstre,københavns omegn,0.0,Seminaruddannelse,1,1327,100983,0.013140825683530892,5.0,8.0,11.0,13.0,25.0,0.02185024587582665,13.0
Kasper B.G. Lauritsen || Socialdemokratiet || vestjylland,Kasper B.G. Lauritsen,Socialdemokratiet,vestjylland,0.0,Bachelor-/diplomuddannelse,0,1810,369428,0.0048994662018038695,0.0,0.0,0.0,0.0,0.0,,
Kasper Flygare || Socialdemokratiet || bornholm,Kasper Flygare,Socialdemokratiet,bornholm,0.0,Ikke oplyst,0,261,369428,0.0007064976125253094,0.0,0.0,0.0,0.0,0.0,,
Kasper Nordborg Kiær || SF - Socialistisk Folkeparti || københavn,Kasper Nordborg Kiær,SF - Socialistisk Folkeparti,københavn,0.0,Kandidat-/masteruddannelse,0,1128,180086,0.006263674022411515,0.0,0.0,0.0,0.0,0.0,,
Kasper Nygaard || Moderaterne || sjælland,Kasper Nygaard,Moderaterne,sjælland,0.0,Erhvervsuddannelse,0,220,100412,0.002190973190455324,0.0,0.0,0.0,0.0,0.0,,
Kasper Roug || Socialdemokratiet || sjælland,Kasper Roug,Socialdemokratiet,sjælland,0.0,Kandidat-/masteruddannelse,0,4476,369428,0.01211602802169841,0.0,0.0,0.0,0.0,0.0,0.017618104159533927,21.0
Kasper Schneider || Liberal Alliance || sjælland,Kasper Schneider,Liberal Alliance,sjælland,0.0,Bachelor-/diplomuddannelse,0,878,117371,0.007480553117891132,0.0,0.0,0.0,0.0,0.0,,
Kasper Thomassen || Venstre || vestjylland,Kasper Thomassen,Venstre,vestjylland,0.0,Ikke oplyst,0,87,235636,0.00036921353273693325,0.0,0.0,0.0,0.0,0.0,,
Katarina Ammitzbøll || Venstre || nordsjælland,Katarina Ammitzbøll,Venstre,nordsjælland,0.0,Kandidat-/masteruddannelse,1,1018,235636,0.004320222716393081,1.0,2.0,4.0,4.0,8.0,,
Katrine Daugaard || Liberal Alliance || fyn,Katrine Daugaard,Liberal Alliance,fyn,0.0,Kandidat-/masteruddannelse,1,2375,117371,0.020234981383817126,7.0,14.0,25.0,28.0,28.0,0.03928218365553603,5.0
Katrine Evelyn Jensen || Socialdemokratiet || vestjylland,Katrine Evelyn Jensen,Socialdemokratiet,vestjylland,0.0,Kandidat-/masteruddannelse,1,4721,369428,0.012779215435754734,0.0,3.0,8.0,14.0,14.0,,
Katrine Robsøe || Radikale Venstre || østjylland,Katrine Robsøe,Radikale Venstre,østjylland,0.0,Kandidat-/masteruddannelse,0,6406,100983,0.06343641999148371,0.0,0.0,0.0,0.0,0.0,0.09050168358324653,3.0
Katrine Schiller || Danmarksdemokraterne - Inger Støjberg || nordsjælland,Katrine Schiller,Danmarksdemokraterne - Inger Støjberg,nordsjælland,0.0,Gymnasial uddannelse,0,217,75770,0.0028639303154282696,0.0,0.0,0.0,0.0,0.0,,
Keld Lorenzen || Liberal Alliance || vestjylland,Keld Lorenzen,Liberal Alliance,vestjylland,0.0,Bachelor-/diplomuddannelse,0,278,117371,0.0023685578209268047,0.0,0.0,0.0,0.0,0.0,,
Kenneth Fredslund Petersen || Danmarksdemokraterne - Inger Støjberg || sydjylland,Kenneth Fredslund Petersen,Danmarksdemokraterne - Inger Støjberg,sydjylland,0.0,10. klasse,0,783,75770,0.010333905239540715,0.0,0.0,0.0,0.0,0.0,,
Kenneth Skatka Hammer || Liberal Alliance || nordjylland,Kenneth Skatka Hammer,Liberal Alliance,nordjylland,0.0,Bachelor-/diplomuddannelse,0,382,117371,0.003254637005733955,0.0,0.0,0.0,0.0,0.0,0.004119068541300527,22.0
Kevin Alex Rasmussen || Enhedslisten - De Rød-Grønne || sjælland,Kevin Alex Rasmussen,Enhedslisten - De Rød-Grønne,sjælland,0.0,Gymnasial uddannelse,0,220,86659,0.0025386861145409016,0.0,0.0,0.0,0.0,0.0,,
Kevin Possekel || Liberal Alliance || vestjylland,Kevin Possekel,Liberal Alliance,vestjylland,0.0,Gymnasial uddannelse,0,71,117371,0.000604919443474112,0.0,0.0,0.0,0.0,0.0,,
Kiki Bille Bach || Socialdemokratiet || nordjylland,Kiki Bille Bach,Socialdemokratiet,nordjylland,0.0,Seminaruddannelse,1,2543,369428,0.006883614669164221,2.0,2.0,8.0,10.0,11.0,,
Kim Aas || Socialdemokratiet || fyn,Kim Aas,Socialdemokratiet,fyn,0.0,Ikke oplyst,1,2084,369428,0.005641153350585229,0.0,0.0,0.0,0.0,0.0,0.006558379965089325,43.0
Kim Alexander Jensen || Liberal Alliance || sydjylland,Kim Alexander Jensen,Liberal Alliance,sydjylland,0.0,Kandidat-/masteruddannelse,0,903,117371,0.007693552921931312,0.0,0.0,0.0,0.0,0.0,0.004874231107205624,21.0
Kim Andkjær Doberck || Dansk Folkeparti || sydjylland,Kim Andkjær Doberck,Dansk Folkeparti,sydjylland,0.0,Erhvervsuddannelse,1,510,126849,0.00402052834472483,3.0,4.0,8.0,12.0,14.0,,
Kim Edberg Andersen || Danmarksdemokraterne - Inger Støjberg || nordjylland,Kim Edberg Andersen,Danmarksdemokraterne - Inger Støjberg,nordjylland,0.0,Ikke oplyst,0,1791,75770,0.02363732347894945,0.0,0.0,0.0,0.0,0.0,,
Kim Eskesen || Socialdemokratiet || sydjylland,Kim Eskesen,Socialdemokratiet,sydjylland,0.0,Erhvervsuddannelse,0,340,369428,0.0009203417174659203,0.0,0.0,0.0,0.0,0.0,0.003193597090402932,48.0
Kim Gaarsdahl || Liberal Alliance || nordjylland,Kim Gaarsdahl,Liberal Alliance,nordjylland,0.0,Gymnasial uddannelse,1,102,117371,0.0008690392004839356,0.0,0.0,8.0,8.0,8.0,,
Kim Hammer || Dansk Folkeparti || københavns omegn,Kim Hammer,Dansk Folkeparti,københavns omegn,0.0,Erhvervsuddannelse,0,375,126849,0.002956270841709434,0.0,0.0,0.0,0.0,0.0,,
Kim Hjerrild || Alternativet || bornholm,Kim Hjerrild,Alternativet,bornholm,0.0,Kandidat-/masteruddannelse,0,37,44532,0.0008308631994969909,0.0,0.0,0.0,0.0,0.0,,
Kim Larsen || Enhedslisten - De Rød-Grønne || københavn,Kim Larsen,Enhedslisten - De Rød-Grønne,københavn,0.0,Erhvervsuddannelse,1,164,86659,0.001892475103566854,0.0,0.0,0.0,0.0,16.0,,
Kim Lei-Jensen || Radikale Venstre || fyn,Kim Lei-Jensen,Radikale Venstre,fyn,0.0,Erhvervsuddannelse,1,656,100983,0.006496142915144133,12.0,19.0,33.0,43.0,51.0,0.0129599573653739,17.0
Kim Møller-Nielsen || Liberal Alliance || østjylland,Kim Møller-Nielsen,Liberal Alliance,østjylland,0.0,Kandidat-/masteruddannelse,0,473,117371,0.004029956292440211,0.0,0.0,0.0,0.0,0.0,,
Kim Pagels || Radikale Venstre || vestjylland,Kim Pagels,Radikale Venstre,vestjylland,0.0,Kandidat-/masteruddannelse,0,183,100983,0.0018121862095600249,0.0,0.0,0.0,0.0,0.0,,
Kim Sørensen || Alternativet || østjylland,Kim Sørensen,Alternativet,østjylland,0.0,Seminaruddannelse,0,27,44532,0.0006063055780113178,0.0,0.0,0.0,0.0,0.0,,
Kim Valentin || Venstre || københavns omegn,Kim Valentin,Venstre,københavns omegn,0.0,Kandidat-/masteruddannelse,1,1461,235636,0.006200241049754706,0.0,0.0,0.0,0.0,0.0,0.010604346087911045,26.0
Kira Danholm || Liberal Alliance || nordsjælland,Kira Danholm,Liberal Alliance,nordsjælland,0.0,Bachelor-/diplomuddannelse,0,157,117371,0.0013376387693723323,0.0,0.0,0.0,0.0,0.0,0.0036934314586994726,23.0
Kirsten Normann Andersen || SF - Socialistisk Folkeparti || østjylland,Kirsten Normann Andersen,SF - Socialistisk Folkeparti,østjylland,0.0,Erhvervsuddannelse,0,9526,180086,0.05289694923536532,0.0,0.0,0.0,0.0,0.0,0.1156168537532585,1.0
Kirstine van Sabben || Moderaterne || bornholm,Kirstine van Sabben,Moderaterne,bornholm,0.0,Erhvervsuddannelse,0,600,100412,0.00597538142851452,0.0,0.0,0.0,0.0,0.0,,
Klaus Sandfeld || Venstre || sydjylland,Klaus Sandfeld,Venstre,sydjylland,0.0,Ikke oplyst,0,794,235636,0.003369603965438218,0.0,0.0,0.0,0.0,0.0,0.013003028845176547,24.0
Klavs Norup Lauridsen || Det Konservative Folkeparti || fyn,Klavs Norup Lauridsen,Det Konservative Folkeparti,fyn,0.0,Seminaruddannelse,0,1802,133656,0.013482372658167235,0.0,0.0,0.0,0.0,0.0,,
Knud Gaarn-Larsen || Uden for partierne || vestjylland,Knud Gaarn-Larsen,Uden for partierne,vestjylland,0.0,Seminaruddannelse,0,264,2436,0.10837438423645321,0.0,0.0,0.0,0.0,0.0,,
Knud Nielsen || Dansk Folkeparti || vestjylland,Knud Nielsen,Dansk Folkeparti,vestjylland,0.0,Ikke oplyst,0,352,126849,0.0027749528967512555,0.0,0.0,0.0,0.0,0.0,,
Kresten Solvang Larsen || Liberal Alliance || nordjylland,Kresten Solvang Larsen,Liberal Alliance,nordjylland,0.0,Gymnasial uddannelse,0,64,117371,0.0005452794983428615,0.0,0.0,0.0,0.0,0.0,,
Kris Jensen Skriver || Socialdemokratiet || sydjylland,Kris Jensen Skriver,Socialdemokratiet,sydjylland,0.0,Bachelor-/diplomuddannelse,0,3295,369428,0.008919193997206492,0.0,0.0,0.0,0.0,0.0,0.010447945489956166,35.0
Kristian Bøgsted || Danmarksdemokraterne - Inger Støjberg || nordjylland,Kristian Bøgsted,Danmarksdemokraterne - Inger Støjberg,nordjylland,0.0,Erhvervsuddannelse,0,958,75770,0.012643526461660289,0.0,0.0,0.0,0.0,0.0,,
Kristian Stokholm || Radikale Venstre || sjælland,Kristian Stokholm,Radikale Venstre,sjælland,0.0,Kandidat-/masteruddannelse,1,175,100983,0.0017329649544972916,0.0,0.0,1.0,1.0,1.0,0.005377776701145805,24.0
Kristian Thomsen || Det Konservative Folkeparti || sydjylland,Kristian Thomsen,Det Konservative Folkeparti,sydjylland,0.0,Ikke oplyst,0,212,133656,0.0015861614891961454,0.0,0.0,0.0,0.0,0.0,,
Kristine Amalie Rostgård || SF - Socialistisk Folkeparti || sjælland,Kristine Amalie Rostgård,SF - Socialistisk Folkeparti,sjælland,0.0,Kandidat-/masteruddannelse,0,1014,180086,0.005630643137167797,0.0,0.0,0.0,0.0,0.0,,
Kristjar Skajaa || Enhedslisten - De Rød-Grønne || østjylland,Kristjar Skajaa,Enhedslisten - De Rød-Grønne,østjylland,0.0,Ph.d.-uddannelse,0,379,86659,0.004373463806413644,0.0,0.0,0.0,0.0,0.0,0.012890604062818245,9.0
Kristoffer Kromand || Det Konservative Folkeparti || bornholm,Kristoffer Kromand,Det Konservative Folkeparti,bornholm,0.0,Bachelor-/diplomuddannelse,0,255,133656,0.0019078829233255522,0.0,0.0,0.0,0.0,0.0,,
Laila Stougaard Kofoed Espersen || Radikale Venstre || bornholm,Laila Stougaard Kofoed Espersen,Radikale Venstre,bornholm,0.0,Kandidat-/masteruddannelse,0,76,100983,0.0007526019230959666,0.0,0.0,0.0,0.0,0.0,,
Lars Aagaard || Moderaterne || fyn,Lars Aagaard,Moderaterne,fyn,0.0,Kandidat-/masteruddannelse,0,5685,100412,0.05661673903517508,0.0,0.0,0.0,0.0,0.0,,
Lars Abildskov || Liberal Alliance || østjylland,Lars Abildskov,Liberal Alliance,østjylland,0.0,Kandidat-/masteruddannelse,0,177,117371,0.0015080386126044764,0.0,0.0,0.0,0.0,0.0,,
Lars Boje Mathiesen || Borgernes Parti - Lars Boje Mathiesen || østjylland,Lars Boje Mathiesen,Borgernes Parti - Lars Boje Mathiesen,østjylland,0.0,Bachelor-/diplomuddannelse,1,8408,22238,0.37809155499595287,0.0,0.0,0.0,7.0,12.0,,
Lars Bregnbak || Danmarksdemokraterne - Inger Støjberg || nordsjælland,Lars Bregnbak,Danmarksdemokraterne - Inger Støjberg,nordsjælland,0.0,Bachelor-/diplomuddannelse,1,306,75770,0.00403853767982051,0.0,0.0,0.0,0.0,0.0,,
Lars Dohn || Enhedslisten - De Rød-Grønne || vestjylland,Lars Dohn,Enhedslisten - De Rød-Grønne,vestjylland,0.0,Ikke oplyst,0,75,86659,0.0008654611754116711,0.0,0.0,0.0,0.0,0.0,0.002090368226402959,26.0
Lars Fibæk || Socialdemokratiet || vestjylland,Lars Fibæk,Socialdemokratiet,vestjylland,0.0,Ikke oplyst,0,136,369428,0.0003681366869863681,0.0,0.0,0.0,0.0,0.0,0.0006538735694761715,53.0
Lars Green Bach || Radikale Venstre || københavns omegn,Lars Green Bach,Radikale Venstre,københavns omegn,0.0,Kandidat-/masteruddannelse,0,374,100983,0.003703593674182783,0.0,0.0,0.0,0.0,0.0,,
Lars Høyer Holmqvist || Liberal Alliance || nordsjælland,Lars Høyer Holmqvist,Liberal Alliance,nordsjælland,0.0,Kandidat-/masteruddannelse,1,800,117371,0.006815993729285769,14.0,14.0,14.0,14.0,16.0,0.011670694200351495,13.0
Lars König || Alternativet || sjælland,Lars König,Alternativet,sjælland,0.0,Bachelor-/diplomuddannelse,0,47,44532,0.001055420820982664,0.0,0.0,0.0,0.0,0.0,,
Lars Løkke Rasmussen || Moderaterne || sjælland,Lars Løkke Rasmussen,Moderaterne,sjælland,0.0,Kandidat-/masteruddannelse,1,34636,100412,0.3449388519300482,5.0,8.0,14.0,28.0,48.0,0.6475463688280184,1.0
Lars Mogensen || Enhedslisten - De Rød-Grønne || sydjylland,Lars Mogensen,Enhedslisten - De Rød-Grønne,sydjylland,0.0,Bachelor-/diplomuddannelse,0,96,86659,0.001107790304526939,0.0,0.0,0.0,0.0,0.0,,
Lars Nissen || SF - Socialistisk Folkeparti || fyn,Lars Nissen,SF - Socialistisk Folkeparti,fyn,0.0,Bachelor-/diplomuddannelse,0,475,180086,0.002637628688515487,0.0,0.0,0.0,0.0,0.0,,
Lars Rømer Olsen || Socialdemokratiet || sydjylland,Lars Rømer Olsen,Socialdemokratiet,sydjylland,0.0,Bachelor-/diplomuddannelse,0,599,369428,0.0016214255551826066,0.0,0.0,0.0,0.0,0.0,,
Lars-Christian Brask || Liberal Alliance || sjælland,Lars-Christian Brask,Liberal Alliance,sjælland,0.0,Gymnasial uddannelse,1,1691,117371,0.014407306745277794,10.0,20.0,28.0,31.0,31.0,0.04725944639718805,4.0
Lasse Harder Schousboe || Enhedslisten - De Rød-Grønne || sydjylland,Lasse Harder Schousboe,Enhedslisten - De Rød-Grønne,sydjylland,0.0,Kandidat-/masteruddannelse,0,193,86659,0.0022271200913927002,0.0,0.0,0.0,0.0,0.0,,
Lasse Haugaard Pedersen || Socialdemokratiet || fyn,Lasse Haugaard Pedersen,Socialdemokratiet,fyn,0.0,Kandidat-/masteruddannelse,0,1163,369428,0.0031481100512143097,0.0,0.0,0.0,0.0,0.0,0.006252490612845107,44.0
Lasse Hildingberg || Venstre || sydjylland,Lasse Hildingberg,Venstre,sydjylland,0.0,Kandidat-/masteruddannelse,0,410,235636,0.0017399718209441682,0.0,0.0,0.0,0.0,0.0,,
Lasse Mejer Petersen || Enhedslisten - De Rød-Grønne || nordjylland,Lasse Mejer Petersen,Enhedslisten - De Rød-Grønne,nordjylland,0.0,Gymnasial uddannelse,0,73,86659,0.0008423822107340265,0.0,0.0,0.0,0.0,0.0,,
Lasse Olsen || Enhedslisten - De Rød-Grønne || nordjylland,Lasse Olsen,Enhedslisten - De Rød-Grønne,nordjylland,0.0,Kandidat-/masteruddannelse,0,398,86659,0.0045927139708512674,0.0,0.0,0.0,0.0,0.0,,
Lasse Oszadlik || Moderaterne || bornholm,Lasse Oszadlik,Moderaterne,bornholm,0.0,Ikke oplyst,0,17,100412,0.00016930247380791142,0.0,0.0,0.0,0.0,0.0,,
Lasse Skov Ovesen || Radikale Venstre || sydjylland,Lasse Skov Ovesen,Radikale Venstre,sydjylland,0.0,Ikke oplyst,0,111,100983,0.0010991949139954249,0.0,0.0,0.0,0.0,0.0,0.003294493834936169,29.0
Lasse Vogel Andersen || Det Konservative Folkeparti || københavn,Lasse Vogel Andersen,Det Konservative Folkeparti,københavn,0.0,Ikke oplyst,0,261,133656,0.0019527742862273298,0.0,0.0,0.0,0.0,0.0,,
Lau Sørensen || Det Konservative Folkeparti || vestjylland,Lau Sørensen,Det Konservative Folkeparti,vestjylland,0.0,Seminaruddannelse,0,227,133656,0.0016983898964505896,0.0,0.0,0.0,0.0,0.0,,
Laura Elise Andersen-Mühl || SF - Socialistisk Folkeparti || fyn,Laura Elise Andersen-Mühl,SF - Socialistisk Folkeparti,fyn,0.0,Kandidat-/masteruddannelse,0,835,180086,0.004636673589285119,0.0,0.0,0.0,0.0,0.0,,
Laura Emilie Fabricius-Lauritzen || Liberal Alliance || københavn,Laura Emilie Fabricius-Lauritzen,Liberal Alliance,københavn,0.0,Kandidat-/masteruddannelse,1,279,117371,0.002377077813088412,0.0,0.0,0.0,0.0,0.0,,
Laura Holm || Det Konservative Folkeparti || nordjylland,Laura Holm,Det Konservative Folkeparti,nordjylland,0.0,Kandidat-/masteruddannelse,1,1787,133656,0.013370144250912791,3.0,6.0,6.0,6.0,9.0,,
Lea Wermelin || Socialdemokratiet || bornholm,Lea Wermelin,Socialdemokratiet,bornholm,0.0,Ikke oplyst,1,3837,369428,0.010386326970343342,0.0,1.0,5.0,6.0,17.0,0.010046641110406412,36.0
Leif Lahn Jensen || Socialdemokratiet || østjylland,Leif Lahn Jensen,Socialdemokratiet,østjylland,0.0,10. klasse,0,6837,369428,0.018506989183277932,0.0,0.0,0.0,0.0,0.0,0.020887472006914782,14.0
Leila Stockmarr || Enhedslisten - De Rød-Grønne || københavn,Leila Stockmarr,Enhedslisten - De Rød-Grønne,københavn,0.0,Ph.d.-uddannelse,1,1969,86659,0.02272124072514107,1.0,3.0,4.0,4.0,4.0,0.05164281502921156,5.0
Lene Burchardt || Det Konservative Folkeparti || nordjylland,Lene Burchardt,Det Konservative Folkeparti,nordjylland,0.0,Kandidat-/masteruddannelse,1,1202,133656,0.008993236367989465,0.0,0.0,1.0,1.0,5.0,0.02531678370604545,13.0
Lennart Qvist || Det Konservative Folkeparti || vestjylland,Lennart Qvist,Det Konservative Folkeparti,vestjylland,0.0,Kandidat-/masteruddannelse,0,643,133656,0.004810857724307177,0.0,0.0,0.0,0.0,0.0,0.019460495970563086,16.0
Lilje Holm || Enhedslisten - De Rød-Grønne || sydjylland,Lilje Holm,Enhedslisten - De Rød-Grønne,sydjylland,0.0,Gymnasial uddannelse,0,144,86659,0.0016616854567904084,0.0,0.0,0.0,0.0,0.0,,
Lina Sikora Christiansen || Alternativet || vestjylland,Lina Sikora Christiansen,Alternativet,vestjylland,0.0,Erhvervsuddannelse,0,80,44532,0.0017964609718853857,0.0,0.0,0.0,0.0,0.0,,
Linda Bollerup || SF - Socialistisk Folkeparti || fyn,Linda Bollerup,SF - Socialistisk Folkeparti,fyn,0.0,Kandidat-/masteruddannelse,0,541,180086,0.0030041202536565865,0.0,0.0,0.0,0.0,0.0,,
Linda Frølund || Alternativet || fyn,Linda Frølund,Alternativet,fyn,0.0,Bachelor-/diplomuddannelse,0,732,44532,0.01643761789275128,0.0,0.0,0.0,0.0,0.0,,
Line Ervolder || Det Konservative Folkeparti || københavn,Line Ervolder,Det Konservative Folkeparti,københavn,0.0,Kandidat-/masteruddannelse,0,1008,133656,0.007541748967498653,0.0,0.0,0.0,0.0,0.0,,
Line Gessø || Alternativet || sjælland,Line Gessø,Alternativet,sjælland,0.0,Kandidat-/masteruddannelse,0,81,44532,0.001818916734033953,0.0,0.0,0.0,0.0,0.0,0.014779208666642752,10.0
Line Krogh Lay || Radikale Venstre || sjælland,Line Krogh Lay,Radikale Venstre,sjælland,0.0,Kandidat-/masteruddannelse,0,902,100983,0.008932196508323184,0.0,0.0,0.0,0.0,0.0,0.02616215692449311,10.0
Line Randa || Moderaterne || nordjylland,Line Randa,Moderaterne,nordjylland,0.0,Ikke oplyst,0,986,100412,0.009819543480858861,0.0,0.0,0.0,0.0,0.0,,
Line Rasmussen || Radikale Venstre || østjylland,Line Rasmussen,Radikale Venstre,østjylland,0.0,Kandidat-/masteruddannelse,1,1740,100983,0.0172306229761445,4.0,11.0,23.0,24.0,25.0,,
Line Østergaard Olsen || Liberal Alliance || københavn,Line Østergaard Olsen,Liberal Alliance,københavn,0.0,Bachelor-/diplomuddannelse,0,143,117371,0.0012183588791098313,0.0,0.0,0.0,0.0,0.0,,
Linea Søgaard-Lidell || Venstre || københavn,Linea Søgaard-Lidell,Venstre,københavn,0.0,Kandidat-/masteruddannelse,1,2113,235636,0.008967220628426895,3.0,7.0,16.0,16.0,16.0,0.025199720831272317,17.0
Lisbeth Bech-Nielsen || SF - Socialistisk Folkeparti || københavn,Lisbeth Bech-Nielsen,SF - Socialistisk Folkeparti,københavn,0.0,Kandidat-/masteruddannelse,0,5494,180086,0.030507646346745444,0.0,0.0,0.0,0.0,0.0,0.03031068787572485,13.0
Lisbeth Dam Larsen || Moderaterne || københavn,Lisbeth Dam Larsen,Moderaterne,københavn,0.0,Kandidat-/masteruddannelse,0,382,100412,0.0038043261761542446,0.0,0.0,0.0,0.0,0.0,,
Lisbeth Ivanhoe || Enhedslisten - De Rød-Grønne || østjylland,Lisbeth Ivanhoe,Enhedslisten - De Rød-Grønne,østjylland,0.0,Kandidat-/masteruddannelse,0,746,86659,0.008608453824761421,0.0,0.0,0.0,0.0,0.0,,
Lise Bertelsen || Det Konservative Folkeparti || vestjylland,Lise Bertelsen,Det Konservative Folkeparti,vestjylland,0.0,Kandidat-/masteruddannelse,1,6290,133656,0.047061112108696956,0.0,0.0,0.0,0.0,0.0,0.04907880075665311,6.0
Lise Coermann || Alternativet || københavn,Lise Coermann,Alternativet,københavn,0.0,Kandidat-/masteruddannelse,0,3946,44532,0.08861043743824665,0.0,0.0,0.0,0.0,0.0,,
Lise Jørgensen || Socialdemokratiet || vestjylland,Lise Jørgensen,Socialdemokratiet,vestjylland,0.0,Ikke oplyst,0,305,369428,0.0008256006583150168,0.0,0.0,0.0,0.0,0.0,,
Lise Müller || SF - Socialistisk Folkeparti || fyn,Lise Müller,SF - Socialistisk Folkeparti,fyn,0.0,Kandidat-/masteruddannelse,0,4732,180086,0.02627633464011639,0.0,0.0,0.0,0.0,0.0,0.061339575464169814,5.0
Liselotte Katarina Rotfeld || Alternativet || sjælland,Liselotte Katarina Rotfeld,Alternativet,sjælland,0.0,Erhvervsuddannelse,0,122,44532,0.0027396029821252135,0.0,0.0,0.0,0.0,0.0,0.001972952613265416,23.0
Liselotte Lynge || Danmarksdemokraterne - Inger Støjberg || nordjylland,Liselotte Lynge,Danmarksdemokraterne - Inger Støjberg,nordjylland,0.0,Gymnasial uddannelse,0,800,75770,0.010558268443975187,0.0,0.0,0.0,0.0,0.0,,
Lissi Bagge || Alternativet || østjylland,Lissi Bagge,Alternativet,østjylland,0.0,Ikke oplyst,0,23,44532,0.0005164825294170485,0.0,0.0,0.0,0.0,0.0,,
Lone Glarbo || Danmarksdemokraterne - Inger Støjberg || østjylland,Lone Glarbo,Danmarksdemokraterne - Inger Støjberg,østjylland,0.0,Kandidat-/masteruddannelse,0,1015,75770,0.01339580308829352,0.0,0.0,0.0,0.0,0.0,,
Lone Hansen || Moderaterne || sydjylland,Lone Hansen,Moderaterne,sydjylland,0.0,Bachelor-/diplomuddannelse,1,341,100412,0.0033960084452057523,5.0,15.0,28.0,38.0,105.0,,
Lone Kjær Hein || Radikale Venstre || vestjylland,Lone Kjær Hein,Radikale Venstre,vestjylland,0.0,Kandidat-/masteruddannelse,0,578,100983,0.005723735678282483,0.0,0.0,0.0,0.0,0.0,,
Lone Langballe || Dansk Folkeparti || vestjylland,Lone Langballe,Dansk Folkeparti,vestjylland,0.0,Bachelor-/diplomuddannelse,0,1562,126849,0.012313853479333696,0.0,0.0,0.0,0.0,0.0,0.047025328882780285,7.0
Lotte Rod || Radikale Venstre || sydjylland,Lotte Rod,Radikale Venstre,sydjylland,0.0,Kandidat-/masteruddannelse,0,2946,100983,0.02917322717685155,0.0,0.0,0.0,0.0,0.0,0.0657445313824762,6.0
Louis Jacobsen || Enhedslisten - De Rød-Grønne || sjælland,Louis Jacobsen,Enhedslisten - De Rød-Grønne,sjælland,0.0,Erhvervsuddannelse,0,365,86659,0.004211911053670132,0.0,0.0,0.0,0.0,0.0,,
Louise Brown || Liberal Alliance || østjylland,Louise Brown,Liberal Alliance,østjylland,0.0,Bachelor-/diplomuddannelse,1,992,117371,0.008451832224314353,0.0,0.0,0.0,3.0,3.0,0.014897297891036906,11.0
Louise Elholm || Venstre || sjælland,Louise Elholm,Venstre,sjælland,0.0,Kandidat-/masteruddannelse,0,2576,235636,0.01093211563598092,0.0,0.0,0.0,0.0,0.0,,
Louise Høeg || Venstre || østjylland,Louise Høeg,Venstre,østjylland,0.0,Bachelor-/diplomuddannelse,0,1925,235636,0.00816937989101835,0.0,0.0,0.0,0.0,0.0,,
Louise Louring || Venstre || østjylland,Louise Louring,Venstre,østjylland,0.0,Kandidat-/masteruddannelse,1,3355,235636,0.014238062095774839,7.0,21.0,34.0,34.0,52.0,0.013599311564496785,23.0
Louise Mehnke || Socialdemokratiet || nordsjælland,Louise Mehnke,Socialdemokratiet,nordsjælland,0.0,Ikke oplyst,0,2555,369428,0.0069160973180159594,0.0,0.0,0.0,0.0,0.0,0.007751067806408522,41.0
Louise Stenmann || Socialdemokratiet || østjylland,Louise Stenmann,Socialdemokratiet,østjylland,0.0,Ikke oplyst,0,364,369428,0.000985307015169397,0.0,0.0,0.0,0.0,0.0,,
Louise Svenstrup || Liberal Alliance || østjylland,Louise Svenstrup,Liberal Alliance,østjylland,0.0,Kandidat-/masteruddannelse,0,206,117371,0.0017551183852910855,0.0,0.0,0.0,0.0,0.0,,
Luise Hjortebjerg || Venstre || københavns omegn,Luise Hjortebjerg,Venstre,københavns omegn,0.0,Erhvervsuddannelse,0,247,235636,0.0010482269262761209,0.0,0.0,0.0,0.0,0.0,,
Lukas Vestergaard || Liberal Alliance || nordjylland,Lukas Vestergaard,Liberal Alliance,nordjylland,0.0,Gymnasial uddannelse,0,236,117371,0.002010718150139302,0.0,0.0,0.0,0.0,0.0,,
Mads Brenøe || Liberal Alliance || sjælland,Mads Brenøe,Liberal Alliance,sjælland,0.0,Kandidat-/masteruddannelse,0,437,117371,0.0037232365746223514,0.0,0.0,0.0,0.0,0.0,,
Mads Damgaard Mortensen || Alternativet || østjylland,Mads Damgaard Mortensen,Alternativet,østjylland,0.0,Grundskole,0,44,44532,0.0009880535345369622,0.0,0.0,0.0,0.0,0.0,0.0005739498511317573,26.0
Mads Fuglede || Danmarksdemokraterne - Inger Støjberg || vestjylland,Mads Fuglede,Danmarksdemokraterne - Inger Støjberg,vestjylland,0.0,Kandidat-/masteruddannelse,0,5806,75770,0.07662663323214992,0.0,0.0,0.0,0.0,0.0,,
Mads Olsen || SF - Socialistisk Folkeparti || sjælland,Mads Olsen,SF - Socialistisk Folkeparti,sjælland,0.0,Gymnasial uddannelse,1,1315,180086,0.007302066790311296,5.0,11.0,18.0,30.0,30.0,0.012541894983242007,22.0
Mads Ramstedt || Det Konservative Folkeparti || sjælland,Mads Ramstedt,Det Konservative Folkeparti,sjælland,0.0,Grundskole,0,220,133656,0.001646016639731849,0.0,0.0,0.0,0.0,0.0,,
Mads Sebbelov || Moderaterne || københavn,Mads Sebbelov,Moderaterne,københavn,0.0,Bachelor-/diplomuddannelse,1,790,100412,0.007867585547544118,6.0,11.0,13.0,18.0,20.0,,
Mads Strange || Liberal Alliance || københavn,Mads Strange,Liberal Alliance,københavn,0.0,Kandidat-/masteruddannelse,1,4488,117371,0.038237724821293166,8.0,15.0,29.0,30.0,31.0,,
Mads-Magnus Damm || Dansk Folkeparti || sydjylland,Mads-Magnus Damm,Dansk Folkeparti,sydjylland,0.0,Gymnasial uddannelse,1,428,126849,0.0033740904540043672,2.0,5.0,19.0,36.0,58.0,,
Magnus Barsøe || Socialdemokratiet || københavns omegn,Magnus Barsøe,Socialdemokratiet,københavns omegn,0.0,Kandidat-/masteruddannelse,0,1902,369428,0.0051484998430005305,0.0,0.0,0.0,0.0,0.0,,
Magnus Bigum || Danmarksdemokraterne - Inger Støjberg || østjylland,Magnus Bigum,Danmarksdemokraterne - Inger Støjberg,østjylland,0.0,Erhvervsuddannelse,0,996,75770,0.01314504421274911,0.0,0.0,0.0,0.0,0.0,,
Magnus Flensborg || SF - Socialistisk Folkeparti || sydjylland,Magnus Flensborg,SF - Socialistisk Folkeparti,sydjylland,0.0,Bachelor-/diplomuddannelse,0,592,180086,0.0032873182812656176,0.0,0.0,0.0,0.0,0.0,,
Magnus Georg Jensen || Radikale Venstre || københavn,Magnus Georg Jensen,Radikale Venstre,københavn,0.0,Kandidat-/masteruddannelse,1,4491,100983,0.044472832060841926,5.0,10.0,19.0,31.0,53.0,,
Magnus Heunicke || Socialdemokratiet || sjælland,Magnus Heunicke,Socialdemokratiet,sjælland,0.0,Bachelor-/diplomuddannelse,1,14316,369428,0.03875180008012387,0.0,0.0,5.0,9.0,12.0,0.062025380397263276,2.0
Magnus Von Dreiager || Det Konservative Folkeparti || københavns omegn,Magnus Von Dreiager,Det Konservative Folkeparti,københavns omegn,0.0,Kandidat-/masteruddannelse,1,1718,133656,0.012853893577542347,3.0,8.0,8.0,8.0,8.0,0.011764401026145992,22.0
Mai Mercado || Det Konservative Folkeparti || fyn,Mai Mercado,Det Konservative Folkeparti,fyn,0.0,Kandidat-/masteruddannelse,1,6146,133656,0.04598371939905429,0.0,0.0,0.0,0.0,0.0,0.11468995361612812,2.0
Maibritt Nielsen || Danmarksdemokraterne - Inger Støjberg || nordsjælland,Maibritt Nielsen,Danmarksdemokraterne - Inger Støjberg,nordsjælland,0.0,Ikke oplyst,0,175,75770,0.0023096212221195723,0.0,0.0,0.0,0.0,0.0,,
Majbrit Nørgaard || Venstre || vestjylland,Majbrit Nørgaard,Venstre,vestjylland,0.0,Ikke oplyst,0,198,235636,0.0008402790745047446,0.0,0.0,0.0,0.0,0.0,,
Malene Sandfeld || Venstre || københavn,Malene Sandfeld,Venstre,københavn,0.0,Bachelor-/diplomuddannelse,1,348,235636,0.001476854130947733,0.0,0.0,0.0,0.0,2.0,,
Malte Jäger || Liberal Alliance || fyn,Malte Jäger,Liberal Alliance,fyn,0.0,Bachelor-/diplomuddannelse,1,1656,117371,0.014109107019621541,6.0,10.0,20.0,20.0,37.0,,
Malte Larsen || Dansk Folkeparti || sjælland,Malte Larsen,Dansk Folkeparti,sjælland,0.0,Kandidat-/masteruddannelse,0,1036,126849,0.008167190912029262,0.0,0.0,0.0,0.0,0.0,,
Malte Larsen || Socialdemokratiet || østjylland,Malte Larsen,Socialdemokratiet,østjylland,0.0,Seminaruddannelse,1,4365,369428,0.011815563519819829,7.0,17.0,33.0,46.0,50.0,0.017716325511171978,20.0
Marcus Bech Pedersen || Alternativet || østjylland,Marcus Bech Pedersen,Alternativet,østjylland,0.0,Gymnasial uddannelse,0,28,44532,0.000628761340159885,0.0,0.0,0.0,0.0,0.0,,
Marcus Danielsson || Venstre || sjælland,Marcus Danielsson,Venstre,sjælland,0.0,Kandidat-/masteruddannelse,1,364,235636,0.0015447554703016517,1.0,4.0,6.0,9.0,18.0,0.0018904872578448446,35.0
Marcus Juul Grønbæk || Danmarksdemokraterne - Inger Støjberg || vestjylland,Marcus Juul Grønbæk,Danmarksdemokraterne - Inger Støjberg,vestjylland,0.0,Bachelor-/diplomuddannelse,0,597,75770,0.007879107826316484,0.0,0.0,0.0,0.0,0.0,,
Marcus Knuth || Det Konservative Folkeparti || sjælland,Marcus Knuth,Det Konservative Folkeparti,sjælland,0.0,Kandidat-/masteruddannelse,0,4394,133656,0.0328754414317352,0.0,0.0,0.0,0.0,0.0,,
Marcus Vesterager || Socialdemokratiet || københavn,Marcus Vesterager,Socialdemokratiet,københavn,0.0,Kandidat-/masteruddannelse,0,509,369428,0.0013778056887945689,0.0,0.0,0.0,0.0,0.0,,
Maria Dalum || Alternativet || fyn,Maria Dalum,Alternativet,fyn,0.0,Kandidat-/masteruddannelse,0,315,44532,0.007073565076798707,0.0,0.0,0.0,0.0,0.0,,
Maria Durhuus || Socialdemokratiet || københavns omegn,Maria Durhuus,Socialdemokratiet,københavns omegn,0.0,Bachelor-/diplomuddannelse,1,2836,369428,0.0076767326786275,4.0,6.0,7.0,15.0,21.0,0.007341344453861222,42.0
Maria Enemark || Borgernes Parti - Lars Boje Mathiesen || vestjylland,Maria Enemark,Borgernes Parti - Lars Boje Mathiesen,vestjylland,0.0,Ikke oplyst,0,321,22238,0.014434751326558144,0.0,0.0,0.0,0.0,0.0,,
Maria Georgi Sloth || Radikale Venstre || københavn,Maria Georgi Sloth,Radikale Venstre,københavn,0.0,Bachelor-/diplomuddannelse,1,1630,100983,0.016141330719031916,7.0,11.0,23.0,32.0,32.0,,
Maria Gudme || Socialdemokratiet || fyn,Maria Gudme,Socialdemokratiet,fyn,0.0,Bachelor-/diplomuddannelse,0,1160,369428,0.003139989389001375,0.0,0.0,0.0,0.0,0.0,,
Maria Ladegaard || Venstre || københavns omegn,Maria Ladegaard,Venstre,københavns omegn,0.0,Bachelor-/diplomuddannelse,0,568,235636,0.002410497547064116,0.0,0.0,0.0,0.0,0.0,,
Maria Radoor || Socialdemokratiet || sydjylland,Maria Radoor,Socialdemokratiet,sydjylland,0.0,Kandidat-/masteruddannelse,0,2763,369428,0.007479129898112758,0.0,0.0,0.0,0.0,0.0,,
Maria Sofie Petersen || Enhedslisten - De Rød-Grønne || københavn,Maria Sofie Petersen,Enhedslisten - De Rød-Grønne,københavn,0.0,Bachelor-/diplomuddannelse,0,478,86659,0.00551587255795705,0.0,0.0,0.0,0.0,0.0,,
Maria Sørensen || Enhedslisten - De Rød-Grønne || østjylland,Maria Sørensen,Enhedslisten - De Rød-Grønne,østjylland,0.0,Bachelor-/diplomuddannelse,0,619,86659,0.007142939567730992,0.0,0.0,0.0,0.0,0.0,,
Maria Temponeras || Enhedslisten - De Rød-Grønne || østjylland,Maria Temponeras,Enhedslisten - De Rød-Grønne,østjylland,0.0,Kandidat-/masteruddannelse,0,1583,86659,0.01826700054235567,0.0,0.0,0.0,0.0,0.0,,
Mariane Lunden || Alternativet || nordsjælland,Mariane Lunden,Alternativet,nordsjælland,0.0,Ikke oplyst,0,47,44532,0.001055420820982664,0.0,0.0,0.0,0.0,0.0,0.0023675431359184993,22.0
Marianne Bigum || SF - Socialistisk Folkeparti || nordsjælland,Marianne Bigum,SF - Socialistisk Folkeparti,nordsjælland,0.0,Ph.d.-uddannelse,1,2384,180086,0.013238119565096676,0.0,0.0,0.0,0.0,0.0,0.03754588498164601,9.0
Marianne Karlsmose || Det Konservative Folkeparti || vestjylland,Marianne Karlsmose,Det Konservative Folkeparti,vestjylland,0.0,Kandidat-/masteruddannelse,0,2875,133656,0.02151044472376848,0.0,0.0,0.0,0.0,0.0,,
Marianne Lynghøj || Venstre || nordsjælland,Marianne Lynghøj,Venstre,nordsjælland,0.0,Kandidat-/masteruddannelse,0,1829,235636,0.0077619718548948375,0.0,0.0,0.0,0.0,0.0,0.016797555240850786,19.0
Marianne Mortensen || Radikale Venstre || københavn,Marianne Mortensen,Radikale Venstre,københavn,0.0,Kandidat-/masteruddannelse,0,229,100983,0.0022677084261707417,0.0,0.0,0.0,0.0,0.0,,
Marie Bjerre || Venstre || nordjylland,Marie Bjerre,Venstre,nordjylland,0.0,Kandidat-/masteruddannelse,0,15319,235636,0.06501128859766758,0.0,0.0,0.0,0.0,0.0,0.06602475928473177,4.0
Marie Brixtofte || Venstre || københavns omegn,Marie Brixtofte,Venstre,københavns omegn,0.0,Kandidat-/masteruddannelse,0,2827,235636,0.01199731789709552,0.0,0.0,0.0,0.0,0.0,,
Marie Wandel || Radikale Venstre || nordjylland,Marie Wandel,Radikale Venstre,nordjylland,0.0,Ph.d.-uddannelse,0,280,100983,0.0027727439271956664,0.0,0.0,0.0,0.0,0.0,,
Mark Hellerup || Liberal Alliance || nordjylland,Mark Hellerup,Liberal Alliance,nordjylland,0.0,Kandidat-/masteruddannelse,0,172,117371,0.0014654386517964403,0.0,0.0,0.0,0.0,0.0,,
Marlene Ambo-Rasmussen || Venstre || fyn,Marlene Ambo-Rasmussen,Venstre,fyn,0.0,Bachelor-/diplomuddannelse,1,4791,235636,0.02033220730278905,0.0,0.0,0.0,0.0,0.0,0.025972177990391716,15.0
Marlene Harpsøe || Danmarksdemokraterne - Inger Støjberg || nordsjælland,Marlene Harpsøe,Danmarksdemokraterne - Inger Støjberg,nordsjælland,0.0,Bachelor-/diplomuddannelse,0,575,75770,0.007588755444107167,0.0,0.0,0.0,0.0,0.0,,
Martin Graff Jørgensen || SF - Socialistisk Folkeparti || sjælland,Martin Graff Jørgensen,SF - Socialistisk Folkeparti,sjælland,0.0,Seminaruddannelse,0,836,180086,0.004642226491787257,0.0,0.0,0.0,0.0,0.0,,
Martin Kjærulff || Alternativet || fyn,Martin Kjærulff,Alternativet,fyn,0.0,Gymnasial uddannelse,0,94,44532,0.002110841641965328,0.0,0.0,0.0,0.0,0.0,0.013416077770204829,11.0
Martin Laursen || Enhedslisten - De Rød-Grønne || østjylland,Martin Laursen,Enhedslisten - De Rød-Grønne,østjylland,0.0,Kandidat-/masteruddannelse,0,317,86659,0.003658015901406663,0.0,0.0,0.0,0.0,0.0,,
Martin Lidegaard || Radikale Venstre || nordsjælland,Martin Lidegaard,Radikale Venstre,nordsjælland,0.0,Kandidat-/masteruddannelse,1,9328,100983,0.09237198340314706,4.0,7.0,13.0,18.0,18.0,0.17361498025726121,1.0
Martin Lissner || Liberal Alliance || fyn,Martin Lissner,Liberal Alliance,fyn,0.0,Ikke oplyst,0,101,117371,0.0008605192083223284,0.0,0.0,0.0,0.0,0.0,,
Martin Mickey Pedersen || Liberal Alliance || sjælland,Martin Mickey Pedersen,Liberal Alliance,sjælland,0.0,Grundskole,0,97,117371,0.0008264392396758995,0.0,0.0,0.0,0.0,0.0,,
Martin Nordstjerne || Borgernes Parti - Lars Boje Mathiesen || nordsjælland,Martin Nordstjerne,Borgernes Parti - Lars Boje Mathiesen,nordsjælland,0.0,Bachelor-/diplomuddannelse,0,298,22238,0.013400485655184818,0.0,0.0,0.0,0.0,0.0,,
Martin Rahn Johansen || Danmarksdemokraterne - Inger Støjberg || sjælland,Martin Rahn Johansen,Danmarksdemokraterne - Inger Støjberg,sjælland,0.0,Erhvervsuddannelse,1,582,75770,0.00768114029299195,2.0,5.0,8.0,15.0,37.0,,
Martin Sanderhoff || Moderaterne || vestjylland,Martin Sanderhoff,Moderaterne,vestjylland,0.0,Bachelor-/diplomuddannelse,0,650,100412,0.00647332988089073,0.0,0.0,0.0,0.0,0.0,,
Martin Sibast || Danmarksdemokraterne - Inger Støjberg || københavn,Martin Sibast,Danmarksdemokraterne - Inger Støjberg,københavn,0.0,Ikke oplyst,0,107,75770,0.0014121684043816815,0.0,0.0,0.0,0.0,0.0,,
Mathias D. Christiansen || Enhedslisten - De Rød-Grønne || sydjylland,Mathias D. Christiansen,Enhedslisten - De Rød-Grønne,sydjylland,0.0,Bachelor-/diplomuddannelse,0,140,86659,0.0016155275274351193,0.0,0.0,0.0,0.0,0.0,,
Mathias Fuglsang || Borgernes Parti - Lars Boje Mathiesen || københavns omegn,Mathias Fuglsang,Borgernes Parti - Lars Boje Mathiesen,københavns omegn,0.0,Gymnasial uddannelse,0,207,22238,0.009308391042359924,0.0,0.0,0.0,0.0,0.0,,
Mathias Sikora || Radikale Venstre || østjylland,Mathias Sikora,Radikale Venstre,østjylland,0.0,Kandidat-/masteruddannelse,1,1030,100983,0.010199736589326916,6.0,11.0,17.0,27.0,28.0,,
Mathias Thybo || Socialdemokratiet || østjylland,Mathias Thybo,Socialdemokratiet,østjylland,0.0,Kandidat-/masteruddannelse,0,325,369428,0.0008797384064012473,0.0,0.0,0.0,0.0,0.0,,
Mathilde Hjort Bressum || Venstre || østjylland,Mathilde Hjort Bressum,Venstre,østjylland,0.0,Kandidat-/masteruddannelse,0,2317,235636,0.00983296270518936,0.0,0.0,0.0,0.0,0.0,,
Mathilde Vinther || Enhedslisten - De Rød-Grønne || københavn,Mathilde Vinther,Enhedslisten - De Rød-Grønne,københavn,0.0,Seminaruddannelse,1,1294,86659,0.01493209014643603,2.0,7.0,12.0,12.0,12.0,,
Matilde Powers || Socialdemokratiet || nordsjælland,Matilde Powers,Socialdemokratiet,nordsjælland,0.0,Kandidat-/masteruddannelse,0,4030,369428,0.010908756239375468,0.0,0.0,0.0,0.0,0.0,0.011845495007549013,31.0
Matilde Skov-Hansen || Alternativet || fyn,Matilde Skov-Hansen,Alternativet,fyn,0.0,Bachelor-/diplomuddannelse,0,212,44532,0.004760621575496273,0.0,0.0,0.0,0.0,0.0,,
Mattias Tesfaye || Socialdemokratiet || københavns omegn,Mattias Tesfaye,Socialdemokratiet,københavns omegn,0.0,Erhvervsuddannelse,0,11898,369428,0.03220654633649859,0.0,0.0,0.0,0.0,0.0,0.03914261178992979,4.0
Melina Andersen || SF - Socialistisk Folkeparti || nordjylland,Melina Andersen,SF - Socialistisk Folkeparti,nordjylland,0.0,Kandidat-/masteruddannelse,0,2330,180086,0.012938262829981232,0.0,0.0,0.0,0.0,0.0,0.02568228972708411,15.0
Mercedes Czank || Dansk Folkeparti || østjylland,Mercedes Czank,Dansk Folkeparti,østjylland,0.0,Ikke oplyst,0,156,126849,0.0012298086701511245,0.0,0.0,0.0,0.0,0.0,,
Merete Dea Larsen || Dansk Folkeparti || københavn,Merete Dea Larsen,Dansk Folkeparti,københavn,0.0,Ikke oplyst,0,1083,126849,0.008537710190856846,0.0,0.0,0.0,0.0,0.0,,
Merete Riisager || Liberal Alliance || københavn,Merete Riisager,Liberal Alliance,københavn,0.0,Kandidat-/masteruddannelse,0,1656,117371,0.014109107019621541,0.0,0.0,0.0,0.0,0.0,,
Mette Abildgaard || Det Konservative Folkeparti || nordsjælland,Mette Abildgaard,Det Konservative Folkeparti,nordsjælland,0.0,Kandidat-/masteruddannelse,0,10807,133656,0.0808568264799186,0.0,0.0,0.0,0.0,0.0,0.1652198699178565,1.0
Mette Bloch Hansen || Enhedslisten - De Rød-Grønne || københavn,Mette Bloch Hansen,Enhedslisten - De Rød-Grønne,københavn,0.0,Kandidat-/masteruddannelse,0,173,86659,0.0019963304446162546,0.0,0.0,0.0,0.0,0.0,0.0074770863482875064,15.0
Mette Bram || Alternativet || københavn,Mette Bram,Alternativet,københavn,0.0,Kandidat-/masteruddannelse,0,217,44532,0.004872900386239109,0.0,0.0,0.0,0.0,0.0,0.01951429493847975,7.0
Mette Frederiksen || Socialdemokratiet || nordjylland,Mette Frederiksen,Socialdemokratiet,nordjylland,0.0,Ikke oplyst,1,41721,369428,0.11293404939528136,13.0,24.0,33.0,33.0,33.0,0.17072835341726114,1.0
Mette Friis || Alternativet || sjælland,Mette Friis,Alternativet,sjælland,0.0,Bachelor-/diplomuddannelse,0,199,44532,0.004468696667564897,0.0,0.0,0.0,0.0,0.0,,
Mette Hvid Brockmann || Radikale Venstre || sjælland,Mette Hvid Brockmann,Radikale Venstre,sjælland,0.0,Kandidat-/masteruddannelse,0,600,100983,0.005941594129705,0.0,0.0,0.0,0.0,0.0,,
Mette Reissmann || Socialdemokratiet || københavn,Mette Reissmann,Socialdemokratiet,københavn,0.0,Kandidat-/masteruddannelse,1,1841,369428,0.0049833797113375275,3.0,8.0,15.0,15.0,15.0,0.00939276754093024,37.0
Mette Skaarup || Enhedslisten - De Rød-Grønne || fyn,Mette Skaarup,Enhedslisten - De Rød-Grønne,fyn,0.0,Kandidat-/masteruddannelse,0,428,86659,0.004938898441015936,0.0,0.0,0.0,0.0,0.0,,
Mette Thiesen || Dansk Folkeparti || nordsjælland,Mette Thiesen,Dansk Folkeparti,nordsjælland,0.0,Seminaruddannelse,0,4555,126849,0.03590883649063059,0.0,0.0,0.0,0.0,0.0,,
Mia Linda Møller || Moderaterne || sjælland,Mia Linda Møller,Moderaterne,sjælland,0.0,Kandidat-/masteruddannelse,0,322,100412,0.0032067880333027923,0.0,0.0,0.0,0.0,0.0,,
Mia Tang || Det Konservative Folkeparti || københavn,Mia Tang,Det Konservative Folkeparti,københavn,0.0,Kandidat-/masteruddannelse,1,1676,133656,0.012539654037229904,7.0,10.0,13.0,13.0,13.0,,
Michael Bang Pedersen || Borgernes Parti - Lars Boje Mathiesen || østjylland,Michael Bang Pedersen,Borgernes Parti - Lars Boje Mathiesen,østjylland,0.0,Erhvervsuddannelse,0,30,22238,0.001349042180052163,0.0,0.0,0.0,0.0,0.0,,
Michael Faust Horsbøl || Det Konservative Folkeparti || østjylland,Michael Faust Horsbøl,Det Konservative Folkeparti,østjylland,0.0,Erhvervsuddannelse,0,266,133656,0.0019901837553121444,0.0,0.0,0.0,0.0,0.0,,
Michael Graakjær || SF - Socialistisk Folkeparti || sjælland,Michael Graakjær,SF - Socialistisk Folkeparti,sjælland,0.0,Erhvervsuddannelse,0,128,180086,0.000710771520273647,0.0,0.0,0.0,0.0,0.0,0.001130499547800181,40.0
Michael Grove || Det Konservative Folkeparti || vestjylland,Michael Grove,Det Konservative Folkeparti,vestjylland,0.0,Kandidat-/masteruddannelse,0,411,133656,0.003075058358771772,0.0,0.0,0.0,0.0,0.0,,
Michael Hendriksen || Danmarksdemokraterne - Inger Støjberg || bornholm,Michael Hendriksen,Danmarksdemokraterne - Inger Støjberg,bornholm,0.0,Ikke oplyst,0,206,75770,0.0027187541243236107,0.0,0.0,0.0,0.0,0.0,,
Michael Jensen || Dansk Folkeparti || københavns omegn,Michael Jensen,Dansk Folkeparti,københavns omegn,0.0,Erhvervsuddannelse,0,475,126849,0.00374460973283195,0.0,0.0,0.0,0.0,0.0,0.012075397604555272,13.0
Michael Klausen || Liberal Alliance || østjylland,Michael Klausen,Liberal Alliance,østjylland,0.0,Erhvervsuddannelse,0,79,117371,0.0006730793807669696,0.0,0.0,0.0,0.0,0.0,,
Michael Melchert || Liberal Alliance || københavns omegn,Michael Melchert,Liberal Alliance,københavns omegn,0.0,Bachelor-/diplomuddannelse,0,331,117371,0.002820117405491987,0.0,0.0,0.0,0.0,0.0,,
Michael Nedersøe || Dansk Folkeparti || østjylland,Michael Nedersøe,Dansk Folkeparti,østjylland,0.0,Ikke oplyst,0,2075,126849,0.0163580319907922,0.0,0.0,0.0,0.0,0.0,0.0648929903789515,4.0
Michael Nielsen || Moderaterne || vestjylland,Michael Nielsen,Moderaterne,vestjylland,0.0,Ikke oplyst,0,562,100412,0.005596940604708601,0.0,0.0,0.0,0.0,0.0,,
Michael Pihl || Dansk Folkeparti || sjælland,Michael Pihl,Dansk Folkeparti,sjælland,0.0,Kandidat-/masteruddannelse,0,111,126849,0.0008750561691459925,0.0,0.0,0.0,0.0,0.0,,
Michael Portefee P. Lex || Radikale Venstre || nordjylland,Michael Portefee P. Lex,Radikale Venstre,nordjylland,0.0,Seminaruddannelse,0,142,100983,0.0014061772773635167,0.0,0.0,0.0,0.0,0.0,,
Michael Rask || Liberal Alliance || sjælland,Michael Rask,Liberal Alliance,sjælland,0.0,Gymnasial uddannelse,1,243,117371,0.0020703580952705523,3.0,6.0,8.0,8.0,8.0,,
Michael Rosenmark || Danmarksdemokraterne - Inger Støjberg || sjælland,Michael Rosenmark,Danmarksdemokraterne - Inger Støjberg,sjælland,0.0,Gymnasial uddannelse,0,207,75770,0.00273195195987858,0.0,0.0,0.0,0.0,0.0,,
Michael Schjelde || Venstre || sjælland,Michael Schjelde,Venstre,sjælland,0.0,Ikke oplyst,0,77,235636,0.000326775195640734,0.0,0.0,0.0,0.0,0.0,,
Michael Valbjørn || Liberal Alliance || vestjylland,Michael Valbjørn,Liberal Alliance,vestjylland,0.0,Bachelor-/diplomuddannelse,1,636,117371,0.005418715014782186,1.0,2.0,5.0,10.0,16.0,,
Michelle Sundahl || Dansk Folkeparti || vestjylland,Michelle Sundahl,Dansk Folkeparti,vestjylland,0.0,Erhvervsuddannelse,0,1059,126849,0.008348508856987442,0.0,0.0,0.0,0.0,0.0,,
Mikael Hertig || Alternativet || sydjylland,Mikael Hertig,Alternativet,sydjylland,0.0,Kandidat-/masteruddannelse,0,33,44532,0.0007410401509027216,0.0,0.0,0.0,0.0,0.0,,
Mikael Winther || Alternativet || sydjylland,Mikael Winther,Alternativet,sydjylland,0.0,Kandidat-/masteruddannelse,1,96,44532,0.002155753166262463,5.0,6.0,11.0,13.0,44.0,0.001757721419091007,25.0
Mikael Würtz || Dansk Folkeparti || vestjylland,Mikael Würtz,Dansk Folkeparti,vestjylland,0.0,Ikke oplyst,0,889,126849,0.007008332742079165,0.0,0.0,0.0,0.0,0.0,,
Mikkel Bahl || Alternativet || københavn,Mikkel Bahl,Alternativet,københavn,0.0,Bachelor-/diplomuddannelse,0,53,44532,0.0011901553938740682,0.0,0.0,0.0,0.0,0.0,,
Mikkel Bisgaard || Venstre || nordjylland,Mikkel Bisgaard,Venstre,nordjylland,0.0,Bachelor-/diplomuddannelse,0,705,235636,0.002991902765282045,0.0,0.0,0.0,0.0,0.0,,
Mikkel Bjørn || Dansk Folkeparti || københavns omegn,Mikkel Bjørn,Dansk Folkeparti,københavns omegn,0.0,Bachelor-/diplomuddannelse,1,5746,126849,0.04529795268389975,0.0,1.0,4.0,8.0,8.0,,
Mikkel Dencker || Dansk Folkeparti || københavns omegn,Mikkel Dencker,Dansk Folkeparti,københavns omegn,0.0,Gymnasial uddannelse,0,750,126849,0.005912541683418868,0.0,0.0,0.0,0.0,0.0,0.02297270763793442,11.0
Mikkel Hartwich || Dansk Folkeparti || nordsjælland,Mikkel Hartwich,Dansk Folkeparti,nordsjælland,0.0,Erhvervsuddannelse,0,840,126849,0.006622046685429132,0.0,0.0,0.0,0.0,0.0,,
Mikkel Sammy Christensen || SF - Socialistisk Folkeparti || københavn,Mikkel Sammy Christensen,SF - Socialistisk Folkeparti,københavn,0.0,Kandidat-/masteruddannelse,1,624,180086,0.003465011161334029,4.0,7.0,13.0,24.0,25.0,,
Mikkel Senna Odoom || Radikale Venstre || københavn,Mikkel Senna Odoom,Radikale Venstre,københavn,0.0,Kandidat-/masteruddannelse,0,529,100983,0.005238505491023241,0.0,0.0,0.0,0.0,0.0,,
Mikkel Westh Jepsen || Radikale Venstre || nordsjælland,Mikkel Westh Jepsen,Radikale Venstre,nordsjælland,0.0,Bachelor-/diplomuddannelse,1,472,100983,0.0046740540487012665,3.0,6.0,15.0,19.0,25.0,,
Milo Gaarde || SF - Socialistisk Folkeparti || sydjylland,Milo Gaarde,SF - Socialistisk Folkeparti,sydjylland,0.0,Gymnasial uddannelse,1,922,180086,0.005119776106971114,2.0,3.0,6.0,8.0,8.0,,
Mogens Haugaard || Moderaterne || sjælland,Mogens Haugaard,Moderaterne,sjælland,0.0,Erhvervsuddannelse,0,330,100412,0.003286459785682986,0.0,0.0,0.0,0.0,0.0,,
Mogens Jensen || Socialdemokratiet || vestjylland,Mogens Jensen,Socialdemokratiet,vestjylland,0.0,Gymnasial uddannelse,0,7010,369428,0.018975280704223826,0.0,0.0,0.0,0.0,0.0,0.017996957944423554,19.0
Mohammad Rona || Moderaterne || nordjylland,Mohammad Rona,Moderaterne,nordjylland,0.0,Bachelor-/diplomuddannelse,1,1604,100412,0.015974186352228817,4.0,9.0,14.0,14.0,15.0,0.017890534189114064,7.0
Mona Juul || Det Konservative Folkeparti || østjylland,Mona Juul,Det Konservative Folkeparti,østjylland,0.0,Bachelor-/diplomuddannelse,0,21594,133656,0.16156401508349794,0.0,0.0,0.0,0.0,0.0,0.09574771319737763,3.0
Monika Rubin || Moderaterne || københavns omegn,Monika Rubin,Moderaterne,københavns omegn,0.0,Ph.d.-uddannelse,0,4633,100412,0.04613990359717962,0.0,0.0,0.0,0.0,0.0,0.0568723572716093,4.0
Morten Arvidsson || Moderaterne || nordjylland,Morten Arvidsson,Moderaterne,nordjylland,0.0,Seminaruddannelse,0,658,100412,0.006553001633270924,0.0,0.0,0.0,0.0,0.0,,
Morten Bering || SF - Socialistisk Folkeparti || københavn,Morten Bering,SF - Socialistisk Folkeparti,københavn,0.0,Ikke oplyst,0,69,180086,0.00038315027264751287,0.0,0.0,0.0,0.0,0.0,,
Morten Bo Bertelsen || SF - Socialistisk Folkeparti || nordjylland,Morten Bo Bertelsen,SF - Socialistisk Folkeparti,nordjylland,0.0,Kandidat-/masteruddannelse,0,772,180086,0.004286840731650434,0.0,0.0,0.0,0.0,0.0,,
Morten Bødskov || Socialdemokratiet || københavns omegn,Morten Bødskov,Socialdemokratiet,københavns omegn,0.0,Bachelor-/diplomuddannelse,0,5643,369428,0.015274965622529965,0.0,0.0,0.0,0.0,0.0,0.023822887258726267,12.0
Morten Dahlin || Venstre || sjælland,Morten Dahlin,Venstre,sjælland,0.0,Bachelor-/diplomuddannelse,1,7021,235636,0.029795956475241473,6.0,13.0,16.0,16.0,18.0,0.037037287997777495,9.0
Morten Dehn || Borgernes Parti - Lars Boje Mathiesen || københavns omegn,Morten Dehn,Borgernes Parti - Lars Boje Mathiesen,københavns omegn,0.0,Ikke oplyst,0,260,22238,0.011691698893785412,0.0,0.0,0.0,0.0,0.0,,
Morten E.G. Brautsch || Moderaterne || vestjylland,Morten E.G. Brautsch,Moderaterne,vestjylland,0.0,Kandidat-/masteruddannelse,0,1585,100412,0.015784965940325857,0.0,0.0,0.0,0.0,0.0,,
Morten Hell || Moderaterne || sydjylland,Morten Hell,Moderaterne,sydjylland,0.0,Ph.d.-uddannelse,1,1001,100412,0.009968928016571725,6.0,8.0,8.0,8.0,8.0,,
Morten Hvidberg Greve || Alternativet || nordsjælland,Morten Hvidberg Greve,Alternativet,nordsjælland,0.0,Kandidat-/masteruddannelse,0,145,44532,0.003256085511542262,0.0,0.0,0.0,0.0,0.0,0.00882447896115077,14.0
Morten Høgh || Venstre || vestjylland,Morten Høgh,Venstre,vestjylland,0.0,Kandidat-/masteruddannelse,1,1712,235636,0.007265443310869307,0.0,2.0,2.0,2.0,2.0,,
Morten Messerschmidt || Dansk Folkeparti || sjælland,Morten Messerschmidt,Dansk Folkeparti,sjælland,0.0,Ikke oplyst,1,50819,126849,0.4006259410795513,6.0,13.0,32.0,45.0,62.0,,
Morten Riis || Enhedslisten - De Rød-Grønne || bornholm,Morten Riis,Enhedslisten - De Rød-Grønne,bornholm,0.0,Ikke oplyst,0,279,86659,0.0032195155725314164,0.0,0.0,0.0,0.0,0.0,0.008066677386503724,14.0
Morten Ryom || Socialdemokratiet || nordjylland,Morten Ryom,Socialdemokratiet,nordjylland,0.0,Erhvervsuddannelse,1,1389,369428,0.0037598666045887156,0.0,0.0,0.0,0.0,0.0,0.005048577474195848,47.0
Morten Siig Henriksen || SF - Socialistisk Folkeparti || østjylland,Morten Siig Henriksen,SF - Socialistisk Folkeparti,østjylland,0.0,Kandidat-/masteruddannelse,0,644,180086,0.0035760692113767866,0.0,0.0,0.0,0.0,0.0,0.01268819492472203,21.0
Morten Sørensen || Det Konservative Folkeparti || østjylland,Morten Sørensen,Det Konservative Folkeparti,østjylland,0.0,Kandidat-/masteruddannelse,1,495,133656,0.00370353743939666,0.0,0.0,0.0,0.0,0.0,,
Morten Trillingsgaard Høybye || Det Konservative Folkeparti || sydjylland,Morten Trillingsgaard Høybye,Det Konservative Folkeparti,sydjylland,0.0,Erhvervsuddannelse,0,313,133656,0.0023418327647094033,0.0,0.0,0.0,0.0,0.0,,
Morten Vehl Revsbeck || Danmarksdemokraterne - Inger Støjberg || vestjylland,Morten Vehl Revsbeck,Danmarksdemokraterne - Inger Støjberg,vestjylland,0.0,Kandidat-/masteruddannelse,0,1681,75770,0.022185561567902863,0.0,0.0,0.0,0.0,0.0,,
Nadja Natalie Isaksen || Borgernes Parti - Lars Boje Mathiesen || sydjylland,Nadja Natalie Isaksen,Borgernes Parti - Lars Boje Mathiesen,sydjylland,0.0,Kandidat-/masteruddannelse,1,1301,22238,0.05850346254159547,1.0,2.0,2.0,2.0,6.0,,
Nana Harring || Dansk Folkeparti || østjylland,Nana Harring,Dansk Folkeparti,østjylland,0.0,Bachelor-/diplomuddannelse,0,1121,126849,0.008837278969483402,0.0,0.0,0.0,0.0,0.0,,
Nana Løcke Buttenschøn || Alternativet || københavns omegn,Nana Løcke Buttenschøn,Alternativet,københavns omegn,0.0,Erhvervsuddannelse,0,206,44532,0.004625887002604868,0.0,0.0,0.0,0.0,0.0,,
Nanna Bonde || SF - Socialistisk Folkeparti || københavn,Nanna Bonde,SF - Socialistisk Folkeparti,københavn,0.0,Kandidat-/masteruddannelse,0,4166,180086,0.023133391823906356,0.0,0.0,0.0,0.0,0.0,,
Nanna Høyrup || Alternativet || nordsjælland,Nanna Høyrup,Alternativet,nordsjælland,0.0,Bachelor-/diplomuddannelse,0,268,44532,0.006018144255816042,0.0,0.0,0.0,0.0,0.0,0.01617821142877641,9.0
Nanna W. Gotfredsen || Moderaterne || københavn,Nanna W. Gotfredsen,Moderaterne,københavn,0.0,Kandidat-/masteruddannelse,0,1091,100412,0.010865235230848903,0.0,0.0,0.0,0.0,0.0,0.03930189855292195,5.0
Natascha Remvig || Venstre || københavn,Natascha Remvig,Venstre,københavn,0.0,Kandidat-/masteruddannelse,0,411,235636,0.0017442156546537881,0.0,0.0,0.0,0.0,0.0,,
Natasja Bruun Knudsen || Det Konservative Folkeparti || fyn,Natasja Bruun Knudsen,Det Konservative Folkeparti,fyn,0.0,Bachelor-/diplomuddannelse,0,446,133656,0.0033369246423654757,0.0,0.0,0.0,0.0,0.0,,
Nicholas Wentworth || Radikale Venstre || sydjylland,Nicholas Wentworth,Radikale Venstre,sydjylland,0.0,Kandidat-/masteruddannelse,1,217,100983,0.0021488765435766417,0.0,0.0,0.0,0.0,0.0,,
Nick Zimmermann || Dansk Folkeparti || østjylland,Nick Zimmermann,Dansk Folkeparti,østjylland,0.0,Erhvervsuddannelse,1,6007,126849,0.047355517189729524,4.0,5.0,5.0,5.0,5.0,0.10200274887099942,3.0
Nicklas Stampe Raabjerg || Alternativet || vestjylland,Nicklas Stampe Raabjerg,Alternativet,vestjylland,0.0,Bachelor-/diplomuddannelse,0,142,44532,0.00318871822509656,0.0,0.0,0.0,0.0,0.0,,
Nicklas Verne || Det Konservative Folkeparti || vestjylland,Nicklas Verne,Det Konservative Folkeparti,vestjylland,0.0,Kandidat-/masteruddannelse,1,352,133656,0.0026336266235709583,13.0,18.0,33.0,33.0,35.0,,
Nicolai Sandager || Liberal Alliance || sjælland,Nicolai Sandager,Liberal Alliance,sjælland,0.0,Gymnasial uddannelse,1,172,117371,0.0014654386517964403,0.0,4.0,5.0,7.0,7.0,0.006769002636203866,18.0
Nicolai Wammen || Socialdemokratiet || østjylland,Nicolai Wammen,Socialdemokratiet,østjylland,0.0,Ikke oplyst,0,19203,369428,0.05198035882499431,0.0,0.0,0.0,0.0,0.0,0.05057557712059898,3.0
Niels Bolding || Dansk Folkeparti || fyn,Niels Bolding,Dansk Folkeparti,fyn,0.0,Kandidat-/masteruddannelse,0,344,126849,0.0027118857854614544,0.0,0.0,0.0,0.0,0.0,,
Niels Christensen || Borgernes Parti - Lars Boje Mathiesen || nordjylland,Niels Christensen,Borgernes Parti - Lars Boje Mathiesen,nordjylland,0.0,Ikke oplyst,0,351,22238,0.015783793506610307,0.0,0.0,0.0,0.0,0.0,,
Niels H. Bünemann || Venstre || nordjylland,Niels H. Bünemann,Venstre,nordjylland,0.0,Kandidat-/masteruddannelse,0,606,235636,0.0025717632280296727,0.0,0.0,0.0,0.0,0.0,,
Niels Haxthausen || SF - Socialistisk Folkeparti || københavns omegn,Niels Haxthausen,SF - Socialistisk Folkeparti,københavns omegn,0.0,Kandidat-/masteruddannelse,0,311,180086,0.0017269526781648768,0.0,0.0,0.0,0.0,0.0,0.005492897802840879,32.0
Niels Henning Bladt || Venstre || sydjylland,Niels Henning Bladt,Venstre,sydjylland,0.0,Kandidat-/masteruddannelse,0,590,235636,0.002503861888675754,0.0,0.0,0.0,0.0,0.0,0.003909717375542922,30.0
Niels Kristian Larsen || SF - Socialistisk Folkeparti || vestjylland,Niels Kristian Larsen,SF - Socialistisk Folkeparti,vestjylland,0.0,Gymnasial uddannelse,0,648,180086,0.003598280821385338,0.0,0.0,0.0,0.0,0.0,0.006490397403841038,29.0
Niels Peder Ravn || Det Konservative Folkeparti || københavn,Niels Peder Ravn,Det Konservative Folkeparti,københavn,0.0,Bachelor-/diplomuddannelse,1,461,133656,0.0034491530496199197,0.0,0.0,0.0,0.0,0.0,,
Niels Povlsgaard || Liberal Alliance || østjylland,Niels Povlsgaard,Liberal Alliance,østjylland,0.0,Kandidat-/masteruddannelse,0,88,117371,0.0007497593102214346,0.0,0.0,0.0,0.0,0.0,,
Niklas Stenbye || Venstre || bornholm,Niklas Stenbye,Venstre,bornholm,0.0,Bachelor-/diplomuddannelse,0,558,235636,0.002368059209967917,0.0,0.0,0.0,0.0,0.0,,
Nikolai Eskild Jensen || Alternativet || københavn,Nikolai Eskild Jensen,Alternativet,københavn,0.0,Kandidat-/masteruddannelse,0,222,44532,0.004985179196981946,0.0,0.0,0.0,0.0,0.0,,
Nikolaj Brink Olsen || Liberal Alliance || sjælland,Nikolaj Brink Olsen,Liberal Alliance,sjælland,0.0,Erhvervsuddannelse,0,93,117371,0.0007923592710294706,0.0,0.0,0.0,0.0,0.0,,
Nikolaj Bøgh || Det Konservative Folkeparti || københavn,Nikolaj Bøgh,Det Konservative Folkeparti,københavn,0.0,Kandidat-/masteruddannelse,0,1827,133656,0.01366942000359131,0.0,0.0,0.0,0.0,0.0,0.03692570806664766,10.0
Nikolaj C. Andersen || Moderaterne || nordjylland,Nikolaj C. Andersen,Moderaterne,nordjylland,0.0,Erhvervsuddannelse,0,168,100412,0.0016731067999840657,0.0,0.0,0.0,0.0,0.0,,
Nikolaj Leed Henriksen || Venstre || fyn,Nikolaj Leed Henriksen,Venstre,fyn,0.0,Kandidat-/masteruddannelse,0,649,235636,0.0027542480775433293,0.0,0.0,0.0,0.0,0.0,0.0074738618114797975,28.0
Nikolaj Vang || Danmarksdemokraterne - Inger Støjberg || fyn,Nikolaj Vang,Danmarksdemokraterne - Inger Støjberg,fyn,0.0,Seminaruddannelse,0,1373,75770,0.018120628216972415,0.0,0.0,0.0,0.0,0.0,,
Nikoline Erbs Hillers-Bendtsen || Alternativet || østjylland,Nikoline Erbs Hillers-Bendtsen,Alternativet,østjylland,0.0,Bachelor-/diplomuddannelse,1,1267,44532,0.028451450642234796,2.0,4.0,10.0,10.0,60.0,0.05578075115686767,3.0
Nils Brøgger || SF - Socialistisk Folkeparti || vestjylland,Nils Brøgger,SF - Socialistisk Folkeparti,vestjylland,0.0,Kandidat-/masteruddannelse,0,1898,180086,0.010539408949057673,0.0,0.0,0.0,0.0,0.0,,
Nils Sjøberg || Radikale Venstre || sydjylland,Nils Sjøberg,Radikale Venstre,sydjylland,0.0,Kandidat-/masteruddannelse,0,281,100983,0.0027826465840785084,0.0,0.0,0.0,0.0,0.0,0.017514110607785665,14.0
Noah Sturis || Alternativet || københavn,Noah Sturis,Alternativet,københavn,0.0,Kandidat-/masteruddannelse,1,153,44532,0.0034357316087308,0.0,0.0,0.0,0.0,0.0,0.03249991032033576,5.0
Nynne Printz || SF - Socialistisk Folkeparti || fyn,Nynne Printz,SF - Socialistisk Folkeparti,fyn,0.0,Bachelor-/diplomuddannelse,0,234,180086,0.001299379185500261,0.0,0.0,0.0,0.0,0.0,0.0050805979677608125,33.0
Ole Birk Olesen || Liberal Alliance || københavn,Ole Birk Olesen,Liberal Alliance,københavn,0.0,Bachelor-/diplomuddannelse,1,2886,117371,0.024588697378398413,1.0,1.0,4.0,5.0,5.0,0.07535149384885764,2.0
Ole Dupont Kofod || Alternativet || fyn,Ole Dupont Kofod,Alternativet,fyn,0.0,Kandidat-/masteruddannelse,0,81,44532,0.001818916734033953,0.0,0.0,0.0,0.0,0.0,0.0052372923915772855,17.0
Ole Lynggaard Jørgensen || Radikale Venstre || sydjylland,Ole Lynggaard Jørgensen,Radikale Venstre,sydjylland,0.0,Bachelor-/diplomuddannelse,0,178,100983,0.0017626729251458166,0.0,0.0,0.0,0.0,0.0,0.006540539231123277,23.0
Patrick Bryhl || Danmarksdemokraterne - Inger Støjberg || sydjylland,Patrick Bryhl,Danmarksdemokraterne - Inger Støjberg,sydjylland,0.0,Bachelor-/diplomuddannelse,0,714,75770,0.009423254586247855,0.0,0.0,0.0,0.0,0.0,,
Patrizia Venturelli Christensen || Liberal Alliance || københavns omegn,Patrizia Venturelli Christensen,Liberal Alliance,københavns omegn,0.0,Ph.d.-uddannelse,0,467,117371,0.0039788363394705675,0.0,0.0,0.0,0.0,0.0,,
Paulina Laparil || Borgernes Parti - Lars Boje Mathiesen || nordjylland,Paulina Laparil,Borgernes Parti - Lars Boje Mathiesen,nordjylland,0.0,Kandidat-/masteruddannelse,0,292,22238,0.013130677219174386,0.0,0.0,0.0,0.0,0.0,,
Paw Hedegaard Amdisen || SF - Socialistisk Folkeparti || østjylland,Paw Hedegaard Amdisen,SF - Socialistisk Folkeparti,østjylland,0.0,Kandidat-/masteruddannelse,0,1384,180086,0.007685217062958809,0.0,0.0,0.0,0.0,0.0,,
Paw Karslund || Dansk Folkeparti || københavn,Paw Karslund,Dansk Folkeparti,københavn,0.0,Ikke oplyst,0,1677,126849,0.013220443204124589,0.0,0.0,0.0,0.0,0.0,0.04967602591792657,6.0
Peder Hvelplund || Enhedslisten - De Rød-Grønne || nordjylland,Peder Hvelplund,Enhedslisten - De Rød-Grønne,nordjylland,0.0,Seminaruddannelse,0,2296,86659,0.026494651449935958,0.0,0.0,0.0,0.0,0.0,0.05300959425416734,4.0
Peder Key Kristiansen || Socialdemokratiet || nordjylland,Peder Key Kristiansen,Socialdemokratiet,nordjylland,0.0,Erhvervsuddannelse,0,1770,369428,0.004791190705631408,0.0,0.0,0.0,0.0,0.0,,
Peder Larsen || SF - Socialistisk Folkeparti || nordjylland,Peder Larsen,SF - Socialistisk Folkeparti,nordjylland,0.0,Seminaruddannelse,0,602,180086,0.003342847306286996,0.0,0.0,0.0,0.0,0.0,0.0041761983295206685,36.0
Pelle Dragsted || Enhedslisten - De Rød-Grønne || københavn,Pelle Dragsted,Enhedslisten - De Rød-Grønne,københavn,0.0,Kandidat-/masteruddannelse,1,30707,86659,0.35434288417821574,3.0,7.0,19.0,31.0,50.0,0.3786514444980436,1.0
Per Husted || Socialdemokratiet || nordjylland,Per Husted,Socialdemokratiet,nordjylland,0.0,Kandidat-/masteruddannelse,0,2846,369428,0.007703801552670615,0.0,0.0,0.0,0.0,0.0,0.006232846342517497,45.0
Per Kamp Stefansen || Socialdemokratiet || vestjylland,Per Kamp Stefansen,Socialdemokratiet,vestjylland,0.0,Ikke oplyst,0,193,369428,0.0005224292690321254,0.0,0.0,0.0,0.0,0.0,0.00040691702821478486,55.0
Per Knudsen || Dansk Folkeparti || sydjylland,Per Knudsen,Dansk Folkeparti,sydjylland,0.0,Ikke oplyst,0,448,126849,0.0035317582322288705,0.0,0.0,0.0,0.0,0.0,,
Per Larsen || Det Konservative Folkeparti || nordjylland,Per Larsen,Det Konservative Folkeparti,nordjylland,0.0,Erhvervsuddannelse,0,2367,133656,0.0177096426647513,0.0,0.0,0.0,0.0,0.0,0.06177606177606178,5.0
Per Nørgaard Andersen || Liberal Alliance || københavn,Per Nørgaard Andersen,Liberal Alliance,københavn,0.0,Kandidat-/masteruddannelse,0,149,117371,0.0012694788320794744,0.0,0.0,0.0,0.0,0.0,0.0030206502636203865,26.0
Pernille Birch || Det Konservative Folkeparti || københavn,Pernille Birch,Det Konservative Folkeparti,københavn,0.0,Kandidat-/masteruddannelse,0,657,133656,0.004915604237744658,0.0,0.0,0.0,0.0,0.0,,
Pernille Christensen || Moderaterne || nordsjælland,Pernille Christensen,Moderaterne,nordsjælland,0.0,Kandidat-/masteruddannelse,0,885,100412,0.008813687607058918,0.0,0.0,0.0,0.0,0.0,,
Pernille Skærsø || Alternativet || østjylland,Pernille Skærsø,Alternativet,østjylland,0.0,Kandidat-/masteruddannelse,0,187,44532,0.00419922752178209,0.0,0.0,0.0,0.0,0.0,,
Pernille Vermund || Liberal Alliance || sjælland,Pernille Vermund,Liberal Alliance,sjælland,0.0,Kandidat-/masteruddannelse,0,5751,117371,0.04899847492140307,0.0,0.0,0.0,0.0,0.0,,
Peter Bilgrav || Alternativet || vestjylland,Peter Bilgrav,Alternativet,vestjylland,0.0,Kandidat-/masteruddannelse,0,387,44532,0.008690379951495554,0.0,0.0,0.0,0.0,0.0,,
Peter Faber || Borgernes Parti - Lars Boje Mathiesen || nordsjælland,Peter Faber,Borgernes Parti - Lars Boje Mathiesen,nordsjælland,0.0,Erhvervsuddannelse,0,302,22238,0.01358035794585844,0.0,0.0,0.0,0.0,0.0,,
Peter Have || Moderaterne || østjylland,Peter Have,Moderaterne,østjylland,0.0,Ikke oplyst,0,676,100412,0.006732263076126359,0.0,0.0,0.0,0.0,0.0,0.016037465676117316,9.0
Peter Hummelgaard || Socialdemokratiet || københavn,Peter Hummelgaard,Socialdemokratiet,københavn,0.0,Kandidat-/masteruddannelse,1,11637,369428,0.03150004872397328,1.0,4.0,9.0,15.0,29.0,0.026157749103379375,9.0
Peter Juel-Jensen || Venstre || bornholm,Peter Juel-Jensen,Venstre,bornholm,0.0,Seminaruddannelse,0,3017,235636,0.012803646301923306,0.0,0.0,0.0,0.0,0.0,0.026080593030268124,14.0
Peter Kempf Pedersen || Socialdemokratiet || vestjylland,Peter Kempf Pedersen,Socialdemokratiet,vestjylland,0.0,Ikke oplyst,0,113,369428,0.0003058782766872029,0.0,0.0,0.0,0.0,0.0,0.0004349802715399424,54.0
Peter Kofod || Dansk Folkeparti || sydjylland,Peter Kofod,Dansk Folkeparti,sydjylland,0.0,Seminaruddannelse,0,15993,126849,0.12607903885722394,0.0,0.0,0.0,0.0,0.0,0.38160219909679954,1.0
Peter Larsen || Liberal Alliance || nordjylland,Peter Larsen,Liberal Alliance,nordjylland,0.0,Gymnasial uddannelse,0,1493,117371,0.012720348297279567,0.0,0.0,0.0,0.0,0.0,,
Peter Martin Jakobsen || Alternativet || københavn,Peter Martin Jakobsen,Alternativet,københavn,0.0,Bachelor-/diplomuddannelse,0,148,44532,0.0033234527979879636,0.0,0.0,0.0,0.0,0.0,,
Peter Roswall || Enhedslisten - De Rød-Grønne || sjælland,Peter Roswall,Enhedslisten - De Rød-Grønne,sjælland,0.0,Ikke oplyst,0,142,86659,0.0016386064921127639,0.0,0.0,0.0,0.0,0.0,,
Peter Samir || Alternativet || københavns omegn,Peter Samir,Alternativet,københavns omegn,0.0,Kandidat-/masteruddannelse,0,135,44532,0.0030315278900565883,0.0,0.0,0.0,0.0,0.0,,
Peter Skaarup || Danmarksdemokraterne - Inger Støjberg || sjælland,Peter Skaarup,Danmarksdemokraterne - Inger Støjberg,sjælland,0.0,Gymnasial uddannelse,1,1874,75770,0.024732743830011877,6.0,19.0,20.0,20.0,20.0,,
Peter Sporleder || Det Konservative Folkeparti || østjylland,Peter Sporleder,Det Konservative Folkeparti,østjylland,0.0,Kandidat-/masteruddannelse,0,1136,133656,0.008499431376069911,0.0,0.0,0.0,0.0,0.0,,
Peter Svarre Fridolf || Det Konservative Folkeparti || bornholm,Peter Svarre Fridolf,Det Konservative Folkeparti,bornholm,0.0,Ikke oplyst,0,97,133656,0.0007257437002454061,0.0,0.0,0.0,0.0,0.0,,
Peter Vestergaard || Radikale Venstre || vestjylland,Peter Vestergaard,Radikale Venstre,vestjylland,0.0,Gymnasial uddannelse,0,268,100983,0.0026539120446015664,0.0,0.0,0.0,0.0,0.0,,
Philip Solberg || Liberal Alliance || nordsjælland,Philip Solberg,Liberal Alliance,nordsjælland,0.0,Gymnasial uddannelse,0,365,117371,0.003109797138986632,0.0,0.0,0.0,0.0,0.0,,
Philip Vivet || Radikale Venstre || vestjylland,Philip Vivet,Radikale Venstre,vestjylland,0.0,Bachelor-/diplomuddannelse,0,1443,100983,0.014289533881940524,0.0,0.0,0.0,0.0,0.0,,
Phillip Kjær Luscombe || Venstre || sydjylland,Phillip Kjær Luscombe,Venstre,sydjylland,0.0,Kandidat-/masteruddannelse,0,992,235636,0.004209883039942963,0.0,0.0,0.0,0.0,0.0,,
Phillip Sperling || Venstre || nordjylland,Phillip Sperling,Venstre,nordjylland,0.0,Ph.d.-uddannelse,1,142,235636,0.000602624386766029,0.0,0.0,0.0,0.0,12.0,0.0022225083174663403,34.0
Pia Adelsteen || Dansk Folkeparti || nordsjælland,Pia Adelsteen,Dansk Folkeparti,nordsjælland,0.0,Gymnasial uddannelse,0,354,126849,0.0027907196745737056,0.0,0.0,0.0,0.0,0.0,0.052424896917337524,5.0
Pia Elberg || Radikale Venstre || nordjylland,Pia Elberg,Radikale Venstre,nordjylland,0.0,Kandidat-/masteruddannelse,0,389,100983,0.0038521335274254082,0.0,0.0,0.0,0.0,0.0,0.008357355684213075,21.0
Pia Halkjær || Socialdemokratiet || østjylland,Pia Halkjær,Socialdemokratiet,østjylland,0.0,Ikke oplyst,0,590,369428,0.0015970635685438029,0.0,0.0,0.0,0.0,0.0,,
Pia Offer Madsen || Liberal Alliance || fyn,Pia Offer Madsen,Liberal Alliance,fyn,0.0,Kandidat-/masteruddannelse,0,1573,117371,0.013401947670208143,0.0,0.0,0.0,0.0,0.0,,
Pia Olsen Dyhr || SF - Socialistisk Folkeparti || sjælland,Pia Olsen Dyhr,SF - Socialistisk Folkeparti,sjælland,0.0,Kandidat-/masteruddannelse,0,29344,180086,0.16294437102273357,0.0,0.0,0.0,0.0,0.0,,
Pil Christensen || Enhedslisten - De Rød-Grønne || københavn,Pil Christensen,Enhedslisten - De Rød-Grønne,københavn,0.0,Kandidat-/masteruddannelse,1,4725,86659,0.05452405405093527,1.0,3.0,7.0,8.0,8.0,,
Pil Yildiz || Enhedslisten - De Rød-Grønne || københavn,Pil Yildiz,Enhedslisten - De Rød-Grønne,københavn,0.0,Bachelor-/diplomuddannelse,0,737,86659,0.00850459848371202,0.0,0.0,0.0,0.0,0.0,,
Preben Bang Henriksen || Venstre || nordjylland,Preben Bang Henriksen,Venstre,nordjylland,0.0,Kandidat-/masteruddannelse,0,11947,235636,0.05070108132882921,0.0,0.0,0.0,0.0,0.0,0.07212310527777965,3.0
Preben Friis-Hauge || Venstre || sydjylland,Preben Friis-Hauge,Venstre,sydjylland,0.0,Kandidat-/masteruddannelse,0,2076,235636,0.008810198781170958,0.0,0.0,0.0,0.0,0.0,0.025416550911025133,16.0
Qasam Nazir Ahmad || Alternativet || københavn,Qasam Nazir Ahmad,Alternativet,københavn,0.0,Kandidat-/masteruddannelse,1,1165,44532,0.02616096290308093,7.0,13.0,21.0,23.0,59.0,,
Rabih Azad-Ahmad || Radikale Venstre || østjylland,Rabih Azad-Ahmad,Radikale Venstre,østjylland,0.0,Kandidat-/masteruddannelse,1,2385,100983,0.023617836665577374,5.0,9.0,14.0,20.0,26.0,,
Ragnar Dixen || Liberal Alliance || vestjylland,Ragnar Dixen,Liberal Alliance,vestjylland,0.0,Bachelor-/diplomuddannelse,0,685,117371,0.00583619463070094,0.0,0.0,0.0,0.0,0.0,0.006288444639718805,19.0
Ralf Høgedal || Venstre || vestjylland,Ralf Høgedal,Venstre,vestjylland,0.0,Gymnasial uddannelse,0,1479,235636,0.006276630056527865,0.0,0.0,0.0,0.0,0.0,,
Rashid Ali || Uden for partierne || københavn,Rashid Ali,Uden for partierne,københavn,0.0,Bachelor-/diplomuddannelse,1,75,2436,0.03078817733990148,0.0,0.0,0.0,1.0,5.0,,
Rasmus Bjergegaard || Det Konservative Folkeparti || københavn,Rasmus Bjergegaard,Det Konservative Folkeparti,københavn,0.0,Kandidat-/masteruddannelse,0,871,133656,0.006516729514574729,0.0,0.0,0.0,0.0,0.0,,
Rasmus Elkjær Larsen || Det Konservative Folkeparti || sydjylland,Rasmus Elkjær Larsen,Det Konservative Folkeparti,sydjylland,0.0,Seminaruddannelse,0,1120,133656,0.008379721074998504,0.0,0.0,0.0,0.0,0.0,0.024409836490373402,14.0
Rasmus Harning || Alternativet || nordsjælland,Rasmus Harning,Alternativet,nordsjælland,0.0,Bachelor-/diplomuddannelse,0,136,44532,0.003053983652205156,0.0,0.0,0.0,0.0,0.0,,
Rasmus Horn Langhoff || Socialdemokratiet || sjælland,Rasmus Horn Langhoff,Socialdemokratiet,sjælland,0.0,Kandidat-/masteruddannelse,0,3648,369428,0.009874725250928463,0.0,0.0,0.0,0.0,0.0,0.013837985283635201,28.0
Rasmus Hylleberg || Venstre || sjælland,Rasmus Hylleberg,Venstre,sjælland,0.0,Kandidat-/masteruddannelse,0,624,235636,0.0026481522348028317,0.0,0.0,0.0,0.0,0.0,0.011803687466543797,25.0
Rasmus Lund-Nielsen || Moderaterne || nordsjælland,Rasmus Lund-Nielsen,Moderaterne,nordsjælland,0.0,Kandidat-/masteruddannelse,1,3574,100412,0.03559335537585149,1.0,1.0,1.0,1.0,8.0,,
Rasmus Paludan || Uden for partierne || københavn,Rasmus Paludan,Uden for partierne,københavn,0.0,Ikke oplyst,0,156,2436,0.06403940886699508,0.0,0.0,0.0,0.0,0.0,,
Rasmus Petersen || Enhedslisten - De Rød-Grønne || nordsjælland,Rasmus Petersen,Enhedslisten - De Rød-Grønne,nordsjælland,0.0,Kandidat-/masteruddannelse,0,224,86659,0.0025848440438961907,0.0,0.0,0.0,0.0,0.0,,
Rasmus Sandvej || Det Konservative Folkeparti || sydjylland,Rasmus Sandvej,Det Konservative Folkeparti,sydjylland,0.0,Bachelor-/diplomuddannelse,0,474,133656,0.0035464176692404383,0.0,0.0,0.0,0.0,0.0,0.011453447695058433,23.0
Rasmus Stoklund || Socialdemokratiet || nordsjælland,Rasmus Stoklund,Socialdemokratiet,nordsjælland,0.0,Kandidat-/masteruddannelse,0,4528,369428,0.012256786166722608,0.0,0.0,0.0,0.0,0.0,0.013040989173200726,29.0
Rasmus T. Mortensen || SF - Socialistisk Folkeparti || østjylland,Rasmus T. Mortensen,SF - Socialistisk Folkeparti,østjylland,0.0,Bachelor-/diplomuddannelse,0,550,180086,0.003054096376175827,0.0,0.0,0.0,0.0,0.0,,
Reinout Bosch || Enhedslisten - De Rød-Grønne || københavn,Reinout Bosch,Enhedslisten - De Rød-Grønne,københavn,0.0,Kandidat-/masteruddannelse,0,258,86659,0.002977186443416148,0.0,0.0,0.0,0.0,0.0,,
René Flou || Det Konservative Folkeparti || nordjylland,René Flou,Det Konservative Folkeparti,nordjylland,0.0,Ikke oplyst,0,222,133656,0.0016609804273657748,0.0,0.0,0.0,0.0,0.0,,
Reza Javid || Enhedslisten - De Rød-Grønne || fyn,Reza Javid,Enhedslisten - De Rød-Grønne,fyn,0.0,Kandidat-/masteruddannelse,1,597,86659,0.006889070956276901,0.0,0.0,0.0,2.0,3.0,0.01310500080398778,8.0
Ricki Vejsmose || Venstre || københavns omegn,Ricki Vejsmose,Venstre,københavns omegn,0.0,Gymnasial uddannelse,0,143,235636,0.0006068682204756489,0.0,0.0,0.0,0.0,0.0,0.0023715789972964,33.0
Rikke Christensen || Radikale Venstre || østjylland,Rikke Christensen,Radikale Venstre,østjylland,0.0,Seminaruddannelse,0,844,100983,0.008357842409118367,0.0,0.0,0.0,0.0,0.0,,
Rikke Hansen || Borgernes Parti - Lars Boje Mathiesen || københavn,Rikke Hansen,Borgernes Parti - Lars Boje Mathiesen,københavn,0.0,Bachelor-/diplomuddannelse,0,284,22238,0.012770932637827142,0.0,0.0,0.0,0.0,0.0,,
Rikke Olssen || Liberal Alliance || nordjylland,Rikke Olssen,Liberal Alliance,nordjylland,0.0,Erhvervsuddannelse,1,137,117371,0.0011672389261401879,5.0,10.0,20.0,22.0,75.0,,
Robert Mørck || Liberal Alliance || nordsjælland,Robert Mørck,Liberal Alliance,nordsjælland,0.0,Kandidat-/masteruddannelse,0,190,117371,0.0016187985107053702,0.0,0.0,0.0,0.0,0.0,0.0021419156414762743,28.0
Roger Courage Matthisen || Alternativet || københavn,Roger Courage Matthisen,Alternativet,københavn,0.0,Bachelor-/diplomuddannelse,1,325,44532,0.00729812269828438,0.0,0.0,0.0,0.0,0.0,,
Romeo Troelsgaard || Dansk Folkeparti || fyn,Romeo Troelsgaard,Dansk Folkeparti,fyn,0.0,Gymnasial uddannelse,1,326,126849,0.002569984785059401,19.0,37.0,91.0,144.0,151.0,,
Rosa Eriksen || Moderaterne || fyn,Rosa Eriksen,Moderaterne,fyn,0.0,Bachelor-/diplomuddannelse,0,2016,100412,0.02007728159980879,0.0,0.0,0.0,0.0,0.0,0.07528511985984064,3.0
Rosa Lund || Enhedslisten - De Rød-Grønne || københavn,Rosa Lund,Enhedslisten - De Rød-Grønne,københavn,0.0,Kandidat-/masteruddannelse,1,8621,86659,0.09948187724298688,3.0,5.0,12.0,19.0,23.0,0.2591520608886745,2.0
Ruben Kidde || Radikale Venstre || københavns omegn,Ruben Kidde,Radikale Venstre,københavns omegn,0.0,Kandidat-/masteruddannelse,1,862,100983,0.008536090233009516,1.0,3.0,9.0,17.0,22.0,,
Runa Friis Hansen || Enhedslisten - De Rød-Grønne || nordjylland,Runa Friis Hansen,Enhedslisten - De Rød-Grønne,nordjylland,0.0,Bachelor-/diplomuddannelse,1,459,86659,0.005296622393519427,0.0,0.0,0.0,0.0,0.0,0.00694109449536367,17.0
Rune Bønnelykke || Dansk Folkeparti || sydjylland,Rune Bønnelykke,Dansk Folkeparti,sydjylland,0.0,Bachelor-/diplomuddannelse,1,814,126849,0.006417078573737278,1.0,1.0,1.0,2.0,4.0,,
Rune Christiansen || Radikale Venstre || østjylland,Rune Christiansen,Radikale Venstre,østjylland,0.0,Kandidat-/masteruddannelse,0,683,100983,0.006763514650980858,0.0,0.0,0.0,0.0,0.0,0.029723117172549114,9.0
Rune Højer || Dansk Folkeparti || sydjylland,Rune Højer,Dansk Folkeparti,sydjylland,0.0,Ikke oplyst,0,123,126849,0.0009696568360806943,0.0,0.0,0.0,0.0,0.0,,
Rune Kristensen || Det Konservative Folkeparti || sjælland,Rune Kristensen,Det Konservative Folkeparti,sjælland,0.0,Kandidat-/masteruddannelse,0,1880,133656,0.014065960375890346,0.0,0.0,0.0,0.0,0.0,0.04335207690912389,7.0
Rune Mikkelsen || Danmarksdemokraterne - Inger Støjberg || østjylland,Rune Mikkelsen,Danmarksdemokraterne - Inger Støjberg,østjylland,0.0,Erhvervsuddannelse,0,675,75770,0.008908538999604065,0.0,0.0,0.0,0.0,0.0,,
Rune Palm || SF - Socialistisk Folkeparti || københavn,Rune Palm,SF - Socialistisk Folkeparti,københavn,0.0,Kandidat-/masteruddannelse,0,801,180086,0.004447874904212432,0.0,0.0,0.0,0.0,0.0,,
Sadek Al-Amood || SF - Socialistisk Folkeparti || københavn,Sadek Al-Amood,SF - Socialistisk Folkeparti,københavn,0.0,Kandidat-/masteruddannelse,1,1560,180086,0.008662527903335073,8.0,13.0,24.0,35.0,61.0,0.004734798106080757,34.0
Salik Anders Rosing || Alternativet || nordsjælland,Salik Anders Rosing,Alternativet,nordsjælland,0.0,Ph.d.-uddannelse,0,198,44532,0.00444624090541633,0.0,0.0,0.0,0.0,0.0,,
Samira Nawa || Radikale Venstre || københavn,Samira Nawa,Radikale Venstre,københavn,0.0,Kandidat-/masteruddannelse,1,10372,100983,0.10271035718883377,1.0,3.0,11.0,16.0,28.0,0.1526610304982922,2.0
Sandra Skalvig || Liberal Alliance || sjælland,Sandra Skalvig,Liberal Alliance,sjælland,0.0,Bachelor-/diplomuddannelse,0,191,117371,0.0016273185028669774,0.0,0.0,0.0,0.0,0.0,,
Sanne Pilgaard || Borgernes Parti - Lars Boje Mathiesen || sjælland,Sanne Pilgaard,Borgernes Parti - Lars Boje Mathiesen,sjælland,0.0,Ikke oplyst,0,586,22238,0.026351290583685582,0.0,0.0,0.0,0.0,0.0,,
Sara Emil Baaring || Socialdemokratiet || fyn,Sara Emil Baaring,Socialdemokratiet,fyn,0.0,Seminaruddannelse,1,3641,369428,0.009855777039098281,0.0,0.0,0.0,0.0,0.0,0.014724783772710179,26.0
Sara Pernille Jespersen || Moderaterne || østjylland,Sara Pernille Jespersen,Moderaterne,østjylland,0.0,Bachelor-/diplomuddannelse,0,428,100412,0.004262438752340358,0.0,0.0,0.0,0.0,0.0,,
Sara Tvilling || Liberal Alliance || nordjylland,Sara Tvilling,Liberal Alliance,nordjylland,0.0,Ikke oplyst,1,406,117371,0.003459116817612528,4.0,8.0,20.0,20.0,20.0,,
Sarah Nørris || Enhedslisten - De Rød-Grønne || sydjylland,Sarah Nørris,Enhedslisten - De Rød-Grønne,sydjylland,0.0,Ikke oplyst,0,226,86659,0.0026079230085738355,0.0,0.0,0.0,0.0,0.0,0.010183845205552875,11.0
Sascha Faxe || Alternativet || sjælland,Sascha Faxe,Alternativet,sjælland,0.0,Kandidat-/masteruddannelse,1,1290,44532,0.028967933171651847,3.0,5.0,9.0,12.0,17.0,0.040499336370484626,4.0
Sasja Elkjær Krogsdal || Alternativet || østjylland,Sasja Elkjær Krogsdal,Alternativet,østjylland,0.0,Ikke oplyst,0,56,44532,0.00125752268031977,0.0,0.0,0.0,0.0,0.0,,
Sebastian Bloch Jensen || SF - Socialistisk Folkeparti || bornholm,Sebastian Bloch Jensen,SF - Socialistisk Folkeparti,bornholm,0.0,Kandidat-/masteruddannelse,0,1059,180086,0.005880523749764001,0.0,0.0,0.0,0.0,0.0,,
Sebastian Mylsted || Danmarksdemokraterne - Inger Støjberg || københavns omegn,Sebastian Mylsted,Danmarksdemokraterne - Inger Støjberg,københavns omegn,0.0,Kandidat-/masteruddannelse,0,157,75770,0.0020720601821301306,0.0,0.0,0.0,0.0,0.0,,
Sebastian Støckler || Venstre || østjylland,Sebastian Støckler,Venstre,østjylland,0.0,Bachelor-/diplomuddannelse,0,581,235636,0.0024656673852891746,0.0,0.0,0.0,0.0,0.0,,
Siff Tang Lassen || Det Konservative Folkeparti || vestjylland,Siff Tang Lassen,Det Konservative Folkeparti,vestjylland,0.0,Bachelor-/diplomuddannelse,0,295,133656,0.0022071586760040703,0.0,0.0,0.0,0.0,0.0,0.005260293850897877,26.0
Signe Munk || SF - Socialistisk Folkeparti || vestjylland,Signe Munk,SF - Socialistisk Folkeparti,vestjylland,0.0,Bachelor-/diplomuddannelse,0,13806,180086,0.0766633719445154,0.0,0.0,0.0,0.0,0.0,0.10682555726977709,2.0
Signe Sofie Larsen || Alternativet || vestjylland,Signe Sofie Larsen,Alternativet,vestjylland,0.0,Ikke oplyst,0,457,44532,0.010262283301895266,0.0,0.0,0.0,0.0,0.0,,
Signe Wenneberg || Alternativet || københavns omegn,Signe Wenneberg,Alternativet,københavns omegn,0.0,Bachelor-/diplomuddannelse,0,3349,44532,0.07520434743555196,0.0,0.0,0.0,0.0,0.0,,
Sigurd Agersnap || SF - Socialistisk Folkeparti || københavns omegn,Sigurd Agersnap,SF - Socialistisk Folkeparti,københavns omegn,0.0,Kandidat-/masteruddannelse,0,3546,180086,0.019690592272580878,0.0,0.0,0.0,0.0,0.0,0.03799808480076608,8.0
Sigurd Hebo Lønholdt || Det Konservative Folkeparti || københavns omegn,Sigurd Hebo Lønholdt,Det Konservative Folkeparti,københavns omegn,0.0,Kandidat-/masteruddannelse,0,128,133656,0.0009576824085712575,0.0,0.0,0.0,0.0,0.0,,
Silas Ipsen || Det Konservative Folkeparti || sjælland,Silas Ipsen,Det Konservative Folkeparti,sjælland,0.0,Gymnasial uddannelse,0,568,133656,0.004249715688034956,0.0,0.0,0.0,0.0,0.0,,
Simon Bech Munch-Petersen || Radikale Venstre || bornholm,Simon Bech Munch-Petersen,Radikale Venstre,bornholm,0.0,Ikke oplyst,0,36,100983,0.0003564956477823,0.0,0.0,0.0,0.0,0.0,,
Simon Hampe || Dansk Folkeparti || sjælland,Simon Hampe,Dansk Folkeparti,sjælland,0.0,Bachelor-/diplomuddannelse,0,179,126849,0.001411126615109303,0.0,0.0,0.0,0.0,0.0,0.008933830748085608,14.0
Simon Højer || Det Konservative Folkeparti || vestjylland,Simon Højer,Det Konservative Folkeparti,vestjylland,0.0,Ikke oplyst,0,255,133656,0.0019078829233255522,0.0,0.0,0.0,0.0,0.0,,
Simon Kollerup || Socialdemokratiet || nordjylland,Simon Kollerup,Socialdemokratiet,nordjylland,0.0,Kandidat-/masteruddannelse,1,9050,369428,0.02449733100901935,4.0,9.0,10.0,10.0,10.0,0.02791450813553424,7.0
Simon Meyer Off || SF - Socialistisk Folkeparti || fyn,Simon Meyer Off,SF - Socialistisk Folkeparti,fyn,0.0,Kandidat-/masteruddannelse,1,645,180086,0.0035816221138789245,0.0,2.0,3.0,3.0,16.0,,
Simon Rigét || Alternativet || nordsjælland,Simon Rigét,Alternativet,nordsjælland,0.0,Ikke oplyst,0,63,44532,0.0014147130153597412,0.0,0.0,0.0,0.0,0.0,,
Sinem Dybvad Demir || Enhedslisten - De Rød-Grønne || nordsjælland,Sinem Dybvad Demir,Enhedslisten - De Rød-Grønne,nordsjælland,0.0,Erhvervsuddannelse,1,1318,86659,0.015209037722567766,6.0,10.0,17.0,21.0,21.0,,
Sofie Christiansen || SF - Socialistisk Folkeparti || bornholm,Sofie Christiansen,SF - Socialistisk Folkeparti,bornholm,0.0,Gymnasial uddannelse,0,266,180086,0.0014770720655686727,0.0,0.0,0.0,0.0,0.0,,
Sofie F. Villadsen || SF - Socialistisk Folkeparti || københavns omegn,Sofie F. Villadsen,SF - Socialistisk Folkeparti,københavns omegn,0.0,Kandidat-/masteruddannelse,1,3349,180086,0.018596670479659717,1.0,3.0,10.0,16.0,17.0,0.02512368995052402,17.0
Sofie Faureholm Lundsberg || Alternativet || nordsjælland,Sofie Faureholm Lundsberg,Alternativet,nordsjælland,0.0,Ikke oplyst,0,36,44532,0.0008084074373484236,0.0,0.0,0.0,0.0,0.0,,
Sofie Holm || Radikale Venstre || sjælland,Sofie Holm,Radikale Venstre,sjælland,0.0,Bachelor-/diplomuddannelse,1,831,100983,0.008229107869641424,0.0,4.0,10.0,14.0,30.0,,
Sofie Lippert || SF - Socialistisk Folkeparti || østjylland,Sofie Lippert,SF - Socialistisk Folkeparti,østjylland,0.0,Bachelor-/diplomuddannelse,1,4516,180086,0.02507690769965461,5.0,8.0,21.0,30.0,32.0,0.031095387561844975,11.0
Sofie Mosgaard || Venstre || fyn,Sofie Mosgaard,Venstre,fyn,0.0,Bachelor-/diplomuddannelse,1,1151,235636,0.004884652599772531,8.0,31.0,31.0,31.0,31.0,,
Sofie Therese Svendsen || Det Konservative Folkeparti || nordjylland,Sofie Therese Svendsen,Det Konservative Folkeparti,nordjylland,0.0,Ikke oplyst,0,2488,133656,0.01861495181660382,0.0,0.0,0.0,0.0,0.0,,
Sofie Valbjørn || Alternativet || bornholm,Sofie Valbjørn,Alternativet,bornholm,0.0,Ikke oplyst,0,57,44532,0.0012799784424683373,0.0,0.0,0.0,0.0,0.0,,
Sofie de Bretteville || Socialdemokratiet || københavns omegn,Sofie de Bretteville,Socialdemokratiet,københavns omegn,0.0,Ikke oplyst,0,4431,369428,0.01199421808850439,0.0,0.0,0.0,0.0,0.0,,
Sofus Teislev || SF - Socialistisk Folkeparti || sydjylland,Sofus Teislev,SF - Socialistisk Folkeparti,sydjylland,0.0,Kandidat-/masteruddannelse,0,471,180086,0.0026154170785069354,0.0,0.0,0.0,0.0,0.0,,
Sophie Hæstorp Andersen || Socialdemokratiet || københavn,Sophie Hæstorp Andersen,Socialdemokratiet,københavn,0.0,Kandidat-/masteruddannelse,0,2187,369428,0.0059199627532293166,0.0,0.0,0.0,0.0,0.0,,
Sophie Løhde || Venstre || nordsjælland,Sophie Løhde,Venstre,nordsjælland,0.0,Bachelor-/diplomuddannelse,0,6784,235636,0.028790167886061552,0.0,0.0,0.0,0.0,0.0,0.08273422730568299,2.0
Steen Asgeir Petersen || Radikale Venstre || nordjylland,Steen Asgeir Petersen,Radikale Venstre,nordjylland,0.0,Bachelor-/diplomuddannelse,0,119,100983,0.0011784161690581584,0.0,0.0,0.0,0.0,0.0,,
Steen Tofteng || Liberal Alliance || nordsjælland,Steen Tofteng,Liberal Alliance,nordsjælland,0.0,Erhvervsuddannelse,0,94,117371,0.0008008792631910779,0.0,0.0,0.0,0.0,0.0,,
Steffen Friis || Liberal Alliance || sjælland,Steffen Friis,Liberal Alliance,sjælland,0.0,Erhvervsuddannelse,1,92,117371,0.0007838392788678634,4.0,6.0,12.0,12.0,12.0,,
Steffen Hedegaard Attermann Brinch || Alternativet || østjylland,Steffen Hedegaard Attermann Brinch,Alternativet,østjylland,0.0,Erhvervsuddannelse,0,393,44532,0.008825114524386958,0.0,0.0,0.0,0.0,0.0,,
Steffen Holme Helledie || Radikale Venstre || nordjylland,Steffen Holme Helledie,Radikale Venstre,nordjylland,0.0,Kandidat-/masteruddannelse,0,1124,100983,0.011130586336314034,0.0,0.0,0.0,0.0,0.0,0.01075555340229161,20.0
Steffen Larsen || Liberal Alliance || sydjylland,Steffen Larsen,Liberal Alliance,sydjylland,0.0,Erhvervsuddannelse,1,1593,117371,0.013572347513440287,0.0,3.0,5.0,5.0,5.0,,
Steffen Sjørslev || Liberal Alliance || nordsjælland,Steffen Sjørslev,Liberal Alliance,nordsjælland,0.0,Ikke oplyst,0,92,117371,0.0007838392788678634,0.0,0.0,0.0,0.0,0.0,0.002210566783831283,27.0
Steffen Tolstrup || Alternativet || vestjylland,Steffen Tolstrup,Alternativet,vestjylland,0.0,Bachelor-/diplomuddannelse,0,58,44532,0.0013024342046169047,0.0,0.0,0.0,0.0,0.0,,
Steffen Troldtoft || Liberal Alliance || vestjylland,Steffen Troldtoft,Liberal Alliance,vestjylland,0.0,Kandidat-/masteruddannelse,0,132,117371,0.001124638965332152,0.0,0.0,0.0,0.0,0.0,0.003212873462214411,25.0
Steffen W. Frølund || Liberal Alliance || nordsjælland,Steffen W. Frølund,Liberal Alliance,nordsjælland,0.0,Kandidat-/masteruddannelse,1,1868,117371,0.01591534535788227,0.0,0.0,0.0,0.0,0.0,0.029108084358523727,6.0
Sten Larsen || Moderaterne || østjylland,Sten Larsen,Moderaterne,østjylland,0.0,Kandidat-/masteruddannelse,0,713,100412,0.007100744930884755,0.0,0.0,0.0,0.0,0.0,,
Sten Schmidl Søbjærg || Liberal Alliance || nordsjælland,Sten Schmidl Søbjærg,Liberal Alliance,nordsjælland,0.0,Ph.d.-uddannelse,0,78,117371,0.0006645593886053625,0.0,0.0,0.0,0.0,0.0,,
Stephanie Lose || Venstre || sydjylland,Stephanie Lose,Venstre,sydjylland,0.0,Kandidat-/masteruddannelse,0,31008,235636,0.13159279566789456,0.0,0.0,0.0,0.0,0.0,,
Stig Ekman || Socialdemokratiet || københavn,Stig Ekman,Socialdemokratiet,københavn,0.0,Bachelor-/diplomuddannelse,0,189,369428,0.0005116017194148792,0.0,0.0,0.0,0.0,0.0,,
Stina Egedius Miller || SF - Socialistisk Folkeparti || nordsjælland,Stina Egedius Miller,SF - Socialistisk Folkeparti,nordsjælland,0.0,Bachelor-/diplomuddannelse,0,444,180086,0.002465488710949213,0.0,0.0,0.0,0.0,0.0,,
Stine Larsen || Alternativet || fyn,Stine Larsen,Alternativet,fyn,0.0,Kandidat-/masteruddannelse,0,470,44532,0.010554208209826641,0.0,0.0,0.0,0.0,0.0,,
Stine Thier-Andersen || Det Konservative Folkeparti || nordjylland,Stine Thier-Andersen,Det Konservative Folkeparti,nordjylland,0.0,Gymnasial uddannelse,1,284,133656,0.002124857844017478,0.0,0.0,0.0,0.0,0.0,,
Stine Øllegaard || Enhedslisten - De Rød-Grønne || fyn,Stine Øllegaard,Enhedslisten - De Rød-Grønne,fyn,0.0,Bachelor-/diplomuddannelse,0,278,86659,0.003207976090192594,0.0,0.0,0.0,0.0,0.0,,
Stinus Lindgreen || Radikale Venstre || københavns omegn,Stinus Lindgreen,Radikale Venstre,københavns omegn,0.0,Ph.d.-uddannelse,0,2837,100983,0.02809383757662181,0.0,0.0,0.0,0.0,0.0,0.05380199123083259,7.0
Sune Nørgaard Jakobsen || Dansk Folkeparti || sydjylland,Sune Nørgaard Jakobsen,Dansk Folkeparti,sydjylland,0.0,Erhvervsuddannelse,0,531,126849,0.004186079511860559,0.0,0.0,0.0,0.0,0.0,,
Sune Rastad Bahn || Enhedslisten - De Rød-Grønne || københavns omegn,Sune Rastad Bahn,Enhedslisten - De Rød-Grønne,københavns omegn,0.0,Ikke oplyst,0,168,86659,0.001938633032922143,0.0,0.0,0.0,0.0,0.0,,
Susan H. Møller || Liberal Alliance || sjælland,Susan H. Møller,Liberal Alliance,sjælland,0.0,Bachelor-/diplomuddannelse,0,33,117371,0.000281159741333038,0.0,0.0,0.0,0.0,0.0,,
Susan Kronborg || Moderaterne || østjylland,Susan Kronborg,Moderaterne,østjylland,0.0,Kandidat-/masteruddannelse,0,776,100412,0.007728159980878779,0.0,0.0,0.0,0.0,0.0,,
Susanne Blegvad Posselt || SF - Socialistisk Folkeparti || sydjylland,Susanne Blegvad Posselt,SF - Socialistisk Folkeparti,sydjylland,0.0,Ikke oplyst,0,310,180086,0.0017213997756627389,0.0,0.0,0.0,0.0,0.0,,
Susanne Damsgaard || Danmarksdemokraterne - Inger Støjberg || københavns omegn,Susanne Damsgaard,Danmarksdemokraterne - Inger Støjberg,københavns omegn,0.0,Bachelor-/diplomuddannelse,1,237,75770,0.0031278870265276496,3.0,7.0,7.0,7.0,12.0,,
Susanne Krebs || Radikale Venstre || nordjylland,Susanne Krebs,Radikale Venstre,nordjylland,0.0,Seminaruddannelse,0,286,100983,0.0028321598684927164,0.0,0.0,0.0,0.0,0.0,,
Susie Jessen || Danmarksdemokraterne - Inger Støjberg || sjælland,Susie Jessen,Danmarksdemokraterne - Inger Støjberg,sjælland,0.0,Bachelor-/diplomuddannelse,0,1946,75770,0.025682987989969645,0.0,0.0,0.0,0.0,0.0,,
Suzette Frovin || SF - Socialistisk Folkeparti || fyn,Suzette Frovin,SF - Socialistisk Folkeparti,fyn,0.0,Kandidat-/masteruddannelse,0,1486,180086,0.00825161311817687,0.0,0.0,0.0,0.0,0.0,,
Svend Stein Olsen || Liberal Alliance || vestjylland,Svend Stein Olsen,Liberal Alliance,vestjylland,0.0,Bachelor-/diplomuddannelse,1,111,117371,0.0009457191299384005,0.0,1.0,1.0,1.0,1.0,0.0015927065026362039,29.0
Sólbjørg Jakobsen || Liberal Alliance || nordjylland,Sólbjørg Jakobsen,Liberal Alliance,nordjylland,0.0,Kandidat-/masteruddannelse,1,7618,117371,0.06490530028712374,0.0,0.0,0.0,0.0,0.0,0.06070134007029877,3.0
Søren Boel Olesen || Dansk Folkeparti || vestjylland,Søren Boel Olesen,Dansk Folkeparti,vestjylland,0.0,Erhvervsuddannelse,0,2446,126849,0.019282769276856734,0.0,0.0,0.0,0.0,0.0,,
Søren Gade || Venstre || vestjylland,Søren Gade,Venstre,vestjylland,0.0,Ikke oplyst,0,15775,235636,0.06694647676925428,0.0,0.0,0.0,0.0,0.0,0.12195336798097316,1.0
Søren Homann || Det Konservative Folkeparti || nordjylland,Søren Homann,Det Konservative Folkeparti,nordjylland,0.0,Gymnasial uddannelse,1,1234,133656,0.00923265697013228,1.0,3.0,8.0,15.0,23.0,,
Søren Jensen || Liberal Alliance || østjylland,Søren Jensen,Liberal Alliance,østjylland,0.0,Kandidat-/masteruddannelse,1,157,117371,0.0013376387693723323,8.0,14.0,17.0,17.0,32.0,,
Søren Lahn Sloth || SF - Socialistisk Folkeparti || østjylland,Søren Lahn Sloth,SF - Socialistisk Folkeparti,østjylland,0.0,Kandidat-/masteruddannelse,0,883,180086,0.004903212909387737,0.0,0.0,0.0,0.0,0.0,0.00662339735064106,28.0
Søren Lund Hansen || Dansk Folkeparti || sjælland,Søren Lund Hansen,Dansk Folkeparti,sjælland,0.0,Erhvervsuddannelse,0,415,126849,0.0032716063981584405,0.0,0.0,0.0,0.0,0.0,0.024248969173375223,10.0
Søren Rye || Socialdemokratiet || nordsjælland,Søren Rye,Socialdemokratiet,nordsjælland,0.0,Kandidat-/masteruddannelse,0,688,369428,0.0018623385341663328,0.0,0.0,0.0,0.0,0.0,,
Søren Skjold Andersen || Uden for partierne || østjylland,Søren Skjold Andersen,Uden for partierne,østjylland,0.0,Kandidat-/masteruddannelse,0,158,2436,0.06486042692939245,0.0,0.0,0.0,0.0,0.0,,
Søren T. Fugleberg || Borgernes Parti - Lars Boje Mathiesen || københavns omegn,Søren T. Fugleberg,Borgernes Parti - Lars Boje Mathiesen,københavns omegn,0.0,Ikke oplyst,0,44,22238,0.001978595197409839,0.0,0.0,0.0,0.0,0.0,,
Søren Vanting || Moderaterne || østjylland,Søren Vanting,Moderaterne,østjylland,0.0,Gymnasial uddannelse,1,502,100412,0.004999402461857149,0.0,0.0,0.0,0.0,0.0,,
Taner Genc || SF - Socialistisk Folkeparti || københavns omegn,Taner Genc,SF - Socialistisk Folkeparti,københavns omegn,0.0,Kandidat-/masteruddannelse,0,576,180086,0.003198471841231412,0.0,0.0,0.0,0.0,0.0,,
Tanja Glückstadt || Dansk Folkeparti || sjælland,Tanja Glückstadt,Dansk Folkeparti,sjælland,0.0,Kandidat-/masteruddannelse,0,276,126849,0.0021758153394981434,0.0,0.0,0.0,0.0,0.0,,
Tanja Larsson || Socialdemokratiet || sjælland,Tanja Larsson,Socialdemokratiet,sjælland,0.0,Bachelor-/diplomuddannelse,0,2580,369428,0.006983769503123748,0.0,0.0,0.0,0.0,0.0,0.008107470996638024,39.0
Tenna Duch Schaldemose || Alternativet || østjylland,Tenna Duch Schaldemose,Alternativet,østjylland,0.0,Ikke oplyst,0,35,44532,0.0007859516751998563,0.0,0.0,0.0,0.0,0.0,,
Tenna Røberg || Dansk Folkeparti || københavns omegn,Tenna Røberg,Dansk Folkeparti,københavns omegn,0.0,Kandidat-/masteruddannelse,0,503,126849,0.003965344622346254,0.0,0.0,0.0,0.0,0.0,,
Theis Kylling Hommeltoft || Socialdemokratiet || sydjylland,Theis Kylling Hommeltoft,Socialdemokratiet,sydjylland,0.0,Bachelor-/diplomuddannelse,0,2197,369428,0.005947031627272432,0.0,0.0,0.0,0.0,0.0,0.008839921647424635,38.0
Theresa Berg Andersen || SF - Socialistisk Folkeparti || nordjylland,Theresa Berg Andersen,SF - Socialistisk Folkeparti,nordjylland,0.0,Erhvervsuddannelse,1,4623,180086,0.02567106826738336,0.0,0.0,0.0,0.0,0.0,0.05472947810820876,6.0
Theresa Scavenius || Uden for partierne || københavn,Theresa Scavenius,Uden for partierne,københavn,0.0,Ph.d.-uddannelse,0,1749,2436,0.7179802955665024,0.0,0.0,0.0,0.0,0.0,,
Thomas Andresen || Venstre || sydjylland,Thomas Andresen,Venstre,sydjylland,0.0,Bachelor-/diplomuddannelse,1,2656,235636,0.011271622332750513,10.0,16.0,23.0,23.0,29.0,,
Thomas Anker || Alternativet || københavns omegn,Thomas Anker,Alternativet,københavns omegn,0.0,Kandidat-/masteruddannelse,1,143,44532,0.003211173987245127,30.0,53.0,75.0,75.0,75.0,0.01700326433977831,8.0
Thomas Christiansen || Liberal Alliance || nordjylland,Thomas Christiansen,Liberal Alliance,nordjylland,0.0,Ikke oplyst,0,48,117371,0.00040895962375714617,0.0,0.0,0.0,0.0,0.0,,
Thomas Danielsen || Venstre || vestjylland,Thomas Danielsen,Venstre,vestjylland,0.0,Ikke oplyst,1,5966,235636,0.025318711911592455,2.0,2.0,3.0,5.0,8.0,0.051280313861540444,6.0
Thomas Due Nielsen || Alternativet || østjylland,Thomas Due Nielsen,Alternativet,østjylland,0.0,Bachelor-/diplomuddannelse,0,46,44532,0.001032965058834097,0.0,0.0,0.0,0.0,0.0,0.0005022061197402877,27.0
Thomas Estrup || Liberal Alliance || fyn,Thomas Estrup,Liberal Alliance,fyn,0.0,Kandidat-/masteruddannelse,0,142,117371,0.001209838886948224,0.0,0.0,0.0,0.0,0.0,,
Thomas Heuniche || Liberal Alliance || nordjylland,Thomas Heuniche,Liberal Alliance,nordjylland,0.0,Ikke oplyst,0,48,117371,0.00040895962375714617,0.0,0.0,0.0,0.0,0.0,,
Thomas Hjort || Dansk Folkeparti || nordjylland,Thomas Hjort,Dansk Folkeparti,nordjylland,0.0,Bachelor-/diplomuddannelse,0,570,126849,0.00449353167939834,0.0,0.0,0.0,0.0,0.0,,
Thomas Kjeldsen || SF - Socialistisk Folkeparti || nordjylland,Thomas Kjeldsen,SF - Socialistisk Folkeparti,nordjylland,0.0,Ikke oplyst,0,103,180086,0.0005719489577202003,0.0,0.0,0.0,0.0,0.0,0.0005718997712400915,41.0
Thomas Klimek || Socialdemokratiet || nordjylland,Thomas Klimek,Socialdemokratiet,nordjylland,0.0,Erhvervsuddannelse,0,4116,369428,0.011141548556146259,0.0,0.0,0.0,0.0,0.0,,
Thomas Lindqvist || Alternativet || københavns omegn,Thomas Lindqvist,Alternativet,københavns omegn,0.0,Kandidat-/masteruddannelse,0,119,44532,0.002672235695679511,0.0,0.0,0.0,0.0,0.0,0.010510456648850306,12.0
Thomas Majgaard Byrsing || Danmarksdemokraterne - Inger Støjberg || sydjylland,Thomas Majgaard Byrsing,Danmarksdemokraterne - Inger Støjberg,sydjylland,0.0,10. klasse,1,415,75770,0.005477101755312129,3.0,8.0,18.0,19.0,19.0,,
Thomas Markmann || Radikale Venstre || københavn,Thomas Markmann,Radikale Venstre,københavn,0.0,Bachelor-/diplomuddannelse,0,404,100983,0.004000673380668033,0.0,0.0,0.0,0.0,0.0,,
Thomas Monberg || Socialdemokratiet || østjylland,Thomas Monberg,Socialdemokratiet,østjylland,0.0,Erhvervsuddannelse,0,4652,369428,0.012592440204857239,0.0,0.0,0.0,0.0,0.0,0.015375851017853836,24.0
Thomas Quist Mortensen || Alternativet || østjylland,Thomas Quist Mortensen,Alternativet,østjylland,0.0,Bachelor-/diplomuddannelse,0,43,44532,0.0009655977723883949,0.0,0.0,0.0,0.0,0.0,,
Thomas Rohden || Radikale Venstre || københavn,Thomas Rohden,Radikale Venstre,københavn,0.0,Bachelor-/diplomuddannelse,1,4136,100983,0.04095738886743313,22.0,39.0,68.0,78.0,78.0,0.08853952181390955,4.0
Thomas Skovgaard || Moderaterne || nordjylland,Thomas Skovgaard,Moderaterne,nordjylland,0.0,Ikke oplyst,1,288,100412,0.0028681830856869695,0.0,0.0,0.0,0.0,24.0,,
Thomas Skriver Jensen || Socialdemokratiet || fyn,Thomas Skriver Jensen,Socialdemokratiet,fyn,0.0,Erhvervsuddannelse,1,4231,369428,0.011452840607642085,0.0,2.0,6.0,9.0,15.0,0.010456364462953713,34.0
Thor Clasen Jonasen || Alternativet || østjylland,Thor Clasen Jonasen,Alternativet,østjylland,0.0,Kandidat-/masteruddannelse,0,124,44532,0.002784514506422348,0.0,0.0,0.0,0.0,0.0,0.005201420525881551,18.0
Thorbern Alexander Klingert || Venstre || sjælland,Thorbern Alexander Klingert,Venstre,sjælland,0.0,Kandidat-/masteruddannelse,0,336,235636,0.0014259281264322938,0.0,0.0,0.0,0.0,0.0,,
Thorbjørn Jacobsen || Liberal Alliance || vestjylland,Thorbjørn Jacobsen,Liberal Alliance,vestjylland,0.0,Bachelor-/diplomuddannelse,0,1836,117371,0.01564270560871084,0.0,0.0,0.0,0.0,0.0,0.010270210896309315,16.0
Tilde Holch Duedahl || Venstre || sydjylland,Tilde Holch Duedahl,Venstre,sydjylland,0.0,Erhvervsuddannelse,0,1373,235636,0.005826783683308153,0.0,0.0,0.0,0.0,0.0,0.014785101063144984,21.0
Tim Larsen || Borgernes Parti - Lars Boje Mathiesen || sjælland,Tim Larsen,Borgernes Parti - Lars Boje Mathiesen,sjælland,0.0,Ikke oplyst,0,319,22238,0.014344815181221333,0.0,0.0,0.0,0.0,0.0,,
Tim Wodskou || Alternativet || københavns omegn,Tim Wodskou,Alternativet,københavns omegn,0.0,Kandidat-/masteruddannelse,0,188,44532,0.004221683283930656,0.0,0.0,0.0,0.0,0.0,,
Timm Bøttger || SF - Socialistisk Folkeparti || sydjylland,Timm Bøttger,SF - Socialistisk Folkeparti,sydjylland,0.0,Gymnasial uddannelse,0,379,180086,0.002104550048310252,0.0,0.0,0.0,0.0,0.0,,
Tina Cartey Hansen || Det Konservative Folkeparti || københavns omegn,Tina Cartey Hansen,Det Konservative Folkeparti,københavns omegn,0.0,Bachelor-/diplomuddannelse,1,1421,133656,0.010631771113904351,2.0,2.0,5.0,7.0,14.0,0.01764660153921899,19.0
Tina Kjær || Alternativet || østjylland,Tina Kjær,Alternativet,østjylland,0.0,Kandidat-/masteruddannelse,0,321,44532,0.00720829964969011,0.0,0.0,0.0,0.0,0.0,,
Tina Mandrup || Venstre || sjælland,Tina Mandrup,Venstre,sjælland,0.0,Kandidat-/masteruddannelse,0,1144,235636,0.004854945763805191,0.0,0.0,0.0,0.0,0.0,,
Tine Hessner || Radikale Venstre || nordsjælland,Tine Hessner,Radikale Venstre,nordsjælland,0.0,Kandidat-/masteruddannelse,0,1086,100983,0.01075428537476605,0.0,0.0,0.0,0.0,0.0,0.01438918630847121,16.0
Tine Loft Thomsen || Alternativet || nordsjælland,Tine Loft Thomsen,Alternativet,nordsjælland,0.0,Bachelor-/diplomuddannelse,0,120,44532,0.0026946914578280788,0.0,0.0,0.0,0.0,0.0,,
Tobias Bennedsen || Det Konservative Folkeparti || fyn,Tobias Bennedsen,Det Konservative Folkeparti,fyn,0.0,Bachelor-/diplomuddannelse,0,339,133656,0.00253636200395044,0.0,0.0,0.0,0.0,0.0,0.003446399419553782,27.0
Tobias Brus Mikkelsen || Dansk Folkeparti || sydjylland,Tobias Brus Mikkelsen,Dansk Folkeparti,sydjylland,0.0,Erhvervsuddannelse,1,203,126849,0.001600327948978707,2.0,4.0,6.0,7.0,17.0,,
Tobias Jørgensen || Venstre || sydjylland,Tobias Jørgensen,Venstre,sydjylland,0.0,Erhvervsuddannelse,1,2066,235636,0.008767760444074759,7.0,14.0,26.0,26.0,26.0,0.014669910083276302,22.0
Tobias Weische || Dansk Folkeparti || fyn,Tobias Weische,Dansk Folkeparti,fyn,0.0,Gymnasial uddannelse,1,1054,126849,0.008309091912431316,0.0,1.0,5.0,10.0,10.0,,
Tommi Christensen || Socialdemokratiet || sydjylland,Tommi Christensen,Socialdemokratiet,sydjylland,0.0,Ikke oplyst,0,239,369428,0.0006469460896304557,0.0,0.0,0.0,0.0,0.0,0.0008783795160774321,50.0
Tonny Vest || Liberal Alliance || fyn,Tonny Vest,Liberal Alliance,fyn,0.0,Ikke oplyst,0,79,117371,0.0006730793807669696,0.0,0.0,0.0,0.0,0.0,,
Torben Guldbæk || Liberal Alliance || københavn,Torben Guldbæk,Liberal Alliance,københavn,0.0,Erhvervsuddannelse,0,50,117371,0.00042599960808036057,0.0,0.0,0.0,0.0,0.0,,
Torben Povlsen || Venstre || fyn,Torben Povlsen,Venstre,fyn,0.0,Erhvervsuddannelse,0,2445,235636,0.01037617342002071,0.0,0.0,0.0,0.0,0.0,,
Torsten Gejl || Alternativet || østjylland,Torsten Gejl,Alternativet,østjylland,0.0,Erhvervsuddannelse,1,3316,44532,0.07446330728464924,4.0,8.0,10.0,10.0,10.0,0.12354270545611078,2.0
Torsten Ringgaard || Enhedslisten - De Rød-Grønne || fyn,Torsten Ringgaard,Enhedslisten - De Rød-Grønne,fyn,0.0,Erhvervsuddannelse,0,219,86659,0.0025271466322020794,0.0,0.0,0.0,0.0,0.0,0.0034571474513587393,24.0
Torsten Schack Pedersen || Venstre || nordjylland,Torsten Schack Pedersen,Venstre,nordjylland,0.0,Kandidat-/masteruddannelse,0,4433,235636,0.018812914834745117,0.0,0.0,0.0,0.0,0.0,0.035560133079461445,10.0
Torsten Wetche || Radikale Venstre || nordjylland,Torsten Wetche,Radikale Venstre,nordjylland,0.0,Kandidat-/masteruddannelse,0,679,100983,0.006723904023449492,0.0,0.0,0.0,0.0,0.0,,
Trine Birk Andersen || Socialdemokratiet || sjælland,Trine Birk Andersen,Socialdemokratiet,sjælland,0.0,Bachelor-/diplomuddannelse,0,4106,369428,0.011114479682103143,0.0,0.0,0.0,0.0,0.0,,
Trine Bramsen || Socialdemokratiet || fyn,Trine Bramsen,Socialdemokratiet,fyn,0.0,Ikke oplyst,0,8112,369428,0.021958270623775134,0.0,0.0,0.0,0.0,0.0,0.018117629890721732,18.0
Trine Dybkjær || Radikale Venstre || københavns omegn,Trine Dybkjær,Radikale Venstre,københavns omegn,0.0,Kandidat-/masteruddannelse,0,1497,100983,0.014824277353613975,0.0,0.0,0.0,0.0,0.0,,
Trine Jepsen || Venstre || vestjylland,Trine Jepsen,Venstre,vestjylland,0.0,Bachelor-/diplomuddannelse,0,4921,235636,0.020883905685039637,0.0,0.0,0.0,0.0,0.0,,
Troels Brandt || Radikale Venstre || sjælland,Troels Brandt,Radikale Venstre,sjælland,0.0,Kandidat-/masteruddannelse,0,281,100983,0.0027826465840785084,0.0,0.0,0.0,0.0,0.0,0.004699498558658947,26.0
Troels Lund Poulsen || Venstre || østjylland,Troels Lund Poulsen,Venstre,østjylland,0.0,Gymnasial uddannelse,0,19857,235636,0.0842698059719228,0.0,0.0,0.0,0.0,0.0,0.031060908924590565,11.0
Troels Overgaard || Venstre || sydjylland,Troels Overgaard,Venstre,sydjylland,0.0,Erhvervsuddannelse,0,562,235636,0.0023850345448063965,0.0,0.0,0.0,0.0,0.0,,
Troels Simonsen || Liberal Alliance || sydjylland,Troels Simonsen,Liberal Alliance,sydjylland,0.0,Kandidat-/masteruddannelse,0,446,117371,0.0037999165040768163,0.0,0.0,0.0,0.0,0.0,,
Troels Stru Schmidt || SF - Socialistisk Folkeparti || københavns omegn,Troels Stru Schmidt,SF - Socialistisk Folkeparti,københavns omegn,0.0,Ph.d.-uddannelse,0,903,180086,0.005014270959430495,0.0,0.0,0.0,0.0,0.0,0.009921796031281587,23.0
Tue Villebro || Venstre || nordsjælland,Tue Villebro,Venstre,nordsjælland,0.0,Kandidat-/masteruddannelse,0,1205,235636,0.005113819620092007,0.0,0.0,0.0,0.0,0.0,,
Ulla Kokfelt || Dansk Folkeparti || nordsjælland,Ulla Kokfelt,Dansk Folkeparti,nordsjælland,0.0,Ph.d.-uddannelse,0,376,126849,0.0029641542306206594,0.0,0.0,0.0,0.0,0.0,,
Ulrik Appel || Enhedslisten - De Rød-Grønne || nordjylland,Ulrik Appel,Enhedslisten - De Rød-Grønne,nordjylland,0.0,Kandidat-/masteruddannelse,0,97,86659,0.0011193297868657612,0.0,0.0,0.0,0.0,0.0,,
Ulrik Knudsen || Danmarksdemokraterne - Inger Støjberg || sydjylland,Ulrik Knudsen,Danmarksdemokraterne - Inger Støjberg,sydjylland,0.0,Bachelor-/diplomuddannelse,0,2023,75770,0.026699221327702256,0.0,0.0,0.0,0.0,0.0,,
Ulrik Lassen || Liberal Alliance || sjælland,Ulrik Lassen,Liberal Alliance,sjælland,0.0,Ikke oplyst,0,155,117371,0.0013205987850491178,0.0,0.0,0.0,0.0,0.0,,
Valdemar Alban || Socialdemokratiet || sjælland,Valdemar Alban,Socialdemokratiet,sjælland,0.0,Bachelor-/diplomuddannelse,0,1569,369428,0.004247106337364791,0.0,0.0,0.0,0.0,0.0,,
Valentina Crast || Alternativet || sjælland,Valentina Crast,Alternativet,sjælland,0.0,Bachelor-/diplomuddannelse,0,329,44532,0.007387945746878649,0.0,0.0,0.0,0.0,0.0,,
Vibeke Frost || Alternativet || københavn,Vibeke Frost,Alternativet,københavn,0.0,Kandidat-/masteruddannelse,0,159,44532,0.0035704661816222043,0.0,0.0,0.0,0.0,0.0,,
Vibeke Syppli Enrum || Enhedslisten - De Rød-Grønne || fyn,Vibeke Syppli Enrum,Enhedslisten - De Rød-Grønne,fyn,0.0,Kandidat-/masteruddannelse,0,202,86659,0.0023309754324421007,0.0,0.0,0.0,0.0,0.0,0.009674652945275232,12.0
Vibeke Westh || Socialdemokratiet || københavns omegn,Vibeke Westh,Socialdemokratiet,københavns omegn,0.0,Bachelor-/diplomuddannelse,0,350,369428,0.0009474105915090356,0.0,0.0,0.0,0.0,0.0,,
Victoria Helene Olsen || Det Konservative Folkeparti || sjælland,Victoria Helene Olsen,Det Konservative Folkeparti,sjælland,0.0,Gymnasial uddannelse,0,1874,133656,0.014021069012988567,0.0,0.0,0.0,0.0,0.0,,
Victoria Velásquez || Enhedslisten - De Rød-Grønne || fyn,Victoria Velásquez,Enhedslisten - De Rød-Grønne,fyn,0.0,Kandidat-/masteruddannelse,1,4973,86659,0.0573858456709632,0.0,0.0,0.0,0.0,12.0,0.0915474084793911,3.0
Viktor Thyregod Sivertsen || Det Konservative Folkeparti || østjylland,Viktor Thyregod Sivertsen,Det Konservative Folkeparti,østjylland,0.0,Bachelor-/diplomuddannelse,0,270,133656,0.0020201113305799963,0.0,0.0,0.0,0.0,0.0,,
Vilhelm Møller || Det Konservative Folkeparti || sjælland,Vilhelm Møller,Det Konservative Folkeparti,sjælland,0.0,Bachelor-/diplomuddannelse,0,546,133656,0.004085114024061771,0.0,0.0,0.0,0.0,0.0,,
Vinnie Borbjerg || Socialdemokratiet || vestjylland,Vinnie Borbjerg,Socialdemokratiet,vestjylland,0.0,Seminaruddannelse,0,838,369428,0.0022683716448130622,0.0,0.0,0.0,0.0,0.0,,
Vivi Altenburg || Danmarksdemokraterne - Inger Støjberg || vestjylland,Vivi Altenburg,Danmarksdemokraterne - Inger Støjberg,vestjylland,0.0,Kandidat-/masteruddannelse,0,393,75770,0.005186749373102811,0.0,0.0,0.0,0.0,0.0,,
Vivi Nør Jacobsen || SF - Socialistisk Folkeparti || københavns omegn,Vivi Nør Jacobsen,SF - Socialistisk Folkeparti,københavns omegn,0.0,Kandidat-/masteruddannelse,0,2506,180086,0.013915573670357496,0.0,0.0,0.0,0.0,0.0,0.030456987817204875,12.0
Vivian Lindberg Larsen || Danmarksdemokraterne - Inger Støjberg || fyn,Vivian Lindberg Larsen,Danmarksdemokraterne - Inger Støjberg,fyn,0.0,Erhvervsuddannelse,0,587,75770,0.007747129470766795,0.0,0.0,0.0,0.0,0.0,,
Viviane Ellasofie Karlsen || Borgernes Parti - Lars Boje Mathiesen || østjylland,Viviane Ellasofie Karlsen,Borgernes Parti - Lars Boje Mathiesen,østjylland,0.0,Ikke oplyst,0,239,22238,0.010747369367748899,0.0,0.0,0.0,0.0,0.0,,
Yildiz Akdogan || Socialdemokratiet || københavn,Yildiz Akdogan,Socialdemokratiet,københavn,0.0,Kandidat-/masteruddannelse,0,1140,369428,0.0030858516409151444,0.0,0.0,0.0,0.0,0.0,0.008090633050642929,40.0
Yurdal Cicek || Alternativet || sjælland,Yurdal Cicek,Alternativet,sjælland,0.0,Seminaruddannelse,0,243,44532,0.005456750202101859,0.0,0.0,0.0,0.0,0.0,,
Zandra Thulstrup Pihl || Dansk Folkeparti || københavns omegn,Zandra Thulstrup Pihl,Dansk Folkeparti,københavns omegn,0.0,Kandidat-/masteruddannelse,0,412,126849,0.003247956231424765,0.0,0.0,0.0,0.0,0.0,,
Zenia Stampe || Radikale Venstre || sjælland,Zenia Stampe,Radikale Venstre,sjælland,0.0,Kandidat-/masteruddannelse,1,4242,100983,0.04200707049701435,0.0,1.0,1.0,1.0,1.0,0.06869988614616894,5.0
Zeynep Bardakci || Venstre || københavn,Zeynep Bardakci,Venstre,københavn,0.0,Kandidat-/masteruddannelse,1,126,235636,0.0005347230474121102,3.0,4.0,4.0,4.0,4.0,,
Zishan Ali || Moderaterne || københavns omegn,Zishan Ali,Moderaterne,københavns omegn,0.0,Seminaruddannelse,1,874,100412,0.00870413894753615,7.0,10.0,15.0,17.0,28.0,,
Zohair Ali || Radikale Venstre || københavns omegn,Zohair Ali,Radikale Venstre,københavns omegn,0.0,Kandidat-/masteruddannelse,0,1997,100983,0.019775605795034807,0.0,0.0,0.0,0.0,0.0,,
