nomination_label,nomination_url,polling_label,polling_url
1. Aarhus Syd,https://valg.dk/fv/47b883ef-d0d3-4cb6-9da5-91963f0e9ba0/nomination-district/a958e4eb-b66f-4b29-8170-a6ae6b44706b,Beder Skole,https://valg.dk/fv/47b883ef-d0d3-4cb6-9da5-91963f0e9ba0/nomination-district/a958e4eb-b66f-4b29-8170-a6ae6b44706b/polling-district/a5c24019-7221-4e76-8c04-ad1a5a842397
1. Aarhus Syd,https://valg.dk/fv/47b883ef-d0d3-4cb6-9da5-91963f0e9ba0/nomination-district/a958e4eb-b66f-4b29-8170-a6ae6b44706b,Folkehuset Ankersgade,https://valg.dk/fv/47b883ef-d0d3-4cb6-9da5-91963f0e9ba0/nomination-district/a958e4eb-b66f-4b29-8170-a6ae6b44706b/polling-district/d9aba151-512e-4910-ab5a-be4a3caf6e62
1. Aarhus Syd,https://valg.dk/fv/47b883ef-d0d3-4cb6-9da5-91963f0e9ba0/nomination-district/a958e4eb-b66f-4b29-8170-a6ae6b44706b,Frederiksbjerghallerne,https://valg.dk/fv/47b883ef-d0d3-4cb6-9da5-91963f0e9ba0/nomination-district/a958e4eb-b66f-4b29-8170-a6ae6b44706b/polling-district/80a0dd55-eb1b-4338-bf2d-6ec7eb196973
1. Aarhus Syd,https://valg.dk/fv/47b883ef-d0d3-4cb6-9da5-91963f0e9ba0/nomination-district/a958e4eb-b66f-4b29-8170-a6ae6b44706b,"Kragelundskolen, Højbjerg",https://valg.dk/fv/47b883ef-d0d3-4cb6-9da5-91963f0e9ba0/nomination-district/a958e4eb-b66f-4b29-8170-a6ae6b44706b/polling-district/cc43a4ee-253b-464c-9fa3-62317050c28b
1. Aarhus Syd,https://valg.dk/fv/47b883ef-d0d3-4cb6-9da5-91963f0e9ba0/nomination-district/a958e4eb-b66f-4b29-8170-a6ae6b44706b,Malling Skole,https://valg.dk/fv/47b883ef-d0d3-4cb6-9da5-91963f0e9ba0/nomination-district/a958e4eb-b66f-4b29-8170-a6ae6b44706b/polling-district/f662d167-f9da-4be4-b62f-ec2a9c9cbd7f
1. Aarhus Syd,https://valg.dk/fv/47b883ef-d0d3-4cb6-9da5-91963f0e9ba0/nomination-district/a958e4eb-b66f-4b29-8170-a6ae6b44706b,Mårslet Hallen,https://valg.dk/fv/47b883ef-d0d3-4cb6-9da5-91963f0e9ba0/nomination-district/a958e4eb-b66f-4b29-8170-a6ae6b44706b/polling-district/206c9be0-97e5-4744-b3e4-5f97b88fe9e2
1. Aarhus Syd,https://valg.dk/fv/47b883ef-d0d3-4cb6-9da5-91963f0e9ba0/nomination-district/a958e4eb-b66f-4b29-8170-a6ae6b44706b,"Rundhøjhallen, Holme",https://valg.dk/fv/47b883ef-d0d3-4cb6-9da5-91963f0e9ba0/nomination-district/a958e4eb-b66f-4b29-8170-a6ae6b44706b/polling-district/54ed2506-c390-4a48-957a-b6efc25091af
1. Aarhus Syd,https://valg.dk/fv/47b883ef-d0d3-4cb6-9da5-91963f0e9ba0/nomination-district/a958e4eb-b66f-4b29-8170-a6ae6b44706b,Skåde Skole,https://valg.dk/fv/47b883ef-d0d3-4cb6-9da5-91963f0e9ba0/nomination-district/a958e4eb-b66f-4b29-8170-a6ae6b44706b/polling-district/76645219-2ee6-473f-ab8d-de585660bc3a
1. Aarhus Syd,https://valg.dk/fv/47b883ef-d0d3-4cb6-9da5-91963f0e9ba0/nomination-district/a958e4eb-b66f-4b29-8170-a6ae6b44706b,Solbjergskolen,https://valg.dk/fv/47b883ef-d0d3-4cb6-9da5-91963f0e9ba0/nomination-district/a958e4eb-b66f-4b29-8170-a6ae6b44706b/polling-district/31566320-70a8-435f-94b2-e9ece0440dca
1. Aarhus Syd,https://valg.dk/fv/47b883ef-d0d3-4cb6-9da5-91963f0e9ba0/nomination-district/a958e4eb-b66f-4b29-8170-a6ae6b44706b,Tranbjerg Skole,https://valg.dk/fv/47b883ef-d0d3-4cb6-9da5-91963f0e9ba0/nomination-district/a958e4eb-b66f-4b29-8170-a6ae6b44706b/polling-district/a2541955-7c1e-4615-9efd-45a5245faa19
1. Frederikshavn,https://valg.dk/fv/47b883ef-d0d3-4cb6-9da5-91963f0e9ba0/nomination-district/dffbbbde-119e-4941-8039-b474d5449501,Dybvad,https://valg.dk/fv/47b883ef-d0d3-4cb6-9da5-91963f0e9ba0/nomination-district/dffbbbde-119e-4941-8039-b474d5449501/polling-district/c86889bb-f3d2-482c-9b40-104945af5989
1. Frederikshavn,https://valg.dk/fv/47b883ef-d0d3-4cb6-9da5-91963f0e9ba0/nomination-district/dffbbbde-119e-4941-8039-b474d5449501,Elling,https://valg.dk/fv/47b883ef-d0d3-4cb6-9da5-91963f0e9ba0/nomination-district/dffbbbde-119e-4941-8039-b474d5449501/polling-district/d150801d-d24d-48e3-a5c1-3ba01d851323
1. Frederikshavn,https://valg.dk/fv/47b883ef-d0d3-4cb6-9da5-91963f0e9ba0/nomination-district/dffbbbde-119e-4941-8039-b474d5449501,Frederikshavn,https://valg.dk/fv/47b883ef-d0d3-4cb6-9da5-91963f0e9ba0/nomination-district/dffbbbde-119e-4941-8039-b474d5449501/polling-district/ab000311-6e4f-416a-8102-7be2c6ef40ff
1. Frederikshavn,https://valg.dk/fv/47b883ef-d0d3-4cb6-9da5-91963f0e9ba0/nomination-district/dffbbbde-119e-4941-8039-b474d5449501,Gærum,https://valg.dk/fv/47b883ef-d0d3-4cb6-9da5-91963f0e9ba0/nomination-district/dffbbbde-119e-4941-8039-b474d5449501/polling-district/4f54a5be-e4f9-40b4-bc98-6f2036c0f72c
1. Frederikshavn,https://valg.dk/fv/47b883ef-d0d3-4cb6-9da5-91963f0e9ba0/nomination-district/dffbbbde-119e-4941-8039-b474d5449501,Hørby,https://valg.dk/fv/47b883ef-d0d3-4cb6-9da5-91963f0e9ba0/nomination-district/dffbbbde-119e-4941-8039-b474d5449501/polling-district/a0c76274-cbdf-4942-b0e6-d8141973c465
1. Frederikshavn,https://valg.dk/fv/47b883ef-d0d3-4cb6-9da5-91963f0e9ba0/nomination-district/dffbbbde-119e-4941-8039-b474d5449501,Jerup,https://valg.dk/fv/47b883ef-d0d3-4cb6-9da5-91963f0e9ba0/nomination-district/dffbbbde-119e-4941-8039-b474d5449501/polling-district/50a8e113-6eab-41a5-aab6-22782e74b747
1. Frederikshavn,https://valg.dk/fv/47b883ef-d0d3-4cb6-9da5-91963f0e9ba0/nomination-district/dffbbbde-119e-4941-8039-b474d5449501,Læsø,https://valg.dk/fv/47b883ef-d0d3-4cb6-9da5-91963f0e9ba0/nomination-district/dffbbbde-119e-4941-8039-b474d5449501/polling-district/5afafe4e-5aad-43cc-927b-fc48b1c52002
1. Frederikshavn,https://valg.dk/fv/47b883ef-d0d3-4cb6-9da5-91963f0e9ba0/nomination-district/dffbbbde-119e-4941-8039-b474d5449501,Ravnshøj,https://valg.dk/fv/47b883ef-d0d3-4cb6-9da5-91963f0e9ba0/nomination-district/dffbbbde-119e-4941-8039-b474d5449501/polling-district/5d22e14c-8da7-43b1-8b47-ea2b9fb9ffe9
1. Frederikshavn,https://valg.dk/fv/47b883ef-d0d3-4cb6-9da5-91963f0e9ba0/nomination-district/dffbbbde-119e-4941-8039-b474d5449501,Skagen,https://valg.dk/fv/47b883ef-d0d3-4cb6-9da5-91963f0e9ba0/nomination-district/dffbbbde-119e-4941-8039-b474d5449501/polling-district/27914a89-5407-44fa-b4f8-5cdfa0f6c8bf
1. Frederikshavn,https://valg.dk/fv/47b883ef-d0d3-4cb6-9da5-91963f0e9ba0/nomination-district/dffbbbde-119e-4941-8039-b474d5449501,Strandby,https://valg.dk/fv/47b883ef-d0d3-4cb6-9da5-91963f0e9ba0/nomination-district/dffbbbde-119e-4941-8039-b474d5449501/polling-district/bebaae46-a8a7-4616-8b32-8f08454aa3df
1. Frederikshavn,https://valg.dk/fv/47b883ef-d0d3-4cb6-9da5-91963f0e9ba0/nomination-district/dffbbbde-119e-4941-8039-b474d5449501,Sæby,https://valg.dk/fv/47b883ef-d0d3-4cb6-9da5-91963f0e9ba0/nomination-district/dffbbbde-119e-4941-8039-b474d5449501/polling-district/be1f2b36-fa75-4a82-a03a-5678b3a75f29
1. Frederikshavn,https://valg.dk/fv/47b883ef-d0d3-4cb6-9da5-91963f0e9ba0/nomination-district/dffbbbde-119e-4941-8039-b474d5449501,Thorshøj,https://valg.dk/fv/47b883ef-d0d3-4cb6-9da5-91963f0e9ba0/nomination-district/dffbbbde-119e-4941-8039-b474d5449501/polling-district/0c0c700c-fcd3-4564-9aef-e9e1b245a49d
1. Frederikshavn,https://valg.dk/fv/47b883ef-d0d3-4cb6-9da5-91963f0e9ba0/nomination-district/dffbbbde-119e-4941-8039-b474d5449501,Voerså,https://valg.dk/fv/47b883ef-d0d3-4cb6-9da5-91963f0e9ba0/nomination-district/dffbbbde-119e-4941-8039-b474d5449501/polling-district/87597c0b-ef76-49ea-bfbd-f5ac3bbbd127
1. Frederikshavn,https://valg.dk/fv/47b883ef-d0d3-4cb6-9da5-91963f0e9ba0/nomination-district/dffbbbde-119e-4941-8039-b474d5449501,Volstrup,https://valg.dk/fv/47b883ef-d0d3-4cb6-9da5-91963f0e9ba0/nomination-district/dffbbbde-119e-4941-8039-b474d5449501/polling-district/b5e03312-e77a-4934-8d09-b6c6ba7caa95
1. Frederikshavn,https://valg.dk/fv/47b883ef-d0d3-4cb6-9da5-91963f0e9ba0/nomination-district/dffbbbde-119e-4941-8039-b474d5449501,Ålbæk,https://valg.dk/fv/47b883ef-d0d3-4cb6-9da5-91963f0e9ba0/nomination-district/dffbbbde-119e-4941-8039-b474d5449501/polling-district/f893dbdf-b91b-4670-a90c-eb4fb0314d7a
1. Frederikshavn,https://valg.dk/fv/47b883ef-d0d3-4cb6-9da5-91963f0e9ba0/nomination-district/dffbbbde-119e-4941-8039-b474d5449501,Østervrå,https://valg.dk/fv/47b883ef-d0d3-4cb6-9da5-91963f0e9ba0/nomination-district/dffbbbde-119e-4941-8039-b474d5449501/polling-district/068f6409-1df6-413d-a9d7-860186c10399
1. Gentofte,https://valg.dk/fv/47b883ef-d0d3-4cb6-9da5-91963f0e9ba0/nomination-district/0008ade6-5c91-498c-a083-317a66149987,Bakkegård,https://valg.dk/fv/47b883ef-d0d3-4cb6-9da5-91963f0e9ba0/nomination-district/0008ade6-5c91-498c-a083-317a66149987/polling-district/2a124d6b-ca0b-4860-ba26-ab9790831ec9
1. Gentofte,https://valg.dk/fv/47b883ef-d0d3-4cb6-9da5-91963f0e9ba0/nomination-district/0008ade6-5c91-498c-a083-317a66149987,Dyssegård,https://valg.dk/fv/47b883ef-d0d3-4cb6-9da5-91963f0e9ba0/nomination-district/0008ade6-5c91-498c-a083-317a66149987/polling-district/4b973bb3-4f00-46cb-b4e0-40702d6837dc
1. Gentofte,https://valg.dk/fv/47b883ef-d0d3-4cb6-9da5-91963f0e9ba0/nomination-district/0008ade6-5c91-498c-a083-317a66149987,Hellerup,https://valg.dk/fv/47b883ef-d0d3-4cb6-9da5-91963f0e9ba0/nomination-district/0008ade6-5c91-498c-a083-317a66149987/polling-district/a3543602-e775-45e2-8937-3158059256d7
1. Gentofte,https://valg.dk/fv/47b883ef-d0d3-4cb6-9da5-91963f0e9ba0/nomination-district/0008ade6-5c91-498c-a083-317a66149987,Jægersborg,https://valg.dk/fv/47b883ef-d0d3-4cb6-9da5-91963f0e9ba0/nomination-district/0008ade6-5c91-498c-a083-317a66149987/polling-district/0deb7ccf-35f8-4c5f-81a8-cecd462fac34
1. Gentofte,https://valg.dk/fv/47b883ef-d0d3-4cb6-9da5-91963f0e9ba0/nomination-district/0008ade6-5c91-498c-a083-317a66149987,Maglegård,https://valg.dk/fv/47b883ef-d0d3-4cb6-9da5-91963f0e9ba0/nomination-district/0008ade6-5c91-498c-a083-317a66149987/polling-district/d200eb56-0c90-43ea-933f-7bf1e2dcdce5
1. Gentofte,https://valg.dk/fv/47b883ef-d0d3-4cb6-9da5-91963f0e9ba0/nomination-district/0008ade6-5c91-498c-a083-317a66149987,Munkegård,https://valg.dk/fv/47b883ef-d0d3-4cb6-9da5-91963f0e9ba0/nomination-district/0008ade6-5c91-498c-a083-317a66149987/polling-district/a4d21ab5-d135-4e51-849e-0a4fa1605429
1. Gentofte,https://valg.dk/fv/47b883ef-d0d3-4cb6-9da5-91963f0e9ba0/nomination-district/0008ade6-5c91-498c-a083-317a66149987,Ordrup,https://valg.dk/fv/47b883ef-d0d3-4cb6-9da5-91963f0e9ba0/nomination-district/0008ade6-5c91-498c-a083-317a66149987/polling-district/d2af715f-7b9e-48f7-a489-2f12ff824a99
1. Gentofte,https://valg.dk/fv/47b883ef-d0d3-4cb6-9da5-91963f0e9ba0/nomination-district/0008ade6-5c91-498c-a083-317a66149987,Rådhuset,https://valg.dk/fv/47b883ef-d0d3-4cb6-9da5-91963f0e9ba0/nomination-district/0008ade6-5c91-498c-a083-317a66149987/polling-district/f13707c5-8d87-4a02-aa9f-2f9c73e3497b
1. Gentofte,https://valg.dk/fv/47b883ef-d0d3-4cb6-9da5-91963f0e9ba0/nomination-district/0008ade6-5c91-498c-a083-317a66149987,Skovgård,https://valg.dk/fv/47b883ef-d0d3-4cb6-9da5-91963f0e9ba0/nomination-district/0008ade6-5c91-498c-a083-317a66149987/polling-district/cf836282-fe94-4700-a85c-756d7d34c219
1. Gentofte,https://valg.dk/fv/47b883ef-d0d3-4cb6-9da5-91963f0e9ba0/nomination-district/0008ade6-5c91-498c-a083-317a66149987,Skovshoved,https://valg.dk/fv/47b883ef-d0d3-4cb6-9da5-91963f0e9ba0/nomination-district/0008ade6-5c91-498c-a083-317a66149987/polling-district/16b0731d-5273-4ce2-ab5a-92dc96d0e05c
1. Helsingør,https://valg.dk/fv/47b883ef-d0d3-4cb6-9da5-91963f0e9ba0/nomination-district/9d7665b2-9f20-45c9-99f9-2c6455d36d41,Bølgen,https://valg.dk/fv/47b883ef-d0d3-4cb6-9da5-91963f0e9ba0/nomination-district/9d7665b2-9f20-45c9-99f9-2c6455d36d41/polling-district/61235530-04ef-4664-9070-ceb6944dd404
1. Helsingør,https://valg.dk/fv/47b883ef-d0d3-4cb6-9da5-91963f0e9ba0/nomination-district/9d7665b2-9f20-45c9-99f9-2c6455d36d41,Espergærde Bibliotek,https://valg.dk/fv/47b883ef-d0d3-4cb6-9da5-91963f0e9ba0/nomination-district/9d7665b2-9f20-45c9-99f9-2c6455d36d41/polling-district/9b3b430f-9217-47cd-bc30-63c984048516
1. Helsingør,https://valg.dk/fv/47b883ef-d0d3-4cb6-9da5-91963f0e9ba0/nomination-district/9d7665b2-9f20-45c9-99f9-2c6455d36d41,Helsingør Hallen,https://valg.dk/fv/47b883ef-d0d3-4cb6-9da5-91963f0e9ba0/nomination-district/9d7665b2-9f20-45c9-99f9-2c6455d36d41/polling-district/a339c4a1-ede2-460f-9c90-73251641024c
1. Helsingør,https://valg.dk/fv/47b883ef-d0d3-4cb6-9da5-91963f0e9ba0/nomination-district/9d7665b2-9f20-45c9-99f9-2c6455d36d41,Hornbæk Skole,https://valg.dk/fv/47b883ef-d0d3-4cb6-9da5-91963f0e9ba0/nomination-district/9d7665b2-9f20-45c9-99f9-2c6455d36d41/polling-district/3c4566f1-1a41-45e2-acc7-b3653d70c39f
1. Helsingør,https://valg.dk/fv/47b883ef-d0d3-4cb6-9da5-91963f0e9ba0/nomination-district/9d7665b2-9f20-45c9-99f9-2c6455d36d41,Kvistgård Idrætsanlæg,https://valg.dk/fv/47b883ef-d0d3-4cb6-9da5-91963f0e9ba0/nomination-district/9d7665b2-9f20-45c9-99f9-2c6455d36d41/polling-district/c5d83bf6-1272-47cc-91e8-6bff56e78005
1. Helsingør,https://valg.dk/fv/47b883ef-d0d3-4cb6-9da5-91963f0e9ba0/nomination-district/9d7665b2-9f20-45c9-99f9-2c6455d36d41,"Laden, Gl. Vapnagård",https://valg.dk/fv/47b883ef-d0d3-4cb6-9da5-91963f0e9ba0/nomination-district/9d7665b2-9f20-45c9-99f9-2c6455d36d41/polling-district/1c4b76d3-d402-45a3-b36a-03f6cd990d4e
1. Helsingør,https://valg.dk/fv/47b883ef-d0d3-4cb6-9da5-91963f0e9ba0/nomination-district/9d7665b2-9f20-45c9-99f9-2c6455d36d41,Mørdrupskolen,https://valg.dk/fv/47b883ef-d0d3-4cb6-9da5-91963f0e9ba0/nomination-district/9d7665b2-9f20-45c9-99f9-2c6455d36d41/polling-district/138700d0-ed33-4dc6-8f2f-130e50ab482b
1. Helsingør,https://valg.dk/fv/47b883ef-d0d3-4cb6-9da5-91963f0e9ba0/nomination-district/9d7665b2-9f20-45c9-99f9-2c6455d36d41,Nygård Skole,https://valg.dk/fv/47b883ef-d0d3-4cb6-9da5-91963f0e9ba0/nomination-district/9d7665b2-9f20-45c9-99f9-2c6455d36d41/polling-district/285bd068-312b-4a16-a1ea-9b7ba0d22a7a
1. Helsingør,https://valg.dk/fv/47b883ef-d0d3-4cb6-9da5-91963f0e9ba0/nomination-district/9d7665b2-9f20-45c9-99f9-2c6455d36d41,Skolen ved Gurrevej,https://valg.dk/fv/47b883ef-d0d3-4cb6-9da5-91963f0e9ba0/nomination-district/9d7665b2-9f20-45c9-99f9-2c6455d36d41/polling-district/a1b5bab6-4585-463a-b559-934d68ea191d
1. Helsingør,https://valg.dk/fv/47b883ef-d0d3-4cb6-9da5-91963f0e9ba0/nomination-district/9d7665b2-9f20-45c9-99f9-2c6455d36d41,Snekkersten Hallen,https://valg.dk/fv/47b883ef-d0d3-4cb6-9da5-91963f0e9ba0/nomination-district/9d7665b2-9f20-45c9-99f9-2c6455d36d41/polling-district/603d4427-1b53-4bbe-9f1c-247c0e1a15f0
1. Helsingør,https://valg.dk/fv/47b883ef-d0d3-4cb6-9da5-91963f0e9ba0/nomination-district/9d7665b2-9f20-45c9-99f9-2c6455d36d41,Tikøb Skole,https://valg.dk/fv/47b883ef-d0d3-4cb6-9da5-91963f0e9ba0/nomination-district/9d7665b2-9f20-45c9-99f9-2c6455d36d41/polling-district/d93a4490-06d9-459b-9da2-a27219e2a28c
1. Helsingør,https://valg.dk/fv/47b883ef-d0d3-4cb6-9da5-91963f0e9ba0/nomination-district/9d7665b2-9f20-45c9-99f9-2c6455d36d41,Toldkammeret,https://valg.dk/fv/47b883ef-d0d3-4cb6-9da5-91963f0e9ba0/nomination-district/9d7665b2-9f20-45c9-99f9-2c6455d36d41/polling-district/7d499142-ffe1-4be5-9a0c-4e761d3a1123
1. Lolland,https://valg.dk/fv/47b883ef-d0d3-4cb6-9da5-91963f0e9ba0/nomination-district/9d7551b9-5e9a-434d-9577-3196637af62c,Askø,https://valg.dk/fv/47b883ef-d0d3-4cb6-9da5-91963f0e9ba0/nomination-district/9d7551b9-5e9a-434d-9577-3196637af62c/polling-district/e1155009-32c5-4db5-8a91-c59ce19fdba9
1. Lolland,https://valg.dk/fv/47b883ef-d0d3-4cb6-9da5-91963f0e9ba0/nomination-district/9d7551b9-5e9a-434d-9577-3196637af62c,Birket,https://valg.dk/fv/47b883ef-d0d3-4cb6-9da5-91963f0e9ba0/nomination-district/9d7551b9-5e9a-434d-9577-3196637af62c/polling-district/16811bf6-e7f5-459f-aaa4-4d9859d03800
1. Lolland,https://valg.dk/fv/47b883ef-d0d3-4cb6-9da5-91963f0e9ba0/nomination-district/9d7551b9-5e9a-434d-9577-3196637af62c,Dannemare,https://valg.dk/fv/47b883ef-d0d3-4cb6-9da5-91963f0e9ba0/nomination-district/9d7551b9-5e9a-434d-9577-3196637af62c/polling-district/b331233c-c042-4343-9e7f-1f60937e1d3a
1. Lolland,https://valg.dk/fv/47b883ef-d0d3-4cb6-9da5-91963f0e9ba0/nomination-district/9d7551b9-5e9a-434d-9577-3196637af62c,Errindlev,https://valg.dk/fv/47b883ef-d0d3-4cb6-9da5-91963f0e9ba0/nomination-district/9d7551b9-5e9a-434d-9577-3196637af62c/polling-district/dc84357a-37c9-475d-9441-877f0ee40a29
1. Lolland,https://valg.dk/fv/47b883ef-d0d3-4cb6-9da5-91963f0e9ba0/nomination-district/9d7551b9-5e9a-434d-9577-3196637af62c,Fejø,https://valg.dk/fv/47b883ef-d0d3-4cb6-9da5-91963f0e9ba0/nomination-district/9d7551b9-5e9a-434d-9577-3196637af62c/polling-district/f5b823c2-edd5-4899-adf5-b3783f5c43c9
1. Lolland,https://valg.dk/fv/47b883ef-d0d3-4cb6-9da5-91963f0e9ba0/nomination-district/9d7551b9-5e9a-434d-9577-3196637af62c,Femø,https://valg.dk/fv/47b883ef-d0d3-4cb6-9da5-91963f0e9ba0/nomination-district/9d7551b9-5e9a-434d-9577-3196637af62c/polling-district/e2771dc4-16f4-4816-8d05-54762679a42a
1. Lolland,https://valg.dk/fv/47b883ef-d0d3-4cb6-9da5-91963f0e9ba0/nomination-district/9d7551b9-5e9a-434d-9577-3196637af62c,Holeby,https://valg.dk/fv/47b883ef-d0d3-4cb6-9da5-91963f0e9ba0/nomination-district/9d7551b9-5e9a-434d-9577-3196637af62c/polling-district/b44ee28b-7801-4094-9ea6-c0091551bda3
1. Lolland,https://valg.dk/fv/47b883ef-d0d3-4cb6-9da5-91963f0e9ba0/nomination-district/9d7551b9-5e9a-434d-9577-3196637af62c,Horslunde,https://valg.dk/fv/47b883ef-d0d3-4cb6-9da5-91963f0e9ba0/nomination-district/9d7551b9-5e9a-434d-9577-3196637af62c/polling-district/3fb2685a-82a4-4ae6-ace1-e9ded09da77a
1. Lolland,https://valg.dk/fv/47b883ef-d0d3-4cb6-9da5-91963f0e9ba0/nomination-district/9d7551b9-5e9a-434d-9577-3196637af62c,Maribo,https://valg.dk/fv/47b883ef-d0d3-4cb6-9da5-91963f0e9ba0/nomination-district/9d7551b9-5e9a-434d-9577-3196637af62c/polling-district/1799433b-aa3b-4096-b08d-02c4c790e1e2
1. Lolland,https://valg.dk/fv/47b883ef-d0d3-4cb6-9da5-91963f0e9ba0/nomination-district/9d7551b9-5e9a-434d-9577-3196637af62c,Nakskov,https://valg.dk/fv/47b883ef-d0d3-4cb6-9da5-91963f0e9ba0/nomination-district/9d7551b9-5e9a-434d-9577-3196637af62c/polling-district/29c79344-40ad-4894-a03a-e9acd2bc502e
1. Lolland,https://valg.dk/fv/47b883ef-d0d3-4cb6-9da5-91963f0e9ba0/nomination-district/9d7551b9-5e9a-434d-9577-3196637af62c,Rødby,https://valg.dk/fv/47b883ef-d0d3-4cb6-9da5-91963f0e9ba0/nomination-district/9d7551b9-5e9a-434d-9577-3196637af62c/polling-district/1adcad51-20b7-45d2-9ad1-d1d6bacd593e
1. Lolland,https://valg.dk/fv/47b883ef-d0d3-4cb6-9da5-91963f0e9ba0/nomination-district/9d7551b9-5e9a-434d-9577-3196637af62c,Rødbyhavn,https://valg.dk/fv/47b883ef-d0d3-4cb6-9da5-91963f0e9ba0/nomination-district/9d7551b9-5e9a-434d-9577-3196637af62c/polling-district/c83f3ef9-475b-4e60-a1aa-3a88ad6f6a67
1. Lolland,https://valg.dk/fv/47b883ef-d0d3-4cb6-9da5-91963f0e9ba0/nomination-district/9d7551b9-5e9a-434d-9577-3196637af62c,Sandby,https://valg.dk/fv/47b883ef-d0d3-4cb6-9da5-91963f0e9ba0/nomination-district/9d7551b9-5e9a-434d-9577-3196637af62c/polling-district/3f4c6636-2a52-4f87-93cd-f2c7944fba56
1. Lolland,https://valg.dk/fv/47b883ef-d0d3-4cb6-9da5-91963f0e9ba0/nomination-district/9d7551b9-5e9a-434d-9577-3196637af62c,Søllested,https://valg.dk/fv/47b883ef-d0d3-4cb6-9da5-91963f0e9ba0/nomination-district/9d7551b9-5e9a-434d-9577-3196637af62c/polling-district/2a405fb6-3200-4627-a39f-4f1b2ee5481d
1. Lolland,https://valg.dk/fv/47b883ef-d0d3-4cb6-9da5-91963f0e9ba0/nomination-district/9d7551b9-5e9a-434d-9577-3196637af62c,Østofte,https://valg.dk/fv/47b883ef-d0d3-4cb6-9da5-91963f0e9ba0/nomination-district/9d7551b9-5e9a-434d-9577-3196637af62c/polling-district/0ff24d98-2220-4755-afb2-8c1b0c3f638b
1. Odense Øst,https://valg.dk/fv/47b883ef-d0d3-4cb6-9da5-91963f0e9ba0/nomination-district/5a4d201b-f561-4840-a41a-7c06ce12f9d6,Agedrup Skole,https://valg.dk/fv/47b883ef-d0d3-4cb6-9da5-91963f0e9ba0/nomination-district/5a4d201b-f561-4840-a41a-7c06ce12f9d6/polling-district/62634c61-00cf-4498-8e37-d22ff90048b4
1. Odense Øst,https://valg.dk/fv/47b883ef-d0d3-4cb6-9da5-91963f0e9ba0/nomination-district/5a4d201b-f561-4840-a41a-7c06ce12f9d6,Camp U,https://valg.dk/fv/47b883ef-d0d3-4cb6-9da5-91963f0e9ba0/nomination-district/5a4d201b-f561-4840-a41a-7c06ce12f9d6/polling-district/04788d61-a094-4693-9015-f51309206bf9
1. Odense Øst,https://valg.dk/fv/47b883ef-d0d3-4cb6-9da5-91963f0e9ba0/nomination-district/5a4d201b-f561-4840-a41a-7c06ce12f9d6,Ejerslykkeskolen,https://valg.dk/fv/47b883ef-d0d3-4cb6-9da5-91963f0e9ba0/nomination-district/5a4d201b-f561-4840-a41a-7c06ce12f9d6/polling-district/154dfcb2-8bcc-4426-8c1d-5e4036e18cf6
1. Odense Øst,https://valg.dk/fv/47b883ef-d0d3-4cb6-9da5-91963f0e9ba0/nomination-district/5a4d201b-f561-4840-a41a-7c06ce12f9d6,Fjordager-Hallen,https://valg.dk/fv/47b883ef-d0d3-4cb6-9da5-91963f0e9ba0/nomination-district/5a4d201b-f561-4840-a41a-7c06ce12f9d6/polling-district/32008141-5fcb-4ace-8ea7-3b1f85327f6e
1. Odense Øst,https://valg.dk/fv/47b883ef-d0d3-4cb6-9da5-91963f0e9ba0/nomination-district/5a4d201b-f561-4840-a41a-7c06ce12f9d6,Fraugde Fritidscenter,https://valg.dk/fv/47b883ef-d0d3-4cb6-9da5-91963f0e9ba0/nomination-district/5a4d201b-f561-4840-a41a-7c06ce12f9d6/polling-district/c7b6ecc2-6bee-43df-be53-bca5d3de616b
1. Odense Øst,https://valg.dk/fv/47b883ef-d0d3-4cb6-9da5-91963f0e9ba0/nomination-district/5a4d201b-f561-4840-a41a-7c06ce12f9d6,Marienlystcentret,https://valg.dk/fv/47b883ef-d0d3-4cb6-9da5-91963f0e9ba0/nomination-district/5a4d201b-f561-4840-a41a-7c06ce12f9d6/polling-district/7a353835-cd2f-4590-804e-458863c42b11
1. Odense Øst,https://valg.dk/fv/47b883ef-d0d3-4cb6-9da5-91963f0e9ba0/nomination-district/5a4d201b-f561-4840-a41a-7c06ce12f9d6,Munkebjergskolen,https://valg.dk/fv/47b883ef-d0d3-4cb6-9da5-91963f0e9ba0/nomination-district/5a4d201b-f561-4840-a41a-7c06ce12f9d6/polling-district/ddbeb395-e80c-4602-aa14-d6975ae6d6ff
1. Odense Øst,https://valg.dk/fv/47b883ef-d0d3-4cb6-9da5-91963f0e9ba0/nomination-district/5a4d201b-f561-4840-a41a-7c06ce12f9d6,Risingskolen,https://valg.dk/fv/47b883ef-d0d3-4cb6-9da5-91963f0e9ba0/nomination-district/5a4d201b-f561-4840-a41a-7c06ce12f9d6/polling-district/4bb2e528-e80d-49a1-8963-bd1a4127988c
1. Odense Øst,https://valg.dk/fv/47b883ef-d0d3-4cb6-9da5-91963f0e9ba0/nomination-district/5a4d201b-f561-4840-a41a-7c06ce12f9d6,Skt. Jørgens Hallen,https://valg.dk/fv/47b883ef-d0d3-4cb6-9da5-91963f0e9ba0/nomination-district/5a4d201b-f561-4840-a41a-7c06ce12f9d6/polling-district/b2a1ec9d-8e6c-40ce-9881-59b077d33893
1. Odense Øst,https://valg.dk/fv/47b883ef-d0d3-4cb6-9da5-91963f0e9ba0/nomination-district/5a4d201b-f561-4840-a41a-7c06ce12f9d6,UngOdense (Tidl.Bækholmskolen),https://valg.dk/fv/47b883ef-d0d3-4cb6-9da5-91963f0e9ba0/nomination-district/5a4d201b-f561-4840-a41a-7c06ce12f9d6/polling-district/674b4772-63d6-497b-9a6e-decd961c5958
1. Rønne,https://valg.dk/fv/47b883ef-d0d3-4cb6-9da5-91963f0e9ba0/nomination-district/c5a1e866-70c8-4f1e-b7e4-a20f0e3e897b,Hasle,https://valg.dk/fv/47b883ef-d0d3-4cb6-9da5-91963f0e9ba0/nomination-district/c5a1e866-70c8-4f1e-b7e4-a20f0e3e897b/polling-district/167fb37e-f7d0-41ed-850d-cb0339da4175
1. Rønne,https://valg.dk/fv/47b883ef-d0d3-4cb6-9da5-91963f0e9ba0/nomination-district/c5a1e866-70c8-4f1e-b7e4-a20f0e3e897b,Klemensker,https://valg.dk/fv/47b883ef-d0d3-4cb6-9da5-91963f0e9ba0/nomination-district/c5a1e866-70c8-4f1e-b7e4-a20f0e3e897b/polling-district/98f8d974-4f0e-4dea-bb17-7ebf9b32fc39
1. Rønne,https://valg.dk/fv/47b883ef-d0d3-4cb6-9da5-91963f0e9ba0/nomination-district/c5a1e866-70c8-4f1e-b7e4-a20f0e3e897b,Rønne,https://valg.dk/fv/47b883ef-d0d3-4cb6-9da5-91963f0e9ba0/nomination-district/c5a1e866-70c8-4f1e-b7e4-a20f0e3e897b/polling-district/b1267ff7-1272-43a2-b723-8d4f4577d96b
1. Struer,https://valg.dk/fv/47b883ef-d0d3-4cb6-9da5-91963f0e9ba0/nomination-district/931ea68d-da57-461d-bd81-4bfd65cab2d3,Bremdal,https://valg.dk/fv/47b883ef-d0d3-4cb6-9da5-91963f0e9ba0/nomination-district/931ea68d-da57-461d-bd81-4bfd65cab2d3/polling-district/f462611e-6ee7-46ce-b990-e254c95ec3de
1. Struer,https://valg.dk/fv/47b883ef-d0d3-4cb6-9da5-91963f0e9ba0/nomination-district/931ea68d-da57-461d-bd81-4bfd65cab2d3,Bøvling,https://valg.dk/fv/47b883ef-d0d3-4cb6-9da5-91963f0e9ba0/nomination-district/931ea68d-da57-461d-bd81-4bfd65cab2d3/polling-district/0c76fdbb-4b67-49ff-a4ac-230f0f140817
1. Struer,https://valg.dk/fv/47b883ef-d0d3-4cb6-9da5-91963f0e9ba0/nomination-district/931ea68d-da57-461d-bd81-4bfd65cab2d3,Gimsing,https://valg.dk/fv/47b883ef-d0d3-4cb6-9da5-91963f0e9ba0/nomination-district/931ea68d-da57-461d-bd81-4bfd65cab2d3/polling-district/5565341e-5eac-47c6-921b-17c0f48ad581
1. Struer,https://valg.dk/fv/47b883ef-d0d3-4cb6-9da5-91963f0e9ba0/nomination-district/931ea68d-da57-461d-bd81-4bfd65cab2d3,Harboøre,https://valg.dk/fv/47b883ef-d0d3-4cb6-9da5-91963f0e9ba0/nomination-district/931ea68d-da57-461d-bd81-4bfd65cab2d3/polling-district/7b409679-34b2-4100-9b80-a75029e353ff
1. Struer,https://valg.dk/fv/47b883ef-d0d3-4cb6-9da5-91963f0e9ba0/nomination-district/931ea68d-da57-461d-bd81-4bfd65cab2d3,Hjerm,https://valg.dk/fv/47b883ef-d0d3-4cb6-9da5-91963f0e9ba0/nomination-district/931ea68d-da57-461d-bd81-4bfd65cab2d3/polling-district/1a1ac46e-b159-4444-8d6c-25beab4d92c1
1. Struer,https://valg.dk/fv/47b883ef-d0d3-4cb6-9da5-91963f0e9ba0/nomination-district/931ea68d-da57-461d-bd81-4bfd65cab2d3,Humlum,https://valg.dk/fv/47b883ef-d0d3-4cb6-9da5-91963f0e9ba0/nomination-district/931ea68d-da57-461d-bd81-4bfd65cab2d3/polling-district/545f3e8c-c322-4a7f-8311-1ae7778071c7
1. Struer,https://valg.dk/fv/47b883ef-d0d3-4cb6-9da5-91963f0e9ba0/nomination-district/931ea68d-da57-461d-bd81-4bfd65cab2d3,Hvidbjerg,https://valg.dk/fv/47b883ef-d0d3-4cb6-9da5-91963f0e9ba0/nomination-district/931ea68d-da57-461d-bd81-4bfd65cab2d3/polling-district/2da9d6b3-8c5f-4707-a83a-b9bfe736a97f
1. Struer,https://valg.dk/fv/47b883ef-d0d3-4cb6-9da5-91963f0e9ba0/nomination-district/931ea68d-da57-461d-bd81-4bfd65cab2d3,Klinkby,https://valg.dk/fv/47b883ef-d0d3-4cb6-9da5-91963f0e9ba0/nomination-district/931ea68d-da57-461d-bd81-4bfd65cab2d3/polling-district/6198e2e5-1498-4099-9340-8e3eef2a952c
1. Struer,https://valg.dk/fv/47b883ef-d0d3-4cb6-9da5-91963f0e9ba0/nomination-district/931ea68d-da57-461d-bd81-4bfd65cab2d3,Langhøj,https://valg.dk/fv/47b883ef-d0d3-4cb6-9da5-91963f0e9ba0/nomination-district/931ea68d-da57-461d-bd81-4bfd65cab2d3/polling-district/1acb1dd0-e7d0-4c55-8102-6885136ba62a
1. Struer,https://valg.dk/fv/47b883ef-d0d3-4cb6-9da5-91963f0e9ba0/nomination-district/931ea68d-da57-461d-bd81-4bfd65cab2d3,Lemvig,https://valg.dk/fv/47b883ef-d0d3-4cb6-9da5-91963f0e9ba0/nomination-district/931ea68d-da57-461d-bd81-4bfd65cab2d3/polling-district/545d690f-a9a3-4d94-899b-f967b5b132b4
1. Struer,https://valg.dk/fv/47b883ef-d0d3-4cb6-9da5-91963f0e9ba0/nomination-district/931ea68d-da57-461d-bd81-4bfd65cab2d3,Nørre Nissum,https://valg.dk/fv/47b883ef-d0d3-4cb6-9da5-91963f0e9ba0/nomination-district/931ea68d-da57-461d-bd81-4bfd65cab2d3/polling-district/51e3d48e-0a4d-4820-8e5f-885b7d64e2af
1. Struer,https://valg.dk/fv/47b883ef-d0d3-4cb6-9da5-91963f0e9ba0/nomination-district/931ea68d-da57-461d-bd81-4bfd65cab2d3,Ramme,https://valg.dk/fv/47b883ef-d0d3-4cb6-9da5-91963f0e9ba0/nomination-district/931ea68d-da57-461d-bd81-4bfd65cab2d3/polling-district/d6f079de-f55b-44fa-b6a8-73a78576ee53
1. Struer,https://valg.dk/fv/47b883ef-d0d3-4cb6-9da5-91963f0e9ba0/nomination-district/931ea68d-da57-461d-bd81-4bfd65cab2d3,Struer,https://valg.dk/fv/47b883ef-d0d3-4cb6-9da5-91963f0e9ba0/nomination-district/931ea68d-da57-461d-bd81-4bfd65cab2d3/polling-district/873c101c-4f75-4bde-9bd2-c52aa99f2c6e
1. Struer,https://valg.dk/fv/47b883ef-d0d3-4cb6-9da5-91963f0e9ba0/nomination-district/931ea68d-da57-461d-bd81-4bfd65cab2d3,Tangsø,https://valg.dk/fv/47b883ef-d0d3-4cb6-9da5-91963f0e9ba0/nomination-district/931ea68d-da57-461d-bd81-4bfd65cab2d3/polling-district/8534b049-aa7c-4e0d-9245-9843bbb1cb29
1. Struer,https://valg.dk/fv/47b883ef-d0d3-4cb6-9da5-91963f0e9ba0/nomination-district/931ea68d-da57-461d-bd81-4bfd65cab2d3,Thyborøn,https://valg.dk/fv/47b883ef-d0d3-4cb6-9da5-91963f0e9ba0/nomination-district/931ea68d-da57-461d-bd81-4bfd65cab2d3/polling-district/50570164-f17f-47e3-a00b-284e7123f826
1. Sønderborg,https://valg.dk/fv/47b883ef-d0d3-4cb6-9da5-91963f0e9ba0/nomination-district/a1800e77-839b-44ab-ba71-6ac21b048cbb,Augustenborg,https://valg.dk/fv/47b883ef-d0d3-4cb6-9da5-91963f0e9ba0/nomination-district/a1800e77-839b-44ab-ba71-6ac21b048cbb/polling-district/aeb3ffa7-6df5-499c-bd9f-74d41799aca3
1. Sønderborg,https://valg.dk/fv/47b883ef-d0d3-4cb6-9da5-91963f0e9ba0/nomination-district/a1800e77-839b-44ab-ba71-6ac21b048cbb,Broager,https://valg.dk/fv/47b883ef-d0d3-4cb6-9da5-91963f0e9ba0/nomination-district/a1800e77-839b-44ab-ba71-6ac21b048cbb/polling-district/1aeffca2-ea9f-45b3-a85c-9ad53ac4d569
1. Sønderborg,https://valg.dk/fv/47b883ef-d0d3-4cb6-9da5-91963f0e9ba0/nomination-district/a1800e77-839b-44ab-ba71-6ac21b048cbb,Dybbøl,https://valg.dk/fv/47b883ef-d0d3-4cb6-9da5-91963f0e9ba0/nomination-district/a1800e77-839b-44ab-ba71-6ac21b048cbb/polling-district/dea0472d-09f5-456c-b021-9a20ca289021
1. Sønderborg,https://valg.dk/fv/47b883ef-d0d3-4cb6-9da5-91963f0e9ba0/nomination-district/a1800e77-839b-44ab-ba71-6ac21b048cbb,Egen,https://valg.dk/fv/47b883ef-d0d3-4cb6-9da5-91963f0e9ba0/nomination-district/a1800e77-839b-44ab-ba71-6ac21b048cbb/polling-district/7250633b-02f9-482c-8cc2-63bafd5e704f
1. Sønderborg,https://valg.dk/fv/47b883ef-d0d3-4cb6-9da5-91963f0e9ba0/nomination-district/a1800e77-839b-44ab-ba71-6ac21b048cbb,Fynshav,https://valg.dk/fv/47b883ef-d0d3-4cb6-9da5-91963f0e9ba0/nomination-district/a1800e77-839b-44ab-ba71-6ac21b048cbb/polling-district/f2bc11e0-8449-4305-8c34-274afa9fbf3b
1. Sønderborg,https://valg.dk/fv/47b883ef-d0d3-4cb6-9da5-91963f0e9ba0/nomination-district/a1800e77-839b-44ab-ba71-6ac21b048cbb,Gråsten,https://valg.dk/fv/47b883ef-d0d3-4cb6-9da5-91963f0e9ba0/nomination-district/a1800e77-839b-44ab-ba71-6ac21b048cbb/polling-district/a467a73e-3ec8-4ad1-a1c8-142745e6ef2f
1. Sønderborg,https://valg.dk/fv/47b883ef-d0d3-4cb6-9da5-91963f0e9ba0/nomination-district/a1800e77-839b-44ab-ba71-6ac21b048cbb,Havnbjerg,https://valg.dk/fv/47b883ef-d0d3-4cb6-9da5-91963f0e9ba0/nomination-district/a1800e77-839b-44ab-ba71-6ac21b048cbb/polling-district/0683e3bb-4943-47d8-943c-679f86e27fab
1. Sønderborg,https://valg.dk/fv/47b883ef-d0d3-4cb6-9da5-91963f0e9ba0/nomination-district/a1800e77-839b-44ab-ba71-6ac21b048cbb,"Humlehøj, Sønderborg",https://valg.dk/fv/47b883ef-d0d3-4cb6-9da5-91963f0e9ba0/nomination-district/a1800e77-839b-44ab-ba71-6ac21b048cbb/polling-district/8dff058e-895c-45de-b8b7-645b46f21626
1. Sønderborg,https://valg.dk/fv/47b883ef-d0d3-4cb6-9da5-91963f0e9ba0/nomination-district/a1800e77-839b-44ab-ba71-6ac21b048cbb,Hørup,https://valg.dk/fv/47b883ef-d0d3-4cb6-9da5-91963f0e9ba0/nomination-district/a1800e77-839b-44ab-ba71-6ac21b048cbb/polling-district/90b9cb94-1756-483b-95d9-83236203a23d
1. Sønderborg,https://valg.dk/fv/47b883ef-d0d3-4cb6-9da5-91963f0e9ba0/nomination-district/a1800e77-839b-44ab-ba71-6ac21b048cbb,Kegnæs,https://valg.dk/fv/47b883ef-d0d3-4cb6-9da5-91963f0e9ba0/nomination-district/a1800e77-839b-44ab-ba71-6ac21b048cbb/polling-district/841f8714-2fcd-4037-b5db-6e24b3ddbab8
1. Sønderborg,https://valg.dk/fv/47b883ef-d0d3-4cb6-9da5-91963f0e9ba0/nomination-district/a1800e77-839b-44ab-ba71-6ac21b048cbb,"Kongevej, Sønderborg",https://valg.dk/fv/47b883ef-d0d3-4cb6-9da5-91963f0e9ba0/nomination-district/a1800e77-839b-44ab-ba71-6ac21b048cbb/polling-district/91b9241f-d7a3-4ddd-95e0-9ec8dec003ef
1. Sønderborg,https://valg.dk/fv/47b883ef-d0d3-4cb6-9da5-91963f0e9ba0/nomination-district/a1800e77-839b-44ab-ba71-6ac21b048cbb,Kværs,https://valg.dk/fv/47b883ef-d0d3-4cb6-9da5-91963f0e9ba0/nomination-district/a1800e77-839b-44ab-ba71-6ac21b048cbb/polling-district/243d8972-ba52-400f-9395-c1647c128747
1. Sønderborg,https://valg.dk/fv/47b883ef-d0d3-4cb6-9da5-91963f0e9ba0/nomination-district/a1800e77-839b-44ab-ba71-6ac21b048cbb,Nordborg,https://valg.dk/fv/47b883ef-d0d3-4cb6-9da5-91963f0e9ba0/nomination-district/a1800e77-839b-44ab-ba71-6ac21b048cbb/polling-district/6377a96a-76d9-4ac0-a06c-fd3f4dd3452b
1. Sønderborg,https://valg.dk/fv/47b883ef-d0d3-4cb6-9da5-91963f0e9ba0/nomination-district/a1800e77-839b-44ab-ba71-6ac21b048cbb,Sydals,https://valg.dk/fv/47b883ef-d0d3-4cb6-9da5-91963f0e9ba0/nomination-district/a1800e77-839b-44ab-ba71-6ac21b048cbb/polling-district/467287f7-17f6-444f-b9bf-30323c068cf6
1. Sønderborg,https://valg.dk/fv/47b883ef-d0d3-4cb6-9da5-91963f0e9ba0/nomination-district/a1800e77-839b-44ab-ba71-6ac21b048cbb,"Sønderskov, Sønderborg",https://valg.dk/fv/47b883ef-d0d3-4cb6-9da5-91963f0e9ba0/nomination-district/a1800e77-839b-44ab-ba71-6ac21b048cbb/polling-district/f677b6c0-02ef-4862-9cde-5805a1c65c07
1. Sønderborg,https://valg.dk/fv/47b883ef-d0d3-4cb6-9da5-91963f0e9ba0/nomination-district/a1800e77-839b-44ab-ba71-6ac21b048cbb,Ullerup,https://valg.dk/fv/47b883ef-d0d3-4cb6-9da5-91963f0e9ba0/nomination-district/a1800e77-839b-44ab-ba71-6ac21b048cbb/polling-district/39d1e728-1840-43f0-9772-138092641d80
1. Sønderborg,https://valg.dk/fv/47b883ef-d0d3-4cb6-9da5-91963f0e9ba0/nomination-district/a1800e77-839b-44ab-ba71-6ac21b048cbb,Vester Sottrup,https://valg.dk/fv/47b883ef-d0d3-4cb6-9da5-91963f0e9ba0/nomination-district/a1800e77-839b-44ab-ba71-6ac21b048cbb/polling-district/321a6c80-6d27-48fc-88c0-7b37a724595e
1. Østerbro,https://valg.dk/fv/47b883ef-d0d3-4cb6-9da5-91963f0e9ba0/nomination-district/f7a75eba-d2c0-4c32-80e1-a2eae142fbc5,1. Nord,https://valg.dk/fv/47b883ef-d0d3-4cb6-9da5-91963f0e9ba0/nomination-district/f7a75eba-d2c0-4c32-80e1-a2eae142fbc5/polling-district/23bfb398-53d1-4df2-b8d1-6636848f41b5
1. Østerbro,https://valg.dk/fv/47b883ef-d0d3-4cb6-9da5-91963f0e9ba0/nomination-district/f7a75eba-d2c0-4c32-80e1-a2eae142fbc5,1. Nordhavn,https://valg.dk/fv/47b883ef-d0d3-4cb6-9da5-91963f0e9ba0/nomination-district/f7a75eba-d2c0-4c32-80e1-a2eae142fbc5/polling-district/ff32b10c-b715-4a4d-a538-d5106da09b3f
1. Østerbro,https://valg.dk/fv/47b883ef-d0d3-4cb6-9da5-91963f0e9ba0/nomination-district/f7a75eba-d2c0-4c32-80e1-a2eae142fbc5,1. Nordvest,https://valg.dk/fv/47b883ef-d0d3-4cb6-9da5-91963f0e9ba0/nomination-district/f7a75eba-d2c0-4c32-80e1-a2eae142fbc5/polling-district/e3fc6bea-75aa-4b83-9f57-3818bd594b9d
1. Østerbro,https://valg.dk/fv/47b883ef-d0d3-4cb6-9da5-91963f0e9ba0/nomination-district/f7a75eba-d2c0-4c32-80e1-a2eae142fbc5,1. Syd,https://valg.dk/fv/47b883ef-d0d3-4cb6-9da5-91963f0e9ba0/nomination-district/f7a75eba-d2c0-4c32-80e1-a2eae142fbc5/polling-district/a2b9c3e8-463e-46e0-bd2b-519da1fa9fc4
1. Østerbro,https://valg.dk/fv/47b883ef-d0d3-4cb6-9da5-91963f0e9ba0/nomination-district/f7a75eba-d2c0-4c32-80e1-a2eae142fbc5,1. Vest,https://valg.dk/fv/47b883ef-d0d3-4cb6-9da5-91963f0e9ba0/nomination-district/f7a75eba-d2c0-4c32-80e1-a2eae142fbc5/polling-district/01c6c742-ddfd-41c6-ab6b-9e97897a8114
1. Østerbro,https://valg.dk/fv/47b883ef-d0d3-4cb6-9da5-91963f0e9ba0/nomination-district/f7a75eba-d2c0-4c32-80e1-a2eae142fbc5,1. Øst,https://valg.dk/fv/47b883ef-d0d3-4cb6-9da5-91963f0e9ba0/nomination-district/f7a75eba-d2c0-4c32-80e1-a2eae142fbc5/polling-district/fc74280b-9e67-4a7a-85a6-85c53cc62d6e
1. Østerbro,https://valg.dk/fv/47b883ef-d0d3-4cb6-9da5-91963f0e9ba0/nomination-district/f7a75eba-d2c0-4c32-80e1-a2eae142fbc5,1. Østerbro,https://valg.dk/fv/47b883ef-d0d3-4cb6-9da5-91963f0e9ba0/nomination-district/f7a75eba-d2c0-4c32-80e1-a2eae142fbc5/polling-district/60ab5cc7-9f65-40fa-9994-661fea06ccdd
10. Falkoner,https://valg.dk/fv/47b883ef-d0d3-4cb6-9da5-91963f0e9ba0/nomination-district/b9138f0b-8858-4df2-8cce-2613a1aef4b8,"10. Kreds, Bülowsvej",https://valg.dk/fv/47b883ef-d0d3-4cb6-9da5-91963f0e9ba0/nomination-district/b9138f0b-8858-4df2-8cce-2613a1aef4b8/polling-district/26d77175-d67f-4e5f-ba7d-3b00e119ab09
10. Falkoner,https://valg.dk/fv/47b883ef-d0d3-4cb6-9da5-91963f0e9ba0/nomination-district/b9138f0b-8858-4df2-8cce-2613a1aef4b8,"10. Kreds, Duevej",https://valg.dk/fv/47b883ef-d0d3-4cb6-9da5-91963f0e9ba0/nomination-district/b9138f0b-8858-4df2-8cce-2613a1aef4b8/polling-district/dc11305c-f228-4f0f-af8a-9b58bc2b8121
10. Falkoner,https://valg.dk/fv/47b883ef-d0d3-4cb6-9da5-91963f0e9ba0/nomination-district/b9138f0b-8858-4df2-8cce-2613a1aef4b8,"10. Kreds, Grundtvigsvej",https://valg.dk/fv/47b883ef-d0d3-4cb6-9da5-91963f0e9ba0/nomination-district/b9138f0b-8858-4df2-8cce-2613a1aef4b8/polling-district/1501c4e0-8262-4238-ac81-cab9e2bbe974
10. Falkoner,https://valg.dk/fv/47b883ef-d0d3-4cb6-9da5-91963f0e9ba0/nomination-district/b9138f0b-8858-4df2-8cce-2613a1aef4b8,"10. Kreds, Søerne",https://valg.dk/fv/47b883ef-d0d3-4cb6-9da5-91963f0e9ba0/nomination-district/b9138f0b-8858-4df2-8cce-2613a1aef4b8/polling-district/a7b24324-891c-4f6f-9e45-a4505e7d68df
10. Fredericia,https://valg.dk/fv/47b883ef-d0d3-4cb6-9da5-91963f0e9ba0/nomination-district/e736c411-539f-4494-9513-4bfac7fc4ef8,Bredstrup-Pjedsted,https://valg.dk/fv/47b883ef-d0d3-4cb6-9da5-91963f0e9ba0/nomination-district/e736c411-539f-4494-9513-4bfac7fc4ef8/polling-district/c900390a-839b-4a42-862b-e5005c6dfd26
10. Fredericia,https://valg.dk/fv/47b883ef-d0d3-4cb6-9da5-91963f0e9ba0/nomination-district/e736c411-539f-4494-9513-4bfac7fc4ef8,Bøgeskov,https://valg.dk/fv/47b883ef-d0d3-4cb6-9da5-91963f0e9ba0/nomination-district/e736c411-539f-4494-9513-4bfac7fc4ef8/polling-district/73717922-c621-4226-a749-972472f34812
10. Fredericia,https://valg.dk/fv/47b883ef-d0d3-4cb6-9da5-91963f0e9ba0/nomination-district/e736c411-539f-4494-9513-4bfac7fc4ef8,Erritsø,https://valg.dk/fv/47b883ef-d0d3-4cb6-9da5-91963f0e9ba0/nomination-district/e736c411-539f-4494-9513-4bfac7fc4ef8/polling-district/01abc6cb-e186-4bb2-ae62-2fe61c44fdd4
10. Fredericia,https://valg.dk/fv/47b883ef-d0d3-4cb6-9da5-91963f0e9ba0/nomination-district/e736c411-539f-4494-9513-4bfac7fc4ef8,Gymnasiet 1,https://valg.dk/fv/47b883ef-d0d3-4cb6-9da5-91963f0e9ba0/nomination-district/e736c411-539f-4494-9513-4bfac7fc4ef8/polling-district/3072c042-9c53-4340-818b-f2436007a974
10. Fredericia,https://valg.dk/fv/47b883ef-d0d3-4cb6-9da5-91963f0e9ba0/nomination-district/e736c411-539f-4494-9513-4bfac7fc4ef8,Gymnasiet 2,https://valg.dk/fv/47b883ef-d0d3-4cb6-9da5-91963f0e9ba0/nomination-district/e736c411-539f-4494-9513-4bfac7fc4ef8/polling-district/05c3d7a4-ca06-4067-8d7a-68b1b83294e1
10. Fredericia,https://valg.dk/fv/47b883ef-d0d3-4cb6-9da5-91963f0e9ba0/nomination-district/e736c411-539f-4494-9513-4bfac7fc4ef8,Herslev,https://valg.dk/fv/47b883ef-d0d3-4cb6-9da5-91963f0e9ba0/nomination-district/e736c411-539f-4494-9513-4bfac7fc4ef8/polling-district/2ad47afa-4db3-4558-a029-4d2d415e0768
10. Fredericia,https://valg.dk/fv/47b883ef-d0d3-4cb6-9da5-91963f0e9ba0/nomination-district/e736c411-539f-4494-9513-4bfac7fc4ef8,Indre By,https://valg.dk/fv/47b883ef-d0d3-4cb6-9da5-91963f0e9ba0/nomination-district/e736c411-539f-4494-9513-4bfac7fc4ef8/polling-district/7ad4b2af-e850-4991-a17d-30911e49508d
10. Fredericia,https://valg.dk/fv/47b883ef-d0d3-4cb6-9da5-91963f0e9ba0/nomination-district/e736c411-539f-4494-9513-4bfac7fc4ef8,Søndermarken,https://valg.dk/fv/47b883ef-d0d3-4cb6-9da5-91963f0e9ba0/nomination-district/e736c411-539f-4494-9513-4bfac7fc4ef8/polling-district/ed30839e-b648-437f-80d4-defd10d308a5
10. Fredericia,https://valg.dk/fv/47b883ef-d0d3-4cb6-9da5-91963f0e9ba0/nomination-district/e736c411-539f-4494-9513-4bfac7fc4ef8,Taulov,https://valg.dk/fv/47b883ef-d0d3-4cb6-9da5-91963f0e9ba0/nomination-district/e736c411-539f-4494-9513-4bfac7fc4ef8/polling-district/cdbecf01-4254-47c7-9fc0-e9f3f211cd04
10. Holstebro,https://valg.dk/fv/47b883ef-d0d3-4cb6-9da5-91963f0e9ba0/nomination-district/c5fd15fc-9c5b-48fe-bed7-08b6dfdf4521,Mejdal,https://valg.dk/fv/47b883ef-d0d3-4cb6-9da5-91963f0e9ba0/nomination-district/c5fd15fc-9c5b-48fe-bed7-08b6dfdf4521/polling-district/9993919f-5b8d-4ecd-91e8-3b2a5d3adc2a
10. Holstebro,https://valg.dk/fv/47b883ef-d0d3-4cb6-9da5-91963f0e9ba0/nomination-district/c5fd15fc-9c5b-48fe-bed7-08b6dfdf4521,Mejrup,https://valg.dk/fv/47b883ef-d0d3-4cb6-9da5-91963f0e9ba0/nomination-district/c5fd15fc-9c5b-48fe-bed7-08b6dfdf4521/polling-district/72807be1-8c6e-4d57-9f4b-4ad313d074cd
10. Holstebro,https://valg.dk/fv/47b883ef-d0d3-4cb6-9da5-91963f0e9ba0/nomination-district/c5fd15fc-9c5b-48fe-bed7-08b6dfdf4521,Musikteatret,https://valg.dk/fv/47b883ef-d0d3-4cb6-9da5-91963f0e9ba0/nomination-district/c5fd15fc-9c5b-48fe-bed7-08b6dfdf4521/polling-district/30e02958-5d4f-4b1f-b923-a04818f2a2c5
10. Holstebro,https://valg.dk/fv/47b883ef-d0d3-4cb6-9da5-91963f0e9ba0/nomination-district/c5fd15fc-9c5b-48fe-bed7-08b6dfdf4521,Nørre Boulevard Skolen,https://valg.dk/fv/47b883ef-d0d3-4cb6-9da5-91963f0e9ba0/nomination-district/c5fd15fc-9c5b-48fe-bed7-08b6dfdf4521/polling-district/dbfc17aa-635a-49b1-8704-513df3a11ca1
10. Holstebro,https://valg.dk/fv/47b883ef-d0d3-4cb6-9da5-91963f0e9ba0/nomination-district/c5fd15fc-9c5b-48fe-bed7-08b6dfdf4521,Sdr. Nissum,https://valg.dk/fv/47b883ef-d0d3-4cb6-9da5-91963f0e9ba0/nomination-district/c5fd15fc-9c5b-48fe-bed7-08b6dfdf4521/polling-district/5a3f0d70-f883-4b78-91ff-e7a12a08d910
10. Holstebro,https://valg.dk/fv/47b883ef-d0d3-4cb6-9da5-91963f0e9ba0/nomination-district/c5fd15fc-9c5b-48fe-bed7-08b6dfdf4521,Sevel,https://valg.dk/fv/47b883ef-d0d3-4cb6-9da5-91963f0e9ba0/nomination-district/c5fd15fc-9c5b-48fe-bed7-08b6dfdf4521/polling-district/14ac812d-bac4-4784-892d-d6be9e2796de
10. Holstebro,https://valg.dk/fv/47b883ef-d0d3-4cb6-9da5-91963f0e9ba0/nomination-district/c5fd15fc-9c5b-48fe-bed7-08b6dfdf4521,Skave,https://valg.dk/fv/47b883ef-d0d3-4cb6-9da5-91963f0e9ba0/nomination-district/c5fd15fc-9c5b-48fe-bed7-08b6dfdf4521/polling-district/c12800c3-a190-469e-98db-60c7929cba01
10. Holstebro,https://valg.dk/fv/47b883ef-d0d3-4cb6-9da5-91963f0e9ba0/nomination-district/c5fd15fc-9c5b-48fe-bed7-08b6dfdf4521,Ulfborg,https://valg.dk/fv/47b883ef-d0d3-4cb6-9da5-91963f0e9ba0/nomination-district/c5fd15fc-9c5b-48fe-bed7-08b6dfdf4521/polling-district/f0ffeec0-73ea-49bc-abcf-6b9b92c9c2e3
10. Holstebro,https://valg.dk/fv/47b883ef-d0d3-4cb6-9da5-91963f0e9ba0/nomination-district/c5fd15fc-9c5b-48fe-bed7-08b6dfdf4521,Vemb,https://valg.dk/fv/47b883ef-d0d3-4cb6-9da5-91963f0e9ba0/nomination-district/c5fd15fc-9c5b-48fe-bed7-08b6dfdf4521/polling-district/e753bbd3-7f69-4bdf-b90a-b4c1e8d29959
10. Holstebro,https://valg.dk/fv/47b883ef-d0d3-4cb6-9da5-91963f0e9ba0/nomination-district/c5fd15fc-9c5b-48fe-bed7-08b6dfdf4521,Vinderup,https://valg.dk/fv/47b883ef-d0d3-4cb6-9da5-91963f0e9ba0/nomination-district/c5fd15fc-9c5b-48fe-bed7-08b6dfdf4521/polling-district/63baab94-e5a8-4774-afb7-7493be46201c
10. Horsens,https://valg.dk/fv/47b883ef-d0d3-4cb6-9da5-91963f0e9ba0/nomination-district/0e2ddb79-b1b1-4602-9359-76a95d18d3b6,Brædstrup,https://valg.dk/fv/47b883ef-d0d3-4cb6-9da5-91963f0e9ba0/nomination-district/0e2ddb79-b1b1-4602-9359-76a95d18d3b6/polling-district/53178aab-b507-4c6d-84a5-a6e46e2874bb
10. Horsens,https://valg.dk/fv/47b883ef-d0d3-4cb6-9da5-91963f0e9ba0/nomination-district/0e2ddb79-b1b1-4602-9359-76a95d18d3b6,Dagnæs,https://valg.dk/fv/47b883ef-d0d3-4cb6-9da5-91963f0e9ba0/nomination-district/0e2ddb79-b1b1-4602-9359-76a95d18d3b6/polling-district/ffc0886d-c7cc-4da9-a894-d01a2ea29fde
10. Horsens,https://valg.dk/fv/47b883ef-d0d3-4cb6-9da5-91963f0e9ba0/nomination-district/0e2ddb79-b1b1-4602-9359-76a95d18d3b6,Egebjerg,https://valg.dk/fv/47b883ef-d0d3-4cb6-9da5-91963f0e9ba0/nomination-district/0e2ddb79-b1b1-4602-9359-76a95d18d3b6/polling-district/3da2a4cb-2700-46ba-a548-a849d33accd8
10. Horsens,https://valg.dk/fv/47b883ef-d0d3-4cb6-9da5-91963f0e9ba0/nomination-district/0e2ddb79-b1b1-4602-9359-76a95d18d3b6,Endelave,https://valg.dk/fv/47b883ef-d0d3-4cb6-9da5-91963f0e9ba0/nomination-district/0e2ddb79-b1b1-4602-9359-76a95d18d3b6/polling-district/ee133b74-45e2-4b9b-bdf0-10265449918b
10. Horsens,https://valg.dk/fv/47b883ef-d0d3-4cb6-9da5-91963f0e9ba0/nomination-district/0e2ddb79-b1b1-4602-9359-76a95d18d3b6,Forum,https://valg.dk/fv/47b883ef-d0d3-4cb6-9da5-91963f0e9ba0/nomination-district/0e2ddb79-b1b1-4602-9359-76a95d18d3b6/polling-district/80b1f174-7909-484e-afc2-bb451f8b3766
10. Horsens,https://valg.dk/fv/47b883ef-d0d3-4cb6-9da5-91963f0e9ba0/nomination-district/0e2ddb79-b1b1-4602-9359-76a95d18d3b6,Gedved,https://valg.dk/fv/47b883ef-d0d3-4cb6-9da5-91963f0e9ba0/nomination-district/0e2ddb79-b1b1-4602-9359-76a95d18d3b6/polling-district/65fdbaa2-ed56-4ed6-8695-055fc416f406
10. Horsens,https://valg.dk/fv/47b883ef-d0d3-4cb6-9da5-91963f0e9ba0/nomination-district/0e2ddb79-b1b1-4602-9359-76a95d18d3b6,Hatting,https://valg.dk/fv/47b883ef-d0d3-4cb6-9da5-91963f0e9ba0/nomination-district/0e2ddb79-b1b1-4602-9359-76a95d18d3b6/polling-district/220c2e5e-94fb-4330-b996-5c81f0a20675
10. Horsens,https://valg.dk/fv/47b883ef-d0d3-4cb6-9da5-91963f0e9ba0/nomination-district/0e2ddb79-b1b1-4602-9359-76a95d18d3b6,Hovedgård,https://valg.dk/fv/47b883ef-d0d3-4cb6-9da5-91963f0e9ba0/nomination-district/0e2ddb79-b1b1-4602-9359-76a95d18d3b6/polling-district/43b06ba3-b54f-4866-a9f5-de0d2d13aef4
10. Horsens,https://valg.dk/fv/47b883ef-d0d3-4cb6-9da5-91963f0e9ba0/nomination-district/0e2ddb79-b1b1-4602-9359-76a95d18d3b6,Højvangen,https://valg.dk/fv/47b883ef-d0d3-4cb6-9da5-91963f0e9ba0/nomination-district/0e2ddb79-b1b1-4602-9359-76a95d18d3b6/polling-district/c7ae89a1-f235-4af9-9698-9ab887d84da9
10. Horsens,https://valg.dk/fv/47b883ef-d0d3-4cb6-9da5-91963f0e9ba0/nomination-district/0e2ddb79-b1b1-4602-9359-76a95d18d3b6,Lund,https://valg.dk/fv/47b883ef-d0d3-4cb6-9da5-91963f0e9ba0/nomination-district/0e2ddb79-b1b1-4602-9359-76a95d18d3b6/polling-district/6cba4129-bfc2-4b45-9123-4b02449709b2
10. Horsens,https://valg.dk/fv/47b883ef-d0d3-4cb6-9da5-91963f0e9ba0/nomination-district/0e2ddb79-b1b1-4602-9359-76a95d18d3b6,Midtbyen,https://valg.dk/fv/47b883ef-d0d3-4cb6-9da5-91963f0e9ba0/nomination-district/0e2ddb79-b1b1-4602-9359-76a95d18d3b6/polling-district/c1c2fa36-4100-4837-9431-28a86218f185
10. Horsens,https://valg.dk/fv/47b883ef-d0d3-4cb6-9da5-91963f0e9ba0/nomination-district/0e2ddb79-b1b1-4602-9359-76a95d18d3b6,Nim,https://valg.dk/fv/47b883ef-d0d3-4cb6-9da5-91963f0e9ba0/nomination-district/0e2ddb79-b1b1-4602-9359-76a95d18d3b6/polling-district/cd7ea8dc-9978-41d6-aa3b-d6a9e5bcebb9
10. Horsens,https://valg.dk/fv/47b883ef-d0d3-4cb6-9da5-91963f0e9ba0/nomination-district/0e2ddb79-b1b1-4602-9359-76a95d18d3b6,Sdr.Vissing,https://valg.dk/fv/47b883ef-d0d3-4cb6-9da5-91963f0e9ba0/nomination-district/0e2ddb79-b1b1-4602-9359-76a95d18d3b6/polling-district/b9c337f4-2b3a-4819-82ae-04c28769de09
10. Horsens,https://valg.dk/fv/47b883ef-d0d3-4cb6-9da5-91963f0e9ba0/nomination-district/0e2ddb79-b1b1-4602-9359-76a95d18d3b6,Sejet,https://valg.dk/fv/47b883ef-d0d3-4cb6-9da5-91963f0e9ba0/nomination-district/0e2ddb79-b1b1-4602-9359-76a95d18d3b6/polling-district/c2d68d6f-5731-4bf4-aecb-62148bec3ddf
10. Horsens,https://valg.dk/fv/47b883ef-d0d3-4cb6-9da5-91963f0e9ba0/nomination-district/0e2ddb79-b1b1-4602-9359-76a95d18d3b6,Stensballe,https://valg.dk/fv/47b883ef-d0d3-4cb6-9da5-91963f0e9ba0/nomination-district/0e2ddb79-b1b1-4602-9359-76a95d18d3b6/polling-district/4c7072dc-d9c1-4957-99a4-811dd7c2eca6
10. Horsens,https://valg.dk/fv/47b883ef-d0d3-4cb6-9da5-91963f0e9ba0/nomination-district/0e2ddb79-b1b1-4602-9359-76a95d18d3b6,Sundparken,https://valg.dk/fv/47b883ef-d0d3-4cb6-9da5-91963f0e9ba0/nomination-district/0e2ddb79-b1b1-4602-9359-76a95d18d3b6/polling-district/4d6045c5-f6e1-4846-8d95-082dad2d140b
10. Horsens,https://valg.dk/fv/47b883ef-d0d3-4cb6-9da5-91963f0e9ba0/nomination-district/0e2ddb79-b1b1-4602-9359-76a95d18d3b6,Sønderbro,https://valg.dk/fv/47b883ef-d0d3-4cb6-9da5-91963f0e9ba0/nomination-district/0e2ddb79-b1b1-4602-9359-76a95d18d3b6/polling-district/06ae29b7-5520-41f0-8cc7-382479d39e4e
10. Horsens,https://valg.dk/fv/47b883ef-d0d3-4cb6-9da5-91963f0e9ba0/nomination-district/0e2ddb79-b1b1-4602-9359-76a95d18d3b6,Søvind,https://valg.dk/fv/47b883ef-d0d3-4cb6-9da5-91963f0e9ba0/nomination-district/0e2ddb79-b1b1-4602-9359-76a95d18d3b6/polling-district/7ab155bf-37c7-42c4-a2de-28f4a3828f85
10. Horsens,https://valg.dk/fv/47b883ef-d0d3-4cb6-9da5-91963f0e9ba0/nomination-district/0e2ddb79-b1b1-4602-9359-76a95d18d3b6,Torsted,https://valg.dk/fv/47b883ef-d0d3-4cb6-9da5-91963f0e9ba0/nomination-district/0e2ddb79-b1b1-4602-9359-76a95d18d3b6/polling-district/159f6323-69c2-41c2-a1c3-a8ed4364b3ef
10. Horsens,https://valg.dk/fv/47b883ef-d0d3-4cb6-9da5-91963f0e9ba0/nomination-district/0e2ddb79-b1b1-4602-9359-76a95d18d3b6,Tønning-Træden,https://valg.dk/fv/47b883ef-d0d3-4cb6-9da5-91963f0e9ba0/nomination-district/0e2ddb79-b1b1-4602-9359-76a95d18d3b6/polling-district/9ae9c7be-baf5-4613-baae-ac36cffe852c
10. Horsens,https://valg.dk/fv/47b883ef-d0d3-4cb6-9da5-91963f0e9ba0/nomination-district/0e2ddb79-b1b1-4602-9359-76a95d18d3b6,Vestbyen,https://valg.dk/fv/47b883ef-d0d3-4cb6-9da5-91963f0e9ba0/nomination-district/0e2ddb79-b1b1-4602-9359-76a95d18d3b6/polling-district/194970d7-2517-4ab4-9681-6db536463ea5
10. Horsens,https://valg.dk/fv/47b883ef-d0d3-4cb6-9da5-91963f0e9ba0/nomination-district/0e2ddb79-b1b1-4602-9359-76a95d18d3b6,Østbirk,https://valg.dk/fv/47b883ef-d0d3-4cb6-9da5-91963f0e9ba0/nomination-district/0e2ddb79-b1b1-4602-9359-76a95d18d3b6/polling-district/cc4f83f2-14c8-4b8d-b636-1b446131cadd
10. Kalundborg,https://valg.dk/fv/47b883ef-d0d3-4cb6-9da5-91963f0e9ba0/nomination-district/68b5e4d9-1c4e-426b-a2ec-9728af70780d,Asnæs,https://valg.dk/fv/47b883ef-d0d3-4cb6-9da5-91963f0e9ba0/nomination-district/68b5e4d9-1c4e-426b-a2ec-9728af70780d/polling-district/4f5963b7-5be0-4f67-a1f5-441abf94f47d
10. Kalundborg,https://valg.dk/fv/47b883ef-d0d3-4cb6-9da5-91963f0e9ba0/nomination-district/68b5e4d9-1c4e-426b-a2ec-9728af70780d,Buerup,https://valg.dk/fv/47b883ef-d0d3-4cb6-9da5-91963f0e9ba0/nomination-district/68b5e4d9-1c4e-426b-a2ec-9728af70780d/polling-district/310564d8-956a-4515-b513-e98a31d56482
10. Kalundborg,https://valg.dk/fv/47b883ef-d0d3-4cb6-9da5-91963f0e9ba0/nomination-district/68b5e4d9-1c4e-426b-a2ec-9728af70780d,Egebjerg,https://valg.dk/fv/47b883ef-d0d3-4cb6-9da5-91963f0e9ba0/nomination-district/68b5e4d9-1c4e-426b-a2ec-9728af70780d/polling-district/1ce9e261-5efe-4cb8-873b-138b5cf546ef
10. Kalundborg,https://valg.dk/fv/47b883ef-d0d3-4cb6-9da5-91963f0e9ba0/nomination-district/68b5e4d9-1c4e-426b-a2ec-9728af70780d,Fårevejle,https://valg.dk/fv/47b883ef-d0d3-4cb6-9da5-91963f0e9ba0/nomination-district/68b5e4d9-1c4e-426b-a2ec-9728af70780d/polling-district/5accc047-aa10-4f2a-b9cb-17cadd3d8e24
10. Kalundborg,https://valg.dk/fv/47b883ef-d0d3-4cb6-9da5-91963f0e9ba0/nomination-district/68b5e4d9-1c4e-426b-a2ec-9728af70780d,Gierslev,https://valg.dk/fv/47b883ef-d0d3-4cb6-9da5-91963f0e9ba0/nomination-district/68b5e4d9-1c4e-426b-a2ec-9728af70780d/polling-district/47d27d7a-0653-4c2e-8676-998aeb993e17
10. Kalundborg,https://valg.dk/fv/47b883ef-d0d3-4cb6-9da5-91963f0e9ba0/nomination-district/68b5e4d9-1c4e-426b-a2ec-9728af70780d,Grevinge,https://valg.dk/fv/47b883ef-d0d3-4cb6-9da5-91963f0e9ba0/nomination-district/68b5e4d9-1c4e-426b-a2ec-9728af70780d/polling-district/9f186eed-44e0-472d-b441-cfc0e4fa1534
10. Kalundborg,https://valg.dk/fv/47b883ef-d0d3-4cb6-9da5-91963f0e9ba0/nomination-district/68b5e4d9-1c4e-426b-a2ec-9728af70780d,Gørlev,https://valg.dk/fv/47b883ef-d0d3-4cb6-9da5-91963f0e9ba0/nomination-district/68b5e4d9-1c4e-426b-a2ec-9728af70780d/polling-district/58d1e6cf-133c-40b5-9740-7b50a0c61f9f
10. Kalundborg,https://valg.dk/fv/47b883ef-d0d3-4cb6-9da5-91963f0e9ba0/nomination-district/68b5e4d9-1c4e-426b-a2ec-9728af70780d,Højby,https://valg.dk/fv/47b883ef-d0d3-4cb6-9da5-91963f0e9ba0/nomination-district/68b5e4d9-1c4e-426b-a2ec-9728af70780d/polling-district/0c916c81-944c-4d26-81a7-58480b1073e8
10. Kalundborg,https://valg.dk/fv/47b883ef-d0d3-4cb6-9da5-91963f0e9ba0/nomination-district/68b5e4d9-1c4e-426b-a2ec-9728af70780d,Høng,https://valg.dk/fv/47b883ef-d0d3-4cb6-9da5-91963f0e9ba0/nomination-district/68b5e4d9-1c4e-426b-a2ec-9728af70780d/polling-district/9e55eb32-19cf-4a63-a89f-ef0416814710
10. Kalundborg,https://valg.dk/fv/47b883ef-d0d3-4cb6-9da5-91963f0e9ba0/nomination-district/68b5e4d9-1c4e-426b-a2ec-9728af70780d,Hørve,https://valg.dk/fv/47b883ef-d0d3-4cb6-9da5-91963f0e9ba0/nomination-district/68b5e4d9-1c4e-426b-a2ec-9728af70780d/polling-district/6df631d1-a72c-4567-9a35-aa0e72d69d9b
10. Kalundborg,https://valg.dk/fv/47b883ef-d0d3-4cb6-9da5-91963f0e9ba0/nomination-district/68b5e4d9-1c4e-426b-a2ec-9728af70780d,Kalundborghallen,https://valg.dk/fv/47b883ef-d0d3-4cb6-9da5-91963f0e9ba0/nomination-district/68b5e4d9-1c4e-426b-a2ec-9728af70780d/polling-district/50b941c9-138c-4333-9f1a-a9df28e616f8
10. Kalundborg,https://valg.dk/fv/47b883ef-d0d3-4cb6-9da5-91963f0e9ba0/nomination-district/68b5e4d9-1c4e-426b-a2ec-9728af70780d,Kr. Helsinge,https://valg.dk/fv/47b883ef-d0d3-4cb6-9da5-91963f0e9ba0/nomination-district/68b5e4d9-1c4e-426b-a2ec-9728af70780d/polling-district/138bdec6-f59a-4382-8e24-03ecdbdcd04d
10. Kalundborg,https://valg.dk/fv/47b883ef-d0d3-4cb6-9da5-91963f0e9ba0/nomination-district/68b5e4d9-1c4e-426b-a2ec-9728af70780d,Lumsås,https://valg.dk/fv/47b883ef-d0d3-4cb6-9da5-91963f0e9ba0/nomination-district/68b5e4d9-1c4e-426b-a2ec-9728af70780d/polling-district/c91b7cc9-7637-4b68-9e35-f4e8e67440d4
10. Kalundborg,https://valg.dk/fv/47b883ef-d0d3-4cb6-9da5-91963f0e9ba0/nomination-district/68b5e4d9-1c4e-426b-a2ec-9728af70780d,Nr. Asmindrup,https://valg.dk/fv/47b883ef-d0d3-4cb6-9da5-91963f0e9ba0/nomination-district/68b5e4d9-1c4e-426b-a2ec-9728af70780d/polling-district/d97318bb-2a02-4ca4-98c5-1437b948b7fc
10. Kalundborg,https://valg.dk/fv/47b883ef-d0d3-4cb6-9da5-91963f0e9ba0/nomination-district/68b5e4d9-1c4e-426b-a2ec-9728af70780d,Nykøbing,https://valg.dk/fv/47b883ef-d0d3-4cb6-9da5-91963f0e9ba0/nomination-district/68b5e4d9-1c4e-426b-a2ec-9728af70780d/polling-district/2af5f1f6-93ea-4568-a59b-ff90d6033d12
10. Kalundborg,https://valg.dk/fv/47b883ef-d0d3-4cb6-9da5-91963f0e9ba0/nomination-district/68b5e4d9-1c4e-426b-a2ec-9728af70780d,Odden,https://valg.dk/fv/47b883ef-d0d3-4cb6-9da5-91963f0e9ba0/nomination-district/68b5e4d9-1c4e-426b-a2ec-9728af70780d/polling-district/5f7344ad-00ed-436c-822d-485625331360
10. Kalundborg,https://valg.dk/fv/47b883ef-d0d3-4cb6-9da5-91963f0e9ba0/nomination-district/68b5e4d9-1c4e-426b-a2ec-9728af70780d,Raklev,https://valg.dk/fv/47b883ef-d0d3-4cb6-9da5-91963f0e9ba0/nomination-district/68b5e4d9-1c4e-426b-a2ec-9728af70780d/polling-district/5e980c47-40c8-41ac-b083-387b68c47ad0
10. Kalundborg,https://valg.dk/fv/47b883ef-d0d3-4cb6-9da5-91963f0e9ba0/nomination-district/68b5e4d9-1c4e-426b-a2ec-9728af70780d,Reersø,https://valg.dk/fv/47b883ef-d0d3-4cb6-9da5-91963f0e9ba0/nomination-district/68b5e4d9-1c4e-426b-a2ec-9728af70780d/polling-district/eea439ba-aeeb-4039-b4fb-9904ca121ddb
10. Kalundborg,https://valg.dk/fv/47b883ef-d0d3-4cb6-9da5-91963f0e9ba0/nomination-district/68b5e4d9-1c4e-426b-a2ec-9728af70780d,Rynkevang,https://valg.dk/fv/47b883ef-d0d3-4cb6-9da5-91963f0e9ba0/nomination-district/68b5e4d9-1c4e-426b-a2ec-9728af70780d/polling-district/2f2b33a8-ef2e-4a6c-8f91-b915a236c7b5
10. Kalundborg,https://valg.dk/fv/47b883ef-d0d3-4cb6-9da5-91963f0e9ba0/nomination-district/68b5e4d9-1c4e-426b-a2ec-9728af70780d,Rørvig,https://valg.dk/fv/47b883ef-d0d3-4cb6-9da5-91963f0e9ba0/nomination-district/68b5e4d9-1c4e-426b-a2ec-9728af70780d/polling-district/4d5a9b52-9e5f-4c16-b834-c73bca5f05f2
10. Kalundborg,https://valg.dk/fv/47b883ef-d0d3-4cb6-9da5-91963f0e9ba0/nomination-district/68b5e4d9-1c4e-426b-a2ec-9728af70780d,Røsnæs,https://valg.dk/fv/47b883ef-d0d3-4cb6-9da5-91963f0e9ba0/nomination-district/68b5e4d9-1c4e-426b-a2ec-9728af70780d/polling-district/3b23b9b6-b8bd-4b54-b1a1-6b0ecd3ff7b3
10. Kalundborg,https://valg.dk/fv/47b883ef-d0d3-4cb6-9da5-91963f0e9ba0/nomination-district/68b5e4d9-1c4e-426b-a2ec-9728af70780d,Sejerø,https://valg.dk/fv/47b883ef-d0d3-4cb6-9da5-91963f0e9ba0/nomination-district/68b5e4d9-1c4e-426b-a2ec-9728af70780d/polling-district/704e9975-7dfe-45df-99f7-4ca85660e98a
10. Kalundborg,https://valg.dk/fv/47b883ef-d0d3-4cb6-9da5-91963f0e9ba0/nomination-district/68b5e4d9-1c4e-426b-a2ec-9728af70780d,Snertinge,https://valg.dk/fv/47b883ef-d0d3-4cb6-9da5-91963f0e9ba0/nomination-district/68b5e4d9-1c4e-426b-a2ec-9728af70780d/polling-district/8880510b-7732-4544-9b6d-912a7e690431
10. Kalundborg,https://valg.dk/fv/47b883ef-d0d3-4cb6-9da5-91963f0e9ba0/nomination-district/68b5e4d9-1c4e-426b-a2ec-9728af70780d,Svallerup,https://valg.dk/fv/47b883ef-d0d3-4cb6-9da5-91963f0e9ba0/nomination-district/68b5e4d9-1c4e-426b-a2ec-9728af70780d/polling-district/787622cd-4d0a-4d29-a3c2-cb036cb21dba
10. Kalundborg,https://valg.dk/fv/47b883ef-d0d3-4cb6-9da5-91963f0e9ba0/nomination-district/68b5e4d9-1c4e-426b-a2ec-9728af70780d,Svebølle,https://valg.dk/fv/47b883ef-d0d3-4cb6-9da5-91963f0e9ba0/nomination-district/68b5e4d9-1c4e-426b-a2ec-9728af70780d/polling-district/90071aed-483b-42ae-8090-0b27c9f212c5
10. Kalundborg,https://valg.dk/fv/47b883ef-d0d3-4cb6-9da5-91963f0e9ba0/nomination-district/68b5e4d9-1c4e-426b-a2ec-9728af70780d,Tømmerup,https://valg.dk/fv/47b883ef-d0d3-4cb6-9da5-91963f0e9ba0/nomination-district/68b5e4d9-1c4e-426b-a2ec-9728af70780d/polling-district/b68390b3-1854-4c1b-96e7-da2e1cd9526a
10. Kalundborg,https://valg.dk/fv/47b883ef-d0d3-4cb6-9da5-91963f0e9ba0/nomination-district/68b5e4d9-1c4e-426b-a2ec-9728af70780d,Ubby,https://valg.dk/fv/47b883ef-d0d3-4cb6-9da5-91963f0e9ba0/nomination-district/68b5e4d9-1c4e-426b-a2ec-9728af70780d/polling-district/e52b42de-04f5-4a3c-9f1d-5ec60203f6fc
10. Kalundborg,https://valg.dk/fv/47b883ef-d0d3-4cb6-9da5-91963f0e9ba0/nomination-district/68b5e4d9-1c4e-426b-a2ec-9728af70780d,Ulshøj,https://valg.dk/fv/47b883ef-d0d3-4cb6-9da5-91963f0e9ba0/nomination-district/68b5e4d9-1c4e-426b-a2ec-9728af70780d/polling-district/ea3f7ab7-3a31-4250-b0da-524c7cee560a
10. Kalundborg,https://valg.dk/fv/47b883ef-d0d3-4cb6-9da5-91963f0e9ba0/nomination-district/68b5e4d9-1c4e-426b-a2ec-9728af70780d,Vig,https://valg.dk/fv/47b883ef-d0d3-4cb6-9da5-91963f0e9ba0/nomination-district/68b5e4d9-1c4e-426b-a2ec-9728af70780d/polling-district/e2b1e308-99cc-4c24-8669-1849dcfe1e26
10. Kalundborg,https://valg.dk/fv/47b883ef-d0d3-4cb6-9da5-91963f0e9ba0/nomination-district/68b5e4d9-1c4e-426b-a2ec-9728af70780d,Årby-Rørby,https://valg.dk/fv/47b883ef-d0d3-4cb6-9da5-91963f0e9ba0/nomination-district/68b5e4d9-1c4e-426b-a2ec-9728af70780d/polling-district/959d5fa0-e2f6-4c54-bb41-6488c4e00899
11. Hedensted,https://valg.dk/fv/47b883ef-d0d3-4cb6-9da5-91963f0e9ba0/nomination-district/bcd395b3-3102-4ea2-b935-95f681bfab46,Aale,https://valg.dk/fv/47b883ef-d0d3-4cb6-9da5-91963f0e9ba0/nomination-district/bcd395b3-3102-4ea2-b935-95f681bfab46/polling-district/1d199f4b-d206-468b-b596-ee0fe920cb66
11. Hedensted,https://valg.dk/fv/47b883ef-d0d3-4cb6-9da5-91963f0e9ba0/nomination-district/bcd395b3-3102-4ea2-b935-95f681bfab46,As,https://valg.dk/fv/47b883ef-d0d3-4cb6-9da5-91963f0e9ba0/nomination-district/bcd395b3-3102-4ea2-b935-95f681bfab46/polling-district/d134947f-5825-4ea1-834f-56c38595513f
11. Hedensted,https://valg.dk/fv/47b883ef-d0d3-4cb6-9da5-91963f0e9ba0/nomination-district/bcd395b3-3102-4ea2-b935-95f681bfab46,Barrit,https://valg.dk/fv/47b883ef-d0d3-4cb6-9da5-91963f0e9ba0/nomination-district/bcd395b3-3102-4ea2-b935-95f681bfab46/polling-district/afdac95a-98ac-40d0-b480-8aea687b4704
11. Hedensted,https://valg.dk/fv/47b883ef-d0d3-4cb6-9da5-91963f0e9ba0/nomination-district/bcd395b3-3102-4ea2-b935-95f681bfab46,Bjerre,https://valg.dk/fv/47b883ef-d0d3-4cb6-9da5-91963f0e9ba0/nomination-district/bcd395b3-3102-4ea2-b935-95f681bfab46/polling-district/2904370b-07e5-4546-8410-be1448825271
11. Hedensted,https://valg.dk/fv/47b883ef-d0d3-4cb6-9da5-91963f0e9ba0/nomination-district/bcd395b3-3102-4ea2-b935-95f681bfab46,Daugård Og Ørum Sogne,https://valg.dk/fv/47b883ef-d0d3-4cb6-9da5-91963f0e9ba0/nomination-district/bcd395b3-3102-4ea2-b935-95f681bfab46/polling-district/a463bb9e-ff7b-43d9-a61b-b411c648c5a2
11. Hedensted,https://valg.dk/fv/47b883ef-d0d3-4cb6-9da5-91963f0e9ba0/nomination-district/bcd395b3-3102-4ea2-b935-95f681bfab46,Glud,https://valg.dk/fv/47b883ef-d0d3-4cb6-9da5-91963f0e9ba0/nomination-district/bcd395b3-3102-4ea2-b935-95f681bfab46/polling-district/210fe314-8a04-414d-aaca-26bb651d4622
11. Hedensted,https://valg.dk/fv/47b883ef-d0d3-4cb6-9da5-91963f0e9ba0/nomination-district/bcd395b3-3102-4ea2-b935-95f681bfab46,"Hedensted, St.Dalby Og Urlev",https://valg.dk/fv/47b883ef-d0d3-4cb6-9da5-91963f0e9ba0/nomination-district/bcd395b3-3102-4ea2-b935-95f681bfab46/polling-district/938db410-7eb2-4dbe-abca-b9a479371889
11. Hedensted,https://valg.dk/fv/47b883ef-d0d3-4cb6-9da5-91963f0e9ba0/nomination-district/bcd395b3-3102-4ea2-b935-95f681bfab46,Hjarnø,https://valg.dk/fv/47b883ef-d0d3-4cb6-9da5-91963f0e9ba0/nomination-district/bcd395b3-3102-4ea2-b935-95f681bfab46/polling-district/25804885-38e3-461b-bc3c-8b0522c89475
11. Hedensted,https://valg.dk/fv/47b883ef-d0d3-4cb6-9da5-91963f0e9ba0/nomination-district/bcd395b3-3102-4ea2-b935-95f681bfab46,Hjortsvang,https://valg.dk/fv/47b883ef-d0d3-4cb6-9da5-91963f0e9ba0/nomination-district/bcd395b3-3102-4ea2-b935-95f681bfab46/polling-district/d5d488b2-4ed7-4a77-870a-f80b9f10d3d6
11. Hedensted,https://valg.dk/fv/47b883ef-d0d3-4cb6-9da5-91963f0e9ba0/nomination-district/bcd395b3-3102-4ea2-b935-95f681bfab46,Hornborg,https://valg.dk/fv/47b883ef-d0d3-4cb6-9da5-91963f0e9ba0/nomination-district/bcd395b3-3102-4ea2-b935-95f681bfab46/polling-district/a550fd28-3e63-47bb-a4f0-8be2213c07bc
11. Hedensted,https://valg.dk/fv/47b883ef-d0d3-4cb6-9da5-91963f0e9ba0/nomination-district/bcd395b3-3102-4ea2-b935-95f681bfab46,Hornsyld,https://valg.dk/fv/47b883ef-d0d3-4cb6-9da5-91963f0e9ba0/nomination-district/bcd395b3-3102-4ea2-b935-95f681bfab46/polling-district/dff7da41-a401-4b9c-97b8-d4c9e5f83797
11. Hedensted,https://valg.dk/fv/47b883ef-d0d3-4cb6-9da5-91963f0e9ba0/nomination-district/bcd395b3-3102-4ea2-b935-95f681bfab46,Hvirring,https://valg.dk/fv/47b883ef-d0d3-4cb6-9da5-91963f0e9ba0/nomination-district/bcd395b3-3102-4ea2-b935-95f681bfab46/polling-district/b705f96b-dcb6-4dd3-8953-b83b81451941
11. Hedensted,https://valg.dk/fv/47b883ef-d0d3-4cb6-9da5-91963f0e9ba0/nomination-district/bcd395b3-3102-4ea2-b935-95f681bfab46,Juelsminde/Klakring,https://valg.dk/fv/47b883ef-d0d3-4cb6-9da5-91963f0e9ba0/nomination-district/bcd395b3-3102-4ea2-b935-95f681bfab46/polling-district/daca4417-833c-4cb1-b341-caea5ea660e8
11. Hedensted,https://valg.dk/fv/47b883ef-d0d3-4cb6-9da5-91963f0e9ba0/nomination-district/bcd395b3-3102-4ea2-b935-95f681bfab46,Korning Sogn,https://valg.dk/fv/47b883ef-d0d3-4cb6-9da5-91963f0e9ba0/nomination-district/bcd395b3-3102-4ea2-b935-95f681bfab46/polling-district/3638acad-f4eb-478c-8e46-55f2c2174441
11. Hedensted,https://valg.dk/fv/47b883ef-d0d3-4cb6-9da5-91963f0e9ba0/nomination-district/bcd395b3-3102-4ea2-b935-95f681bfab46,Lindved,https://valg.dk/fv/47b883ef-d0d3-4cb6-9da5-91963f0e9ba0/nomination-district/bcd395b3-3102-4ea2-b935-95f681bfab46/polling-district/a9866048-fde2-411a-9f70-fda033501ea8
11. Hedensted,https://valg.dk/fv/47b883ef-d0d3-4cb6-9da5-91963f0e9ba0/nomination-district/bcd395b3-3102-4ea2-b935-95f681bfab46,Løsning Sogn,https://valg.dk/fv/47b883ef-d0d3-4cb6-9da5-91963f0e9ba0/nomination-district/bcd395b3-3102-4ea2-b935-95f681bfab46/polling-district/e6ac5452-1420-4650-9e07-6d6c56649272
11. Hedensted,https://valg.dk/fv/47b883ef-d0d3-4cb6-9da5-91963f0e9ba0/nomination-district/bcd395b3-3102-4ea2-b935-95f681bfab46,Rask Mølle,https://valg.dk/fv/47b883ef-d0d3-4cb6-9da5-91963f0e9ba0/nomination-district/bcd395b3-3102-4ea2-b935-95f681bfab46/polling-district/c3860ae6-7f30-4664-bb97-54d5aaf08079
11. Hedensted,https://valg.dk/fv/47b883ef-d0d3-4cb6-9da5-91963f0e9ba0/nomination-district/bcd395b3-3102-4ea2-b935-95f681bfab46,Rårup,https://valg.dk/fv/47b883ef-d0d3-4cb6-9da5-91963f0e9ba0/nomination-district/bcd395b3-3102-4ea2-b935-95f681bfab46/polling-district/98d5bddb-00ca-4455-8db8-d98412f9ad0e
11. Hedensted,https://valg.dk/fv/47b883ef-d0d3-4cb6-9da5-91963f0e9ba0/nomination-district/bcd395b3-3102-4ea2-b935-95f681bfab46,Stouby,https://valg.dk/fv/47b883ef-d0d3-4cb6-9da5-91963f0e9ba0/nomination-district/bcd395b3-3102-4ea2-b935-95f681bfab46/polling-district/63d3c0ed-d821-467d-b231-9048cba58075
11. Hedensted,https://valg.dk/fv/47b883ef-d0d3-4cb6-9da5-91963f0e9ba0/nomination-district/bcd395b3-3102-4ea2-b935-95f681bfab46,Tørring,https://valg.dk/fv/47b883ef-d0d3-4cb6-9da5-91963f0e9ba0/nomination-district/bcd395b3-3102-4ea2-b935-95f681bfab46/polling-district/50128b7a-bfe1-4106-b51c-4037e06f5bdf
11. Hedensted,https://valg.dk/fv/47b883ef-d0d3-4cb6-9da5-91963f0e9ba0/nomination-district/bcd395b3-3102-4ea2-b935-95f681bfab46,Uldum,https://valg.dk/fv/47b883ef-d0d3-4cb6-9da5-91963f0e9ba0/nomination-district/bcd395b3-3102-4ea2-b935-95f681bfab46/polling-district/7dea48bd-314c-4b15-8aa6-a897451c031a
11. Hedensted,https://valg.dk/fv/47b883ef-d0d3-4cb6-9da5-91963f0e9ba0/nomination-district/bcd395b3-3102-4ea2-b935-95f681bfab46,Ø. Snede Sogn,https://valg.dk/fv/47b883ef-d0d3-4cb6-9da5-91963f0e9ba0/nomination-district/bcd395b3-3102-4ea2-b935-95f681bfab46/polling-district/b46521fc-6b0c-4227-8a07-ed1ad2c0da39
11. Hedensted,https://valg.dk/fv/47b883ef-d0d3-4cb6-9da5-91963f0e9ba0/nomination-district/bcd395b3-3102-4ea2-b935-95f681bfab46,Ølholm,https://valg.dk/fv/47b883ef-d0d3-4cb6-9da5-91963f0e9ba0/nomination-district/bcd395b3-3102-4ea2-b935-95f681bfab46/polling-district/4217b383-82a8-43b1-a2f1-a1af6465e742
11. Hedensted,https://valg.dk/fv/47b883ef-d0d3-4cb6-9da5-91963f0e9ba0/nomination-district/bcd395b3-3102-4ea2-b935-95f681bfab46,Ølsted Og Eriknauer-Området,https://valg.dk/fv/47b883ef-d0d3-4cb6-9da5-91963f0e9ba0/nomination-district/bcd395b3-3102-4ea2-b935-95f681bfab46/polling-district/69aa5bfc-87c0-4422-9031-91e7f60e72a5
11. Kolding Nord,https://valg.dk/fv/47b883ef-d0d3-4cb6-9da5-91963f0e9ba0/nomination-district/72af0515-58e5-4a97-9a81-1bfed3278acf,Alminde-Viuf/Vester Nebel,https://valg.dk/fv/47b883ef-d0d3-4cb6-9da5-91963f0e9ba0/nomination-district/72af0515-58e5-4a97-9a81-1bfed3278acf/polling-district/8689adbf-5e81-4115-ae30-43b4e66a1cdb
11. Kolding Nord,https://valg.dk/fv/47b883ef-d0d3-4cb6-9da5-91963f0e9ba0/nomination-district/72af0515-58e5-4a97-9a81-1bfed3278acf,Bramdrupdam,https://valg.dk/fv/47b883ef-d0d3-4cb6-9da5-91963f0e9ba0/nomination-district/72af0515-58e5-4a97-9a81-1bfed3278acf/polling-district/2f8c2574-b9cc-433c-9a20-b87588b7f881
11. Kolding Nord,https://valg.dk/fv/47b883ef-d0d3-4cb6-9da5-91963f0e9ba0/nomination-district/72af0515-58e5-4a97-9a81-1bfed3278acf,Centrum Nord,https://valg.dk/fv/47b883ef-d0d3-4cb6-9da5-91963f0e9ba0/nomination-district/72af0515-58e5-4a97-9a81-1bfed3278acf/polling-district/9dac34d4-5d5a-4028-87dd-1eae32b6a39e
11. Kolding Nord,https://valg.dk/fv/47b883ef-d0d3-4cb6-9da5-91963f0e9ba0/nomination-district/72af0515-58e5-4a97-9a81-1bfed3278acf,Lunderskov/Jordrup,https://valg.dk/fv/47b883ef-d0d3-4cb6-9da5-91963f0e9ba0/nomination-district/72af0515-58e5-4a97-9a81-1bfed3278acf/polling-district/271dbf15-82c0-4444-9528-3e7d99515832
11. Kolding Nord,https://valg.dk/fv/47b883ef-d0d3-4cb6-9da5-91963f0e9ba0/nomination-district/72af0515-58e5-4a97-9a81-1bfed3278acf,Nordbyen,https://valg.dk/fv/47b883ef-d0d3-4cb6-9da5-91963f0e9ba0/nomination-district/72af0515-58e5-4a97-9a81-1bfed3278acf/polling-district/6d50c6bf-4ffc-460f-bea2-a2f548ae403a
11. Kolding Nord,https://valg.dk/fv/47b883ef-d0d3-4cb6-9da5-91963f0e9ba0/nomination-district/72af0515-58e5-4a97-9a81-1bfed3278acf,Strandhuse/Nr. Bjert/ Eltang,https://valg.dk/fv/47b883ef-d0d3-4cb6-9da5-91963f0e9ba0/nomination-district/72af0515-58e5-4a97-9a81-1bfed3278acf/polling-district/038d3d76-417b-460b-8760-22b88567ea65
11. Kolding Nord,https://valg.dk/fv/47b883ef-d0d3-4cb6-9da5-91963f0e9ba0/nomination-district/72af0515-58e5-4a97-9a81-1bfed3278acf,Vestbyen,https://valg.dk/fv/47b883ef-d0d3-4cb6-9da5-91963f0e9ba0/nomination-district/72af0515-58e5-4a97-9a81-1bfed3278acf/polling-district/cc81f4a0-5f59-485b-9fd2-7322efc391f5
11. Ringkøbing,https://valg.dk/fv/47b883ef-d0d3-4cb6-9da5-91963f0e9ba0/nomination-district/a9cea99d-06c7-46ca-a5d0-27b0911411ad,Borris,https://valg.dk/fv/47b883ef-d0d3-4cb6-9da5-91963f0e9ba0/nomination-district/a9cea99d-06c7-46ca-a5d0-27b0911411ad/polling-district/e459a71f-b36e-4869-bc3a-ae975887aa54
11. Ringkøbing,https://valg.dk/fv/47b883ef-d0d3-4cb6-9da5-91963f0e9ba0/nomination-district/a9cea99d-06c7-46ca-a5d0-27b0911411ad,Hee,https://valg.dk/fv/47b883ef-d0d3-4cb6-9da5-91963f0e9ba0/nomination-district/a9cea99d-06c7-46ca-a5d0-27b0911411ad/polling-district/11d6613d-d561-404f-b5c1-c3003bcacdf1
11. Ringkøbing,https://valg.dk/fv/47b883ef-d0d3-4cb6-9da5-91963f0e9ba0/nomination-district/a9cea99d-06c7-46ca-a5d0-27b0911411ad,Hemmet,https://valg.dk/fv/47b883ef-d0d3-4cb6-9da5-91963f0e9ba0/nomination-district/a9cea99d-06c7-46ca-a5d0-27b0911411ad/polling-district/da9fda8c-216d-4fb2-9efa-d87b136d5415
11. Ringkøbing,https://valg.dk/fv/47b883ef-d0d3-4cb6-9da5-91963f0e9ba0/nomination-district/a9cea99d-06c7-46ca-a5d0-27b0911411ad,Holmsland,https://valg.dk/fv/47b883ef-d0d3-4cb6-9da5-91963f0e9ba0/nomination-district/a9cea99d-06c7-46ca-a5d0-27b0911411ad/polling-district/15fbdbe3-283c-4d07-8e4c-3449f1b4e741
11. Ringkøbing,https://valg.dk/fv/47b883ef-d0d3-4cb6-9da5-91963f0e9ba0/nomination-district/a9cea99d-06c7-46ca-a5d0-27b0911411ad,Hvide Sande,https://valg.dk/fv/47b883ef-d0d3-4cb6-9da5-91963f0e9ba0/nomination-district/a9cea99d-06c7-46ca-a5d0-27b0911411ad/polling-district/c5d0f552-347b-45cd-b4a5-310c03a07a9d
11. Ringkøbing,https://valg.dk/fv/47b883ef-d0d3-4cb6-9da5-91963f0e9ba0/nomination-district/a9cea99d-06c7-46ca-a5d0-27b0911411ad,Lem,https://valg.dk/fv/47b883ef-d0d3-4cb6-9da5-91963f0e9ba0/nomination-district/a9cea99d-06c7-46ca-a5d0-27b0911411ad/polling-district/61f999ed-b728-4346-b820-ca7ccd89e009
11. Ringkøbing,https://valg.dk/fv/47b883ef-d0d3-4cb6-9da5-91963f0e9ba0/nomination-district/a9cea99d-06c7-46ca-a5d0-27b0911411ad,Ringkøbing,https://valg.dk/fv/47b883ef-d0d3-4cb6-9da5-91963f0e9ba0/nomination-district/a9cea99d-06c7-46ca-a5d0-27b0911411ad/polling-district/72d43c24-2722-489a-9a8e-5549e4b3b0a2
11. Ringkøbing,https://valg.dk/fv/47b883ef-d0d3-4cb6-9da5-91963f0e9ba0/nomination-district/a9cea99d-06c7-46ca-a5d0-27b0911411ad,Rækker Mølle,https://valg.dk/fv/47b883ef-d0d3-4cb6-9da5-91963f0e9ba0/nomination-district/a9cea99d-06c7-46ca-a5d0-27b0911411ad/polling-district/083275be-1e9e-4264-9295-eba7ab357d37
11. Ringkøbing,https://valg.dk/fv/47b883ef-d0d3-4cb6-9da5-91963f0e9ba0/nomination-district/a9cea99d-06c7-46ca-a5d0-27b0911411ad,Skjern,https://valg.dk/fv/47b883ef-d0d3-4cb6-9da5-91963f0e9ba0/nomination-district/a9cea99d-06c7-46ca-a5d0-27b0911411ad/polling-district/672579e2-84e1-4d62-a227-ccc78a6f29d7
11. Ringkøbing,https://valg.dk/fv/47b883ef-d0d3-4cb6-9da5-91963f0e9ba0/nomination-district/a9cea99d-06c7-46ca-a5d0-27b0911411ad,Spjald,https://valg.dk/fv/47b883ef-d0d3-4cb6-9da5-91963f0e9ba0/nomination-district/a9cea99d-06c7-46ca-a5d0-27b0911411ad/polling-district/95ef1b9b-73aa-4449-a30c-d0a9f59a9b0c
11. Ringkøbing,https://valg.dk/fv/47b883ef-d0d3-4cb6-9da5-91963f0e9ba0/nomination-district/a9cea99d-06c7-46ca-a5d0-27b0911411ad,Stauning,https://valg.dk/fv/47b883ef-d0d3-4cb6-9da5-91963f0e9ba0/nomination-district/a9cea99d-06c7-46ca-a5d0-27b0911411ad/polling-district/384e2593-c882-4099-9e13-3f453883c4e4
11. Ringkøbing,https://valg.dk/fv/47b883ef-d0d3-4cb6-9da5-91963f0e9ba0/nomination-district/a9cea99d-06c7-46ca-a5d0-27b0911411ad,Tarm,https://valg.dk/fv/47b883ef-d0d3-4cb6-9da5-91963f0e9ba0/nomination-district/a9cea99d-06c7-46ca-a5d0-27b0911411ad/polling-district/c72529dd-3e67-4e36-9294-9168e73aa8ae
11. Ringkøbing,https://valg.dk/fv/47b883ef-d0d3-4cb6-9da5-91963f0e9ba0/nomination-district/a9cea99d-06c7-46ca-a5d0-27b0911411ad,Tim,https://valg.dk/fv/47b883ef-d0d3-4cb6-9da5-91963f0e9ba0/nomination-district/a9cea99d-06c7-46ca-a5d0-27b0911411ad/polling-district/6fe8c453-4092-40ee-91c6-5ea4c8729f41
11. Ringkøbing,https://valg.dk/fv/47b883ef-d0d3-4cb6-9da5-91963f0e9ba0/nomination-district/a9cea99d-06c7-46ca-a5d0-27b0911411ad,Troldhede,https://valg.dk/fv/47b883ef-d0d3-4cb6-9da5-91963f0e9ba0/nomination-district/a9cea99d-06c7-46ca-a5d0-27b0911411ad/polling-district/eb8eca6f-0ca4-4ffa-abe2-996adcdb18b3
11. Ringkøbing,https://valg.dk/fv/47b883ef-d0d3-4cb6-9da5-91963f0e9ba0/nomination-district/a9cea99d-06c7-46ca-a5d0-27b0911411ad,Velling,https://valg.dk/fv/47b883ef-d0d3-4cb6-9da5-91963f0e9ba0/nomination-district/a9cea99d-06c7-46ca-a5d0-27b0911411ad/polling-district/59884057-5abc-485e-a94c-95295d9bba3c
11. Ringkøbing,https://valg.dk/fv/47b883ef-d0d3-4cb6-9da5-91963f0e9ba0/nomination-district/a9cea99d-06c7-46ca-a5d0-27b0911411ad,Videbæk,https://valg.dk/fv/47b883ef-d0d3-4cb6-9da5-91963f0e9ba0/nomination-district/a9cea99d-06c7-46ca-a5d0-27b0911411ad/polling-district/ffa54ad8-7d57-4da1-b9f6-5404fa5b0fd3
11. Ringkøbing,https://valg.dk/fv/47b883ef-d0d3-4cb6-9da5-91963f0e9ba0/nomination-district/a9cea99d-06c7-46ca-a5d0-27b0911411ad,Vorgod-Barde,https://valg.dk/fv/47b883ef-d0d3-4cb6-9da5-91963f0e9ba0/nomination-district/a9cea99d-06c7-46ca-a5d0-27b0911411ad/polling-district/52688d2a-a413-4d7e-aa03-f136eec1f65e
11. Ringkøbing,https://valg.dk/fv/47b883ef-d0d3-4cb6-9da5-91963f0e9ba0/nomination-district/a9cea99d-06c7-46ca-a5d0-27b0911411ad,Ådum,https://valg.dk/fv/47b883ef-d0d3-4cb6-9da5-91963f0e9ba0/nomination-district/a9cea99d-06c7-46ca-a5d0-27b0911411ad/polling-district/8c52ad9e-0a55-4994-8ee9-ce1a1921b439
11. Ringsted,https://valg.dk/fv/47b883ef-d0d3-4cb6-9da5-91963f0e9ba0/nomination-district/fa7df5a8-be17-402b-a08e-f9bbcad9bcfe,Alsted Fjenneslev,https://valg.dk/fv/47b883ef-d0d3-4cb6-9da5-91963f0e9ba0/nomination-district/fa7df5a8-be17-402b-a08e-f9bbcad9bcfe/polling-district/bf38048f-fcc2-47d1-825e-a6d2384750aa
11. Ringsted,https://valg.dk/fv/47b883ef-d0d3-4cb6-9da5-91963f0e9ba0/nomination-district/fa7df5a8-be17-402b-a08e-f9bbcad9bcfe,Benløse,https://valg.dk/fv/47b883ef-d0d3-4cb6-9da5-91963f0e9ba0/nomination-district/fa7df5a8-be17-402b-a08e-f9bbcad9bcfe/polling-district/f7500b07-d08f-4a78-9cf5-a2c43f2b2ce1
11. Ringsted,https://valg.dk/fv/47b883ef-d0d3-4cb6-9da5-91963f0e9ba0/nomination-district/fa7df5a8-be17-402b-a08e-f9bbcad9bcfe,Bringstrup,https://valg.dk/fv/47b883ef-d0d3-4cb6-9da5-91963f0e9ba0/nomination-district/fa7df5a8-be17-402b-a08e-f9bbcad9bcfe/polling-district/6f0c4f20-dda4-4973-867e-1012c3640fad
11. Ringsted,https://valg.dk/fv/47b883ef-d0d3-4cb6-9da5-91963f0e9ba0/nomination-district/fa7df5a8-be17-402b-a08e-f9bbcad9bcfe,Dianalund,https://valg.dk/fv/47b883ef-d0d3-4cb6-9da5-91963f0e9ba0/nomination-district/fa7df5a8-be17-402b-a08e-f9bbcad9bcfe/polling-district/c9628106-f796-4e49-9c98-0a5a99c35ab9
11. Ringsted,https://valg.dk/fv/47b883ef-d0d3-4cb6-9da5-91963f0e9ba0/nomination-district/fa7df5a8-be17-402b-a08e-f9bbcad9bcfe,Frederiksberg,https://valg.dk/fv/47b883ef-d0d3-4cb6-9da5-91963f0e9ba0/nomination-district/fa7df5a8-be17-402b-a08e-f9bbcad9bcfe/polling-district/b8e70bfb-3adb-44fd-845b-6cd6b8c81918
11. Ringsted,https://valg.dk/fv/47b883ef-d0d3-4cb6-9da5-91963f0e9ba0/nomination-district/fa7df5a8-be17-402b-a08e-f9bbcad9bcfe,Gyrstinge,https://valg.dk/fv/47b883ef-d0d3-4cb6-9da5-91963f0e9ba0/nomination-district/fa7df5a8-be17-402b-a08e-f9bbcad9bcfe/polling-district/eaed3245-1665-4c4e-a35a-c58da5057cea
11. Ringsted,https://valg.dk/fv/47b883ef-d0d3-4cb6-9da5-91963f0e9ba0/nomination-district/fa7df5a8-be17-402b-a08e-f9bbcad9bcfe,Haraldsted,https://valg.dk/fv/47b883ef-d0d3-4cb6-9da5-91963f0e9ba0/nomination-district/fa7df5a8-be17-402b-a08e-f9bbcad9bcfe/polling-district/0a70899c-76fd-4f3a-a352-50123ecbd3db
11. Ringsted,https://valg.dk/fv/47b883ef-d0d3-4cb6-9da5-91963f0e9ba0/nomination-district/fa7df5a8-be17-402b-a08e-f9bbcad9bcfe,Jystrup,https://valg.dk/fv/47b883ef-d0d3-4cb6-9da5-91963f0e9ba0/nomination-district/fa7df5a8-be17-402b-a08e-f9bbcad9bcfe/polling-district/24bf7591-3a98-45ed-83d9-880557b62626
11. Ringsted,https://valg.dk/fv/47b883ef-d0d3-4cb6-9da5-91963f0e9ba0/nomination-district/fa7df5a8-be17-402b-a08e-f9bbcad9bcfe,Kværkeby,https://valg.dk/fv/47b883ef-d0d3-4cb6-9da5-91963f0e9ba0/nomination-district/fa7df5a8-be17-402b-a08e-f9bbcad9bcfe/polling-district/47c5aacf-57bf-47ae-93b1-4b4ecd5eeaf8
11. Ringsted,https://valg.dk/fv/47b883ef-d0d3-4cb6-9da5-91963f0e9ba0/nomination-district/fa7df5a8-be17-402b-a08e-f9bbcad9bcfe,Nordrup,https://valg.dk/fv/47b883ef-d0d3-4cb6-9da5-91963f0e9ba0/nomination-district/fa7df5a8-be17-402b-a08e-f9bbcad9bcfe/polling-district/eaeafd11-57f7-4896-b5c4-1465962085d6
11. Ringsted,https://valg.dk/fv/47b883ef-d0d3-4cb6-9da5-91963f0e9ba0/nomination-district/fa7df5a8-be17-402b-a08e-f9bbcad9bcfe,Pedersborg,https://valg.dk/fv/47b883ef-d0d3-4cb6-9da5-91963f0e9ba0/nomination-district/fa7df5a8-be17-402b-a08e-f9bbcad9bcfe/polling-district/e3a0a84d-09b5-4c13-b3f4-1c3361e14962
11. Ringsted,https://valg.dk/fv/47b883ef-d0d3-4cb6-9da5-91963f0e9ba0/nomination-district/fa7df5a8-be17-402b-a08e-f9bbcad9bcfe,Ringsted Dagmarskolen,https://valg.dk/fv/47b883ef-d0d3-4cb6-9da5-91963f0e9ba0/nomination-district/fa7df5a8-be17-402b-a08e-f9bbcad9bcfe/polling-district/1d1a7a17-a9de-4b87-bae1-39d00f677f6e
11. Ringsted,https://valg.dk/fv/47b883ef-d0d3-4cb6-9da5-91963f0e9ba0/nomination-district/fa7df5a8-be17-402b-a08e-f9bbcad9bcfe,Ringsted Nørretorv,https://valg.dk/fv/47b883ef-d0d3-4cb6-9da5-91963f0e9ba0/nomination-district/fa7df5a8-be17-402b-a08e-f9bbcad9bcfe/polling-district/8151a9c1-3949-4332-9d1b-7dcf7d3d4395
11. Ringsted,https://valg.dk/fv/47b883ef-d0d3-4cb6-9da5-91963f0e9ba0/nomination-district/fa7df5a8-be17-402b-a08e-f9bbcad9bcfe,Ruds Vedby,https://valg.dk/fv/47b883ef-d0d3-4cb6-9da5-91963f0e9ba0/nomination-district/fa7df5a8-be17-402b-a08e-f9bbcad9bcfe/polling-district/19d923b2-dbee-4207-aa7d-e4d13ddaa7dd
11. Ringsted,https://valg.dk/fv/47b883ef-d0d3-4cb6-9da5-91963f0e9ba0/nomination-district/fa7df5a8-be17-402b-a08e-f9bbcad9bcfe,Sneslev,https://valg.dk/fv/47b883ef-d0d3-4cb6-9da5-91963f0e9ba0/nomination-district/fa7df5a8-be17-402b-a08e-f9bbcad9bcfe/polling-district/dd01b685-ee4b-41ca-a234-27dfbf2906f3
11. Ringsted,https://valg.dk/fv/47b883ef-d0d3-4cb6-9da5-91963f0e9ba0/nomination-district/fa7df5a8-be17-402b-a08e-f9bbcad9bcfe,Sorø,https://valg.dk/fv/47b883ef-d0d3-4cb6-9da5-91963f0e9ba0/nomination-district/fa7df5a8-be17-402b-a08e-f9bbcad9bcfe/polling-district/832d34ac-298b-471f-abcd-9b7da2bdfd18
11. Ringsted,https://valg.dk/fv/47b883ef-d0d3-4cb6-9da5-91963f0e9ba0/nomination-district/fa7df5a8-be17-402b-a08e-f9bbcad9bcfe,Stenlille,https://valg.dk/fv/47b883ef-d0d3-4cb6-9da5-91963f0e9ba0/nomination-district/fa7df5a8-be17-402b-a08e-f9bbcad9bcfe/polling-district/8589592d-de7d-4369-ad1c-69eba7ad4b7c
11. Ringsted,https://valg.dk/fv/47b883ef-d0d3-4cb6-9da5-91963f0e9ba0/nomination-district/fa7df5a8-be17-402b-a08e-f9bbcad9bcfe,Vetterslev,https://valg.dk/fv/47b883ef-d0d3-4cb6-9da5-91963f0e9ba0/nomination-district/fa7df5a8-be17-402b-a08e-f9bbcad9bcfe/polling-district/47854b0e-4a9c-43b1-b77d-20cd09213f13
11. Ringsted,https://valg.dk/fv/47b883ef-d0d3-4cb6-9da5-91963f0e9ba0/nomination-district/fa7df5a8-be17-402b-a08e-f9bbcad9bcfe,Vigersted,https://valg.dk/fv/47b883ef-d0d3-4cb6-9da5-91963f0e9ba0/nomination-district/fa7df5a8-be17-402b-a08e-f9bbcad9bcfe/polling-district/fb9b3503-83c9-4a30-afce-536ddc520a56
11. Ringsted,https://valg.dk/fv/47b883ef-d0d3-4cb6-9da5-91963f0e9ba0/nomination-district/fa7df5a8-be17-402b-a08e-f9bbcad9bcfe,Ørslev,https://valg.dk/fv/47b883ef-d0d3-4cb6-9da5-91963f0e9ba0/nomination-district/fa7df5a8-be17-402b-a08e-f9bbcad9bcfe/polling-district/16d062e6-dc11-4ae6-9a58-812fb97429d9
11. Slots,https://valg.dk/fv/47b883ef-d0d3-4cb6-9da5-91963f0e9ba0/nomination-district/95ef304e-4766-4676-9322-98ce43e294ab,"11. Kreds, Frederiksberghallerne",https://valg.dk/fv/47b883ef-d0d3-4cb6-9da5-91963f0e9ba0/nomination-district/95ef304e-4766-4676-9322-98ce43e294ab/polling-district/28362557-a847-4588-abdd-90431f15862e
11. Slots,https://valg.dk/fv/47b883ef-d0d3-4cb6-9da5-91963f0e9ba0/nomination-district/95ef304e-4766-4676-9322-98ce43e294ab,"11. Kreds, Lindevang",https://valg.dk/fv/47b883ef-d0d3-4cb6-9da5-91963f0e9ba0/nomination-district/95ef304e-4766-4676-9322-98ce43e294ab/polling-district/78e94f5b-b864-4f91-a1c1-c2c241a64ad3
11. Slots,https://valg.dk/fv/47b883ef-d0d3-4cb6-9da5-91963f0e9ba0/nomination-district/95ef304e-4766-4676-9322-98ce43e294ab,"11. Kreds, Nyelandsvej",https://valg.dk/fv/47b883ef-d0d3-4cb6-9da5-91963f0e9ba0/nomination-district/95ef304e-4766-4676-9322-98ce43e294ab/polling-district/370f0cad-a2d0-4cd4-9c88-9852e438fda6
11. Slots,https://valg.dk/fv/47b883ef-d0d3-4cb6-9da5-91963f0e9ba0/nomination-district/95ef304e-4766-4676-9322-98ce43e294ab,"11. Kreds, Rådhuset",https://valg.dk/fv/47b883ef-d0d3-4cb6-9da5-91963f0e9ba0/nomination-district/95ef304e-4766-4676-9322-98ce43e294ab/polling-district/5d61f533-39c4-4374-89a5-e9db98297ce4
12. Kolding Syd,https://valg.dk/fv/47b883ef-d0d3-4cb6-9da5-91963f0e9ba0/nomination-district/668ccd31-1c30-4bbe-ba5a-0f3f79c8ff62,Centrum Syd,https://valg.dk/fv/47b883ef-d0d3-4cb6-9da5-91963f0e9ba0/nomination-district/668ccd31-1c30-4bbe-ba5a-0f3f79c8ff62/polling-district/95f54670-8c67-452a-877a-9ffca8587b50
12. Kolding Syd,https://valg.dk/fv/47b883ef-d0d3-4cb6-9da5-91963f0e9ba0/nomination-district/668ccd31-1c30-4bbe-ba5a-0f3f79c8ff62,Chr.Feld/Stepping/Taps/Hejls,https://valg.dk/fv/47b883ef-d0d3-4cb6-9da5-91963f0e9ba0/nomination-district/668ccd31-1c30-4bbe-ba5a-0f3f79c8ff62/polling-district/f08a95c3-5d9e-43c2-87fa-0b168d58bab6
12. Kolding Syd,https://valg.dk/fv/47b883ef-d0d3-4cb6-9da5-91963f0e9ba0/nomination-district/668ccd31-1c30-4bbe-ba5a-0f3f79c8ff62,Dalby/Tved/Rebæk,https://valg.dk/fv/47b883ef-d0d3-4cb6-9da5-91963f0e9ba0/nomination-district/668ccd31-1c30-4bbe-ba5a-0f3f79c8ff62/polling-district/54e98a15-dacc-45cf-9eeb-221015c96d1c
12. Kolding Syd,https://valg.dk/fv/47b883ef-d0d3-4cb6-9da5-91963f0e9ba0/nomination-district/668ccd31-1c30-4bbe-ba5a-0f3f79c8ff62,S Bjert/S Stenderup/Vejstrup,https://valg.dk/fv/47b883ef-d0d3-4cb6-9da5-91963f0e9ba0/nomination-district/668ccd31-1c30-4bbe-ba5a-0f3f79c8ff62/polling-district/d7211f84-996f-47d0-b98b-1a551e42ec1c
12. Kolding Syd,https://valg.dk/fv/47b883ef-d0d3-4cb6-9da5-91963f0e9ba0/nomination-district/668ccd31-1c30-4bbe-ba5a-0f3f79c8ff62,Seest,https://valg.dk/fv/47b883ef-d0d3-4cb6-9da5-91963f0e9ba0/nomination-district/668ccd31-1c30-4bbe-ba5a-0f3f79c8ff62/polling-district/7b1a816c-69ab-415e-b0cf-338c0465b2b8
12. Kolding Syd,https://valg.dk/fv/47b883ef-d0d3-4cb6-9da5-91963f0e9ba0/nomination-district/668ccd31-1c30-4bbe-ba5a-0f3f79c8ff62,Sydbyen,https://valg.dk/fv/47b883ef-d0d3-4cb6-9da5-91963f0e9ba0/nomination-district/668ccd31-1c30-4bbe-ba5a-0f3f79c8ff62/polling-district/1e1015ed-5fa3-4422-bb00-2931971a064f
12. Kolding Syd,https://valg.dk/fv/47b883ef-d0d3-4cb6-9da5-91963f0e9ba0/nomination-district/668ccd31-1c30-4bbe-ba5a-0f3f79c8ff62,Vamdrup/Hjarup/Ødis,https://valg.dk/fv/47b883ef-d0d3-4cb6-9da5-91963f0e9ba0/nomination-district/668ccd31-1c30-4bbe-ba5a-0f3f79c8ff62/polling-district/4481d93d-f195-48d0-b7b1-ed15e90bd04e
12. Kolding Syd,https://valg.dk/fv/47b883ef-d0d3-4cb6-9da5-91963f0e9ba0/nomination-district/668ccd31-1c30-4bbe-ba5a-0f3f79c8ff62,Vonsild,https://valg.dk/fv/47b883ef-d0d3-4cb6-9da5-91963f0e9ba0/nomination-district/668ccd31-1c30-4bbe-ba5a-0f3f79c8ff62/polling-district/957011d8-2cb2-4a9f-82c8-30abb00bad2d
12. Slagelse,https://valg.dk/fv/47b883ef-d0d3-4cb6-9da5-91963f0e9ba0/nomination-district/ed07b897-75f6-46a5-ad94-db0ef4b9393a,Agersø - Agersøhallen,https://valg.dk/fv/47b883ef-d0d3-4cb6-9da5-91963f0e9ba0/nomination-district/ed07b897-75f6-46a5-ad94-db0ef4b9393a/polling-district/e99a5ac4-4cc6-46ce-b74d-32cc16234edf
12. Slagelse,https://valg.dk/fv/47b883ef-d0d3-4cb6-9da5-91963f0e9ba0/nomination-district/ed07b897-75f6-46a5-ad94-db0ef4b9393a,Boeslunde - Boeslunde Hallen,https://valg.dk/fv/47b883ef-d0d3-4cb6-9da5-91963f0e9ba0/nomination-district/ed07b897-75f6-46a5-ad94-db0ef4b9393a/polling-district/cd8241b2-1589-4249-9ce2-a145b0739439
12. Slagelse,https://valg.dk/fv/47b883ef-d0d3-4cb6-9da5-91963f0e9ba0/nomination-district/ed07b897-75f6-46a5-ad94-db0ef4b9393a,Dalmose - Dalmosehallen,https://valg.dk/fv/47b883ef-d0d3-4cb6-9da5-91963f0e9ba0/nomination-district/ed07b897-75f6-46a5-ad94-db0ef4b9393a/polling-district/bbc890ce-7055-47e9-8fd8-2b3fff1765c6
12. Slagelse,https://valg.dk/fv/47b883ef-d0d3-4cb6-9da5-91963f0e9ba0/nomination-district/ed07b897-75f6-46a5-ad94-db0ef4b9393a,Korsør - Broskolen,https://valg.dk/fv/47b883ef-d0d3-4cb6-9da5-91963f0e9ba0/nomination-district/ed07b897-75f6-46a5-ad94-db0ef4b9393a/polling-district/134b3034-69a0-442c-a9c2-0e0532b54678
12. Slagelse,https://valg.dk/fv/47b883ef-d0d3-4cb6-9da5-91963f0e9ba0/nomination-district/ed07b897-75f6-46a5-ad94-db0ef4b9393a,Korsør - Storebæltshallen,https://valg.dk/fv/47b883ef-d0d3-4cb6-9da5-91963f0e9ba0/nomination-district/ed07b897-75f6-46a5-ad94-db0ef4b9393a/polling-district/a3c36d01-6724-4df1-a44e-b1988d4b0b86
12. Slagelse,https://valg.dk/fv/47b883ef-d0d3-4cb6-9da5-91963f0e9ba0/nomination-district/ed07b897-75f6-46a5-ad94-db0ef4b9393a,Omø - Omø Forsamlingshus,https://valg.dk/fv/47b883ef-d0d3-4cb6-9da5-91963f0e9ba0/nomination-district/ed07b897-75f6-46a5-ad94-db0ef4b9393a/polling-district/3fd09adc-1b0b-4aa1-92d3-f3e372c65ed9
12. Slagelse,https://valg.dk/fv/47b883ef-d0d3-4cb6-9da5-91963f0e9ba0/nomination-district/ed07b897-75f6-46a5-ad94-db0ef4b9393a,Rude - Kirkeskovskolen,https://valg.dk/fv/47b883ef-d0d3-4cb6-9da5-91963f0e9ba0/nomination-district/ed07b897-75f6-46a5-ad94-db0ef4b9393a/polling-district/cc3e12f3-4c7d-49eb-9273-2dd515628f61
12. Slagelse,https://valg.dk/fv/47b883ef-d0d3-4cb6-9da5-91963f0e9ba0/nomination-district/ed07b897-75f6-46a5-ad94-db0ef4b9393a,Skælskør - Skælskør Badmintoncenter,https://valg.dk/fv/47b883ef-d0d3-4cb6-9da5-91963f0e9ba0/nomination-district/ed07b897-75f6-46a5-ad94-db0ef4b9393a/polling-district/3e850253-b82b-41a9-91c3-e8e23ce33fcf
12. Slagelse,https://valg.dk/fv/47b883ef-d0d3-4cb6-9da5-91963f0e9ba0/nomination-district/ed07b897-75f6-46a5-ad94-db0ef4b9393a,Slagelse - Nordhallen,https://valg.dk/fv/47b883ef-d0d3-4cb6-9da5-91963f0e9ba0/nomination-district/ed07b897-75f6-46a5-ad94-db0ef4b9393a/polling-district/93af8a08-4f41-481e-b30b-235befeebacb
12. Slagelse,https://valg.dk/fv/47b883ef-d0d3-4cb6-9da5-91963f0e9ba0/nomination-district/ed07b897-75f6-46a5-ad94-db0ef4b9393a,Slagelse - Slagelse Hallen,https://valg.dk/fv/47b883ef-d0d3-4cb6-9da5-91963f0e9ba0/nomination-district/ed07b897-75f6-46a5-ad94-db0ef4b9393a/polling-district/04d2a674-62db-4843-924c-3291019e8bb5
12. Slagelse,https://valg.dk/fv/47b883ef-d0d3-4cb6-9da5-91963f0e9ba0/nomination-district/ed07b897-75f6-46a5-ad94-db0ef4b9393a,Slagelse - Søndermarkshallen,https://valg.dk/fv/47b883ef-d0d3-4cb6-9da5-91963f0e9ba0/nomination-district/ed07b897-75f6-46a5-ad94-db0ef4b9393a/polling-district/aa09a1db-4803-4515-ad07-659a7386f71f
12. Slagelse,https://valg.dk/fv/47b883ef-d0d3-4cb6-9da5-91963f0e9ba0/nomination-district/ed07b897-75f6-46a5-ad94-db0ef4b9393a,Slagelse - Vesthallen,https://valg.dk/fv/47b883ef-d0d3-4cb6-9da5-91963f0e9ba0/nomination-district/ed07b897-75f6-46a5-ad94-db0ef4b9393a/polling-district/0ecb1b13-d4df-4172-92bb-b40a4cc757bf
12. Slagelse,https://valg.dk/fv/47b883ef-d0d3-4cb6-9da5-91963f0e9ba0/nomination-district/ed07b897-75f6-46a5-ad94-db0ef4b9393a,Slots Bjergby - Hashøjskolen,https://valg.dk/fv/47b883ef-d0d3-4cb6-9da5-91963f0e9ba0/nomination-district/ed07b897-75f6-46a5-ad94-db0ef4b9393a/polling-district/4b09ed9a-b4cd-4c3a-9562-70eb68ad06f5
12. Slagelse,https://valg.dk/fv/47b883ef-d0d3-4cb6-9da5-91963f0e9ba0/nomination-district/ed07b897-75f6-46a5-ad94-db0ef4b9393a,Stillinge - Stillingehallen,https://valg.dk/fv/47b883ef-d0d3-4cb6-9da5-91963f0e9ba0/nomination-district/ed07b897-75f6-46a5-ad94-db0ef4b9393a/polling-district/16a20e62-400b-47ff-8354-1372aacb1526
12. Slagelse,https://valg.dk/fv/47b883ef-d0d3-4cb6-9da5-91963f0e9ba0/nomination-district/ed07b897-75f6-46a5-ad94-db0ef4b9393a,Sørbymagle - Sørbymagle forsamlingshus,https://valg.dk/fv/47b883ef-d0d3-4cb6-9da5-91963f0e9ba0/nomination-district/ed07b897-75f6-46a5-ad94-db0ef4b9393a/polling-district/c885785c-e344-4a42-a498-cbad42fd396f
12. Slagelse,https://valg.dk/fv/47b883ef-d0d3-4cb6-9da5-91963f0e9ba0/nomination-district/ed07b897-75f6-46a5-ad94-db0ef4b9393a,Tårnborg - Taarnborg Forsamlingshus,https://valg.dk/fv/47b883ef-d0d3-4cb6-9da5-91963f0e9ba0/nomination-district/ed07b897-75f6-46a5-ad94-db0ef4b9393a/polling-district/8e3c2fdf-7e31-4218-be1d-9feef974aace
12. Slagelse,https://valg.dk/fv/47b883ef-d0d3-4cb6-9da5-91963f0e9ba0/nomination-district/ed07b897-75f6-46a5-ad94-db0ef4b9393a,Vemmelev - Vemmelevhallen,https://valg.dk/fv/47b883ef-d0d3-4cb6-9da5-91963f0e9ba0/nomination-district/ed07b897-75f6-46a5-ad94-db0ef4b9393a/polling-district/9bdc1853-5992-4129-b683-27e42fdfc3c5
12. Slagelse,https://valg.dk/fv/47b883ef-d0d3-4cb6-9da5-91963f0e9ba0/nomination-district/ed07b897-75f6-46a5-ad94-db0ef4b9393a,Vestermose - Hallelev Forsamlingshus,https://valg.dk/fv/47b883ef-d0d3-4cb6-9da5-91963f0e9ba0/nomination-district/ed07b897-75f6-46a5-ad94-db0ef4b9393a/polling-district/7f6706a7-c517-4080-a1b2-8430d87a372e
12. Tårnby,https://valg.dk/fv/47b883ef-d0d3-4cb6-9da5-91963f0e9ba0/nomination-district/eef18df4-aa01-453e-9631-c459ed41829a,Dragør Skole,https://valg.dk/fv/47b883ef-d0d3-4cb6-9da5-91963f0e9ba0/nomination-district/eef18df4-aa01-453e-9631-c459ed41829a/polling-district/eaf51b56-6097-4bdc-af5a-a3e64c1c27d7
12. Tårnby,https://valg.dk/fv/47b883ef-d0d3-4cb6-9da5-91963f0e9ba0/nomination-district/eef18df4-aa01-453e-9631-c459ed41829a,Hollænderhallen,https://valg.dk/fv/47b883ef-d0d3-4cb6-9da5-91963f0e9ba0/nomination-district/eef18df4-aa01-453e-9631-c459ed41829a/polling-district/31cb6de3-f72b-41fe-93ce-7640c213db2a
12. Tårnby,https://valg.dk/fv/47b883ef-d0d3-4cb6-9da5-91963f0e9ba0/nomination-district/eef18df4-aa01-453e-9631-c459ed41829a,Kastrup,https://valg.dk/fv/47b883ef-d0d3-4cb6-9da5-91963f0e9ba0/nomination-district/eef18df4-aa01-453e-9631-c459ed41829a/polling-district/fa6f983f-55d7-4edf-8899-f9fc7293f77b
12. Tårnby,https://valg.dk/fv/47b883ef-d0d3-4cb6-9da5-91963f0e9ba0/nomination-district/eef18df4-aa01-453e-9631-c459ed41829a,Korsvejen,https://valg.dk/fv/47b883ef-d0d3-4cb6-9da5-91963f0e9ba0/nomination-district/eef18df4-aa01-453e-9631-c459ed41829a/polling-district/1d267333-bf2e-4d59-8526-cd894c117f27
12. Tårnby,https://valg.dk/fv/47b883ef-d0d3-4cb6-9da5-91963f0e9ba0/nomination-district/eef18df4-aa01-453e-9631-c459ed41829a,Løjtegården,https://valg.dk/fv/47b883ef-d0d3-4cb6-9da5-91963f0e9ba0/nomination-district/eef18df4-aa01-453e-9631-c459ed41829a/polling-district/7097f27a-5e28-4a95-ac30-3088b57caf6f
12. Tårnby,https://valg.dk/fv/47b883ef-d0d3-4cb6-9da5-91963f0e9ba0/nomination-district/eef18df4-aa01-453e-9631-c459ed41829a,Pilegården,https://valg.dk/fv/47b883ef-d0d3-4cb6-9da5-91963f0e9ba0/nomination-district/eef18df4-aa01-453e-9631-c459ed41829a/polling-district/e63664a0-dd5c-41fe-932f-40a1488a9fe4
12. Tårnby,https://valg.dk/fv/47b883ef-d0d3-4cb6-9da5-91963f0e9ba0/nomination-district/eef18df4-aa01-453e-9631-c459ed41829a,Tårnby,https://valg.dk/fv/47b883ef-d0d3-4cb6-9da5-91963f0e9ba0/nomination-district/eef18df4-aa01-453e-9631-c459ed41829a/polling-district/9ab53f32-0711-4b22-a785-8838447f38f8
12. Tårnby,https://valg.dk/fv/47b883ef-d0d3-4cb6-9da5-91963f0e9ba0/nomination-district/eef18df4-aa01-453e-9631-c459ed41829a,Vestamager,https://valg.dk/fv/47b883ef-d0d3-4cb6-9da5-91963f0e9ba0/nomination-district/eef18df4-aa01-453e-9631-c459ed41829a/polling-district/d04164fa-73f8-4059-ada9-451119617170
13. Haderslev,https://valg.dk/fv/47b883ef-d0d3-4cb6-9da5-91963f0e9ba0/nomination-district/bfac18cd-ca67-4ad1-98dc-9e411031481a,Aarø,https://valg.dk/fv/47b883ef-d0d3-4cb6-9da5-91963f0e9ba0/nomination-district/bfac18cd-ca67-4ad1-98dc-9e411031481a/polling-district/474af2b6-dea8-47fb-a806-4b4f24bd4697
13. Haderslev,https://valg.dk/fv/47b883ef-d0d3-4cb6-9da5-91963f0e9ba0/nomination-district/bfac18cd-ca67-4ad1-98dc-9e411031481a,Aastrup,https://valg.dk/fv/47b883ef-d0d3-4cb6-9da5-91963f0e9ba0/nomination-district/bfac18cd-ca67-4ad1-98dc-9e411031481a/polling-district/e5afa379-43d9-4eef-a3d0-2ebc70e88c05
13. Haderslev,https://valg.dk/fv/47b883ef-d0d3-4cb6-9da5-91963f0e9ba0/nomination-district/bfac18cd-ca67-4ad1-98dc-9e411031481a,Arnum,https://valg.dk/fv/47b883ef-d0d3-4cb6-9da5-91963f0e9ba0/nomination-district/bfac18cd-ca67-4ad1-98dc-9e411031481a/polling-district/d47aa04f-5562-493b-83a1-2bf2ed3737f7
13. Haderslev,https://valg.dk/fv/47b883ef-d0d3-4cb6-9da5-91963f0e9ba0/nomination-district/bfac18cd-ca67-4ad1-98dc-9e411031481a,Bevtoft,https://valg.dk/fv/47b883ef-d0d3-4cb6-9da5-91963f0e9ba0/nomination-district/bfac18cd-ca67-4ad1-98dc-9e411031481a/polling-district/7acd68d3-eecb-4673-97aa-8968aa4f6b36
13. Haderslev,https://valg.dk/fv/47b883ef-d0d3-4cb6-9da5-91963f0e9ba0/nomination-district/bfac18cd-ca67-4ad1-98dc-9e411031481a,Fjelstrup,https://valg.dk/fv/47b883ef-d0d3-4cb6-9da5-91963f0e9ba0/nomination-district/bfac18cd-ca67-4ad1-98dc-9e411031481a/polling-district/4e09c92d-3151-4f9e-ae8e-ec06567db396
13. Haderslev,https://valg.dk/fv/47b883ef-d0d3-4cb6-9da5-91963f0e9ba0/nomination-district/bfac18cd-ca67-4ad1-98dc-9e411031481a,Fole,https://valg.dk/fv/47b883ef-d0d3-4cb6-9da5-91963f0e9ba0/nomination-district/bfac18cd-ca67-4ad1-98dc-9e411031481a/polling-district/8d226d81-fa5f-46c5-a6d0-326fd12dd1ed
13. Haderslev,https://valg.dk/fv/47b883ef-d0d3-4cb6-9da5-91963f0e9ba0/nomination-district/bfac18cd-ca67-4ad1-98dc-9e411031481a,Gram,https://valg.dk/fv/47b883ef-d0d3-4cb6-9da5-91963f0e9ba0/nomination-district/bfac18cd-ca67-4ad1-98dc-9e411031481a/polling-district/d84f0462-d4d8-42be-8b66-f88b70905f73
13. Haderslev,https://valg.dk/fv/47b883ef-d0d3-4cb6-9da5-91963f0e9ba0/nomination-district/bfac18cd-ca67-4ad1-98dc-9e411031481a,Haderslev Nord,https://valg.dk/fv/47b883ef-d0d3-4cb6-9da5-91963f0e9ba0/nomination-district/bfac18cd-ca67-4ad1-98dc-9e411031481a/polling-district/2a0cb7aa-73aa-4341-8df1-73dcc30d94e4
13. Haderslev,https://valg.dk/fv/47b883ef-d0d3-4cb6-9da5-91963f0e9ba0/nomination-district/bfac18cd-ca67-4ad1-98dc-9e411031481a,Haderslev Syd,https://valg.dk/fv/47b883ef-d0d3-4cb6-9da5-91963f0e9ba0/nomination-district/bfac18cd-ca67-4ad1-98dc-9e411031481a/polling-district/5be9b0fa-512c-4c56-be2b-501ae880e4bf
13. Haderslev,https://valg.dk/fv/47b883ef-d0d3-4cb6-9da5-91963f0e9ba0/nomination-district/bfac18cd-ca67-4ad1-98dc-9e411031481a,Haderslev Vest,https://valg.dk/fv/47b883ef-d0d3-4cb6-9da5-91963f0e9ba0/nomination-district/bfac18cd-ca67-4ad1-98dc-9e411031481a/polling-district/ce777ec9-b7df-411b-a212-846eae15d17c
13. Haderslev,https://valg.dk/fv/47b883ef-d0d3-4cb6-9da5-91963f0e9ba0/nomination-district/bfac18cd-ca67-4ad1-98dc-9e411031481a,Hammelev,https://valg.dk/fv/47b883ef-d0d3-4cb6-9da5-91963f0e9ba0/nomination-district/bfac18cd-ca67-4ad1-98dc-9e411031481a/polling-district/2ccbae11-7c2c-450c-802a-77a0cae8b29f
13. Haderslev,https://valg.dk/fv/47b883ef-d0d3-4cb6-9da5-91963f0e9ba0/nomination-district/bfac18cd-ca67-4ad1-98dc-9e411031481a,Hoptrup,https://valg.dk/fv/47b883ef-d0d3-4cb6-9da5-91963f0e9ba0/nomination-district/bfac18cd-ca67-4ad1-98dc-9e411031481a/polling-district/5841ac72-1c68-4dbe-a4d0-639161f3aa1e
13. Haderslev,https://valg.dk/fv/47b883ef-d0d3-4cb6-9da5-91963f0e9ba0/nomination-district/bfac18cd-ca67-4ad1-98dc-9e411031481a,Kelstrup,https://valg.dk/fv/47b883ef-d0d3-4cb6-9da5-91963f0e9ba0/nomination-district/bfac18cd-ca67-4ad1-98dc-9e411031481a/polling-district/29e790e9-e9c9-4ff9-9181-113e3067178f
13. Haderslev,https://valg.dk/fv/47b883ef-d0d3-4cb6-9da5-91963f0e9ba0/nomination-district/bfac18cd-ca67-4ad1-98dc-9e411031481a,Marstrup,https://valg.dk/fv/47b883ef-d0d3-4cb6-9da5-91963f0e9ba0/nomination-district/bfac18cd-ca67-4ad1-98dc-9e411031481a/polling-district/44f2c0a5-ead1-4acc-9c92-992d209a4dfe
13. Haderslev,https://valg.dk/fv/47b883ef-d0d3-4cb6-9da5-91963f0e9ba0/nomination-district/bfac18cd-ca67-4ad1-98dc-9e411031481a,Moltrup,https://valg.dk/fv/47b883ef-d0d3-4cb6-9da5-91963f0e9ba0/nomination-district/bfac18cd-ca67-4ad1-98dc-9e411031481a/polling-district/6e0fdeff-e7fa-4b8a-81b4-b600fe48eec0
13. Haderslev,https://valg.dk/fv/47b883ef-d0d3-4cb6-9da5-91963f0e9ba0/nomination-district/bfac18cd-ca67-4ad1-98dc-9e411031481a,Nustrup,https://valg.dk/fv/47b883ef-d0d3-4cb6-9da5-91963f0e9ba0/nomination-district/bfac18cd-ca67-4ad1-98dc-9e411031481a/polling-district/d3fe2505-74eb-4f52-8bd9-5b97503a8c4f
13. Haderslev,https://valg.dk/fv/47b883ef-d0d3-4cb6-9da5-91963f0e9ba0/nomination-district/bfac18cd-ca67-4ad1-98dc-9e411031481a,Over Jerstal,https://valg.dk/fv/47b883ef-d0d3-4cb6-9da5-91963f0e9ba0/nomination-district/bfac18cd-ca67-4ad1-98dc-9e411031481a/polling-district/f006e0f7-32b8-46e8-a2cc-a7a85470723f
13. Haderslev,https://valg.dk/fv/47b883ef-d0d3-4cb6-9da5-91963f0e9ba0/nomination-district/bfac18cd-ca67-4ad1-98dc-9e411031481a,Skrydstrup,https://valg.dk/fv/47b883ef-d0d3-4cb6-9da5-91963f0e9ba0/nomination-district/bfac18cd-ca67-4ad1-98dc-9e411031481a/polling-district/f94a5e20-5c30-48c4-b35b-c0afd951cd04
13. Haderslev,https://valg.dk/fv/47b883ef-d0d3-4cb6-9da5-91963f0e9ba0/nomination-district/bfac18cd-ca67-4ad1-98dc-9e411031481a,Sommersted,https://valg.dk/fv/47b883ef-d0d3-4cb6-9da5-91963f0e9ba0/nomination-district/bfac18cd-ca67-4ad1-98dc-9e411031481a/polling-district/2264c5a5-50cc-407a-a9e1-2d6f5c020b2b
13. Haderslev,https://valg.dk/fv/47b883ef-d0d3-4cb6-9da5-91963f0e9ba0/nomination-district/bfac18cd-ca67-4ad1-98dc-9e411031481a,Starup,https://valg.dk/fv/47b883ef-d0d3-4cb6-9da5-91963f0e9ba0/nomination-district/bfac18cd-ca67-4ad1-98dc-9e411031481a/polling-district/29802485-da78-4fe3-9408-7beda9192727
13. Haderslev,https://valg.dk/fv/47b883ef-d0d3-4cb6-9da5-91963f0e9ba0/nomination-district/bfac18cd-ca67-4ad1-98dc-9e411031481a,Vojens,https://valg.dk/fv/47b883ef-d0d3-4cb6-9da5-91963f0e9ba0/nomination-district/bfac18cd-ca67-4ad1-98dc-9e411031481a/polling-district/710c70a4-0dc9-409c-a82d-e62119c2b23c
13. Haderslev,https://valg.dk/fv/47b883ef-d0d3-4cb6-9da5-91963f0e9ba0/nomination-district/bfac18cd-ca67-4ad1-98dc-9e411031481a,Øsby,https://valg.dk/fv/47b883ef-d0d3-4cb6-9da5-91963f0e9ba0/nomination-district/bfac18cd-ca67-4ad1-98dc-9e411031481a/polling-district/abbea53c-f076-4e9b-81fc-dba1f1785ade
2. Aabenraa,https://valg.dk/fv/47b883ef-d0d3-4cb6-9da5-91963f0e9ba0/nomination-district/eb009669-6ab3-4095-8039-8ad62b662781,Aabenraa Midt,https://valg.dk/fv/47b883ef-d0d3-4cb6-9da5-91963f0e9ba0/nomination-district/eb009669-6ab3-4095-8039-8ad62b662781/polling-district/cbb63409-1b56-4edc-b381-a06503a82f6c
2. Aabenraa,https://valg.dk/fv/47b883ef-d0d3-4cb6-9da5-91963f0e9ba0/nomination-district/eb009669-6ab3-4095-8039-8ad62b662781,Aabenraa Nord,https://valg.dk/fv/47b883ef-d0d3-4cb6-9da5-91963f0e9ba0/nomination-district/eb009669-6ab3-4095-8039-8ad62b662781/polling-district/3f5764a5-6219-4a15-8b6a-b74723c34c18
2. Aabenraa,https://valg.dk/fv/47b883ef-d0d3-4cb6-9da5-91963f0e9ba0/nomination-district/eb009669-6ab3-4095-8039-8ad62b662781,Aabenraa Syd,https://valg.dk/fv/47b883ef-d0d3-4cb6-9da5-91963f0e9ba0/nomination-district/eb009669-6ab3-4095-8039-8ad62b662781/polling-district/a5d7ffd1-128b-47b4-909f-e09f6f953e2a
2. Aabenraa,https://valg.dk/fv/47b883ef-d0d3-4cb6-9da5-91963f0e9ba0/nomination-district/eb009669-6ab3-4095-8039-8ad62b662781,Bolderslev,https://valg.dk/fv/47b883ef-d0d3-4cb6-9da5-91963f0e9ba0/nomination-district/eb009669-6ab3-4095-8039-8ad62b662781/polling-district/b6a99417-5f84-4c06-bff6-452e7c8ed6dc
2. Aabenraa,https://valg.dk/fv/47b883ef-d0d3-4cb6-9da5-91963f0e9ba0/nomination-district/eb009669-6ab3-4095-8039-8ad62b662781,Bylderup,https://valg.dk/fv/47b883ef-d0d3-4cb6-9da5-91963f0e9ba0/nomination-district/eb009669-6ab3-4095-8039-8ad62b662781/polling-district/a5d7787a-059b-4d12-9548-5e0dad31bbc1
2. Aabenraa,https://valg.dk/fv/47b883ef-d0d3-4cb6-9da5-91963f0e9ba0/nomination-district/eb009669-6ab3-4095-8039-8ad62b662781,Ensted,https://valg.dk/fv/47b883ef-d0d3-4cb6-9da5-91963f0e9ba0/nomination-district/eb009669-6ab3-4095-8039-8ad62b662781/polling-district/e586c4f6-f7f7-4a8e-b859-97b01ba938f1
2. Aabenraa,https://valg.dk/fv/47b883ef-d0d3-4cb6-9da5-91963f0e9ba0/nomination-district/eb009669-6ab3-4095-8039-8ad62b662781,Felsted,https://valg.dk/fv/47b883ef-d0d3-4cb6-9da5-91963f0e9ba0/nomination-district/eb009669-6ab3-4095-8039-8ad62b662781/polling-district/a579657e-5799-4aa0-b12e-3f2d680f7f64
2. Aabenraa,https://valg.dk/fv/47b883ef-d0d3-4cb6-9da5-91963f0e9ba0/nomination-district/eb009669-6ab3-4095-8039-8ad62b662781,Hellevad,https://valg.dk/fv/47b883ef-d0d3-4cb6-9da5-91963f0e9ba0/nomination-district/eb009669-6ab3-4095-8039-8ad62b662781/polling-district/6e4998e9-4c29-4176-bb10-a7545a4c638d
2. Aabenraa,https://valg.dk/fv/47b883ef-d0d3-4cb6-9da5-91963f0e9ba0/nomination-district/eb009669-6ab3-4095-8039-8ad62b662781,Hjordkær,https://valg.dk/fv/47b883ef-d0d3-4cb6-9da5-91963f0e9ba0/nomination-district/eb009669-6ab3-4095-8039-8ad62b662781/polling-district/3f4afa4a-2a91-417e-8d71-6ee119bbd951
2. Aabenraa,https://valg.dk/fv/47b883ef-d0d3-4cb6-9da5-91963f0e9ba0/nomination-district/eb009669-6ab3-4095-8039-8ad62b662781,Hovslund,https://valg.dk/fv/47b883ef-d0d3-4cb6-9da5-91963f0e9ba0/nomination-district/eb009669-6ab3-4095-8039-8ad62b662781/polling-district/7c36e2c5-0053-439a-9fc0-cd4127e80d5a
2. Aabenraa,https://valg.dk/fv/47b883ef-d0d3-4cb6-9da5-91963f0e9ba0/nomination-district/eb009669-6ab3-4095-8039-8ad62b662781,Kliplev,https://valg.dk/fv/47b883ef-d0d3-4cb6-9da5-91963f0e9ba0/nomination-district/eb009669-6ab3-4095-8039-8ad62b662781/polling-district/88bd1b27-69c0-40a5-bad3-6c74279c7450
2. Aabenraa,https://valg.dk/fv/47b883ef-d0d3-4cb6-9da5-91963f0e9ba0/nomination-district/eb009669-6ab3-4095-8039-8ad62b662781,Kruså,https://valg.dk/fv/47b883ef-d0d3-4cb6-9da5-91963f0e9ba0/nomination-district/eb009669-6ab3-4095-8039-8ad62b662781/polling-district/1b6bf228-620b-46c2-92de-67c46e63cd5a
2. Aabenraa,https://valg.dk/fv/47b883ef-d0d3-4cb6-9da5-91963f0e9ba0/nomination-district/eb009669-6ab3-4095-8039-8ad62b662781,Løjt,https://valg.dk/fv/47b883ef-d0d3-4cb6-9da5-91963f0e9ba0/nomination-district/eb009669-6ab3-4095-8039-8ad62b662781/polling-district/999b1519-93bb-4b9b-b1f2-56e8dd5d8a77
2. Aabenraa,https://valg.dk/fv/47b883ef-d0d3-4cb6-9da5-91963f0e9ba0/nomination-district/eb009669-6ab3-4095-8039-8ad62b662781,Padborg,https://valg.dk/fv/47b883ef-d0d3-4cb6-9da5-91963f0e9ba0/nomination-district/eb009669-6ab3-4095-8039-8ad62b662781/polling-district/f3789e3b-84ae-4232-b983-4bfaa9f16dab
2. Aabenraa,https://valg.dk/fv/47b883ef-d0d3-4cb6-9da5-91963f0e9ba0/nomination-district/eb009669-6ab3-4095-8039-8ad62b662781,Ravsted,https://valg.dk/fv/47b883ef-d0d3-4cb6-9da5-91963f0e9ba0/nomination-district/eb009669-6ab3-4095-8039-8ad62b662781/polling-district/b2c6d11d-e653-4643-85b3-70b98c74b1b6
2. Aabenraa,https://valg.dk/fv/47b883ef-d0d3-4cb6-9da5-91963f0e9ba0/nomination-district/eb009669-6ab3-4095-8039-8ad62b662781,Rødekro,https://valg.dk/fv/47b883ef-d0d3-4cb6-9da5-91963f0e9ba0/nomination-district/eb009669-6ab3-4095-8039-8ad62b662781/polling-district/612026e6-9a29-4e23-a1cc-aa6772d3a6f3
2. Aabenraa,https://valg.dk/fv/47b883ef-d0d3-4cb6-9da5-91963f0e9ba0/nomination-district/eb009669-6ab3-4095-8039-8ad62b662781,Tinglev,https://valg.dk/fv/47b883ef-d0d3-4cb6-9da5-91963f0e9ba0/nomination-district/eb009669-6ab3-4095-8039-8ad62b662781/polling-district/1c207046-f34e-4146-8450-eba591f9e09f
2. Aabenraa,https://valg.dk/fv/47b883ef-d0d3-4cb6-9da5-91963f0e9ba0/nomination-district/eb009669-6ab3-4095-8039-8ad62b662781,Varnæs,https://valg.dk/fv/47b883ef-d0d3-4cb6-9da5-91963f0e9ba0/nomination-district/eb009669-6ab3-4095-8039-8ad62b662781/polling-district/aa293b2d-10a3-4742-9e4c-a04acc7a4917
2. Aakirkeby,https://valg.dk/fv/47b883ef-d0d3-4cb6-9da5-91963f0e9ba0/nomination-district/fd125c83-11a9-452b-8dd6-093d53971c1d,Aakirkeby,https://valg.dk/fv/47b883ef-d0d3-4cb6-9da5-91963f0e9ba0/nomination-district/fd125c83-11a9-452b-8dd6-093d53971c1d/polling-district/15a141a6-8cf5-4fe8-9d1c-5ebd1f789825
2. Aakirkeby,https://valg.dk/fv/47b883ef-d0d3-4cb6-9da5-91963f0e9ba0/nomination-district/fd125c83-11a9-452b-8dd6-093d53971c1d,Allinge,https://valg.dk/fv/47b883ef-d0d3-4cb6-9da5-91963f0e9ba0/nomination-district/fd125c83-11a9-452b-8dd6-093d53971c1d/polling-district/22a72b82-0749-4c58-bfdb-eb5cea5302c8
2. Aakirkeby,https://valg.dk/fv/47b883ef-d0d3-4cb6-9da5-91963f0e9ba0/nomination-district/fd125c83-11a9-452b-8dd6-093d53971c1d,Christiansø,https://valg.dk/fv/47b883ef-d0d3-4cb6-9da5-91963f0e9ba0/nomination-district/fd125c83-11a9-452b-8dd6-093d53971c1d/polling-district/6bc9dd78-020e-4373-a20e-ad7ad84d8c1c
2. Aakirkeby,https://valg.dk/fv/47b883ef-d0d3-4cb6-9da5-91963f0e9ba0/nomination-district/fd125c83-11a9-452b-8dd6-093d53971c1d,Nexø,https://valg.dk/fv/47b883ef-d0d3-4cb6-9da5-91963f0e9ba0/nomination-district/fd125c83-11a9-452b-8dd6-093d53971c1d/polling-district/8d901a19-20a8-447d-bc09-f0ecbdfb626e
2. Aakirkeby,https://valg.dk/fv/47b883ef-d0d3-4cb6-9da5-91963f0e9ba0/nomination-district/fd125c83-11a9-452b-8dd6-093d53971c1d,Pedersker,https://valg.dk/fv/47b883ef-d0d3-4cb6-9da5-91963f0e9ba0/nomination-district/fd125c83-11a9-452b-8dd6-093d53971c1d/polling-district/967f3d9e-4fac-4e50-89cb-ebeb33327a2e
2. Aakirkeby,https://valg.dk/fv/47b883ef-d0d3-4cb6-9da5-91963f0e9ba0/nomination-district/fd125c83-11a9-452b-8dd6-093d53971c1d,Svaneke,https://valg.dk/fv/47b883ef-d0d3-4cb6-9da5-91963f0e9ba0/nomination-district/fd125c83-11a9-452b-8dd6-093d53971c1d/polling-district/1a2b96c1-bcb6-4666-9732-b1c54dae32c2
2. Aakirkeby,https://valg.dk/fv/47b883ef-d0d3-4cb6-9da5-91963f0e9ba0/nomination-district/fd125c83-11a9-452b-8dd6-093d53971c1d,Østerlars,https://valg.dk/fv/47b883ef-d0d3-4cb6-9da5-91963f0e9ba0/nomination-district/fd125c83-11a9-452b-8dd6-093d53971c1d/polling-district/61aa714c-1438-477d-86bd-4059787f9c16
2. Aarhus Vest,https://valg.dk/fv/47b883ef-d0d3-4cb6-9da5-91963f0e9ba0/nomination-district/853722fe-3fe8-4c1d-8eef-39e5d978f66c,Borum Forsamlingshus,https://valg.dk/fv/47b883ef-d0d3-4cb6-9da5-91963f0e9ba0/nomination-district/853722fe-3fe8-4c1d-8eef-39e5d978f66c/polling-district/58dbf950-1217-4352-9ed8-11f08b3a57ba
2. Aarhus Vest,https://valg.dk/fv/47b883ef-d0d3-4cb6-9da5-91963f0e9ba0/nomination-district/853722fe-3fe8-4c1d-8eef-39e5d978f66c,Brabrand Hallen,https://valg.dk/fv/47b883ef-d0d3-4cb6-9da5-91963f0e9ba0/nomination-district/853722fe-3fe8-4c1d-8eef-39e5d978f66c/polling-district/f8f6c7f2-0db1-4e76-962d-9a490eb39fd5
2. Aarhus Vest,https://valg.dk/fv/47b883ef-d0d3-4cb6-9da5-91963f0e9ba0/nomination-district/853722fe-3fe8-4c1d-8eef-39e5d978f66c,"Globus 1, Brabrand",https://valg.dk/fv/47b883ef-d0d3-4cb6-9da5-91963f0e9ba0/nomination-district/853722fe-3fe8-4c1d-8eef-39e5d978f66c/polling-district/e2f5d18c-3e65-4e93-97a8-24e4287dfa1c
2. Aarhus Vest,https://valg.dk/fv/47b883ef-d0d3-4cb6-9da5-91963f0e9ba0/nomination-district/853722fe-3fe8-4c1d-8eef-39e5d978f66c,Hasselager Hallen,https://valg.dk/fv/47b883ef-d0d3-4cb6-9da5-91963f0e9ba0/nomination-district/853722fe-3fe8-4c1d-8eef-39e5d978f66c/polling-district/2076cdc3-ee55-4493-ada6-2c5198884664
2. Aarhus Vest,https://valg.dk/fv/47b883ef-d0d3-4cb6-9da5-91963f0e9ba0/nomination-district/853722fe-3fe8-4c1d-8eef-39e5d978f66c,"Højvangskolen, Stavtrup",https://valg.dk/fv/47b883ef-d0d3-4cb6-9da5-91963f0e9ba0/nomination-district/853722fe-3fe8-4c1d-8eef-39e5d978f66c/polling-district/3f735ca2-93a5-4ab4-8226-7484c5b7181c
2. Aarhus Vest,https://valg.dk/fv/47b883ef-d0d3-4cb6-9da5-91963f0e9ba0/nomination-district/853722fe-3fe8-4c1d-8eef-39e5d978f66c,"Næshøjhallen, Harlev",https://valg.dk/fv/47b883ef-d0d3-4cb6-9da5-91963f0e9ba0/nomination-district/853722fe-3fe8-4c1d-8eef-39e5d978f66c/polling-district/bb1bb82e-efb8-4a12-b92e-52429c749978
2. Aarhus Vest,https://valg.dk/fv/47b883ef-d0d3-4cb6-9da5-91963f0e9ba0/nomination-district/853722fe-3fe8-4c1d-8eef-39e5d978f66c,Ormslev Præstegård,https://valg.dk/fv/47b883ef-d0d3-4cb6-9da5-91963f0e9ba0/nomination-district/853722fe-3fe8-4c1d-8eef-39e5d978f66c/polling-district/908dd300-627d-4250-a5d7-ceb3c2d718f8
2. Aarhus Vest,https://valg.dk/fv/47b883ef-d0d3-4cb6-9da5-91963f0e9ba0/nomination-district/853722fe-3fe8-4c1d-8eef-39e5d978f66c,"Rosenvangskolen, Viby J",https://valg.dk/fv/47b883ef-d0d3-4cb6-9da5-91963f0e9ba0/nomination-district/853722fe-3fe8-4c1d-8eef-39e5d978f66c/polling-district/0b9635f0-c607-453c-9ed9-8136c633e7ac
2. Aarhus Vest,https://valg.dk/fv/47b883ef-d0d3-4cb6-9da5-91963f0e9ba0/nomination-district/853722fe-3fe8-4c1d-8eef-39e5d978f66c,"Sabro-Korsvejskolen, Sabro",https://valg.dk/fv/47b883ef-d0d3-4cb6-9da5-91963f0e9ba0/nomination-district/853722fe-3fe8-4c1d-8eef-39e5d978f66c/polling-district/2eac1245-cd2f-4d17-a113-21af94dd0a4c
2. Aarhus Vest,https://valg.dk/fv/47b883ef-d0d3-4cb6-9da5-91963f0e9ba0/nomination-district/853722fe-3fe8-4c1d-8eef-39e5d978f66c,"Skjoldhøjskolen, Tilst",https://valg.dk/fv/47b883ef-d0d3-4cb6-9da5-91963f0e9ba0/nomination-district/853722fe-3fe8-4c1d-8eef-39e5d978f66c/polling-district/e6d0ffb4-4389-4456-b79e-45eafbb3fd64
2. Aarhus Vest,https://valg.dk/fv/47b883ef-d0d3-4cb6-9da5-91963f0e9ba0/nomination-district/853722fe-3fe8-4c1d-8eef-39e5d978f66c,"Søndervangskolen, Viby J",https://valg.dk/fv/47b883ef-d0d3-4cb6-9da5-91963f0e9ba0/nomination-district/853722fe-3fe8-4c1d-8eef-39e5d978f66c/polling-district/9d91909a-0c08-4ae7-83a2-e05d7d25fc31
2. Aarhus Vest,https://valg.dk/fv/47b883ef-d0d3-4cb6-9da5-91963f0e9ba0/nomination-district/853722fe-3fe8-4c1d-8eef-39e5d978f66c,"TST Aktiv-Center, Tilst",https://valg.dk/fv/47b883ef-d0d3-4cb6-9da5-91963f0e9ba0/nomination-district/853722fe-3fe8-4c1d-8eef-39e5d978f66c/polling-district/c463ebcc-4c08-4926-a505-98eb2eb20e19
2. Aarhus Vest,https://valg.dk/fv/47b883ef-d0d3-4cb6-9da5-91963f0e9ba0/nomination-district/853722fe-3fe8-4c1d-8eef-39e5d978f66c,Viby Hallen,https://valg.dk/fv/47b883ef-d0d3-4cb6-9da5-91963f0e9ba0/nomination-district/853722fe-3fe8-4c1d-8eef-39e5d978f66c/polling-district/87326f43-f181-4e6e-85de-cf8511b31101
2. Aarhus Vest,https://valg.dk/fv/47b883ef-d0d3-4cb6-9da5-91963f0e9ba0/nomination-district/853722fe-3fe8-4c1d-8eef-39e5d978f66c,Åby Hallen,https://valg.dk/fv/47b883ef-d0d3-4cb6-9da5-91963f0e9ba0/nomination-district/853722fe-3fe8-4c1d-8eef-39e5d978f66c/polling-district/22d12842-aaff-4891-929e-cdf46a88287f
2. Fredensborg,https://valg.dk/fv/47b883ef-d0d3-4cb6-9da5-91963f0e9ba0/nomination-district/eeb8947f-cfbb-4d25-8a5c-d2f0dcc89544,Asminderød,https://valg.dk/fv/47b883ef-d0d3-4cb6-9da5-91963f0e9ba0/nomination-district/eeb8947f-cfbb-4d25-8a5c-d2f0dcc89544/polling-district/619a5186-7e51-42a8-95d8-00f4690d2abe
2. Fredensborg,https://valg.dk/fv/47b883ef-d0d3-4cb6-9da5-91963f0e9ba0/nomination-district/eeb8947f-cfbb-4d25-8a5c-d2f0dcc89544,Baunebjerg,https://valg.dk/fv/47b883ef-d0d3-4cb6-9da5-91963f0e9ba0/nomination-district/eeb8947f-cfbb-4d25-8a5c-d2f0dcc89544/polling-district/eeca6596-629a-4a95-bdd0-edbf0814e7e4
2. Fredensborg,https://valg.dk/fv/47b883ef-d0d3-4cb6-9da5-91963f0e9ba0/nomination-district/eeb8947f-cfbb-4d25-8a5c-d2f0dcc89544,Fredensborg,https://valg.dk/fv/47b883ef-d0d3-4cb6-9da5-91963f0e9ba0/nomination-district/eeb8947f-cfbb-4d25-8a5c-d2f0dcc89544/polling-district/447554c5-b2dc-494a-8e4e-4177ca95c8ad
2. Fredensborg,https://valg.dk/fv/47b883ef-d0d3-4cb6-9da5-91963f0e9ba0/nomination-district/eeb8947f-cfbb-4d25-8a5c-d2f0dcc89544,Grønnegade,https://valg.dk/fv/47b883ef-d0d3-4cb6-9da5-91963f0e9ba0/nomination-district/eeb8947f-cfbb-4d25-8a5c-d2f0dcc89544/polling-district/82b2f205-c74b-4b86-b293-bc70f0fad10a
2. Fredensborg,https://valg.dk/fv/47b883ef-d0d3-4cb6-9da5-91963f0e9ba0/nomination-district/eeb8947f-cfbb-4d25-8a5c-d2f0dcc89544,Humlebæk,https://valg.dk/fv/47b883ef-d0d3-4cb6-9da5-91963f0e9ba0/nomination-district/eeb8947f-cfbb-4d25-8a5c-d2f0dcc89544/polling-district/a8fad435-8cf5-4316-bdd9-23eadb492e82
2. Fredensborg,https://valg.dk/fv/47b883ef-d0d3-4cb6-9da5-91963f0e9ba0/nomination-district/eeb8947f-cfbb-4d25-8a5c-d2f0dcc89544,Hørsholm,https://valg.dk/fv/47b883ef-d0d3-4cb6-9da5-91963f0e9ba0/nomination-district/eeb8947f-cfbb-4d25-8a5c-d2f0dcc89544/polling-district/6dabfd65-8222-413e-9975-b8e7a76a4bb7
2. Fredensborg,https://valg.dk/fv/47b883ef-d0d3-4cb6-9da5-91963f0e9ba0/nomination-district/eeb8947f-cfbb-4d25-8a5c-d2f0dcc89544,Karlebo,https://valg.dk/fv/47b883ef-d0d3-4cb6-9da5-91963f0e9ba0/nomination-district/eeb8947f-cfbb-4d25-8a5c-d2f0dcc89544/polling-district/882994fa-1d5d-473c-99b4-a7151de0ae88
2. Fredensborg,https://valg.dk/fv/47b883ef-d0d3-4cb6-9da5-91963f0e9ba0/nomination-district/eeb8947f-cfbb-4d25-8a5c-d2f0dcc89544,Kokkedal,https://valg.dk/fv/47b883ef-d0d3-4cb6-9da5-91963f0e9ba0/nomination-district/eeb8947f-cfbb-4d25-8a5c-d2f0dcc89544/polling-district/5c74b678-5eba-4f1b-ae18-928de88df7fc
2. Fredensborg,https://valg.dk/fv/47b883ef-d0d3-4cb6-9da5-91963f0e9ba0/nomination-district/eeb8947f-cfbb-4d25-8a5c-d2f0dcc89544,Nivå,https://valg.dk/fv/47b883ef-d0d3-4cb6-9da5-91963f0e9ba0/nomination-district/eeb8947f-cfbb-4d25-8a5c-d2f0dcc89544/polling-district/cc6c2661-0a92-4170-9958-8a84b7546808
2. Fredensborg,https://valg.dk/fv/47b883ef-d0d3-4cb6-9da5-91963f0e9ba0/nomination-district/eeb8947f-cfbb-4d25-8a5c-d2f0dcc89544,Rungsted,https://valg.dk/fv/47b883ef-d0d3-4cb6-9da5-91963f0e9ba0/nomination-district/eeb8947f-cfbb-4d25-8a5c-d2f0dcc89544/polling-district/66a2e58b-d95e-4e07-8552-58c7a738eed9
2. Fredensborg,https://valg.dk/fv/47b883ef-d0d3-4cb6-9da5-91963f0e9ba0/nomination-district/eeb8947f-cfbb-4d25-8a5c-d2f0dcc89544,Usserød,https://valg.dk/fv/47b883ef-d0d3-4cb6-9da5-91963f0e9ba0/nomination-district/eeb8947f-cfbb-4d25-8a5c-d2f0dcc89544/polling-district/7ee6bf69-7a55-4fd7-82e7-4cdf24c71b0c
2. Fredensborg,https://valg.dk/fv/47b883ef-d0d3-4cb6-9da5-91963f0e9ba0/nomination-district/eeb8947f-cfbb-4d25-8a5c-d2f0dcc89544,Vallerød,https://valg.dk/fv/47b883ef-d0d3-4cb6-9da5-91963f0e9ba0/nomination-district/eeb8947f-cfbb-4d25-8a5c-d2f0dcc89544/polling-district/6eefc0b4-a048-4ac3-bb39-1010a2f72ec9
2. Guldborgsund,https://valg.dk/fv/47b883ef-d0d3-4cb6-9da5-91963f0e9ba0/nomination-district/ae18d68d-949a-4286-89e7-dc22d523e245,Byen,https://valg.dk/fv/47b883ef-d0d3-4cb6-9da5-91963f0e9ba0/nomination-district/ae18d68d-949a-4286-89e7-dc22d523e245/polling-district/67e7912e-060d-41ae-957d-9c4ff71f3679
2. Guldborgsund,https://valg.dk/fv/47b883ef-d0d3-4cb6-9da5-91963f0e9ba0/nomination-district/ae18d68d-949a-4286-89e7-dc22d523e245,Ejegod,https://valg.dk/fv/47b883ef-d0d3-4cb6-9da5-91963f0e9ba0/nomination-district/ae18d68d-949a-4286-89e7-dc22d523e245/polling-district/443c9a8f-d3d2-413a-8f44-60efe13defa5
2. Guldborgsund,https://valg.dk/fv/47b883ef-d0d3-4cb6-9da5-91963f0e9ba0/nomination-district/ae18d68d-949a-4286-89e7-dc22d523e245,Eskilstrup,https://valg.dk/fv/47b883ef-d0d3-4cb6-9da5-91963f0e9ba0/nomination-district/ae18d68d-949a-4286-89e7-dc22d523e245/polling-district/221a7590-0f12-4460-b3e9-177723c8cc79
2. Guldborgsund,https://valg.dk/fv/47b883ef-d0d3-4cb6-9da5-91963f0e9ba0/nomination-district/ae18d68d-949a-4286-89e7-dc22d523e245,Gedser,https://valg.dk/fv/47b883ef-d0d3-4cb6-9da5-91963f0e9ba0/nomination-district/ae18d68d-949a-4286-89e7-dc22d523e245/polling-district/3ab6883e-ed49-4ad4-b8c5-25882fcf69fd
2. Guldborgsund,https://valg.dk/fv/47b883ef-d0d3-4cb6-9da5-91963f0e9ba0/nomination-district/ae18d68d-949a-4286-89e7-dc22d523e245,Horreby,https://valg.dk/fv/47b883ef-d0d3-4cb6-9da5-91963f0e9ba0/nomination-district/ae18d68d-949a-4286-89e7-dc22d523e245/polling-district/a2827e98-daab-43a8-b44f-c57a6cfabe75
2. Guldborgsund,https://valg.dk/fv/47b883ef-d0d3-4cb6-9da5-91963f0e9ba0/nomination-district/ae18d68d-949a-4286-89e7-dc22d523e245,Idestrup,https://valg.dk/fv/47b883ef-d0d3-4cb6-9da5-91963f0e9ba0/nomination-district/ae18d68d-949a-4286-89e7-dc22d523e245/polling-district/27e6d6f5-16da-47e7-a2e4-845b6a7c29bd
2. Guldborgsund,https://valg.dk/fv/47b883ef-d0d3-4cb6-9da5-91963f0e9ba0/nomination-district/ae18d68d-949a-4286-89e7-dc22d523e245,Kraghave,https://valg.dk/fv/47b883ef-d0d3-4cb6-9da5-91963f0e9ba0/nomination-district/ae18d68d-949a-4286-89e7-dc22d523e245/polling-district/efe2c81c-2053-4fde-b6a5-18492f8dde47
2. Guldborgsund,https://valg.dk/fv/47b883ef-d0d3-4cb6-9da5-91963f0e9ba0/nomination-district/ae18d68d-949a-4286-89e7-dc22d523e245,Lindeskov,https://valg.dk/fv/47b883ef-d0d3-4cb6-9da5-91963f0e9ba0/nomination-district/ae18d68d-949a-4286-89e7-dc22d523e245/polling-district/bd9b11cf-349d-48f2-ab89-d1a20db3d27d
2. Guldborgsund,https://valg.dk/fv/47b883ef-d0d3-4cb6-9da5-91963f0e9ba0/nomination-district/ae18d68d-949a-4286-89e7-dc22d523e245,Majbølle,https://valg.dk/fv/47b883ef-d0d3-4cb6-9da5-91963f0e9ba0/nomination-district/ae18d68d-949a-4286-89e7-dc22d523e245/polling-district/c3a1b1a5-ed66-4383-9377-a14940bae1d6
2. Guldborgsund,https://valg.dk/fv/47b883ef-d0d3-4cb6-9da5-91963f0e9ba0/nomination-district/ae18d68d-949a-4286-89e7-dc22d523e245,Nysted,https://valg.dk/fv/47b883ef-d0d3-4cb6-9da5-91963f0e9ba0/nomination-district/ae18d68d-949a-4286-89e7-dc22d523e245/polling-district/0fe6e313-3bdc-4875-85c3-653b3213197c
2. Guldborgsund,https://valg.dk/fv/47b883ef-d0d3-4cb6-9da5-91963f0e9ba0/nomination-district/ae18d68d-949a-4286-89e7-dc22d523e245,Nørre Alslev,https://valg.dk/fv/47b883ef-d0d3-4cb6-9da5-91963f0e9ba0/nomination-district/ae18d68d-949a-4286-89e7-dc22d523e245/polling-district/34185ce6-22ed-4c23-8416-cd79057fe715
2. Guldborgsund,https://valg.dk/fv/47b883ef-d0d3-4cb6-9da5-91963f0e9ba0/nomination-district/ae18d68d-949a-4286-89e7-dc22d523e245,Nørre Vedby,https://valg.dk/fv/47b883ef-d0d3-4cb6-9da5-91963f0e9ba0/nomination-district/ae18d68d-949a-4286-89e7-dc22d523e245/polling-district/c51cbaf9-6752-443c-b4ab-1d598d97dd60
2. Guldborgsund,https://valg.dk/fv/47b883ef-d0d3-4cb6-9da5-91963f0e9ba0/nomination-district/ae18d68d-949a-4286-89e7-dc22d523e245,Sakskøbing,https://valg.dk/fv/47b883ef-d0d3-4cb6-9da5-91963f0e9ba0/nomination-district/ae18d68d-949a-4286-89e7-dc22d523e245/polling-district/8d128fe9-f2c0-4fa7-86a3-aff01028f70c
2. Guldborgsund,https://valg.dk/fv/47b883ef-d0d3-4cb6-9da5-91963f0e9ba0/nomination-district/ae18d68d-949a-4286-89e7-dc22d523e245,Stubbekøbing,https://valg.dk/fv/47b883ef-d0d3-4cb6-9da5-91963f0e9ba0/nomination-district/ae18d68d-949a-4286-89e7-dc22d523e245/polling-district/1c588bb5-65d6-4a8c-ad58-b200300e4919
2. Guldborgsund,https://valg.dk/fv/47b883ef-d0d3-4cb6-9da5-91963f0e9ba0/nomination-district/ae18d68d-949a-4286-89e7-dc22d523e245,Sundby,https://valg.dk/fv/47b883ef-d0d3-4cb6-9da5-91963f0e9ba0/nomination-district/ae18d68d-949a-4286-89e7-dc22d523e245/polling-district/1089f59c-fe2f-4521-8fa9-f7eb4d5944ba
2. Guldborgsund,https://valg.dk/fv/47b883ef-d0d3-4cb6-9da5-91963f0e9ba0/nomination-district/ae18d68d-949a-4286-89e7-dc22d523e245,Toreby,https://valg.dk/fv/47b883ef-d0d3-4cb6-9da5-91963f0e9ba0/nomination-district/ae18d68d-949a-4286-89e7-dc22d523e245/polling-district/2ddce7d5-b389-4070-b096-718a6180e50e
2. Guldborgsund,https://valg.dk/fv/47b883ef-d0d3-4cb6-9da5-91963f0e9ba0/nomination-district/ae18d68d-949a-4286-89e7-dc22d523e245,Våbensted,https://valg.dk/fv/47b883ef-d0d3-4cb6-9da5-91963f0e9ba0/nomination-district/ae18d68d-949a-4286-89e7-dc22d523e245/polling-district/cf969db5-e696-491b-b9bc-464a3880d956
2. Guldborgsund,https://valg.dk/fv/47b883ef-d0d3-4cb6-9da5-91963f0e9ba0/nomination-district/ae18d68d-949a-4286-89e7-dc22d523e245,Væggerløse,https://valg.dk/fv/47b883ef-d0d3-4cb6-9da5-91963f0e9ba0/nomination-district/ae18d68d-949a-4286-89e7-dc22d523e245/polling-district/e07b7cdf-86fb-4986-8b35-286717e7a43d
2. Guldborgsund,https://valg.dk/fv/47b883ef-d0d3-4cb6-9da5-91963f0e9ba0/nomination-district/ae18d68d-949a-4286-89e7-dc22d523e245,Øster Ulslev,https://valg.dk/fv/47b883ef-d0d3-4cb6-9da5-91963f0e9ba0/nomination-district/ae18d68d-949a-4286-89e7-dc22d523e245/polling-district/6e6d1961-1523-49eb-9e23-1c9f55d2f852
2. Guldborgsund,https://valg.dk/fv/47b883ef-d0d3-4cb6-9da5-91963f0e9ba0/nomination-district/ae18d68d-949a-4286-89e7-dc22d523e245,Østerbro,https://valg.dk/fv/47b883ef-d0d3-4cb6-9da5-91963f0e9ba0/nomination-district/ae18d68d-949a-4286-89e7-dc22d523e245/polling-district/18ea8397-4148-4d17-93de-1d8f700cbf5f
2. Hjørring,https://valg.dk/fv/47b883ef-d0d3-4cb6-9da5-91963f0e9ba0/nomination-district/e875288e-96b3-4b2c-a627-9833b44d9ed9,Astrup,https://valg.dk/fv/47b883ef-d0d3-4cb6-9da5-91963f0e9ba0/nomination-district/e875288e-96b3-4b2c-a627-9833b44d9ed9/polling-district/6894b7c3-7bb9-412a-8d9c-0746f4f8fb29
2. Hjørring,https://valg.dk/fv/47b883ef-d0d3-4cb6-9da5-91963f0e9ba0/nomination-district/e875288e-96b3-4b2c-a627-9833b44d9ed9,Bindslev,https://valg.dk/fv/47b883ef-d0d3-4cb6-9da5-91963f0e9ba0/nomination-district/e875288e-96b3-4b2c-a627-9833b44d9ed9/polling-district/5e11a3b5-3820-422e-8ace-90cf13f76ff8
2. Hjørring,https://valg.dk/fv/47b883ef-d0d3-4cb6-9da5-91963f0e9ba0/nomination-district/e875288e-96b3-4b2c-a627-9833b44d9ed9,Bjergby-Mygdal,https://valg.dk/fv/47b883ef-d0d3-4cb6-9da5-91963f0e9ba0/nomination-district/e875288e-96b3-4b2c-a627-9833b44d9ed9/polling-district/0dd2d46e-a6d1-4b9c-b99e-684321222bc8
2. Hjørring,https://valg.dk/fv/47b883ef-d0d3-4cb6-9da5-91963f0e9ba0/nomination-district/e875288e-96b3-4b2c-a627-9833b44d9ed9,Hirtshals,https://valg.dk/fv/47b883ef-d0d3-4cb6-9da5-91963f0e9ba0/nomination-district/e875288e-96b3-4b2c-a627-9833b44d9ed9/polling-district/b88a0bd8-fda2-4236-8715-d3e47823bafd
2. Hjørring,https://valg.dk/fv/47b883ef-d0d3-4cb6-9da5-91963f0e9ba0/nomination-district/e875288e-96b3-4b2c-a627-9833b44d9ed9,Hjørring - Centrum,https://valg.dk/fv/47b883ef-d0d3-4cb6-9da5-91963f0e9ba0/nomination-district/e875288e-96b3-4b2c-a627-9833b44d9ed9/polling-district/ac55484b-b021-4e19-983a-c1af1798d255
2. Hjørring,https://valg.dk/fv/47b883ef-d0d3-4cb6-9da5-91963f0e9ba0/nomination-district/e875288e-96b3-4b2c-a627-9833b44d9ed9,Hjørring - Nord,https://valg.dk/fv/47b883ef-d0d3-4cb6-9da5-91963f0e9ba0/nomination-district/e875288e-96b3-4b2c-a627-9833b44d9ed9/polling-district/aa51e57b-80ff-4d10-96e9-b09e1878699c
2. Hjørring,https://valg.dk/fv/47b883ef-d0d3-4cb6-9da5-91963f0e9ba0/nomination-district/e875288e-96b3-4b2c-a627-9833b44d9ed9,Hjørring - Syd,https://valg.dk/fv/47b883ef-d0d3-4cb6-9da5-91963f0e9ba0/nomination-district/e875288e-96b3-4b2c-a627-9833b44d9ed9/polling-district/b8140f0d-e2be-44dd-b07d-102f75f0f08f
2. Hjørring,https://valg.dk/fv/47b883ef-d0d3-4cb6-9da5-91963f0e9ba0/nomination-district/e875288e-96b3-4b2c-a627-9833b44d9ed9,Hjørring - Vest,https://valg.dk/fv/47b883ef-d0d3-4cb6-9da5-91963f0e9ba0/nomination-district/e875288e-96b3-4b2c-a627-9833b44d9ed9/polling-district/306bf2a8-d30c-438a-8429-d0dac28effdd
2. Hjørring,https://valg.dk/fv/47b883ef-d0d3-4cb6-9da5-91963f0e9ba0/nomination-district/e875288e-96b3-4b2c-a627-9833b44d9ed9,Horne,https://valg.dk/fv/47b883ef-d0d3-4cb6-9da5-91963f0e9ba0/nomination-district/e875288e-96b3-4b2c-a627-9833b44d9ed9/polling-district/e9dcc036-9121-4dec-b6ab-c9a6c51ecba8
2. Hjørring,https://valg.dk/fv/47b883ef-d0d3-4cb6-9da5-91963f0e9ba0/nomination-district/e875288e-96b3-4b2c-a627-9833b44d9ed9,Hundelev,https://valg.dk/fv/47b883ef-d0d3-4cb6-9da5-91963f0e9ba0/nomination-district/e875288e-96b3-4b2c-a627-9833b44d9ed9/polling-district/288958f8-2ccd-47b4-be7e-da5241ec99c6
2. Hjørring,https://valg.dk/fv/47b883ef-d0d3-4cb6-9da5-91963f0e9ba0/nomination-district/e875288e-96b3-4b2c-a627-9833b44d9ed9,Lendum,https://valg.dk/fv/47b883ef-d0d3-4cb6-9da5-91963f0e9ba0/nomination-district/e875288e-96b3-4b2c-a627-9833b44d9ed9/polling-district/900529ba-af38-4a3e-86b4-facebd522796
2. Hjørring,https://valg.dk/fv/47b883ef-d0d3-4cb6-9da5-91963f0e9ba0/nomination-district/e875288e-96b3-4b2c-a627-9833b44d9ed9,Løkken,https://valg.dk/fv/47b883ef-d0d3-4cb6-9da5-91963f0e9ba0/nomination-district/e875288e-96b3-4b2c-a627-9833b44d9ed9/polling-district/22ef80a2-957a-4d8f-8a59-372e627072d8
2. Hjørring,https://valg.dk/fv/47b883ef-d0d3-4cb6-9da5-91963f0e9ba0/nomination-district/e875288e-96b3-4b2c-a627-9833b44d9ed9,Sindal,https://valg.dk/fv/47b883ef-d0d3-4cb6-9da5-91963f0e9ba0/nomination-district/e875288e-96b3-4b2c-a627-9833b44d9ed9/polling-district/7e829d4d-85b6-4a23-8981-0d1f428a336b
2. Hjørring,https://valg.dk/fv/47b883ef-d0d3-4cb6-9da5-91963f0e9ba0/nomination-district/e875288e-96b3-4b2c-a627-9833b44d9ed9,Skallerup,https://valg.dk/fv/47b883ef-d0d3-4cb6-9da5-91963f0e9ba0/nomination-district/e875288e-96b3-4b2c-a627-9833b44d9ed9/polling-district/100d63a6-4ed4-49c2-a7f6-462df7772506
2. Hjørring,https://valg.dk/fv/47b883ef-d0d3-4cb6-9da5-91963f0e9ba0/nomination-district/e875288e-96b3-4b2c-a627-9833b44d9ed9,Taars,https://valg.dk/fv/47b883ef-d0d3-4cb6-9da5-91963f0e9ba0/nomination-district/e875288e-96b3-4b2c-a627-9833b44d9ed9/polling-district/be9022b9-97da-4ecc-83c6-87f7bd0cc728
2. Hjørring,https://valg.dk/fv/47b883ef-d0d3-4cb6-9da5-91963f0e9ba0/nomination-district/e875288e-96b3-4b2c-a627-9833b44d9ed9,Tolne,https://valg.dk/fv/47b883ef-d0d3-4cb6-9da5-91963f0e9ba0/nomination-district/e875288e-96b3-4b2c-a627-9833b44d9ed9/polling-district/a598e748-d415-4642-93e5-28d6c566a032
2. Hjørring,https://valg.dk/fv/47b883ef-d0d3-4cb6-9da5-91963f0e9ba0/nomination-district/e875288e-96b3-4b2c-a627-9833b44d9ed9,Tornby,https://valg.dk/fv/47b883ef-d0d3-4cb6-9da5-91963f0e9ba0/nomination-district/e875288e-96b3-4b2c-a627-9833b44d9ed9/polling-district/2a78065c-07f2-4fc4-87bd-980f7d65927d
2. Hjørring,https://valg.dk/fv/47b883ef-d0d3-4cb6-9da5-91963f0e9ba0/nomination-district/e875288e-96b3-4b2c-a627-9833b44d9ed9,Tversted,https://valg.dk/fv/47b883ef-d0d3-4cb6-9da5-91963f0e9ba0/nomination-district/e875288e-96b3-4b2c-a627-9833b44d9ed9/polling-district/463ee73f-dd6c-409a-ae22-d02bbb7492ed
2. Hjørring,https://valg.dk/fv/47b883ef-d0d3-4cb6-9da5-91963f0e9ba0/nomination-district/e875288e-96b3-4b2c-a627-9833b44d9ed9,Ugilt,https://valg.dk/fv/47b883ef-d0d3-4cb6-9da5-91963f0e9ba0/nomination-district/e875288e-96b3-4b2c-a627-9833b44d9ed9/polling-district/639322ea-84b1-4a94-bc97-8a2fe4e0f6ac
2. Hjørring,https://valg.dk/fv/47b883ef-d0d3-4cb6-9da5-91963f0e9ba0/nomination-district/e875288e-96b3-4b2c-a627-9833b44d9ed9,Vrejlev-Hæstrup,https://valg.dk/fv/47b883ef-d0d3-4cb6-9da5-91963f0e9ba0/nomination-district/e875288e-96b3-4b2c-a627-9833b44d9ed9/polling-district/3e307d37-0f56-44af-bbd1-094ecd755473
2. Hjørring,https://valg.dk/fv/47b883ef-d0d3-4cb6-9da5-91963f0e9ba0/nomination-district/e875288e-96b3-4b2c-a627-9833b44d9ed9,Vrå,https://valg.dk/fv/47b883ef-d0d3-4cb6-9da5-91963f0e9ba0/nomination-district/e875288e-96b3-4b2c-a627-9833b44d9ed9/polling-district/420b8fbc-2987-4f9f-977b-145479ec7f2f
2. Lyngby,https://valg.dk/fv/47b883ef-d0d3-4cb6-9da5-91963f0e9ba0/nomination-district/ea911757-6445-4f1b-9aec-b3a74fe4dda9,Engelsborg,https://valg.dk/fv/47b883ef-d0d3-4cb6-9da5-91963f0e9ba0/nomination-district/ea911757-6445-4f1b-9aec-b3a74fe4dda9/polling-district/2610dc43-cb3f-4a17-ab4e-988e57c3e100
2. Lyngby,https://valg.dk/fv/47b883ef-d0d3-4cb6-9da5-91963f0e9ba0/nomination-district/ea911757-6445-4f1b-9aec-b3a74fe4dda9,Hummeltofte,https://valg.dk/fv/47b883ef-d0d3-4cb6-9da5-91963f0e9ba0/nomination-district/ea911757-6445-4f1b-9aec-b3a74fe4dda9/polling-district/e8d7c0b9-b47a-41ca-a527-fce957f6fd06
2. Lyngby,https://valg.dk/fv/47b883ef-d0d3-4cb6-9da5-91963f0e9ba0/nomination-district/ea911757-6445-4f1b-9aec-b3a74fe4dda9,Lundtofte,https://valg.dk/fv/47b883ef-d0d3-4cb6-9da5-91963f0e9ba0/nomination-district/ea911757-6445-4f1b-9aec-b3a74fe4dda9/polling-district/d9558414-acda-478d-854a-ac09949b124c
2. Lyngby,https://valg.dk/fv/47b883ef-d0d3-4cb6-9da5-91963f0e9ba0/nomination-district/ea911757-6445-4f1b-9aec-b3a74fe4dda9,Lyngby Idrætsby,https://valg.dk/fv/47b883ef-d0d3-4cb6-9da5-91963f0e9ba0/nomination-district/ea911757-6445-4f1b-9aec-b3a74fe4dda9/polling-district/e313cab7-9665-4ab3-a68a-047c2d5901ac
2. Lyngby,https://valg.dk/fv/47b883ef-d0d3-4cb6-9da5-91963f0e9ba0/nomination-district/ea911757-6445-4f1b-9aec-b3a74fe4dda9,Lyngby Midt,https://valg.dk/fv/47b883ef-d0d3-4cb6-9da5-91963f0e9ba0/nomination-district/ea911757-6445-4f1b-9aec-b3a74fe4dda9/polling-district/aa6da7f2-e04e-4471-a425-d79ed4e8b924
2. Lyngby,https://valg.dk/fv/47b883ef-d0d3-4cb6-9da5-91963f0e9ba0/nomination-district/ea911757-6445-4f1b-9aec-b3a74fe4dda9,Taarbæk,https://valg.dk/fv/47b883ef-d0d3-4cb6-9da5-91963f0e9ba0/nomination-district/ea911757-6445-4f1b-9aec-b3a74fe4dda9/polling-district/7d5fd96e-92af-434d-b7ab-8fc13d21df04
2. Lyngby,https://valg.dk/fv/47b883ef-d0d3-4cb6-9da5-91963f0e9ba0/nomination-district/ea911757-6445-4f1b-9aec-b3a74fe4dda9,Trongård,https://valg.dk/fv/47b883ef-d0d3-4cb6-9da5-91963f0e9ba0/nomination-district/ea911757-6445-4f1b-9aec-b3a74fe4dda9/polling-district/a25e292a-b584-4c47-bebf-78a3b3245251
2. Lyngby,https://valg.dk/fv/47b883ef-d0d3-4cb6-9da5-91963f0e9ba0/nomination-district/ea911757-6445-4f1b-9aec-b3a74fe4dda9,Virum,https://valg.dk/fv/47b883ef-d0d3-4cb6-9da5-91963f0e9ba0/nomination-district/ea911757-6445-4f1b-9aec-b3a74fe4dda9/polling-district/e902cca6-3300-4cda-82c6-e979ae184edc
2. Lyngby,https://valg.dk/fv/47b883ef-d0d3-4cb6-9da5-91963f0e9ba0/nomination-district/ea911757-6445-4f1b-9aec-b3a74fe4dda9,Virumhallerne,https://valg.dk/fv/47b883ef-d0d3-4cb6-9da5-91963f0e9ba0/nomination-district/ea911757-6445-4f1b-9aec-b3a74fe4dda9/polling-district/03889fd5-b003-4ee4-b99c-9bb613bc02a7
2. Odense Vest,https://valg.dk/fv/47b883ef-d0d3-4cb6-9da5-91963f0e9ba0/nomination-district/30dd17c1-6027-4083-a8c7-d5c1e5c33419,CSV-Skolen,https://valg.dk/fv/47b883ef-d0d3-4cb6-9da5-91963f0e9ba0/nomination-district/30dd17c1-6027-4083-a8c7-d5c1e5c33419/polling-district/774e350c-858c-4bb7-8375-60000ab65ac5
2. Odense Vest,https://valg.dk/fv/47b883ef-d0d3-4cb6-9da5-91963f0e9ba0/nomination-district/30dd17c1-6027-4083-a8c7-d5c1e5c33419,Korup Skole,https://valg.dk/fv/47b883ef-d0d3-4cb6-9da5-91963f0e9ba0/nomination-district/30dd17c1-6027-4083-a8c7-d5c1e5c33419/polling-district/ae746eb1-0eb6-489b-bf10-c3553f3c8c19
2. Odense Vest,https://valg.dk/fv/47b883ef-d0d3-4cb6-9da5-91963f0e9ba0/nomination-district/30dd17c1-6027-4083-a8c7-d5c1e5c33419,Kroggårdsskolen,https://valg.dk/fv/47b883ef-d0d3-4cb6-9da5-91963f0e9ba0/nomination-district/30dd17c1-6027-4083-a8c7-d5c1e5c33419/polling-district/62b975e9-68c3-471b-a805-815def75b4b3
2. Odense Vest,https://valg.dk/fv/47b883ef-d0d3-4cb6-9da5-91963f0e9ba0/nomination-district/30dd17c1-6027-4083-a8c7-d5c1e5c33419,Lumby Skole,https://valg.dk/fv/47b883ef-d0d3-4cb6-9da5-91963f0e9ba0/nomination-district/30dd17c1-6027-4083-a8c7-d5c1e5c33419/polling-district/197bcffe-fc86-4365-bab0-c9e53218fd3c
2. Odense Vest,https://valg.dk/fv/47b883ef-d0d3-4cb6-9da5-91963f0e9ba0/nomination-district/30dd17c1-6027-4083-a8c7-d5c1e5c33419,Paarup Hallen,https://valg.dk/fv/47b883ef-d0d3-4cb6-9da5-91963f0e9ba0/nomination-district/30dd17c1-6027-4083-a8c7-d5c1e5c33419/polling-district/42721c70-636b-42ba-8184-982646f71a7c
2. Odense Vest,https://valg.dk/fv/47b883ef-d0d3-4cb6-9da5-91963f0e9ba0/nomination-district/30dd17c1-6027-4083-a8c7-d5c1e5c33419,Spurvelundskolen,https://valg.dk/fv/47b883ef-d0d3-4cb6-9da5-91963f0e9ba0/nomination-district/30dd17c1-6027-4083-a8c7-d5c1e5c33419/polling-district/2f65d191-88b0-46eb-a4ed-92618dfdfb56
2. Odense Vest,https://valg.dk/fv/47b883ef-d0d3-4cb6-9da5-91963f0e9ba0/nomination-district/30dd17c1-6027-4083-a8c7-d5c1e5c33419,Stige Skole,https://valg.dk/fv/47b883ef-d0d3-4cb6-9da5-91963f0e9ba0/nomination-district/30dd17c1-6027-4083-a8c7-d5c1e5c33419/polling-district/b819f5ea-2f8b-4aa0-9014-326243153b90
2. Odense Vest,https://valg.dk/fv/47b883ef-d0d3-4cb6-9da5-91963f0e9ba0/nomination-district/30dd17c1-6027-4083-a8c7-d5c1e5c33419,Tarup Skole,https://valg.dk/fv/47b883ef-d0d3-4cb6-9da5-91963f0e9ba0/nomination-district/30dd17c1-6027-4083-a8c7-d5c1e5c33419/polling-district/fbe5efcd-0436-46cf-98f5-779a2e84f232
2. Odense Vest,https://valg.dk/fv/47b883ef-d0d3-4cb6-9da5-91963f0e9ba0/nomination-district/30dd17c1-6027-4083-a8c7-d5c1e5c33419,UCL Seebladsgade,https://valg.dk/fv/47b883ef-d0d3-4cb6-9da5-91963f0e9ba0/nomination-district/30dd17c1-6027-4083-a8c7-d5c1e5c33419/polling-district/3ad6b1a1-0537-42ba-a0ba-b0269d06808d
2. Odense Vest,https://valg.dk/fv/47b883ef-d0d3-4cb6-9da5-91963f0e9ba0/nomination-district/30dd17c1-6027-4083-a8c7-d5c1e5c33419,Ubberud Kultur og Bevægelseshus,https://valg.dk/fv/47b883ef-d0d3-4cb6-9da5-91963f0e9ba0/nomination-district/30dd17c1-6027-4083-a8c7-d5c1e5c33419/polling-district/a75aca62-5c89-4ca6-a894-f8c4bcfb7f82
2. Skive,https://valg.dk/fv/47b883ef-d0d3-4cb6-9da5-91963f0e9ba0/nomination-district/72d15fde-adaa-4da0-bd4c-cd4681936e82,Aakjær,https://valg.dk/fv/47b883ef-d0d3-4cb6-9da5-91963f0e9ba0/nomination-district/72d15fde-adaa-4da0-bd4c-cd4681936e82/polling-district/33749dbf-b21d-4d9e-b3cb-fe52cb5dfb4a
2. Skive,https://valg.dk/fv/47b883ef-d0d3-4cb6-9da5-91963f0e9ba0/nomination-district/72d15fde-adaa-4da0-bd4c-cd4681936e82,Balling,https://valg.dk/fv/47b883ef-d0d3-4cb6-9da5-91963f0e9ba0/nomination-district/72d15fde-adaa-4da0-bd4c-cd4681936e82/polling-district/96913156-46a8-4172-af38-b694e0c33a54
2. Skive,https://valg.dk/fv/47b883ef-d0d3-4cb6-9da5-91963f0e9ba0/nomination-district/72d15fde-adaa-4da0-bd4c-cd4681936e82,Breum,https://valg.dk/fv/47b883ef-d0d3-4cb6-9da5-91963f0e9ba0/nomination-district/72d15fde-adaa-4da0-bd4c-cd4681936e82/polling-district/1d9d13b4-c9d5-468c-a39d-263460b680e2
2. Skive,https://valg.dk/fv/47b883ef-d0d3-4cb6-9da5-91963f0e9ba0/nomination-district/72d15fde-adaa-4da0-bd4c-cd4681936e82,Brårup,https://valg.dk/fv/47b883ef-d0d3-4cb6-9da5-91963f0e9ba0/nomination-district/72d15fde-adaa-4da0-bd4c-cd4681936e82/polling-district/9beeaf83-9bc4-4826-90e5-9f889f9bb2f0
2. Skive,https://valg.dk/fv/47b883ef-d0d3-4cb6-9da5-91963f0e9ba0/nomination-district/72d15fde-adaa-4da0-bd4c-cd4681936e82,Durup,https://valg.dk/fv/47b883ef-d0d3-4cb6-9da5-91963f0e9ba0/nomination-district/72d15fde-adaa-4da0-bd4c-cd4681936e82/polling-district/a533fb86-7c13-4e26-b908-464d36c079dc
2. Skive,https://valg.dk/fv/47b883ef-d0d3-4cb6-9da5-91963f0e9ba0/nomination-district/72d15fde-adaa-4da0-bd4c-cd4681936e82,Fur,https://valg.dk/fv/47b883ef-d0d3-4cb6-9da5-91963f0e9ba0/nomination-district/72d15fde-adaa-4da0-bd4c-cd4681936e82/polling-district/ac2ef61b-0985-46b0-a847-19b5daf1c276
2. Skive,https://valg.dk/fv/47b883ef-d0d3-4cb6-9da5-91963f0e9ba0/nomination-district/72d15fde-adaa-4da0-bd4c-cd4681936e82,Glyngøre,https://valg.dk/fv/47b883ef-d0d3-4cb6-9da5-91963f0e9ba0/nomination-district/72d15fde-adaa-4da0-bd4c-cd4681936e82/polling-district/702ef828-a938-4eb6-b8e6-78f1f9f0e549
2. Skive,https://valg.dk/fv/47b883ef-d0d3-4cb6-9da5-91963f0e9ba0/nomination-district/72d15fde-adaa-4da0-bd4c-cd4681936e82,Hem,https://valg.dk/fv/47b883ef-d0d3-4cb6-9da5-91963f0e9ba0/nomination-district/72d15fde-adaa-4da0-bd4c-cd4681936e82/polling-district/64325b73-a4ae-4e9d-a085-9c083f2b4557
2. Skive,https://valg.dk/fv/47b883ef-d0d3-4cb6-9da5-91963f0e9ba0/nomination-district/72d15fde-adaa-4da0-bd4c-cd4681936e82,Håsum-Ramsing,https://valg.dk/fv/47b883ef-d0d3-4cb6-9da5-91963f0e9ba0/nomination-district/72d15fde-adaa-4da0-bd4c-cd4681936e82/polling-district/67e8b9bb-dbbf-4af7-bad7-d09d8cbd089e
2. Skive,https://valg.dk/fv/47b883ef-d0d3-4cb6-9da5-91963f0e9ba0/nomination-district/72d15fde-adaa-4da0-bd4c-cd4681936e82,Højslev,https://valg.dk/fv/47b883ef-d0d3-4cb6-9da5-91963f0e9ba0/nomination-district/72d15fde-adaa-4da0-bd4c-cd4681936e82/polling-district/f28c93d5-31a0-4bc4-8ba1-517c87e1f707
2. Skive,https://valg.dk/fv/47b883ef-d0d3-4cb6-9da5-91963f0e9ba0/nomination-district/72d15fde-adaa-4da0-bd4c-cd4681936e82,Jebjerg-Lyby,https://valg.dk/fv/47b883ef-d0d3-4cb6-9da5-91963f0e9ba0/nomination-district/72d15fde-adaa-4da0-bd4c-cd4681936e82/polling-district/af13ca86-7748-473d-8f8f-4f29ad0fd1f4
2. Skive,https://valg.dk/fv/47b883ef-d0d3-4cb6-9da5-91963f0e9ba0/nomination-district/72d15fde-adaa-4da0-bd4c-cd4681936e82,Lem-Vejby,https://valg.dk/fv/47b883ef-d0d3-4cb6-9da5-91963f0e9ba0/nomination-district/72d15fde-adaa-4da0-bd4c-cd4681936e82/polling-district/6a5cb73e-36ec-42e7-bc83-6ececc8734ef
2. Skive,https://valg.dk/fv/47b883ef-d0d3-4cb6-9da5-91963f0e9ba0/nomination-district/72d15fde-adaa-4da0-bd4c-cd4681936e82,Lihme,https://valg.dk/fv/47b883ef-d0d3-4cb6-9da5-91963f0e9ba0/nomination-district/72d15fde-adaa-4da0-bd4c-cd4681936e82/polling-district/4238298f-e780-4bde-ae22-3b8c86a1ec22
2. Skive,https://valg.dk/fv/47b883ef-d0d3-4cb6-9da5-91963f0e9ba0/nomination-district/72d15fde-adaa-4da0-bd4c-cd4681936e82,Oddense - Otting,https://valg.dk/fv/47b883ef-d0d3-4cb6-9da5-91963f0e9ba0/nomination-district/72d15fde-adaa-4da0-bd4c-cd4681936e82/polling-district/9a557ca7-18d6-40ff-9f9e-ede1b9f95f43
2. Skive,https://valg.dk/fv/47b883ef-d0d3-4cb6-9da5-91963f0e9ba0/nomination-district/72d15fde-adaa-4da0-bd4c-cd4681936e82,Roslev,https://valg.dk/fv/47b883ef-d0d3-4cb6-9da5-91963f0e9ba0/nomination-district/72d15fde-adaa-4da0-bd4c-cd4681936e82/polling-district/4bd224a5-ca83-48ac-bb37-222acc6595dd
2. Skive,https://valg.dk/fv/47b883ef-d0d3-4cb6-9da5-91963f0e9ba0/nomination-district/72d15fde-adaa-4da0-bd4c-cd4681936e82,Rødding,https://valg.dk/fv/47b883ef-d0d3-4cb6-9da5-91963f0e9ba0/nomination-district/72d15fde-adaa-4da0-bd4c-cd4681936e82/polling-district/947c5417-1947-4e27-b94d-728dbc3c5ca5
2. Skive,https://valg.dk/fv/47b883ef-d0d3-4cb6-9da5-91963f0e9ba0/nomination-district/72d15fde-adaa-4da0-bd4c-cd4681936e82,Rønbjerg,https://valg.dk/fv/47b883ef-d0d3-4cb6-9da5-91963f0e9ba0/nomination-district/72d15fde-adaa-4da0-bd4c-cd4681936e82/polling-district/1b091677-6eac-42b4-ba7d-6e04f461d0b8
2. Skive,https://valg.dk/fv/47b883ef-d0d3-4cb6-9da5-91963f0e9ba0/nomination-district/72d15fde-adaa-4da0-bd4c-cd4681936e82,Selde,https://valg.dk/fv/47b883ef-d0d3-4cb6-9da5-91963f0e9ba0/nomination-district/72d15fde-adaa-4da0-bd4c-cd4681936e82/polling-district/4362b10f-b7ba-4986-9d8c-f250a2d667ea
2. Skive,https://valg.dk/fv/47b883ef-d0d3-4cb6-9da5-91963f0e9ba0/nomination-district/72d15fde-adaa-4da0-bd4c-cd4681936e82,Skivehus,https://valg.dk/fv/47b883ef-d0d3-4cb6-9da5-91963f0e9ba0/nomination-district/72d15fde-adaa-4da0-bd4c-cd4681936e82/polling-district/4ed1391d-c169-4c00-9d5e-78edfc18abf4
2. Skive,https://valg.dk/fv/47b883ef-d0d3-4cb6-9da5-91963f0e9ba0/nomination-district/72d15fde-adaa-4da0-bd4c-cd4681936e82,Ørslevkloster,https://valg.dk/fv/47b883ef-d0d3-4cb6-9da5-91963f0e9ba0/nomination-district/72d15fde-adaa-4da0-bd4c-cd4681936e82/polling-district/7cae9f95-a8b7-4740-bb5a-7bc008f0f792
2. Sundbyvester,https://valg.dk/fv/47b883ef-d0d3-4cb6-9da5-91963f0e9ba0/nomination-district/63c7b619-6800-4dc3-8649-f9bfe39e438b,2. Kalvebod Fælled,https://valg.dk/fv/47b883ef-d0d3-4cb6-9da5-91963f0e9ba0/nomination-district/63c7b619-6800-4dc3-8649-f9bfe39e438b/polling-district/5d9ba339-4d99-49f3-a10e-e6ff6b3e36b7
2. Sundbyvester,https://valg.dk/fv/47b883ef-d0d3-4cb6-9da5-91963f0e9ba0/nomination-district/63c7b619-6800-4dc3-8649-f9bfe39e438b,2. Nord,https://valg.dk/fv/47b883ef-d0d3-4cb6-9da5-91963f0e9ba0/nomination-district/63c7b619-6800-4dc3-8649-f9bfe39e438b/polling-district/fb56d086-9a15-4db7-9096-6ee81bd5b373
2. Sundbyvester,https://valg.dk/fv/47b883ef-d0d3-4cb6-9da5-91963f0e9ba0/nomination-district/63c7b619-6800-4dc3-8649-f9bfe39e438b,2. Peder Lykke,https://valg.dk/fv/47b883ef-d0d3-4cb6-9da5-91963f0e9ba0/nomination-district/63c7b619-6800-4dc3-8649-f9bfe39e438b/polling-district/eb15c69d-6fec-4244-b58b-e849566b5020
2. Sundbyvester,https://valg.dk/fv/47b883ef-d0d3-4cb6-9da5-91963f0e9ba0/nomination-district/63c7b619-6800-4dc3-8649-f9bfe39e438b,2. Sundbyvester,https://valg.dk/fv/47b883ef-d0d3-4cb6-9da5-91963f0e9ba0/nomination-district/63c7b619-6800-4dc3-8649-f9bfe39e438b/polling-district/2a93834f-509c-4191-8f0d-8dfed1eb43cb
2. Sundbyvester,https://valg.dk/fv/47b883ef-d0d3-4cb6-9da5-91963f0e9ba0/nomination-district/63c7b619-6800-4dc3-8649-f9bfe39e438b,2. Vest,https://valg.dk/fv/47b883ef-d0d3-4cb6-9da5-91963f0e9ba0/nomination-district/63c7b619-6800-4dc3-8649-f9bfe39e438b/polling-district/bdade1b5-f74d-41f1-8384-d06c6029c46a
2. Sundbyvester,https://valg.dk/fv/47b883ef-d0d3-4cb6-9da5-91963f0e9ba0/nomination-district/63c7b619-6800-4dc3-8649-f9bfe39e438b,2. Ørestad,https://valg.dk/fv/47b883ef-d0d3-4cb6-9da5-91963f0e9ba0/nomination-district/63c7b619-6800-4dc3-8649-f9bfe39e438b/polling-district/dc951237-7b1b-46e2-8c7c-c824ea3fcef3
2. Sundbyvester,https://valg.dk/fv/47b883ef-d0d3-4cb6-9da5-91963f0e9ba0/nomination-district/63c7b619-6800-4dc3-8649-f9bfe39e438b,2. Øst,https://valg.dk/fv/47b883ef-d0d3-4cb6-9da5-91963f0e9ba0/nomination-district/63c7b619-6800-4dc3-8649-f9bfe39e438b/polling-district/89b1236c-c0af-4314-b0ab-045188c83b8e
3. Aarhus Nord,https://valg.dk/fv/47b883ef-d0d3-4cb6-9da5-91963f0e9ba0/nomination-district/5ad5c832-3f47-4e4f-b56f-a6502cca3172,Folkehuset Trige,https://valg.dk/fv/47b883ef-d0d3-4cb6-9da5-91963f0e9ba0/nomination-district/5ad5c832-3f47-4e4f-b56f-a6502cca3172/polling-district/c45cf4b9-f7bd-4abd-a2ea-17d87db70159
3. Aarhus Nord,https://valg.dk/fv/47b883ef-d0d3-4cb6-9da5-91963f0e9ba0/nomination-district/5ad5c832-3f47-4e4f-b56f-a6502cca3172,"FrydenlundHUSET, Aarhus V",https://valg.dk/fv/47b883ef-d0d3-4cb6-9da5-91963f0e9ba0/nomination-district/5ad5c832-3f47-4e4f-b56f-a6502cca3172/polling-district/e503be9d-b152-4c22-96fb-c6bed8710f34
3. Aarhus Nord,https://valg.dk/fv/47b883ef-d0d3-4cb6-9da5-91963f0e9ba0/nomination-district/5ad5c832-3f47-4e4f-b56f-a6502cca3172,"Gammelgaardsskolen, Åbyhøj",https://valg.dk/fv/47b883ef-d0d3-4cb6-9da5-91963f0e9ba0/nomination-district/5ad5c832-3f47-4e4f-b56f-a6502cca3172/polling-district/5f7951b8-a9c3-45c1-bd60-25c84764382e
3. Aarhus Nord,https://valg.dk/fv/47b883ef-d0d3-4cb6-9da5-91963f0e9ba0/nomination-district/5ad5c832-3f47-4e4f-b56f-a6502cca3172,Hasle Skole,https://valg.dk/fv/47b883ef-d0d3-4cb6-9da5-91963f0e9ba0/nomination-district/5ad5c832-3f47-4e4f-b56f-a6502cca3172/polling-district/953bcf33-7126-42c9-ae57-4620e8e21a8f
3. Aarhus Nord,https://valg.dk/fv/47b883ef-d0d3-4cb6-9da5-91963f0e9ba0/nomination-district/5ad5c832-3f47-4e4f-b56f-a6502cca3172,Hårup Hallen,https://valg.dk/fv/47b883ef-d0d3-4cb6-9da5-91963f0e9ba0/nomination-district/5ad5c832-3f47-4e4f-b56f-a6502cca3172/polling-district/abe0579b-9115-4028-b9cb-b917e623f0cd
3. Aarhus Nord,https://valg.dk/fv/47b883ef-d0d3-4cb6-9da5-91963f0e9ba0/nomination-district/5ad5c832-3f47-4e4f-b56f-a6502cca3172,"Katrinebjergskolen, Aarhus N",https://valg.dk/fv/47b883ef-d0d3-4cb6-9da5-91963f0e9ba0/nomination-district/5ad5c832-3f47-4e4f-b56f-a6502cca3172/polling-district/9c3042b4-7817-4828-9250-8639353ce833
3. Aarhus Nord,https://valg.dk/fv/47b883ef-d0d3-4cb6-9da5-91963f0e9ba0/nomination-district/5ad5c832-3f47-4e4f-b56f-a6502cca3172,Lisbjergskolen,https://valg.dk/fv/47b883ef-d0d3-4cb6-9da5-91963f0e9ba0/nomination-district/5ad5c832-3f47-4e4f-b56f-a6502cca3172/polling-district/33a6a490-75fe-4aa8-b602-82b7a1517c00
3. Aarhus Nord,https://valg.dk/fv/47b883ef-d0d3-4cb6-9da5-91963f0e9ba0/nomination-district/5ad5c832-3f47-4e4f-b56f-a6502cca3172,Lystrup Idrætscenter,https://valg.dk/fv/47b883ef-d0d3-4cb6-9da5-91963f0e9ba0/nomination-district/5ad5c832-3f47-4e4f-b56f-a6502cca3172/polling-district/02461e96-c722-42ad-9add-286e44944c9f
3. Aarhus Nord,https://valg.dk/fv/47b883ef-d0d3-4cb6-9da5-91963f0e9ba0/nomination-district/5ad5c832-3f47-4e4f-b56f-a6502cca3172,"Møllevangskolen, Aarhus V",https://valg.dk/fv/47b883ef-d0d3-4cb6-9da5-91963f0e9ba0/nomination-district/5ad5c832-3f47-4e4f-b56f-a6502cca3172/polling-district/715074e8-76d0-4a4e-bd2c-b2cf9640c8be
3. Aarhus Nord,https://valg.dk/fv/47b883ef-d0d3-4cb6-9da5-91963f0e9ba0/nomination-district/5ad5c832-3f47-4e4f-b56f-a6502cca3172,"Skovvangskolen, Aarhus N",https://valg.dk/fv/47b883ef-d0d3-4cb6-9da5-91963f0e9ba0/nomination-district/5ad5c832-3f47-4e4f-b56f-a6502cca3172/polling-district/09673af2-6117-4aeb-bb53-7a885efd14bc
3. Aarhus Nord,https://valg.dk/fv/47b883ef-d0d3-4cb6-9da5-91963f0e9ba0/nomination-district/5ad5c832-3f47-4e4f-b56f-a6502cca3172,Spørring Fælleshus,https://valg.dk/fv/47b883ef-d0d3-4cb6-9da5-91963f0e9ba0/nomination-district/5ad5c832-3f47-4e4f-b56f-a6502cca3172/polling-district/1e200256-60c9-4660-8f1a-d011c8da8941
3. Aarhus Nord,https://valg.dk/fv/47b883ef-d0d3-4cb6-9da5-91963f0e9ba0/nomination-district/5ad5c832-3f47-4e4f-b56f-a6502cca3172,"VIA University College, Aarhus C",https://valg.dk/fv/47b883ef-d0d3-4cb6-9da5-91963f0e9ba0/nomination-district/5ad5c832-3f47-4e4f-b56f-a6502cca3172/polling-district/24e0ce69-0384-487c-b46a-ce15cd060b79
3. Aarhus Nord,https://valg.dk/fv/47b883ef-d0d3-4cb6-9da5-91963f0e9ba0/nomination-district/5ad5c832-3f47-4e4f-b56f-a6502cca3172,"Vorrevangskolen, Aarhus N",https://valg.dk/fv/47b883ef-d0d3-4cb6-9da5-91963f0e9ba0/nomination-district/5ad5c832-3f47-4e4f-b56f-a6502cca3172/polling-district/fbb44804-4bf2-4008-b479-8346376c49c7
3. Brønderslev,https://valg.dk/fv/47b883ef-d0d3-4cb6-9da5-91963f0e9ba0/nomination-district/7c7dc692-744a-4118-a1e4-16c371cce232,Aabybro,https://valg.dk/fv/47b883ef-d0d3-4cb6-9da5-91963f0e9ba0/nomination-district/7c7dc692-744a-4118-a1e4-16c371cce232/polling-district/bfaac637-48e1-406d-967a-b892f49403d1
3. Brønderslev,https://valg.dk/fv/47b883ef-d0d3-4cb6-9da5-91963f0e9ba0/nomination-district/7c7dc692-744a-4118-a1e4-16c371cce232,Agersted,https://valg.dk/fv/47b883ef-d0d3-4cb6-9da5-91963f0e9ba0/nomination-district/7c7dc692-744a-4118-a1e4-16c371cce232/polling-district/227c08f3-6c08-488c-bf14-f15048d2b8b5
3. Brønderslev,https://valg.dk/fv/47b883ef-d0d3-4cb6-9da5-91963f0e9ba0/nomination-district/7c7dc692-744a-4118-a1e4-16c371cce232,Arentsminde,https://valg.dk/fv/47b883ef-d0d3-4cb6-9da5-91963f0e9ba0/nomination-district/7c7dc692-744a-4118-a1e4-16c371cce232/polling-district/29501e8b-299d-4c3c-b0ff-1d97ca1ba86a
3. Brønderslev,https://valg.dk/fv/47b883ef-d0d3-4cb6-9da5-91963f0e9ba0/nomination-district/7c7dc692-744a-4118-a1e4-16c371cce232,Asaa,https://valg.dk/fv/47b883ef-d0d3-4cb6-9da5-91963f0e9ba0/nomination-district/7c7dc692-744a-4118-a1e4-16c371cce232/polling-district/16da220d-5d0f-4c40-82b7-dd0b6731819a
3. Brønderslev,https://valg.dk/fv/47b883ef-d0d3-4cb6-9da5-91963f0e9ba0/nomination-district/7c7dc692-744a-4118-a1e4-16c371cce232,Biersted,https://valg.dk/fv/47b883ef-d0d3-4cb6-9da5-91963f0e9ba0/nomination-district/7c7dc692-744a-4118-a1e4-16c371cce232/polling-district/f133c6ee-46fb-4c17-a819-b78917adf214
3. Brønderslev,https://valg.dk/fv/47b883ef-d0d3-4cb6-9da5-91963f0e9ba0/nomination-district/7c7dc692-744a-4118-a1e4-16c371cce232,Brovst,https://valg.dk/fv/47b883ef-d0d3-4cb6-9da5-91963f0e9ba0/nomination-district/7c7dc692-744a-4118-a1e4-16c371cce232/polling-district/1faf51a8-06ea-495f-bfce-fec4c215157f
3. Brønderslev,https://valg.dk/fv/47b883ef-d0d3-4cb6-9da5-91963f0e9ba0/nomination-district/7c7dc692-744a-4118-a1e4-16c371cce232,Brønderslev,https://valg.dk/fv/47b883ef-d0d3-4cb6-9da5-91963f0e9ba0/nomination-district/7c7dc692-744a-4118-a1e4-16c371cce232/polling-district/b2d212ef-a1ee-4f74-8ce4-2cd4c79dc855
3. Brønderslev,https://valg.dk/fv/47b883ef-d0d3-4cb6-9da5-91963f0e9ba0/nomination-district/7c7dc692-744a-4118-a1e4-16c371cce232,Dronninglund,https://valg.dk/fv/47b883ef-d0d3-4cb6-9da5-91963f0e9ba0/nomination-district/7c7dc692-744a-4118-a1e4-16c371cce232/polling-district/88f14342-ff07-40cc-aea5-635f04ddfe7f
3. Brønderslev,https://valg.dk/fv/47b883ef-d0d3-4cb6-9da5-91963f0e9ba0/nomination-district/7c7dc692-744a-4118-a1e4-16c371cce232,Fjerritslev,https://valg.dk/fv/47b883ef-d0d3-4cb6-9da5-91963f0e9ba0/nomination-district/7c7dc692-744a-4118-a1e4-16c371cce232/polling-district/4229f0fb-fec5-42df-8edc-415c893371fb
3. Brønderslev,https://valg.dk/fv/47b883ef-d0d3-4cb6-9da5-91963f0e9ba0/nomination-district/7c7dc692-744a-4118-a1e4-16c371cce232,Flauenskjold,https://valg.dk/fv/47b883ef-d0d3-4cb6-9da5-91963f0e9ba0/nomination-district/7c7dc692-744a-4118-a1e4-16c371cce232/polling-district/e62b936b-2c80-48ab-a774-93186b4aac13
3. Brønderslev,https://valg.dk/fv/47b883ef-d0d3-4cb6-9da5-91963f0e9ba0/nomination-district/7c7dc692-744a-4118-a1e4-16c371cce232,Gjøl,https://valg.dk/fv/47b883ef-d0d3-4cb6-9da5-91963f0e9ba0/nomination-district/7c7dc692-744a-4118-a1e4-16c371cce232/polling-district/fcd62cef-bb68-4107-9061-4eb986a6f75f
3. Brønderslev,https://valg.dk/fv/47b883ef-d0d3-4cb6-9da5-91963f0e9ba0/nomination-district/7c7dc692-744a-4118-a1e4-16c371cce232,Hallund,https://valg.dk/fv/47b883ef-d0d3-4cb6-9da5-91963f0e9ba0/nomination-district/7c7dc692-744a-4118-a1e4-16c371cce232/polling-district/48ca8414-1d6a-45a1-82b3-76c1d82c8f33
3. Brønderslev,https://valg.dk/fv/47b883ef-d0d3-4cb6-9da5-91963f0e9ba0/nomination-district/7c7dc692-744a-4118-a1e4-16c371cce232,Halvrimmen,https://valg.dk/fv/47b883ef-d0d3-4cb6-9da5-91963f0e9ba0/nomination-district/7c7dc692-744a-4118-a1e4-16c371cce232/polling-district/39de4d4b-db8b-43a2-b055-f3b7fb816587
3. Brønderslev,https://valg.dk/fv/47b883ef-d0d3-4cb6-9da5-91963f0e9ba0/nomination-district/7c7dc692-744a-4118-a1e4-16c371cce232,Hjallerup,https://valg.dk/fv/47b883ef-d0d3-4cb6-9da5-91963f0e9ba0/nomination-district/7c7dc692-744a-4118-a1e4-16c371cce232/polling-district/87c49fc0-0bd2-4017-9983-c9a4a2b306e5
3. Brønderslev,https://valg.dk/fv/47b883ef-d0d3-4cb6-9da5-91963f0e9ba0/nomination-district/7c7dc692-744a-4118-a1e4-16c371cce232,Hune,https://valg.dk/fv/47b883ef-d0d3-4cb6-9da5-91963f0e9ba0/nomination-district/7c7dc692-744a-4118-a1e4-16c371cce232/polling-district/1419ee91-cb55-4db2-a273-81408acb1544
3. Brønderslev,https://valg.dk/fv/47b883ef-d0d3-4cb6-9da5-91963f0e9ba0/nomination-district/7c7dc692-744a-4118-a1e4-16c371cce232,Ingstrup,https://valg.dk/fv/47b883ef-d0d3-4cb6-9da5-91963f0e9ba0/nomination-district/7c7dc692-744a-4118-a1e4-16c371cce232/polling-district/74de2e06-c139-458d-818c-bfac68243c17
3. Brønderslev,https://valg.dk/fv/47b883ef-d0d3-4cb6-9da5-91963f0e9ba0/nomination-district/7c7dc692-744a-4118-a1e4-16c371cce232,Jerslev,https://valg.dk/fv/47b883ef-d0d3-4cb6-9da5-91963f0e9ba0/nomination-district/7c7dc692-744a-4118-a1e4-16c371cce232/polling-district/eea67a25-edd1-4ffe-b5d0-b01cc31cda70
3. Brønderslev,https://valg.dk/fv/47b883ef-d0d3-4cb6-9da5-91963f0e9ba0/nomination-district/7c7dc692-744a-4118-a1e4-16c371cce232,Jetsmark,https://valg.dk/fv/47b883ef-d0d3-4cb6-9da5-91963f0e9ba0/nomination-district/7c7dc692-744a-4118-a1e4-16c371cce232/polling-district/e3e44595-6119-4662-be23-bd484e2dd38e
3. Brønderslev,https://valg.dk/fv/47b883ef-d0d3-4cb6-9da5-91963f0e9ba0/nomination-district/7c7dc692-744a-4118-a1e4-16c371cce232,Klokkerholm,https://valg.dk/fv/47b883ef-d0d3-4cb6-9da5-91963f0e9ba0/nomination-district/7c7dc692-744a-4118-a1e4-16c371cce232/polling-district/dc084334-5c85-4099-9ebb-5b8d445ede19
3. Brønderslev,https://valg.dk/fv/47b883ef-d0d3-4cb6-9da5-91963f0e9ba0/nomination-district/7c7dc692-744a-4118-a1e4-16c371cce232,Nørhalne,https://valg.dk/fv/47b883ef-d0d3-4cb6-9da5-91963f0e9ba0/nomination-district/7c7dc692-744a-4118-a1e4-16c371cce232/polling-district/aed45087-0c3b-4b25-9cb6-9c0d27c205e4
3. Brønderslev,https://valg.dk/fv/47b883ef-d0d3-4cb6-9da5-91963f0e9ba0/nomination-district/7c7dc692-744a-4118-a1e4-16c371cce232,Saltum,https://valg.dk/fv/47b883ef-d0d3-4cb6-9da5-91963f0e9ba0/nomination-district/7c7dc692-744a-4118-a1e4-16c371cce232/polling-district/4acf3d8b-fb5a-4f00-8e00-edbf4be52c41
3. Brønderslev,https://valg.dk/fv/47b883ef-d0d3-4cb6-9da5-91963f0e9ba0/nomination-district/7c7dc692-744a-4118-a1e4-16c371cce232,Serritslev,https://valg.dk/fv/47b883ef-d0d3-4cb6-9da5-91963f0e9ba0/nomination-district/7c7dc692-744a-4118-a1e4-16c371cce232/polling-district/dd9ea8a6-007d-4717-862b-965df4307c4a
3. Brønderslev,https://valg.dk/fv/47b883ef-d0d3-4cb6-9da5-91963f0e9ba0/nomination-district/7c7dc692-744a-4118-a1e4-16c371cce232,Skovsgård,https://valg.dk/fv/47b883ef-d0d3-4cb6-9da5-91963f0e9ba0/nomination-district/7c7dc692-744a-4118-a1e4-16c371cce232/polling-district/24cde9f6-a5b5-4a35-8952-ae81fe5e6566
3. Brønderslev,https://valg.dk/fv/47b883ef-d0d3-4cb6-9da5-91963f0e9ba0/nomination-district/7c7dc692-744a-4118-a1e4-16c371cce232,Stenum,https://valg.dk/fv/47b883ef-d0d3-4cb6-9da5-91963f0e9ba0/nomination-district/7c7dc692-744a-4118-a1e4-16c371cce232/polling-district/e876f834-e5f2-45db-93a7-dd3e95d1df3c
3. Brønderslev,https://valg.dk/fv/47b883ef-d0d3-4cb6-9da5-91963f0e9ba0/nomination-district/7c7dc692-744a-4118-a1e4-16c371cce232,Thise,https://valg.dk/fv/47b883ef-d0d3-4cb6-9da5-91963f0e9ba0/nomination-district/7c7dc692-744a-4118-a1e4-16c371cce232/polling-district/2b1dfe08-a64d-413f-b0ce-024890ef4493
3. Brønderslev,https://valg.dk/fv/47b883ef-d0d3-4cb6-9da5-91963f0e9ba0/nomination-district/7c7dc692-744a-4118-a1e4-16c371cce232,Thorup,https://valg.dk/fv/47b883ef-d0d3-4cb6-9da5-91963f0e9ba0/nomination-district/7c7dc692-744a-4118-a1e4-16c371cce232/polling-district/62e20eb4-fcbf-4e20-86cb-3b3d37266963
3. Brønderslev,https://valg.dk/fv/47b883ef-d0d3-4cb6-9da5-91963f0e9ba0/nomination-district/7c7dc692-744a-4118-a1e4-16c371cce232,Tranum,https://valg.dk/fv/47b883ef-d0d3-4cb6-9da5-91963f0e9ba0/nomination-district/7c7dc692-744a-4118-a1e4-16c371cce232/polling-district/6ef9a2cd-5300-424e-b704-246ac7853a29
3. Brønderslev,https://valg.dk/fv/47b883ef-d0d3-4cb6-9da5-91963f0e9ba0/nomination-district/7c7dc692-744a-4118-a1e4-16c371cce232,Trekroner,https://valg.dk/fv/47b883ef-d0d3-4cb6-9da5-91963f0e9ba0/nomination-district/7c7dc692-744a-4118-a1e4-16c371cce232/polling-district/83546db3-c67e-466e-a684-8989c7353af2
3. Brønderslev,https://valg.dk/fv/47b883ef-d0d3-4cb6-9da5-91963f0e9ba0/nomination-district/7c7dc692-744a-4118-a1e4-16c371cce232,V. Hjermitslev,https://valg.dk/fv/47b883ef-d0d3-4cb6-9da5-91963f0e9ba0/nomination-district/7c7dc692-744a-4118-a1e4-16c371cce232/polling-district/547caee2-6472-41be-af2b-4a8150405c38
3. Brønderslev,https://valg.dk/fv/47b883ef-d0d3-4cb6-9da5-91963f0e9ba0/nomination-district/7c7dc692-744a-4118-a1e4-16c371cce232,Vedsted,https://valg.dk/fv/47b883ef-d0d3-4cb6-9da5-91963f0e9ba0/nomination-district/7c7dc692-744a-4118-a1e4-16c371cce232/polling-district/a6577bba-62e1-4399-b49e-ffc94242b084
3. Brønderslev,https://valg.dk/fv/47b883ef-d0d3-4cb6-9da5-91963f0e9ba0/nomination-district/7c7dc692-744a-4118-a1e4-16c371cce232,Ø. Brønderslev,https://valg.dk/fv/47b883ef-d0d3-4cb6-9da5-91963f0e9ba0/nomination-district/7c7dc692-744a-4118-a1e4-16c371cce232/polling-district/21f1382a-9ae7-4473-ac68-1cf46078af83
3. Brønderslev,https://valg.dk/fv/47b883ef-d0d3-4cb6-9da5-91963f0e9ba0/nomination-district/7c7dc692-744a-4118-a1e4-16c371cce232,Ørebro,https://valg.dk/fv/47b883ef-d0d3-4cb6-9da5-91963f0e9ba0/nomination-district/7c7dc692-744a-4118-a1e4-16c371cce232/polling-district/170825b2-33c9-450a-95be-09749b146075
3. Gladsaxe,https://valg.dk/fv/47b883ef-d0d3-4cb6-9da5-91963f0e9ba0/nomination-district/0b4b24a3-ea9e-4a4f-82b2-fc0651ae4d18,Bagsværd,https://valg.dk/fv/47b883ef-d0d3-4cb6-9da5-91963f0e9ba0/nomination-district/0b4b24a3-ea9e-4a4f-82b2-fc0651ae4d18/polling-district/cdb2444e-6688-4c10-b974-0db81db4c3c0
3. Gladsaxe,https://valg.dk/fv/47b883ef-d0d3-4cb6-9da5-91963f0e9ba0/nomination-district/0b4b24a3-ea9e-4a4f-82b2-fc0651ae4d18,Egegård,https://valg.dk/fv/47b883ef-d0d3-4cb6-9da5-91963f0e9ba0/nomination-district/0b4b24a3-ea9e-4a4f-82b2-fc0651ae4d18/polling-district/ec0bf719-97d0-4260-8a56-4c3e9c4c59d4
3. Gladsaxe,https://valg.dk/fv/47b883ef-d0d3-4cb6-9da5-91963f0e9ba0/nomination-district/0b4b24a3-ea9e-4a4f-82b2-fc0651ae4d18,Grønnemose,https://valg.dk/fv/47b883ef-d0d3-4cb6-9da5-91963f0e9ba0/nomination-district/0b4b24a3-ea9e-4a4f-82b2-fc0651ae4d18/polling-district/81ac895e-d88b-44d6-b498-088b7bbca8b8
3. Gladsaxe,https://valg.dk/fv/47b883ef-d0d3-4cb6-9da5-91963f0e9ba0/nomination-district/0b4b24a3-ea9e-4a4f-82b2-fc0651ae4d18,Hovedbiblioteket,https://valg.dk/fv/47b883ef-d0d3-4cb6-9da5-91963f0e9ba0/nomination-district/0b4b24a3-ea9e-4a4f-82b2-fc0651ae4d18/polling-district/ae2611f4-c07c-4d9c-ab0c-9313867cbe4e
3. Gladsaxe,https://valg.dk/fv/47b883ef-d0d3-4cb6-9da5-91963f0e9ba0/nomination-district/0b4b24a3-ea9e-4a4f-82b2-fc0651ae4d18,Mørkhøj,https://valg.dk/fv/47b883ef-d0d3-4cb6-9da5-91963f0e9ba0/nomination-district/0b4b24a3-ea9e-4a4f-82b2-fc0651ae4d18/polling-district/bc7ee0df-defd-4cd9-902e-d28d1794daed
3. Gladsaxe,https://valg.dk/fv/47b883ef-d0d3-4cb6-9da5-91963f0e9ba0/nomination-district/0b4b24a3-ea9e-4a4f-82b2-fc0651ae4d18,Stengård,https://valg.dk/fv/47b883ef-d0d3-4cb6-9da5-91963f0e9ba0/nomination-district/0b4b24a3-ea9e-4a4f-82b2-fc0651ae4d18/polling-district/752f5c41-df61-480b-9f48-5f49c0ce62da
3. Gladsaxe,https://valg.dk/fv/47b883ef-d0d3-4cb6-9da5-91963f0e9ba0/nomination-district/0b4b24a3-ea9e-4a4f-82b2-fc0651ae4d18,Søborg,https://valg.dk/fv/47b883ef-d0d3-4cb6-9da5-91963f0e9ba0/nomination-district/0b4b24a3-ea9e-4a4f-82b2-fc0651ae4d18/polling-district/05453a4b-2b70-42ad-b52d-27ed11918b70
3. Gladsaxe,https://valg.dk/fv/47b883ef-d0d3-4cb6-9da5-91963f0e9ba0/nomination-district/0b4b24a3-ea9e-4a4f-82b2-fc0651ae4d18,Vadgård,https://valg.dk/fv/47b883ef-d0d3-4cb6-9da5-91963f0e9ba0/nomination-district/0b4b24a3-ea9e-4a4f-82b2-fc0651ae4d18/polling-district/188be0d7-35e2-4fdb-9da9-1376942cd751
3. Gladsaxe,https://valg.dk/fv/47b883ef-d0d3-4cb6-9da5-91963f0e9ba0/nomination-district/0b4b24a3-ea9e-4a4f-82b2-fc0651ae4d18,Værebro,https://valg.dk/fv/47b883ef-d0d3-4cb6-9da5-91963f0e9ba0/nomination-district/0b4b24a3-ea9e-4a4f-82b2-fc0651ae4d18/polling-district/4382e64a-4071-4e23-93f4-65b108784306
3. Hillerød,https://valg.dk/fv/47b883ef-d0d3-4cb6-9da5-91963f0e9ba0/nomination-district/9cb7c18f-fa0d-49e7-960b-ac2558042555,Alsønderup,https://valg.dk/fv/47b883ef-d0d3-4cb6-9da5-91963f0e9ba0/nomination-district/9cb7c18f-fa0d-49e7-960b-ac2558042555/polling-district/35603c92-361e-4f79-a811-b8862d8c10d1
3. Hillerød,https://valg.dk/fv/47b883ef-d0d3-4cb6-9da5-91963f0e9ba0/nomination-district/9cb7c18f-fa0d-49e7-960b-ac2558042555,Annisse,https://valg.dk/fv/47b883ef-d0d3-4cb6-9da5-91963f0e9ba0/nomination-district/9cb7c18f-fa0d-49e7-960b-ac2558042555/polling-district/6a71193c-6a85-4800-8e34-9a8134506ae1
3. Hillerød,https://valg.dk/fv/47b883ef-d0d3-4cb6-9da5-91963f0e9ba0/nomination-district/9cb7c18f-fa0d-49e7-960b-ac2558042555,Blistrup,https://valg.dk/fv/47b883ef-d0d3-4cb6-9da5-91963f0e9ba0/nomination-district/9cb7c18f-fa0d-49e7-960b-ac2558042555/polling-district/7b18f7b0-3194-4fc3-84ec-1c6936bce6e1
3. Hillerød,https://valg.dk/fv/47b883ef-d0d3-4cb6-9da5-91963f0e9ba0/nomination-district/9cb7c18f-fa0d-49e7-960b-ac2558042555,Brødeskov,https://valg.dk/fv/47b883ef-d0d3-4cb6-9da5-91963f0e9ba0/nomination-district/9cb7c18f-fa0d-49e7-960b-ac2558042555/polling-district/a7fcbd68-1836-4719-a323-1f890ff22152
3. Hillerød,https://valg.dk/fv/47b883ef-d0d3-4cb6-9da5-91963f0e9ba0/nomination-district/9cb7c18f-fa0d-49e7-960b-ac2558042555,Esbønderup,https://valg.dk/fv/47b883ef-d0d3-4cb6-9da5-91963f0e9ba0/nomination-district/9cb7c18f-fa0d-49e7-960b-ac2558042555/polling-district/18610a1b-3c9d-46f6-9290-b80746404204
3. Hillerød,https://valg.dk/fv/47b883ef-d0d3-4cb6-9da5-91963f0e9ba0/nomination-district/9cb7c18f-fa0d-49e7-960b-ac2558042555,Gadevang,https://valg.dk/fv/47b883ef-d0d3-4cb6-9da5-91963f0e9ba0/nomination-district/9cb7c18f-fa0d-49e7-960b-ac2558042555/polling-district/5b145325-a466-40b7-aed1-87efe541deb1
3. Hillerød,https://valg.dk/fv/47b883ef-d0d3-4cb6-9da5-91963f0e9ba0/nomination-district/9cb7c18f-fa0d-49e7-960b-ac2558042555,Gilleleje,https://valg.dk/fv/47b883ef-d0d3-4cb6-9da5-91963f0e9ba0/nomination-district/9cb7c18f-fa0d-49e7-960b-ac2558042555/polling-district/430ce5b0-482c-44d1-92f9-7a0e56fa823c
3. Hillerød,https://valg.dk/fv/47b883ef-d0d3-4cb6-9da5-91963f0e9ba0/nomination-district/9cb7c18f-fa0d-49e7-960b-ac2558042555,Græsted,https://valg.dk/fv/47b883ef-d0d3-4cb6-9da5-91963f0e9ba0/nomination-district/9cb7c18f-fa0d-49e7-960b-ac2558042555/polling-district/726d0aa0-1c58-4aea-b146-e6d8cfdba9ae
3. Hillerød,https://valg.dk/fv/47b883ef-d0d3-4cb6-9da5-91963f0e9ba0/nomination-district/9cb7c18f-fa0d-49e7-960b-ac2558042555,"Grønnevang Skole, Østervang",https://valg.dk/fv/47b883ef-d0d3-4cb6-9da5-91963f0e9ba0/nomination-district/9cb7c18f-fa0d-49e7-960b-ac2558042555/polling-district/57dfd539-22da-4e4a-a63d-f562afdf1f16
3. Hillerød,https://valg.dk/fv/47b883ef-d0d3-4cb6-9da5-91963f0e9ba0/nomination-district/9cb7c18f-fa0d-49e7-960b-ac2558042555,Gørløse,https://valg.dk/fv/47b883ef-d0d3-4cb6-9da5-91963f0e9ba0/nomination-district/9cb7c18f-fa0d-49e7-960b-ac2558042555/polling-district/63129c74-2b24-4668-a77e-c42701adf0a4
3. Hillerød,https://valg.dk/fv/47b883ef-d0d3-4cb6-9da5-91963f0e9ba0/nomination-district/9cb7c18f-fa0d-49e7-960b-ac2558042555,Hammersholt,https://valg.dk/fv/47b883ef-d0d3-4cb6-9da5-91963f0e9ba0/nomination-district/9cb7c18f-fa0d-49e7-960b-ac2558042555/polling-district/2374f1bb-b1e3-46fb-8449-6c36d1cf447e
3. Hillerød,https://valg.dk/fv/47b883ef-d0d3-4cb6-9da5-91963f0e9ba0/nomination-district/9cb7c18f-fa0d-49e7-960b-ac2558042555,Helsinge,https://valg.dk/fv/47b883ef-d0d3-4cb6-9da5-91963f0e9ba0/nomination-district/9cb7c18f-fa0d-49e7-960b-ac2558042555/polling-district/fe214c71-704e-484a-9c0a-342d6853573b
3. Hillerød,https://valg.dk/fv/47b883ef-d0d3-4cb6-9da5-91963f0e9ba0/nomination-district/9cb7c18f-fa0d-49e7-960b-ac2558042555,Hillerødsholmsskolen,https://valg.dk/fv/47b883ef-d0d3-4cb6-9da5-91963f0e9ba0/nomination-district/9cb7c18f-fa0d-49e7-960b-ac2558042555/polling-district/f9f4c5f3-b60c-4301-9365-bcecdc4e509d
3. Hillerød,https://valg.dk/fv/47b883ef-d0d3-4cb6-9da5-91963f0e9ba0/nomination-district/9cb7c18f-fa0d-49e7-960b-ac2558042555,Lille Lyngby,https://valg.dk/fv/47b883ef-d0d3-4cb6-9da5-91963f0e9ba0/nomination-district/9cb7c18f-fa0d-49e7-960b-ac2558042555/polling-district/53812251-1e0c-46ca-b9e1-ee7ecafa462d
3. Hillerød,https://valg.dk/fv/47b883ef-d0d3-4cb6-9da5-91963f0e9ba0/nomination-district/9cb7c18f-fa0d-49e7-960b-ac2558042555,Mårum,https://valg.dk/fv/47b883ef-d0d3-4cb6-9da5-91963f0e9ba0/nomination-district/9cb7c18f-fa0d-49e7-960b-ac2558042555/polling-district/7e09f5ad-d3bf-4c6f-a741-e106bf5cfa06
3. Hillerød,https://valg.dk/fv/47b883ef-d0d3-4cb6-9da5-91963f0e9ba0/nomination-district/9cb7c18f-fa0d-49e7-960b-ac2558042555,Nødebo,https://valg.dk/fv/47b883ef-d0d3-4cb6-9da5-91963f0e9ba0/nomination-district/9cb7c18f-fa0d-49e7-960b-ac2558042555/polling-district/8f9411c3-dd9a-4eea-b4ed-c3d40c3e0cd4
3. Hillerød,https://valg.dk/fv/47b883ef-d0d3-4cb6-9da5-91963f0e9ba0/nomination-district/9cb7c18f-fa0d-49e7-960b-ac2558042555,Ramløse,https://valg.dk/fv/47b883ef-d0d3-4cb6-9da5-91963f0e9ba0/nomination-district/9cb7c18f-fa0d-49e7-960b-ac2558042555/polling-district/41893e9a-ca0b-4b1e-b5b8-c649ef9c4acf
3. Hillerød,https://valg.dk/fv/47b883ef-d0d3-4cb6-9da5-91963f0e9ba0/nomination-district/9cb7c18f-fa0d-49e7-960b-ac2558042555,Royal Stage,https://valg.dk/fv/47b883ef-d0d3-4cb6-9da5-91963f0e9ba0/nomination-district/9cb7c18f-fa0d-49e7-960b-ac2558042555/polling-district/e667587c-5646-4732-84d0-c4a07b777fac
3. Hillerød,https://valg.dk/fv/47b883ef-d0d3-4cb6-9da5-91963f0e9ba0/nomination-district/9cb7c18f-fa0d-49e7-960b-ac2558042555,"Skævinge, Harløse, Strø",https://valg.dk/fv/47b883ef-d0d3-4cb6-9da5-91963f0e9ba0/nomination-district/9cb7c18f-fa0d-49e7-960b-ac2558042555/polling-district/2ed45009-d080-4d50-aa9a-e00c7ecf62ed
3. Hillerød,https://valg.dk/fv/47b883ef-d0d3-4cb6-9da5-91963f0e9ba0/nomination-district/9cb7c18f-fa0d-49e7-960b-ac2558042555,Søborg,https://valg.dk/fv/47b883ef-d0d3-4cb6-9da5-91963f0e9ba0/nomination-district/9cb7c18f-fa0d-49e7-960b-ac2558042555/polling-district/6a5fb5f2-3991-4475-b2d2-cf8962d42569
3. Hillerød,https://valg.dk/fv/47b883ef-d0d3-4cb6-9da5-91963f0e9ba0/nomination-district/9cb7c18f-fa0d-49e7-960b-ac2558042555,Tibirke,https://valg.dk/fv/47b883ef-d0d3-4cb6-9da5-91963f0e9ba0/nomination-district/9cb7c18f-fa0d-49e7-960b-ac2558042555/polling-district/4b010f01-ccc9-45bf-a0c3-a245bdd15375
3. Hillerød,https://valg.dk/fv/47b883ef-d0d3-4cb6-9da5-91963f0e9ba0/nomination-district/9cb7c18f-fa0d-49e7-960b-ac2558042555,Ullerød,https://valg.dk/fv/47b883ef-d0d3-4cb6-9da5-91963f0e9ba0/nomination-district/9cb7c18f-fa0d-49e7-960b-ac2558042555/polling-district/c0e2adaf-6359-442c-bffc-037316161bda
3. Hillerød,https://valg.dk/fv/47b883ef-d0d3-4cb6-9da5-91963f0e9ba0/nomination-district/9cb7c18f-fa0d-49e7-960b-ac2558042555,Uvelse,https://valg.dk/fv/47b883ef-d0d3-4cb6-9da5-91963f0e9ba0/nomination-district/9cb7c18f-fa0d-49e7-960b-ac2558042555/polling-district/a2c1fe57-cabf-42d0-9f02-8862080ba3bc
3. Hillerød,https://valg.dk/fv/47b883ef-d0d3-4cb6-9da5-91963f0e9ba0/nomination-district/9cb7c18f-fa0d-49e7-960b-ac2558042555,Valby,https://valg.dk/fv/47b883ef-d0d3-4cb6-9da5-91963f0e9ba0/nomination-district/9cb7c18f-fa0d-49e7-960b-ac2558042555/polling-district/00773930-025d-4d38-8bd8-8b7bc2e13fd2
3. Hillerød,https://valg.dk/fv/47b883ef-d0d3-4cb6-9da5-91963f0e9ba0/nomination-district/9cb7c18f-fa0d-49e7-960b-ac2558042555,Vejby,https://valg.dk/fv/47b883ef-d0d3-4cb6-9da5-91963f0e9ba0/nomination-district/9cb7c18f-fa0d-49e7-960b-ac2558042555/polling-district/bf03ed54-76d1-4c9d-908b-297ec675b469
3. Indre By,https://valg.dk/fv/47b883ef-d0d3-4cb6-9da5-91963f0e9ba0/nomination-district/5cfd2834-1604-4782-b3b3-3bd9d361829c,3. Indre By,https://valg.dk/fv/47b883ef-d0d3-4cb6-9da5-91963f0e9ba0/nomination-district/5cfd2834-1604-4782-b3b3-3bd9d361829c/polling-district/f8e57d2f-a9bd-4b5a-9b11-8cc8f136eadb
3. Indre By,https://valg.dk/fv/47b883ef-d0d3-4cb6-9da5-91963f0e9ba0/nomination-district/5cfd2834-1604-4782-b3b3-3bd9d361829c,3. Midt,https://valg.dk/fv/47b883ef-d0d3-4cb6-9da5-91963f0e9ba0/nomination-district/5cfd2834-1604-4782-b3b3-3bd9d361829c/polling-district/33fd7c6c-41e1-415f-b97c-2a5855330d7d
3. Indre By,https://valg.dk/fv/47b883ef-d0d3-4cb6-9da5-91963f0e9ba0/nomination-district/5cfd2834-1604-4782-b3b3-3bd9d361829c,3. Nord,https://valg.dk/fv/47b883ef-d0d3-4cb6-9da5-91963f0e9ba0/nomination-district/5cfd2834-1604-4782-b3b3-3bd9d361829c/polling-district/c039c966-c4b4-4ff0-9a06-5aa485e6c2b7
3. Indre By,https://valg.dk/fv/47b883ef-d0d3-4cb6-9da5-91963f0e9ba0/nomination-district/5cfd2834-1604-4782-b3b3-3bd9d361829c,3. Syd,https://valg.dk/fv/47b883ef-d0d3-4cb6-9da5-91963f0e9ba0/nomination-district/5cfd2834-1604-4782-b3b3-3bd9d361829c/polling-district/67603cbb-03f8-4d28-a2cc-7133f4c7bda1
3. Indre By,https://valg.dk/fv/47b883ef-d0d3-4cb6-9da5-91963f0e9ba0/nomination-district/5cfd2834-1604-4782-b3b3-3bd9d361829c,3. Sølvgade,https://valg.dk/fv/47b883ef-d0d3-4cb6-9da5-91963f0e9ba0/nomination-district/5cfd2834-1604-4782-b3b3-3bd9d361829c/polling-district/d7033cc7-7b4c-4157-9bc1-8d281c4acb0f
3. Indre By,https://valg.dk/fv/47b883ef-d0d3-4cb6-9da5-91963f0e9ba0/nomination-district/5cfd2834-1604-4782-b3b3-3bd9d361829c,3. Øst,https://valg.dk/fv/47b883ef-d0d3-4cb6-9da5-91963f0e9ba0/nomination-district/5cfd2834-1604-4782-b3b3-3bd9d361829c/polling-district/b984740a-af2a-4782-a9cc-d1173c104645
3. Odense Syd,https://valg.dk/fv/47b883ef-d0d3-4cb6-9da5-91963f0e9ba0/nomination-district/9483f25e-74a9-48b1-85f7-c0db38081b5d,Dalumskolen,https://valg.dk/fv/47b883ef-d0d3-4cb6-9da5-91963f0e9ba0/nomination-district/9483f25e-74a9-48b1-85f7-c0db38081b5d/polling-district/188cc362-5631-47a2-9c82-6626bacd35bf
3. Odense Syd,https://valg.dk/fv/47b883ef-d0d3-4cb6-9da5-91963f0e9ba0/nomination-district/9483f25e-74a9-48b1-85f7-c0db38081b5d,Fangel Forsamlingshus,https://valg.dk/fv/47b883ef-d0d3-4cb6-9da5-91963f0e9ba0/nomination-district/9483f25e-74a9-48b1-85f7-c0db38081b5d/polling-district/1270428e-e67e-4dd0-84ed-7fe4170c53a7
3. Odense Syd,https://valg.dk/fv/47b883ef-d0d3-4cb6-9da5-91963f0e9ba0/nomination-district/9483f25e-74a9-48b1-85f7-c0db38081b5d,Højby Skole,https://valg.dk/fv/47b883ef-d0d3-4cb6-9da5-91963f0e9ba0/nomination-district/9483f25e-74a9-48b1-85f7-c0db38081b5d/polling-district/8b153795-ce80-41e5-b862-e2afb284d1a3
3. Odense Syd,https://valg.dk/fv/47b883ef-d0d3-4cb6-9da5-91963f0e9ba0/nomination-district/9483f25e-74a9-48b1-85f7-c0db38081b5d,Rasmus Rask-Skolen,https://valg.dk/fv/47b883ef-d0d3-4cb6-9da5-91963f0e9ba0/nomination-district/9483f25e-74a9-48b1-85f7-c0db38081b5d/polling-district/d2d2b3f3-f081-45ec-9bf8-e0f242801793
3. Odense Syd,https://valg.dk/fv/47b883ef-d0d3-4cb6-9da5-91963f0e9ba0/nomination-district/9483f25e-74a9-48b1-85f7-c0db38081b5d,Rosengårdskolen,https://valg.dk/fv/47b883ef-d0d3-4cb6-9da5-91963f0e9ba0/nomination-district/9483f25e-74a9-48b1-85f7-c0db38081b5d/polling-district/356cd557-3547-4cad-99f6-00620139bab4
3. Odense Syd,https://valg.dk/fv/47b883ef-d0d3-4cb6-9da5-91963f0e9ba0/nomination-district/9483f25e-74a9-48b1-85f7-c0db38081b5d,Rådhuset,https://valg.dk/fv/47b883ef-d0d3-4cb6-9da5-91963f0e9ba0/nomination-district/9483f25e-74a9-48b1-85f7-c0db38081b5d/polling-district/9f3e973d-b6e8-4986-be63-2af18f0fe719
3. Odense Syd,https://valg.dk/fv/47b883ef-d0d3-4cb6-9da5-91963f0e9ba0/nomination-district/9483f25e-74a9-48b1-85f7-c0db38081b5d,Sanderumhallen,https://valg.dk/fv/47b883ef-d0d3-4cb6-9da5-91963f0e9ba0/nomination-district/9483f25e-74a9-48b1-85f7-c0db38081b5d/polling-district/015eaed1-ef4c-4e7d-856b-d15fdbbe0f02
3. Odense Syd,https://valg.dk/fv/47b883ef-d0d3-4cb6-9da5-91963f0e9ba0/nomination-district/9483f25e-74a9-48b1-85f7-c0db38081b5d,Sct. Knuds Gymnasium,https://valg.dk/fv/47b883ef-d0d3-4cb6-9da5-91963f0e9ba0/nomination-district/9483f25e-74a9-48b1-85f7-c0db38081b5d/polling-district/6acb5611-0c09-413f-8eee-749066ed08bc
3. Odense Syd,https://valg.dk/fv/47b883ef-d0d3-4cb6-9da5-91963f0e9ba0/nomination-district/9483f25e-74a9-48b1-85f7-c0db38081b5d,Skt. Klemensskolen,https://valg.dk/fv/47b883ef-d0d3-4cb6-9da5-91963f0e9ba0/nomination-district/9483f25e-74a9-48b1-85f7-c0db38081b5d/polling-district/9699b47e-862b-44cd-a755-3df05b8d42e2
3. Odense Syd,https://valg.dk/fv/47b883ef-d0d3-4cb6-9da5-91963f0e9ba0/nomination-district/9483f25e-74a9-48b1-85f7-c0db38081b5d,Tingløkkeskolen,https://valg.dk/fv/47b883ef-d0d3-4cb6-9da5-91963f0e9ba0/nomination-district/9483f25e-74a9-48b1-85f7-c0db38081b5d/polling-district/663163bf-fce8-4752-8b9d-76c239f84ea8
3. Tønder,https://valg.dk/fv/47b883ef-d0d3-4cb6-9da5-91963f0e9ba0/nomination-district/3432bab9-263e-438a-a55d-189b925e1749,Abild,https://valg.dk/fv/47b883ef-d0d3-4cb6-9da5-91963f0e9ba0/nomination-district/3432bab9-263e-438a-a55d-189b925e1749/polling-district/a82b706f-0cbb-4700-863d-d84523429855
3. Tønder,https://valg.dk/fv/47b883ef-d0d3-4cb6-9da5-91963f0e9ba0/nomination-district/3432bab9-263e-438a-a55d-189b925e1749,Agerskov,https://valg.dk/fv/47b883ef-d0d3-4cb6-9da5-91963f0e9ba0/nomination-district/3432bab9-263e-438a-a55d-189b925e1749/polling-district/9cedd9de-cac4-4172-bb6a-85f2e8c026f1
3. Tønder,https://valg.dk/fv/47b883ef-d0d3-4cb6-9da5-91963f0e9ba0/nomination-district/3432bab9-263e-438a-a55d-189b925e1749,Arrild,https://valg.dk/fv/47b883ef-d0d3-4cb6-9da5-91963f0e9ba0/nomination-district/3432bab9-263e-438a-a55d-189b925e1749/polling-district/3106ec1f-123f-426c-9412-1641b2ce052c
3. Tønder,https://valg.dk/fv/47b883ef-d0d3-4cb6-9da5-91963f0e9ba0/nomination-district/3432bab9-263e-438a-a55d-189b925e1749,Ballum,https://valg.dk/fv/47b883ef-d0d3-4cb6-9da5-91963f0e9ba0/nomination-district/3432bab9-263e-438a-a55d-189b925e1749/polling-district/df6f343f-dbb1-4913-94d1-89701a823edf
3. Tønder,https://valg.dk/fv/47b883ef-d0d3-4cb6-9da5-91963f0e9ba0/nomination-district/3432bab9-263e-438a-a55d-189b925e1749,Bedsted,https://valg.dk/fv/47b883ef-d0d3-4cb6-9da5-91963f0e9ba0/nomination-district/3432bab9-263e-438a-a55d-189b925e1749/polling-district/4a7cc5e5-3ecd-43b5-8394-63466c5b3489
3. Tønder,https://valg.dk/fv/47b883ef-d0d3-4cb6-9da5-91963f0e9ba0/nomination-district/3432bab9-263e-438a-a55d-189b925e1749,Branderup,https://valg.dk/fv/47b883ef-d0d3-4cb6-9da5-91963f0e9ba0/nomination-district/3432bab9-263e-438a-a55d-189b925e1749/polling-district/b0b2848c-9279-4f9e-a1a3-f4ac1b455cd1
3. Tønder,https://valg.dk/fv/47b883ef-d0d3-4cb6-9da5-91963f0e9ba0/nomination-district/3432bab9-263e-438a-a55d-189b925e1749,Bredebro,https://valg.dk/fv/47b883ef-d0d3-4cb6-9da5-91963f0e9ba0/nomination-district/3432bab9-263e-438a-a55d-189b925e1749/polling-district/cf015602-62ac-4df8-97aa-45492004fff7
3. Tønder,https://valg.dk/fv/47b883ef-d0d3-4cb6-9da5-91963f0e9ba0/nomination-district/3432bab9-263e-438a-a55d-189b925e1749,Brøns,https://valg.dk/fv/47b883ef-d0d3-4cb6-9da5-91963f0e9ba0/nomination-district/3432bab9-263e-438a-a55d-189b925e1749/polling-district/25b02024-0460-40dc-85a6-f901822ea137
3. Tønder,https://valg.dk/fv/47b883ef-d0d3-4cb6-9da5-91963f0e9ba0/nomination-district/3432bab9-263e-438a-a55d-189b925e1749,Døstrup,https://valg.dk/fv/47b883ef-d0d3-4cb6-9da5-91963f0e9ba0/nomination-district/3432bab9-263e-438a-a55d-189b925e1749/polling-district/939af6b4-928d-4063-932a-a028f76b195b
3. Tønder,https://valg.dk/fv/47b883ef-d0d3-4cb6-9da5-91963f0e9ba0/nomination-district/3432bab9-263e-438a-a55d-189b925e1749,Hostrup,https://valg.dk/fv/47b883ef-d0d3-4cb6-9da5-91963f0e9ba0/nomination-district/3432bab9-263e-438a-a55d-189b925e1749/polling-district/c2d3d33e-9152-4377-a085-367576d190d6
3. Tønder,https://valg.dk/fv/47b883ef-d0d3-4cb6-9da5-91963f0e9ba0/nomination-district/3432bab9-263e-438a-a55d-189b925e1749,Højer,https://valg.dk/fv/47b883ef-d0d3-4cb6-9da5-91963f0e9ba0/nomination-district/3432bab9-263e-438a-a55d-189b925e1749/polling-district/542a4e89-69d9-457d-a3f5-54b69643c3f6
3. Tønder,https://valg.dk/fv/47b883ef-d0d3-4cb6-9da5-91963f0e9ba0/nomination-district/3432bab9-263e-438a-a55d-189b925e1749,Løgumkloster,https://valg.dk/fv/47b883ef-d0d3-4cb6-9da5-91963f0e9ba0/nomination-district/3432bab9-263e-438a-a55d-189b925e1749/polling-district/01b25b48-4dc5-41ed-ba1a-dface2a820c2
3. Tønder,https://valg.dk/fv/47b883ef-d0d3-4cb6-9da5-91963f0e9ba0/nomination-district/3432bab9-263e-438a-a55d-189b925e1749,Møgeltønder,https://valg.dk/fv/47b883ef-d0d3-4cb6-9da5-91963f0e9ba0/nomination-district/3432bab9-263e-438a-a55d-189b925e1749/polling-district/e0644b68-6626-42d1-8aa2-9ea498af9363
3. Tønder,https://valg.dk/fv/47b883ef-d0d3-4cb6-9da5-91963f0e9ba0/nomination-district/3432bab9-263e-438a-a55d-189b925e1749,Nr. Løgum,https://valg.dk/fv/47b883ef-d0d3-4cb6-9da5-91963f0e9ba0/nomination-district/3432bab9-263e-438a-a55d-189b925e1749/polling-district/2028ad0f-06b5-4c0c-9f84-21b9c739fbbb
3. Tønder,https://valg.dk/fv/47b883ef-d0d3-4cb6-9da5-91963f0e9ba0/nomination-district/3432bab9-263e-438a-a55d-189b925e1749,Rømø,https://valg.dk/fv/47b883ef-d0d3-4cb6-9da5-91963f0e9ba0/nomination-district/3432bab9-263e-438a-a55d-189b925e1749/polling-district/4bff56ca-b369-4b02-af77-75a2e533baef
3. Tønder,https://valg.dk/fv/47b883ef-d0d3-4cb6-9da5-91963f0e9ba0/nomination-district/3432bab9-263e-438a-a55d-189b925e1749,Sdr. Sejerslev,https://valg.dk/fv/47b883ef-d0d3-4cb6-9da5-91963f0e9ba0/nomination-district/3432bab9-263e-438a-a55d-189b925e1749/polling-district/5a177916-fea2-4cd3-b151-f01b26f936f5
3. Tønder,https://valg.dk/fv/47b883ef-d0d3-4cb6-9da5-91963f0e9ba0/nomination-district/3432bab9-263e-438a-a55d-189b925e1749,Skærbæk,https://valg.dk/fv/47b883ef-d0d3-4cb6-9da5-91963f0e9ba0/nomination-district/3432bab9-263e-438a-a55d-189b925e1749/polling-district/3ee2bc8c-4eb3-4608-83d4-78e6e7739f90
3. Tønder,https://valg.dk/fv/47b883ef-d0d3-4cb6-9da5-91963f0e9ba0/nomination-district/3432bab9-263e-438a-a55d-189b925e1749,Toftlund,https://valg.dk/fv/47b883ef-d0d3-4cb6-9da5-91963f0e9ba0/nomination-district/3432bab9-263e-438a-a55d-189b925e1749/polling-district/ccf79b4b-2e9c-44cd-b3ec-0263781ba324
3. Tønder,https://valg.dk/fv/47b883ef-d0d3-4cb6-9da5-91963f0e9ba0/nomination-district/3432bab9-263e-438a-a55d-189b925e1749,Tønder,https://valg.dk/fv/47b883ef-d0d3-4cb6-9da5-91963f0e9ba0/nomination-district/3432bab9-263e-438a-a55d-189b925e1749/polling-district/aa488c5f-24ce-4b4d-b6ab-faa088b5e758
3. Tønder,https://valg.dk/fv/47b883ef-d0d3-4cb6-9da5-91963f0e9ba0/nomination-district/3432bab9-263e-438a-a55d-189b925e1749,Visby,https://valg.dk/fv/47b883ef-d0d3-4cb6-9da5-91963f0e9ba0/nomination-district/3432bab9-263e-438a-a55d-189b925e1749/polling-district/2ddefff9-21ec-449c-9aed-f1da5e3701d5
3. Tønder,https://valg.dk/fv/47b883ef-d0d3-4cb6-9da5-91963f0e9ba0/nomination-district/3432bab9-263e-438a-a55d-189b925e1749,Vodder,https://valg.dk/fv/47b883ef-d0d3-4cb6-9da5-91963f0e9ba0/nomination-district/3432bab9-263e-438a-a55d-189b925e1749/polling-district/6c013c06-b941-4247-8fd0-0ad96d4157e2
3. Tønder,https://valg.dk/fv/47b883ef-d0d3-4cb6-9da5-91963f0e9ba0/nomination-district/3432bab9-263e-438a-a55d-189b925e1749,Øster Højst,https://valg.dk/fv/47b883ef-d0d3-4cb6-9da5-91963f0e9ba0/nomination-district/3432bab9-263e-438a-a55d-189b925e1749/polling-district/0ca54ea4-f4ce-4488-909b-dda463da430b
3. Viborg Vest,https://valg.dk/fv/47b883ef-d0d3-4cb6-9da5-91963f0e9ba0/nomination-district/b1f6ee30-c38e-4a13-bcea-928ff272270a,Frederiks,https://valg.dk/fv/47b883ef-d0d3-4cb6-9da5-91963f0e9ba0/nomination-district/b1f6ee30-c38e-4a13-bcea-928ff272270a/polling-district/cf40d299-743d-45d5-b56e-803e2b10d2a3
3. Viborg Vest,https://valg.dk/fv/47b883ef-d0d3-4cb6-9da5-91963f0e9ba0/nomination-district/b1f6ee30-c38e-4a13-bcea-928ff272270a,Hald Ege,https://valg.dk/fv/47b883ef-d0d3-4cb6-9da5-91963f0e9ba0/nomination-district/b1f6ee30-c38e-4a13-bcea-928ff272270a/polling-district/cf6f35dc-9017-4b1a-9f7e-75a4f5cbe1fc
3. Viborg Vest,https://valg.dk/fv/47b883ef-d0d3-4cb6-9da5-91963f0e9ba0/nomination-district/b1f6ee30-c38e-4a13-bcea-928ff272270a,Karup,https://valg.dk/fv/47b883ef-d0d3-4cb6-9da5-91963f0e9ba0/nomination-district/b1f6ee30-c38e-4a13-bcea-928ff272270a/polling-district/96ca65a0-ead2-4e51-afe6-b760d4b3a511
3. Viborg Vest,https://valg.dk/fv/47b883ef-d0d3-4cb6-9da5-91963f0e9ba0/nomination-district/b1f6ee30-c38e-4a13-bcea-928ff272270a,Løgstrup,https://valg.dk/fv/47b883ef-d0d3-4cb6-9da5-91963f0e9ba0/nomination-district/b1f6ee30-c38e-4a13-bcea-928ff272270a/polling-district/36ab3854-2303-49ab-b096-054b7f425992
3. Viborg Vest,https://valg.dk/fv/47b883ef-d0d3-4cb6-9da5-91963f0e9ba0/nomination-district/b1f6ee30-c38e-4a13-bcea-928ff272270a,Mønsted,https://valg.dk/fv/47b883ef-d0d3-4cb6-9da5-91963f0e9ba0/nomination-district/b1f6ee30-c38e-4a13-bcea-928ff272270a/polling-district/670476e6-0aec-4300-9a2c-5e626cfeaf16
3. Viborg Vest,https://valg.dk/fv/47b883ef-d0d3-4cb6-9da5-91963f0e9ba0/nomination-district/b1f6ee30-c38e-4a13-bcea-928ff272270a,Stoholm,https://valg.dk/fv/47b883ef-d0d3-4cb6-9da5-91963f0e9ba0/nomination-district/b1f6ee30-c38e-4a13-bcea-928ff272270a/polling-district/1b51f833-d904-4f37-ad62-2bbd59b01bb8
3. Viborg Vest,https://valg.dk/fv/47b883ef-d0d3-4cb6-9da5-91963f0e9ba0/nomination-district/b1f6ee30-c38e-4a13-bcea-928ff272270a,Viborg,https://valg.dk/fv/47b883ef-d0d3-4cb6-9da5-91963f0e9ba0/nomination-district/b1f6ee30-c38e-4a13-bcea-928ff272270a/polling-district/9e51823e-aa1e-42c3-8586-53552c1929f4
3. Viborg Vest,https://valg.dk/fv/47b883ef-d0d3-4cb6-9da5-91963f0e9ba0/nomination-district/b1f6ee30-c38e-4a13-bcea-928ff272270a,Vridsted,https://valg.dk/fv/47b883ef-d0d3-4cb6-9da5-91963f0e9ba0/nomination-district/b1f6ee30-c38e-4a13-bcea-928ff272270a/polling-district/076076ed-82a4-49cb-9087-99466d3f9264
3. Vordingborg,https://valg.dk/fv/47b883ef-d0d3-4cb6-9da5-91963f0e9ba0/nomination-district/77fa1059-0000-4a64-bf9a-94b6ac0f501b,Allerslev,https://valg.dk/fv/47b883ef-d0d3-4cb6-9da5-91963f0e9ba0/nomination-district/77fa1059-0000-4a64-bf9a-94b6ac0f501b/polling-district/6858771a-afa8-407a-8f47-7df3ef7aa15f
3. Vordingborg,https://valg.dk/fv/47b883ef-d0d3-4cb6-9da5-91963f0e9ba0/nomination-district/77fa1059-0000-4a64-bf9a-94b6ac0f501b,Bogø,https://valg.dk/fv/47b883ef-d0d3-4cb6-9da5-91963f0e9ba0/nomination-district/77fa1059-0000-4a64-bf9a-94b6ac0f501b/polling-district/5f850460-1398-4887-a770-577160a78b42
3. Vordingborg,https://valg.dk/fv/47b883ef-d0d3-4cb6-9da5-91963f0e9ba0/nomination-district/77fa1059-0000-4a64-bf9a-94b6ac0f501b,Bårse,https://valg.dk/fv/47b883ef-d0d3-4cb6-9da5-91963f0e9ba0/nomination-district/77fa1059-0000-4a64-bf9a-94b6ac0f501b/polling-district/6cd3cdbd-b55d-4a34-a68a-fc8cf4b68727
3. Vordingborg,https://valg.dk/fv/47b883ef-d0d3-4cb6-9da5-91963f0e9ba0/nomination-district/77fa1059-0000-4a64-bf9a-94b6ac0f501b,Jungshoved,https://valg.dk/fv/47b883ef-d0d3-4cb6-9da5-91963f0e9ba0/nomination-district/77fa1059-0000-4a64-bf9a-94b6ac0f501b/polling-district/236ba941-138c-4c97-a3ad-a4a82c3da1c0
3. Vordingborg,https://valg.dk/fv/47b883ef-d0d3-4cb6-9da5-91963f0e9ba0/nomination-district/77fa1059-0000-4a64-bf9a-94b6ac0f501b,Kalvehave,https://valg.dk/fv/47b883ef-d0d3-4cb6-9da5-91963f0e9ba0/nomination-district/77fa1059-0000-4a64-bf9a-94b6ac0f501b/polling-district/195f5ae2-6fa7-4787-a446-bc8c0969e3c3
3. Vordingborg,https://valg.dk/fv/47b883ef-d0d3-4cb6-9da5-91963f0e9ba0/nomination-district/77fa1059-0000-4a64-bf9a-94b6ac0f501b,Kastrup,https://valg.dk/fv/47b883ef-d0d3-4cb6-9da5-91963f0e9ba0/nomination-district/77fa1059-0000-4a64-bf9a-94b6ac0f501b/polling-district/e2f49e37-3bfc-4393-8b1e-ba86f359ef4d
3. Vordingborg,https://valg.dk/fv/47b883ef-d0d3-4cb6-9da5-91963f0e9ba0/nomination-district/77fa1059-0000-4a64-bf9a-94b6ac0f501b,Lundby,https://valg.dk/fv/47b883ef-d0d3-4cb6-9da5-91963f0e9ba0/nomination-district/77fa1059-0000-4a64-bf9a-94b6ac0f501b/polling-district/65e88422-2a7f-4182-98f4-9dc6fd13664e
3. Vordingborg,https://valg.dk/fv/47b883ef-d0d3-4cb6-9da5-91963f0e9ba0/nomination-district/77fa1059-0000-4a64-bf9a-94b6ac0f501b,Mern,https://valg.dk/fv/47b883ef-d0d3-4cb6-9da5-91963f0e9ba0/nomination-district/77fa1059-0000-4a64-bf9a-94b6ac0f501b/polling-district/f947c427-f047-402f-b837-3cb7d955c9a7
3. Vordingborg,https://valg.dk/fv/47b883ef-d0d3-4cb6-9da5-91963f0e9ba0/nomination-district/77fa1059-0000-4a64-bf9a-94b6ac0f501b,Nyråd,https://valg.dk/fv/47b883ef-d0d3-4cb6-9da5-91963f0e9ba0/nomination-district/77fa1059-0000-4a64-bf9a-94b6ac0f501b/polling-district/7914c870-1138-4ebb-a8b1-419c0565b2ab
3. Vordingborg,https://valg.dk/fv/47b883ef-d0d3-4cb6-9da5-91963f0e9ba0/nomination-district/77fa1059-0000-4a64-bf9a-94b6ac0f501b,Præstø,https://valg.dk/fv/47b883ef-d0d3-4cb6-9da5-91963f0e9ba0/nomination-district/77fa1059-0000-4a64-bf9a-94b6ac0f501b/polling-district/52447978-fdb3-49e5-8138-3438d6de6a21
3. Vordingborg,https://valg.dk/fv/47b883ef-d0d3-4cb6-9da5-91963f0e9ba0/nomination-district/77fa1059-0000-4a64-bf9a-94b6ac0f501b,Stege,https://valg.dk/fv/47b883ef-d0d3-4cb6-9da5-91963f0e9ba0/nomination-district/77fa1059-0000-4a64-bf9a-94b6ac0f501b/polling-district/53da83c9-2301-47d2-aaf5-9ebf961b0e32
3. Vordingborg,https://valg.dk/fv/47b883ef-d0d3-4cb6-9da5-91963f0e9ba0/nomination-district/77fa1059-0000-4a64-bf9a-94b6ac0f501b,Stensved,https://valg.dk/fv/47b883ef-d0d3-4cb6-9da5-91963f0e9ba0/nomination-district/77fa1059-0000-4a64-bf9a-94b6ac0f501b/polling-district/1c6ce970-ac09-4c8d-afac-b12945bf24b7
3. Vordingborg,https://valg.dk/fv/47b883ef-d0d3-4cb6-9da5-91963f0e9ba0/nomination-district/77fa1059-0000-4a64-bf9a-94b6ac0f501b,Vestmøn,https://valg.dk/fv/47b883ef-d0d3-4cb6-9da5-91963f0e9ba0/nomination-district/77fa1059-0000-4a64-bf9a-94b6ac0f501b/polling-district/29df37ed-9902-4ef4-b1a9-a76748b724ec
3. Vordingborg,https://valg.dk/fv/47b883ef-d0d3-4cb6-9da5-91963f0e9ba0/nomination-district/77fa1059-0000-4a64-bf9a-94b6ac0f501b,Vordingborg,https://valg.dk/fv/47b883ef-d0d3-4cb6-9da5-91963f0e9ba0/nomination-district/77fa1059-0000-4a64-bf9a-94b6ac0f501b/polling-district/3bd80237-53fc-4aeb-b98a-eba7f95291a0
3. Vordingborg,https://valg.dk/fv/47b883ef-d0d3-4cb6-9da5-91963f0e9ba0/nomination-district/77fa1059-0000-4a64-bf9a-94b6ac0f501b,Ørslev,https://valg.dk/fv/47b883ef-d0d3-4cb6-9da5-91963f0e9ba0/nomination-district/77fa1059-0000-4a64-bf9a-94b6ac0f501b/polling-district/d9016d95-4ea2-4676-916d-e23c787a3b7b
3. Vordingborg,https://valg.dk/fv/47b883ef-d0d3-4cb6-9da5-91963f0e9ba0/nomination-district/77fa1059-0000-4a64-bf9a-94b6ac0f501b,Østmøn,https://valg.dk/fv/47b883ef-d0d3-4cb6-9da5-91963f0e9ba0/nomination-district/77fa1059-0000-4a64-bf9a-94b6ac0f501b/polling-district/a768a124-05bf-4ff7-90ee-ab02fe7b7091
4. Aarhus Øst,https://valg.dk/fv/47b883ef-d0d3-4cb6-9da5-91963f0e9ba0/nomination-district/2cc1b72e-0615-488f-aaf4-0e7df161475b,Aarhus Rådhus,https://valg.dk/fv/47b883ef-d0d3-4cb6-9da5-91963f0e9ba0/nomination-district/2cc1b72e-0615-488f-aaf4-0e7df161475b/polling-district/8d8c2ade-ff7c-4277-871c-556b4b1420e0
4. Aarhus Øst,https://valg.dk/fv/47b883ef-d0d3-4cb6-9da5-91963f0e9ba0/nomination-district/2cc1b72e-0615-488f-aaf4-0e7df161475b,"Bellevuehallerne, Risskov",https://valg.dk/fv/47b883ef-d0d3-4cb6-9da5-91963f0e9ba0/nomination-district/2cc1b72e-0615-488f-aaf4-0e7df161475b/polling-district/914ae54c-4cb2-44ce-8658-3f6473012067
4. Aarhus Øst,https://valg.dk/fv/47b883ef-d0d3-4cb6-9da5-91963f0e9ba0/nomination-district/2cc1b72e-0615-488f-aaf4-0e7df161475b,"DOKK1, Aarhus C",https://valg.dk/fv/47b883ef-d0d3-4cb6-9da5-91963f0e9ba0/nomination-district/2cc1b72e-0615-488f-aaf4-0e7df161475b/polling-district/5590efa8-465f-4b97-af12-b8c4993748ad
4. Aarhus Øst,https://valg.dk/fv/47b883ef-d0d3-4cb6-9da5-91963f0e9ba0/nomination-district/2cc1b72e-0615-488f-aaf4-0e7df161475b,"Ellevangskolen, Risskov",https://valg.dk/fv/47b883ef-d0d3-4cb6-9da5-91963f0e9ba0/nomination-district/2cc1b72e-0615-488f-aaf4-0e7df161475b/polling-district/b340153b-a16b-4a79-8b6e-229537480aba
4. Aarhus Øst,https://valg.dk/fv/47b883ef-d0d3-4cb6-9da5-91963f0e9ba0/nomination-district/2cc1b72e-0615-488f-aaf4-0e7df161475b,"Generationernes Hus, Aarhus Ø",https://valg.dk/fv/47b883ef-d0d3-4cb6-9da5-91963f0e9ba0/nomination-district/2cc1b72e-0615-488f-aaf4-0e7df161475b/polling-district/b7c6455b-1647-4722-955f-da0261b52243
4. Aarhus Øst,https://valg.dk/fv/47b883ef-d0d3-4cb6-9da5-91963f0e9ba0/nomination-district/2cc1b72e-0615-488f-aaf4-0e7df161475b,"Godsbanen, Aarhus C",https://valg.dk/fv/47b883ef-d0d3-4cb6-9da5-91963f0e9ba0/nomination-district/2cc1b72e-0615-488f-aaf4-0e7df161475b/polling-district/ed505b11-74fa-4293-9dfb-738803185c9f
4. Aarhus Øst,https://valg.dk/fv/47b883ef-d0d3-4cb6-9da5-91963f0e9ba0/nomination-district/2cc1b72e-0615-488f-aaf4-0e7df161475b,Midtpunktet - Skødstrup Idræts- og Kulturcenter,https://valg.dk/fv/47b883ef-d0d3-4cb6-9da5-91963f0e9ba0/nomination-district/2cc1b72e-0615-488f-aaf4-0e7df161475b/polling-district/16e4c0ca-a044-42d4-b39b-ec1021625861
4. Aarhus Øst,https://valg.dk/fv/47b883ef-d0d3-4cb6-9da5-91963f0e9ba0/nomination-district/2cc1b72e-0615-488f-aaf4-0e7df161475b,"Samsøgades Skole, Aarhus C",https://valg.dk/fv/47b883ef-d0d3-4cb6-9da5-91963f0e9ba0/nomination-district/2cc1b72e-0615-488f-aaf4-0e7df161475b/polling-district/bc6219c7-ce36-4da3-8a68-6beb64a95650
4. Aarhus Øst,https://valg.dk/fv/47b883ef-d0d3-4cb6-9da5-91963f0e9ba0/nomination-district/2cc1b72e-0615-488f-aaf4-0e7df161475b,Skæring Skole,https://valg.dk/fv/47b883ef-d0d3-4cb6-9da5-91963f0e9ba0/nomination-district/2cc1b72e-0615-488f-aaf4-0e7df161475b/polling-district/4cddcfde-a488-4078-a95c-8de8cde8687e
4. Aarhus Øst,https://valg.dk/fv/47b883ef-d0d3-4cb6-9da5-91963f0e9ba0/nomination-district/2cc1b72e-0615-488f-aaf4-0e7df161475b,"Sølystskolen, Egå",https://valg.dk/fv/47b883ef-d0d3-4cb6-9da5-91963f0e9ba0/nomination-district/2cc1b72e-0615-488f-aaf4-0e7df161475b/polling-district/548d16fb-14f8-493f-bad3-f0e2969114b9
4. Aarhus Øst,https://valg.dk/fv/47b883ef-d0d3-4cb6-9da5-91963f0e9ba0/nomination-district/2cc1b72e-0615-488f-aaf4-0e7df161475b,Vejlby-Risskov Hallen,https://valg.dk/fv/47b883ef-d0d3-4cb6-9da5-91963f0e9ba0/nomination-district/2cc1b72e-0615-488f-aaf4-0e7df161475b/polling-district/f38065a0-19a3-4d9e-adb9-6d84dc529667
4. Aarhus Øst,https://valg.dk/fv/47b883ef-d0d3-4cb6-9da5-91963f0e9ba0/nomination-district/2cc1b72e-0615-488f-aaf4-0e7df161475b,"Virupskolen, Hjortshøj",https://valg.dk/fv/47b883ef-d0d3-4cb6-9da5-91963f0e9ba0/nomination-district/2cc1b72e-0615-488f-aaf4-0e7df161475b/polling-district/97a1ac3c-9d7d-4ba5-950e-95edc155e168
4. Assens,https://valg.dk/fv/47b883ef-d0d3-4cb6-9da5-91963f0e9ba0/nomination-district/785e1284-d7ae-4d45-acab-ed5ec40cac83,Aarup/Kerte,https://valg.dk/fv/47b883ef-d0d3-4cb6-9da5-91963f0e9ba0/nomination-district/785e1284-d7ae-4d45-acab-ed5ec40cac83/polling-district/33b80253-5077-461b-892f-2e3a4f99f627
4. Assens,https://valg.dk/fv/47b883ef-d0d3-4cb6-9da5-91963f0e9ba0/nomination-district/785e1284-d7ae-4d45-acab-ed5ec40cac83,Assens,https://valg.dk/fv/47b883ef-d0d3-4cb6-9da5-91963f0e9ba0/nomination-district/785e1284-d7ae-4d45-acab-ed5ec40cac83/polling-district/f949cf6b-52ba-4abd-be4d-292234e8f6fb
4. Assens,https://valg.dk/fv/47b883ef-d0d3-4cb6-9da5-91963f0e9ba0/nomination-district/785e1284-d7ae-4d45-acab-ed5ec40cac83,Brylle,https://valg.dk/fv/47b883ef-d0d3-4cb6-9da5-91963f0e9ba0/nomination-district/785e1284-d7ae-4d45-acab-ed5ec40cac83/polling-district/187a208e-f668-4fb4-b1aa-1b5673db4cf1
4. Assens,https://valg.dk/fv/47b883ef-d0d3-4cb6-9da5-91963f0e9ba0/nomination-district/785e1284-d7ae-4d45-acab-ed5ec40cac83,Dreslette,https://valg.dk/fv/47b883ef-d0d3-4cb6-9da5-91963f0e9ba0/nomination-district/785e1284-d7ae-4d45-acab-ed5ec40cac83/polling-district/dd215df3-39f2-468f-9c72-e1ea3f530985
4. Assens,https://valg.dk/fv/47b883ef-d0d3-4cb6-9da5-91963f0e9ba0/nomination-district/785e1284-d7ae-4d45-acab-ed5ec40cac83,Ebberup/Helnæs,https://valg.dk/fv/47b883ef-d0d3-4cb6-9da5-91963f0e9ba0/nomination-district/785e1284-d7ae-4d45-acab-ed5ec40cac83/polling-district/3d313369-4332-464b-bda0-0860a68e9651
4. Assens,https://valg.dk/fv/47b883ef-d0d3-4cb6-9da5-91963f0e9ba0/nomination-district/785e1284-d7ae-4d45-acab-ed5ec40cac83,Flemløse,https://valg.dk/fv/47b883ef-d0d3-4cb6-9da5-91963f0e9ba0/nomination-district/785e1284-d7ae-4d45-acab-ed5ec40cac83/polling-district/67e21bb1-d5b9-417a-8358-9336bc169812
4. Assens,https://valg.dk/fv/47b883ef-d0d3-4cb6-9da5-91963f0e9ba0/nomination-district/785e1284-d7ae-4d45-acab-ed5ec40cac83,Glamsbjerg/Søllested,https://valg.dk/fv/47b883ef-d0d3-4cb6-9da5-91963f0e9ba0/nomination-district/785e1284-d7ae-4d45-acab-ed5ec40cac83/polling-district/d733902e-75f2-48d0-97ed-08817eb93da7
4. Assens,https://valg.dk/fv/47b883ef-d0d3-4cb6-9da5-91963f0e9ba0/nomination-district/785e1284-d7ae-4d45-acab-ed5ec40cac83,Haarby,https://valg.dk/fv/47b883ef-d0d3-4cb6-9da5-91963f0e9ba0/nomination-district/785e1284-d7ae-4d45-acab-ed5ec40cac83/polling-district/56556293-badf-481c-9cb3-7177190e2b86
4. Assens,https://valg.dk/fv/47b883ef-d0d3-4cb6-9da5-91963f0e9ba0/nomination-district/785e1284-d7ae-4d45-acab-ed5ec40cac83,Jordløse,https://valg.dk/fv/47b883ef-d0d3-4cb6-9da5-91963f0e9ba0/nomination-district/785e1284-d7ae-4d45-acab-ed5ec40cac83/polling-district/aad45fbd-071b-40a4-babd-4f55752aa3dd
4. Assens,https://valg.dk/fv/47b883ef-d0d3-4cb6-9da5-91963f0e9ba0/nomination-district/785e1284-d7ae-4d45-acab-ed5ec40cac83,Køng,https://valg.dk/fv/47b883ef-d0d3-4cb6-9da5-91963f0e9ba0/nomination-district/785e1284-d7ae-4d45-acab-ed5ec40cac83/polling-district/ddf722f5-c8de-4ba8-8528-2ef343ec53bc
4. Assens,https://valg.dk/fv/47b883ef-d0d3-4cb6-9da5-91963f0e9ba0/nomination-district/785e1284-d7ae-4d45-acab-ed5ec40cac83,Orte/Ørsted,https://valg.dk/fv/47b883ef-d0d3-4cb6-9da5-91963f0e9ba0/nomination-district/785e1284-d7ae-4d45-acab-ed5ec40cac83/polling-district/ad82814d-75ee-4869-a143-30c121eb0bde
4. Assens,https://valg.dk/fv/47b883ef-d0d3-4cb6-9da5-91963f0e9ba0/nomination-district/785e1284-d7ae-4d45-acab-ed5ec40cac83,Rørup,https://valg.dk/fv/47b883ef-d0d3-4cb6-9da5-91963f0e9ba0/nomination-district/785e1284-d7ae-4d45-acab-ed5ec40cac83/polling-district/1c88b2c3-3590-4d8a-bb66-3de9de35a497
4. Assens,https://valg.dk/fv/47b883ef-d0d3-4cb6-9da5-91963f0e9ba0/nomination-district/785e1284-d7ae-4d45-acab-ed5ec40cac83,Salbrovad,https://valg.dk/fv/47b883ef-d0d3-4cb6-9da5-91963f0e9ba0/nomination-district/785e1284-d7ae-4d45-acab-ed5ec40cac83/polling-district/3bd205a7-7ee6-4439-933b-3fc1c5e82f62
4. Assens,https://valg.dk/fv/47b883ef-d0d3-4cb6-9da5-91963f0e9ba0/nomination-district/785e1284-d7ae-4d45-acab-ed5ec40cac83,Tommerup,https://valg.dk/fv/47b883ef-d0d3-4cb6-9da5-91963f0e9ba0/nomination-district/785e1284-d7ae-4d45-acab-ed5ec40cac83/polling-district/bb8f1eeb-37cf-4f68-a225-6d71ddd5bde8
4. Assens,https://valg.dk/fv/47b883ef-d0d3-4cb6-9da5-91963f0e9ba0/nomination-district/785e1284-d7ae-4d45-acab-ed5ec40cac83,Tommerup St,https://valg.dk/fv/47b883ef-d0d3-4cb6-9da5-91963f0e9ba0/nomination-district/785e1284-d7ae-4d45-acab-ed5ec40cac83/polling-district/0896a48a-883b-4a2e-860f-60c91649190b
4. Assens,https://valg.dk/fv/47b883ef-d0d3-4cb6-9da5-91963f0e9ba0/nomination-district/785e1284-d7ae-4d45-acab-ed5ec40cac83,Turup,https://valg.dk/fv/47b883ef-d0d3-4cb6-9da5-91963f0e9ba0/nomination-district/785e1284-d7ae-4d45-acab-ed5ec40cac83/polling-district/a97efec3-3c83-42cc-bb07-87f11a97ffc7
4. Assens,https://valg.dk/fv/47b883ef-d0d3-4cb6-9da5-91963f0e9ba0/nomination-district/785e1284-d7ae-4d45-acab-ed5ec40cac83,Verninge/Nårup,https://valg.dk/fv/47b883ef-d0d3-4cb6-9da5-91963f0e9ba0/nomination-district/785e1284-d7ae-4d45-acab-ed5ec40cac83/polling-district/28acadf2-8a9f-4d11-a63a-ae9c0babd0e2
4. Assens,https://valg.dk/fv/47b883ef-d0d3-4cb6-9da5-91963f0e9ba0/nomination-district/785e1284-d7ae-4d45-acab-ed5ec40cac83,Vissenbjerg,https://valg.dk/fv/47b883ef-d0d3-4cb6-9da5-91963f0e9ba0/nomination-district/785e1284-d7ae-4d45-acab-ed5ec40cac83/polling-district/79534f2e-8e31-45f9-a6b5-21dcc697ddef
4. Esbjerg By,https://valg.dk/fv/47b883ef-d0d3-4cb6-9da5-91963f0e9ba0/nomination-district/e8e3690c-ed9f-456a-9d81-73a144fad416,Boldesager,https://valg.dk/fv/47b883ef-d0d3-4cb6-9da5-91963f0e9ba0/nomination-district/e8e3690c-ed9f-456a-9d81-73a144fad416/polling-district/62a1d354-8193-4e1e-a150-ababc324f9d3
4. Esbjerg By,https://valg.dk/fv/47b883ef-d0d3-4cb6-9da5-91963f0e9ba0/nomination-district/e8e3690c-ed9f-456a-9d81-73a144fad416,Esbjerg Rådhus,https://valg.dk/fv/47b883ef-d0d3-4cb6-9da5-91963f0e9ba0/nomination-district/e8e3690c-ed9f-456a-9d81-73a144fad416/polling-district/e5d4b903-932a-4951-8849-32ca471bd753
4. Esbjerg By,https://valg.dk/fv/47b883ef-d0d3-4cb6-9da5-91963f0e9ba0/nomination-district/e8e3690c-ed9f-456a-9d81-73a144fad416,Gjesing,https://valg.dk/fv/47b883ef-d0d3-4cb6-9da5-91963f0e9ba0/nomination-district/e8e3690c-ed9f-456a-9d81-73a144fad416/polling-district/841bb353-76b0-428d-aa8d-fb77d4ccbfd0
4. Esbjerg By,https://valg.dk/fv/47b883ef-d0d3-4cb6-9da5-91963f0e9ba0/nomination-district/e8e3690c-ed9f-456a-9d81-73a144fad416,Grønlandsparken,https://valg.dk/fv/47b883ef-d0d3-4cb6-9da5-91963f0e9ba0/nomination-district/e8e3690c-ed9f-456a-9d81-73a144fad416/polling-district/1b5858d2-afd6-4cce-a00a-70f5ae7b1cb0
4. Esbjerg By,https://valg.dk/fv/47b883ef-d0d3-4cb6-9da5-91963f0e9ba0/nomination-district/e8e3690c-ed9f-456a-9d81-73a144fad416,Jerne,https://valg.dk/fv/47b883ef-d0d3-4cb6-9da5-91963f0e9ba0/nomination-district/e8e3690c-ed9f-456a-9d81-73a144fad416/polling-district/b0a76f5f-3655-4be2-85d7-fb91f42de4eb
4. Esbjerg By,https://valg.dk/fv/47b883ef-d0d3-4cb6-9da5-91963f0e9ba0/nomination-district/e8e3690c-ed9f-456a-9d81-73a144fad416,Kvaglund,https://valg.dk/fv/47b883ef-d0d3-4cb6-9da5-91963f0e9ba0/nomination-district/e8e3690c-ed9f-456a-9d81-73a144fad416/polling-district/4f61ce17-ce81-4235-830b-ca062c76b933
4. Esbjerg By,https://valg.dk/fv/47b883ef-d0d3-4cb6-9da5-91963f0e9ba0/nomination-district/e8e3690c-ed9f-456a-9d81-73a144fad416,Nordby,https://valg.dk/fv/47b883ef-d0d3-4cb6-9da5-91963f0e9ba0/nomination-district/e8e3690c-ed9f-456a-9d81-73a144fad416/polling-district/cc74c491-d500-4ea1-b4e4-8ae4f1b98b35
4. Esbjerg By,https://valg.dk/fv/47b883ef-d0d3-4cb6-9da5-91963f0e9ba0/nomination-district/e8e3690c-ed9f-456a-9d81-73a144fad416,Rørkjær,https://valg.dk/fv/47b883ef-d0d3-4cb6-9da5-91963f0e9ba0/nomination-district/e8e3690c-ed9f-456a-9d81-73a144fad416/polling-district/e6295d05-1792-4f72-aa32-2bcc08695acd
4. Esbjerg By,https://valg.dk/fv/47b883ef-d0d3-4cb6-9da5-91963f0e9ba0/nomination-district/e8e3690c-ed9f-456a-9d81-73a144fad416,Skovbo,https://valg.dk/fv/47b883ef-d0d3-4cb6-9da5-91963f0e9ba0/nomination-district/e8e3690c-ed9f-456a-9d81-73a144fad416/polling-district/be222a8e-de57-4b94-8899-da19346d2e02
4. Esbjerg By,https://valg.dk/fv/47b883ef-d0d3-4cb6-9da5-91963f0e9ba0/nomination-district/e8e3690c-ed9f-456a-9d81-73a144fad416,Sædding,https://valg.dk/fv/47b883ef-d0d3-4cb6-9da5-91963f0e9ba0/nomination-district/e8e3690c-ed9f-456a-9d81-73a144fad416/polling-district/b985b7fa-de3c-495c-ad23-2b70a5f7896c
4. Esbjerg By,https://valg.dk/fv/47b883ef-d0d3-4cb6-9da5-91963f0e9ba0/nomination-district/e8e3690c-ed9f-456a-9d81-73a144fad416,Sønderho,https://valg.dk/fv/47b883ef-d0d3-4cb6-9da5-91963f0e9ba0/nomination-district/e8e3690c-ed9f-456a-9d81-73a144fad416/polling-district/b48d4462-8a65-43aa-8e1b-b4df7960bf65
4. Esbjerg By,https://valg.dk/fv/47b883ef-d0d3-4cb6-9da5-91963f0e9ba0/nomination-district/e8e3690c-ed9f-456a-9d81-73a144fad416,Ådalen,https://valg.dk/fv/47b883ef-d0d3-4cb6-9da5-91963f0e9ba0/nomination-district/e8e3690c-ed9f-456a-9d81-73a144fad416/polling-district/28ff3daa-38f6-451f-b095-544171b2a2c3
4. Esbjerg By,https://valg.dk/fv/47b883ef-d0d3-4cb6-9da5-91963f0e9ba0/nomination-district/e8e3690c-ed9f-456a-9d81-73a144fad416,Østerbyen,https://valg.dk/fv/47b883ef-d0d3-4cb6-9da5-91963f0e9ba0/nomination-district/e8e3690c-ed9f-456a-9d81-73a144fad416/polling-district/a04533b0-22f1-4501-82cf-ef9cc38763a9
4. Frederikssund,https://valg.dk/fv/47b883ef-d0d3-4cb6-9da5-91963f0e9ba0/nomination-district/f098e4be-3966-48e7-87fe-a3a030da8ab1,Enghaven,https://valg.dk/fv/47b883ef-d0d3-4cb6-9da5-91963f0e9ba0/nomination-district/f098e4be-3966-48e7-87fe-a3a030da8ab1/polling-district/60c9b6f9-9794-483c-bcc8-badfe6c545c7
4. Frederikssund,https://valg.dk/fv/47b883ef-d0d3-4cb6-9da5-91963f0e9ba0/nomination-district/f098e4be-3966-48e7-87fe-a3a030da8ab1,Frederikssund Midt,https://valg.dk/fv/47b883ef-d0d3-4cb6-9da5-91963f0e9ba0/nomination-district/f098e4be-3966-48e7-87fe-a3a030da8ab1/polling-district/39d939e7-301c-4fc6-a1fb-4e164fce8894
4. Frederikssund,https://valg.dk/fv/47b883ef-d0d3-4cb6-9da5-91963f0e9ba0/nomination-district/f098e4be-3966-48e7-87fe-a3a030da8ab1,Frederikssund Nord,https://valg.dk/fv/47b883ef-d0d3-4cb6-9da5-91963f0e9ba0/nomination-district/f098e4be-3966-48e7-87fe-a3a030da8ab1/polling-district/74482dbd-8507-43a9-8e51-d0876477d521
4. Frederikssund,https://valg.dk/fv/47b883ef-d0d3-4cb6-9da5-91963f0e9ba0/nomination-district/f098e4be-3966-48e7-87fe-a3a030da8ab1,Frederikssund Syd,https://valg.dk/fv/47b883ef-d0d3-4cb6-9da5-91963f0e9ba0/nomination-district/f098e4be-3966-48e7-87fe-a3a030da8ab1/polling-district/ba0ca304-4478-492c-82fb-d37286ec5997
4. Frederikssund,https://valg.dk/fv/47b883ef-d0d3-4cb6-9da5-91963f0e9ba0/nomination-district/f098e4be-3966-48e7-87fe-a3a030da8ab1,Frederiksværk,https://valg.dk/fv/47b883ef-d0d3-4cb6-9da5-91963f0e9ba0/nomination-district/f098e4be-3966-48e7-87fe-a3a030da8ab1/polling-district/c60504d5-28b6-4204-b388-18daf8a4a160
4. Frederikssund,https://valg.dk/fv/47b883ef-d0d3-4cb6-9da5-91963f0e9ba0/nomination-district/f098e4be-3966-48e7-87fe-a3a030da8ab1,Hundested,https://valg.dk/fv/47b883ef-d0d3-4cb6-9da5-91963f0e9ba0/nomination-district/f098e4be-3966-48e7-87fe-a3a030da8ab1/polling-district/81829a52-7db3-4b4a-8c2d-dcb24b91b95b
4. Frederikssund,https://valg.dk/fv/47b883ef-d0d3-4cb6-9da5-91963f0e9ba0/nomination-district/f098e4be-3966-48e7-87fe-a3a030da8ab1,Jægerspris,https://valg.dk/fv/47b883ef-d0d3-4cb6-9da5-91963f0e9ba0/nomination-district/f098e4be-3966-48e7-87fe-a3a030da8ab1/polling-district/a48f52fc-c8f1-478c-adb4-a9dcc7a2335a
4. Frederikssund,https://valg.dk/fv/47b883ef-d0d3-4cb6-9da5-91963f0e9ba0/nomination-district/f098e4be-3966-48e7-87fe-a3a030da8ab1,Melby,https://valg.dk/fv/47b883ef-d0d3-4cb6-9da5-91963f0e9ba0/nomination-district/f098e4be-3966-48e7-87fe-a3a030da8ab1/polling-district/e6ba389a-64f1-4281-9d90-9464fd16cc74
4. Frederikssund,https://valg.dk/fv/47b883ef-d0d3-4cb6-9da5-91963f0e9ba0/nomination-district/f098e4be-3966-48e7-87fe-a3a030da8ab1,Skibby,https://valg.dk/fv/47b883ef-d0d3-4cb6-9da5-91963f0e9ba0/nomination-district/f098e4be-3966-48e7-87fe-a3a030da8ab1/polling-district/b428bd5c-3303-43d1-9382-cf1f0ae54dd2
4. Frederikssund,https://valg.dk/fv/47b883ef-d0d3-4cb6-9da5-91963f0e9ba0/nomination-district/f098e4be-3966-48e7-87fe-a3a030da8ab1,Slangerup,https://valg.dk/fv/47b883ef-d0d3-4cb6-9da5-91963f0e9ba0/nomination-district/f098e4be-3966-48e7-87fe-a3a030da8ab1/polling-district/06f327ac-7ad3-48bf-8098-78d1086d0f23
4. Frederikssund,https://valg.dk/fv/47b883ef-d0d3-4cb6-9da5-91963f0e9ba0/nomination-district/f098e4be-3966-48e7-87fe-a3a030da8ab1,Ølsted,https://valg.dk/fv/47b883ef-d0d3-4cb6-9da5-91963f0e9ba0/nomination-district/f098e4be-3966-48e7-87fe-a3a030da8ab1/polling-district/df03c6d4-2682-4665-ab85-4fb20c095f3c
4. Næstved,https://valg.dk/fv/47b883ef-d0d3-4cb6-9da5-91963f0e9ba0/nomination-district/583081b5-d074-461e-9489-4ae2ba7d9209,Arena Næstved,https://valg.dk/fv/47b883ef-d0d3-4cb6-9da5-91963f0e9ba0/nomination-district/583081b5-d074-461e-9489-4ae2ba7d9209/polling-district/deac5474-b3d0-457b-afb0-9ea702fd7860
4. Næstved,https://valg.dk/fv/47b883ef-d0d3-4cb6-9da5-91963f0e9ba0/nomination-district/583081b5-d074-461e-9489-4ae2ba7d9209,Everdrup,https://valg.dk/fv/47b883ef-d0d3-4cb6-9da5-91963f0e9ba0/nomination-district/583081b5-d074-461e-9489-4ae2ba7d9209/polling-district/f84088d7-4098-4938-be95-4205786c1aa1
4. Næstved,https://valg.dk/fv/47b883ef-d0d3-4cb6-9da5-91963f0e9ba0/nomination-district/583081b5-d074-461e-9489-4ae2ba7d9209,Fensmark,https://valg.dk/fv/47b883ef-d0d3-4cb6-9da5-91963f0e9ba0/nomination-district/583081b5-d074-461e-9489-4ae2ba7d9209/polling-district/fa0fb4a1-4ba0-4f11-b202-8dd14460c935
4. Næstved,https://valg.dk/fv/47b883ef-d0d3-4cb6-9da5-91963f0e9ba0/nomination-district/583081b5-d074-461e-9489-4ae2ba7d9209,Fladså Hallen,https://valg.dk/fv/47b883ef-d0d3-4cb6-9da5-91963f0e9ba0/nomination-district/583081b5-d074-461e-9489-4ae2ba7d9209/polling-district/a896c424-9fac-480b-9936-fe96e04274ab
4. Næstved,https://valg.dk/fv/47b883ef-d0d3-4cb6-9da5-91963f0e9ba0/nomination-district/583081b5-d074-461e-9489-4ae2ba7d9209,Fuglebjerg,https://valg.dk/fv/47b883ef-d0d3-4cb6-9da5-91963f0e9ba0/nomination-district/583081b5-d074-461e-9489-4ae2ba7d9209/polling-district/ca2b0682-1028-4cfa-8909-c19916d6bd1d
4. Næstved,https://valg.dk/fv/47b883ef-d0d3-4cb6-9da5-91963f0e9ba0/nomination-district/583081b5-d074-461e-9489-4ae2ba7d9209,Glumsø,https://valg.dk/fv/47b883ef-d0d3-4cb6-9da5-91963f0e9ba0/nomination-district/583081b5-d074-461e-9489-4ae2ba7d9209/polling-district/b045cc51-f3fd-4d32-9f16-1f52b10566b2
4. Næstved,https://valg.dk/fv/47b883ef-d0d3-4cb6-9da5-91963f0e9ba0/nomination-district/583081b5-d074-461e-9489-4ae2ba7d9209,Grønbro Hallen,https://valg.dk/fv/47b883ef-d0d3-4cb6-9da5-91963f0e9ba0/nomination-district/583081b5-d074-461e-9489-4ae2ba7d9209/polling-district/977185c6-05e0-42ec-a33a-f6fe4f87545a
4. Næstved,https://valg.dk/fv/47b883ef-d0d3-4cb6-9da5-91963f0e9ba0/nomination-district/583081b5-d074-461e-9489-4ae2ba7d9209,Grønnegades Kaserne,https://valg.dk/fv/47b883ef-d0d3-4cb6-9da5-91963f0e9ba0/nomination-district/583081b5-d074-461e-9489-4ae2ba7d9209/polling-district/d0858a07-f4c7-4301-96a8-c8968547c45c
4. Næstved,https://valg.dk/fv/47b883ef-d0d3-4cb6-9da5-91963f0e9ba0/nomination-district/583081b5-d074-461e-9489-4ae2ba7d9209,Hammer - Vester Egesborg,https://valg.dk/fv/47b883ef-d0d3-4cb6-9da5-91963f0e9ba0/nomination-district/583081b5-d074-461e-9489-4ae2ba7d9209/polling-district/56362be2-f714-4a38-aca5-181bda8d72fc
4. Næstved,https://valg.dk/fv/47b883ef-d0d3-4cb6-9da5-91963f0e9ba0/nomination-district/583081b5-d074-461e-9489-4ae2ba7d9209,Herlufmagle,https://valg.dk/fv/47b883ef-d0d3-4cb6-9da5-91963f0e9ba0/nomination-district/583081b5-d074-461e-9489-4ae2ba7d9209/polling-district/811e9851-261d-45b2-aebf-86f1d533dfdf
4. Næstved,https://valg.dk/fv/47b883ef-d0d3-4cb6-9da5-91963f0e9ba0/nomination-district/583081b5-d074-461e-9489-4ae2ba7d9209,Herlufsholmhallen,https://valg.dk/fv/47b883ef-d0d3-4cb6-9da5-91963f0e9ba0/nomination-district/583081b5-d074-461e-9489-4ae2ba7d9209/polling-district/2976f7f7-d1ed-4984-82d6-e9b5dff1669a
4. Næstved,https://valg.dk/fv/47b883ef-d0d3-4cb6-9da5-91963f0e9ba0/nomination-district/583081b5-d074-461e-9489-4ae2ba7d9209,Holme-Olstrup,https://valg.dk/fv/47b883ef-d0d3-4cb6-9da5-91963f0e9ba0/nomination-district/583081b5-d074-461e-9489-4ae2ba7d9209/polling-district/ed10e3bb-4d7e-40bf-9c9f-e8367921634e
4. Næstved,https://valg.dk/fv/47b883ef-d0d3-4cb6-9da5-91963f0e9ba0/nomination-district/583081b5-d074-461e-9489-4ae2ba7d9209,Hyllinge,https://valg.dk/fv/47b883ef-d0d3-4cb6-9da5-91963f0e9ba0/nomination-district/583081b5-d074-461e-9489-4ae2ba7d9209/polling-district/a5dd99fd-6f56-4b4a-a4b7-e38baaa8aa1d
4. Næstved,https://valg.dk/fv/47b883ef-d0d3-4cb6-9da5-91963f0e9ba0/nomination-district/583081b5-d074-461e-9489-4ae2ba7d9209,Kobberbakkeskolen - Rønnebæk,https://valg.dk/fv/47b883ef-d0d3-4cb6-9da5-91963f0e9ba0/nomination-district/583081b5-d074-461e-9489-4ae2ba7d9209/polling-district/5c6e1c12-45e8-4225-a505-ca775db892ed
4. Næstved,https://valg.dk/fv/47b883ef-d0d3-4cb6-9da5-91963f0e9ba0/nomination-district/583081b5-d074-461e-9489-4ae2ba7d9209,Kobberbakkeskolen - Sydby,https://valg.dk/fv/47b883ef-d0d3-4cb6-9da5-91963f0e9ba0/nomination-district/583081b5-d074-461e-9489-4ae2ba7d9209/polling-district/146a04d7-ae84-4130-b6e6-25236b5c5803
4. Næstved,https://valg.dk/fv/47b883ef-d0d3-4cb6-9da5-91963f0e9ba0/nomination-district/583081b5-d074-461e-9489-4ae2ba7d9209,Lille Næstved Skole - Digtervej,https://valg.dk/fv/47b883ef-d0d3-4cb6-9da5-91963f0e9ba0/nomination-district/583081b5-d074-461e-9489-4ae2ba7d9209/polling-district/07eb1694-e49f-4004-b84d-bcb96c13f6bb
4. Næstved,https://valg.dk/fv/47b883ef-d0d3-4cb6-9da5-91963f0e9ba0/nomination-district/583081b5-d074-461e-9489-4ae2ba7d9209,Lille Næstved Skole - Herlufsholmvej,https://valg.dk/fv/47b883ef-d0d3-4cb6-9da5-91963f0e9ba0/nomination-district/583081b5-d074-461e-9489-4ae2ba7d9209/polling-district/d384d185-7c10-4291-aa18-cb01d0601734
4. Næstved,https://valg.dk/fv/47b883ef-d0d3-4cb6-9da5-91963f0e9ba0/nomination-district/583081b5-d074-461e-9489-4ae2ba7d9209,Lille Næstved Skole - Karrebæk,https://valg.dk/fv/47b883ef-d0d3-4cb6-9da5-91963f0e9ba0/nomination-district/583081b5-d074-461e-9489-4ae2ba7d9209/polling-district/26b37f28-a44c-4856-be3c-35d025a82688
4. Næstved,https://valg.dk/fv/47b883ef-d0d3-4cb6-9da5-91963f0e9ba0/nomination-district/583081b5-d074-461e-9489-4ae2ba7d9209,Næstved Firma Sport,https://valg.dk/fv/47b883ef-d0d3-4cb6-9da5-91963f0e9ba0/nomination-district/583081b5-d074-461e-9489-4ae2ba7d9209/polling-district/548757e5-8657-428a-8a3e-73f5da3efbc2
4. Næstved,https://valg.dk/fv/47b883ef-d0d3-4cb6-9da5-91963f0e9ba0/nomination-district/583081b5-d074-461e-9489-4ae2ba7d9209,Sandby,https://valg.dk/fv/47b883ef-d0d3-4cb6-9da5-91963f0e9ba0/nomination-district/583081b5-d074-461e-9489-4ae2ba7d9209/polling-district/fc640676-fc08-483b-877f-80ea102121ec
4. Næstved,https://valg.dk/fv/47b883ef-d0d3-4cb6-9da5-91963f0e9ba0/nomination-district/583081b5-d074-461e-9489-4ae2ba7d9209,Skelby,https://valg.dk/fv/47b883ef-d0d3-4cb6-9da5-91963f0e9ba0/nomination-district/583081b5-d074-461e-9489-4ae2ba7d9209/polling-district/09a467e8-2af6-454a-a0cd-fb0cd7ed95c8
4. Næstved,https://valg.dk/fv/47b883ef-d0d3-4cb6-9da5-91963f0e9ba0/nomination-district/583081b5-d074-461e-9489-4ae2ba7d9209,Tappernøje,https://valg.dk/fv/47b883ef-d0d3-4cb6-9da5-91963f0e9ba0/nomination-district/583081b5-d074-461e-9489-4ae2ba7d9209/polling-district/0507931b-7e24-4ba4-9e7c-dd8fd53b1f10
4. Næstved,https://valg.dk/fv/47b883ef-d0d3-4cb6-9da5-91963f0e9ba0/nomination-district/583081b5-d074-461e-9489-4ae2ba7d9209,Toksværd,https://valg.dk/fv/47b883ef-d0d3-4cb6-9da5-91963f0e9ba0/nomination-district/583081b5-d074-461e-9489-4ae2ba7d9209/polling-district/6c266062-746f-4c68-9a76-9be5e04e664c
4. Næstved,https://valg.dk/fv/47b883ef-d0d3-4cb6-9da5-91963f0e9ba0/nomination-district/583081b5-d074-461e-9489-4ae2ba7d9209,Tybjerg,https://valg.dk/fv/47b883ef-d0d3-4cb6-9da5-91963f0e9ba0/nomination-district/583081b5-d074-461e-9489-4ae2ba7d9209/polling-district/c4331586-87f9-4036-b501-d1fdadacfd03
4. Rødovre,https://valg.dk/fv/47b883ef-d0d3-4cb6-9da5-91963f0e9ba0/nomination-district/92f78ed1-8735-4e61-b6d1-822cba8eb2e0,Herlev Hallerne,https://valg.dk/fv/47b883ef-d0d3-4cb6-9da5-91963f0e9ba0/nomination-district/92f78ed1-8735-4e61-b6d1-822cba8eb2e0/polling-district/f32b1ca8-8d8f-4f1b-b003-0ecdb27a7782
4. Rødovre,https://valg.dk/fv/47b883ef-d0d3-4cb6-9da5-91963f0e9ba0/nomination-district/92f78ed1-8735-4e61-b6d1-822cba8eb2e0,Herlev Medborgerhus,https://valg.dk/fv/47b883ef-d0d3-4cb6-9da5-91963f0e9ba0/nomination-district/92f78ed1-8735-4e61-b6d1-822cba8eb2e0/polling-district/2dfe8249-72b2-49cd-907b-8c7fc5342d78
4. Rødovre,https://valg.dk/fv/47b883ef-d0d3-4cb6-9da5-91963f0e9ba0/nomination-district/92f78ed1-8735-4e61-b6d1-822cba8eb2e0,Islev,https://valg.dk/fv/47b883ef-d0d3-4cb6-9da5-91963f0e9ba0/nomination-district/92f78ed1-8735-4e61-b6d1-822cba8eb2e0/polling-district/6e46890b-5272-41ee-abf2-c8535d4df72e
4. Rødovre,https://valg.dk/fv/47b883ef-d0d3-4cb6-9da5-91963f0e9ba0/nomination-district/92f78ed1-8735-4e61-b6d1-822cba8eb2e0,Kildegårdhallen,https://valg.dk/fv/47b883ef-d0d3-4cb6-9da5-91963f0e9ba0/nomination-district/92f78ed1-8735-4e61-b6d1-822cba8eb2e0/polling-district/dd511934-1ac6-45af-8b2d-b37de6029c09
4. Rødovre,https://valg.dk/fv/47b883ef-d0d3-4cb6-9da5-91963f0e9ba0/nomination-district/92f78ed1-8735-4e61-b6d1-822cba8eb2e0,Milestedet,https://valg.dk/fv/47b883ef-d0d3-4cb6-9da5-91963f0e9ba0/nomination-district/92f78ed1-8735-4e61-b6d1-822cba8eb2e0/polling-district/b6184a38-3108-4fd7-9251-fe0f52205c25
4. Rødovre,https://valg.dk/fv/47b883ef-d0d3-4cb6-9da5-91963f0e9ba0/nomination-district/92f78ed1-8735-4e61-b6d1-822cba8eb2e0,Rødovre,https://valg.dk/fv/47b883ef-d0d3-4cb6-9da5-91963f0e9ba0/nomination-district/92f78ed1-8735-4e61-b6d1-822cba8eb2e0/polling-district/0c1c97cd-0b5d-4fbc-a4e9-572e7da9efb3
4. Rødovre,https://valg.dk/fv/47b883ef-d0d3-4cb6-9da5-91963f0e9ba0/nomination-district/92f78ed1-8735-4e61-b6d1-822cba8eb2e0,Rødovrehallen,https://valg.dk/fv/47b883ef-d0d3-4cb6-9da5-91963f0e9ba0/nomination-district/92f78ed1-8735-4e61-b6d1-822cba8eb2e0/polling-district/bf3052e1-7b76-44ba-8ccc-214f728a2dc9
4. Rødovre,https://valg.dk/fv/47b883ef-d0d3-4cb6-9da5-91963f0e9ba0/nomination-district/92f78ed1-8735-4e61-b6d1-822cba8eb2e0,Tinderhøj,https://valg.dk/fv/47b883ef-d0d3-4cb6-9da5-91963f0e9ba0/nomination-district/92f78ed1-8735-4e61-b6d1-822cba8eb2e0/polling-district/70aeebac-5464-4371-bc31-6d8072fabc2b
4. Rødovre,https://valg.dk/fv/47b883ef-d0d3-4cb6-9da5-91963f0e9ba0/nomination-district/92f78ed1-8735-4e61-b6d1-822cba8eb2e0,Valhøj,https://valg.dk/fv/47b883ef-d0d3-4cb6-9da5-91963f0e9ba0/nomination-district/92f78ed1-8735-4e61-b6d1-822cba8eb2e0/polling-district/114d2eb6-a5de-4140-a443-b2157da45398
4. Rødovre,https://valg.dk/fv/47b883ef-d0d3-4cb6-9da5-91963f0e9ba0/nomination-district/92f78ed1-8735-4e61-b6d1-822cba8eb2e0,Ørbygård,https://valg.dk/fv/47b883ef-d0d3-4cb6-9da5-91963f0e9ba0/nomination-district/92f78ed1-8735-4e61-b6d1-822cba8eb2e0/polling-district/a782020d-aacd-4058-9a07-1d173c399c83
4. Sundbyøster,https://valg.dk/fv/47b883ef-d0d3-4cb6-9da5-91963f0e9ba0/nomination-district/488a2373-dcf9-4d91-955e-591895c40e6a,4. Nord,https://valg.dk/fv/47b883ef-d0d3-4cb6-9da5-91963f0e9ba0/nomination-district/488a2373-dcf9-4d91-955e-591895c40e6a/polling-district/a20d5fb6-0358-4864-b56b-55058bb15ead
4. Sundbyøster,https://valg.dk/fv/47b883ef-d0d3-4cb6-9da5-91963f0e9ba0/nomination-district/488a2373-dcf9-4d91-955e-591895c40e6a,4. Nordøst,https://valg.dk/fv/47b883ef-d0d3-4cb6-9da5-91963f0e9ba0/nomination-district/488a2373-dcf9-4d91-955e-591895c40e6a/polling-district/738b7a32-19f2-4f2e-a0c7-03eae1ecb0b1
4. Sundbyøster,https://valg.dk/fv/47b883ef-d0d3-4cb6-9da5-91963f0e9ba0/nomination-district/488a2373-dcf9-4d91-955e-591895c40e6a,4. Sundbyøster,https://valg.dk/fv/47b883ef-d0d3-4cb6-9da5-91963f0e9ba0/nomination-district/488a2373-dcf9-4d91-955e-591895c40e6a/polling-district/78853b4e-5125-4a7f-a53a-f20db3c6d5f0
4. Sundbyøster,https://valg.dk/fv/47b883ef-d0d3-4cb6-9da5-91963f0e9ba0/nomination-district/488a2373-dcf9-4d91-955e-591895c40e6a,4. Syd,https://valg.dk/fv/47b883ef-d0d3-4cb6-9da5-91963f0e9ba0/nomination-district/488a2373-dcf9-4d91-955e-591895c40e6a/polling-district/007683a0-13b4-47b2-9f9a-4bf417df2c68
4. Sundbyøster,https://valg.dk/fv/47b883ef-d0d3-4cb6-9da5-91963f0e9ba0/nomination-district/488a2373-dcf9-4d91-955e-591895c40e6a,4. Øst,https://valg.dk/fv/47b883ef-d0d3-4cb6-9da5-91963f0e9ba0/nomination-district/488a2373-dcf9-4d91-955e-591895c40e6a/polling-district/e56bd3c9-5204-4e63-b6d9-6e449f651131
4. Thisted,https://valg.dk/fv/47b883ef-d0d3-4cb6-9da5-91963f0e9ba0/nomination-district/e7d5e1fb-809f-421c-8027-9c6a64f4b554,Bedsted,https://valg.dk/fv/47b883ef-d0d3-4cb6-9da5-91963f0e9ba0/nomination-district/e7d5e1fb-809f-421c-8027-9c6a64f4b554/polling-district/836d4023-28f7-43d9-af9f-11faa354518e
4. Thisted,https://valg.dk/fv/47b883ef-d0d3-4cb6-9da5-91963f0e9ba0/nomination-district/e7d5e1fb-809f-421c-8027-9c6a64f4b554,Frøstrup,https://valg.dk/fv/47b883ef-d0d3-4cb6-9da5-91963f0e9ba0/nomination-district/e7d5e1fb-809f-421c-8027-9c6a64f4b554/polling-district/c2e27185-f67a-4eb4-a8e1-8d4e3de43959
4. Thisted,https://valg.dk/fv/47b883ef-d0d3-4cb6-9da5-91963f0e9ba0/nomination-district/e7d5e1fb-809f-421c-8027-9c6a64f4b554,Hanstholm,https://valg.dk/fv/47b883ef-d0d3-4cb6-9da5-91963f0e9ba0/nomination-district/e7d5e1fb-809f-421c-8027-9c6a64f4b554/polling-district/e64fdbdb-6113-40ad-8dc8-146bfcd71dd4
4. Thisted,https://valg.dk/fv/47b883ef-d0d3-4cb6-9da5-91963f0e9ba0/nomination-district/e7d5e1fb-809f-421c-8027-9c6a64f4b554,Hurup,https://valg.dk/fv/47b883ef-d0d3-4cb6-9da5-91963f0e9ba0/nomination-district/e7d5e1fb-809f-421c-8027-9c6a64f4b554/polling-district/a3450065-d7f9-48d0-b131-f156d1935d9d
4. Thisted,https://valg.dk/fv/47b883ef-d0d3-4cb6-9da5-91963f0e9ba0/nomination-district/e7d5e1fb-809f-421c-8027-9c6a64f4b554,Klitmøller,https://valg.dk/fv/47b883ef-d0d3-4cb6-9da5-91963f0e9ba0/nomination-district/e7d5e1fb-809f-421c-8027-9c6a64f4b554/polling-district/8299eb02-035e-478c-b7c1-1026aaabb3e7
4. Thisted,https://valg.dk/fv/47b883ef-d0d3-4cb6-9da5-91963f0e9ba0/nomination-district/e7d5e1fb-809f-421c-8027-9c6a64f4b554,Koldby,https://valg.dk/fv/47b883ef-d0d3-4cb6-9da5-91963f0e9ba0/nomination-district/e7d5e1fb-809f-421c-8027-9c6a64f4b554/polling-district/ac9b4cf3-382b-4293-a767-bbed8784ab6d
4. Thisted,https://valg.dk/fv/47b883ef-d0d3-4cb6-9da5-91963f0e9ba0/nomination-district/e7d5e1fb-809f-421c-8027-9c6a64f4b554,Midtmors,https://valg.dk/fv/47b883ef-d0d3-4cb6-9da5-91963f0e9ba0/nomination-district/e7d5e1fb-809f-421c-8027-9c6a64f4b554/polling-district/58144359-4143-4f7d-a2d3-2d656a3f0f98
4. Thisted,https://valg.dk/fv/47b883ef-d0d3-4cb6-9da5-91963f0e9ba0/nomination-district/e7d5e1fb-809f-421c-8027-9c6a64f4b554,Nordmors,https://valg.dk/fv/47b883ef-d0d3-4cb6-9da5-91963f0e9ba0/nomination-district/e7d5e1fb-809f-421c-8027-9c6a64f4b554/polling-district/ed112c72-b00c-4d60-a974-acca1f4d4e0e
4. Thisted,https://valg.dk/fv/47b883ef-d0d3-4cb6-9da5-91963f0e9ba0/nomination-district/e7d5e1fb-809f-421c-8027-9c6a64f4b554,Nors,https://valg.dk/fv/47b883ef-d0d3-4cb6-9da5-91963f0e9ba0/nomination-district/e7d5e1fb-809f-421c-8027-9c6a64f4b554/polling-district/08d7967b-f1a1-4b79-802c-4addf0de93cc
4. Thisted,https://valg.dk/fv/47b883ef-d0d3-4cb6-9da5-91963f0e9ba0/nomination-district/e7d5e1fb-809f-421c-8027-9c6a64f4b554,Nykøbing,https://valg.dk/fv/47b883ef-d0d3-4cb6-9da5-91963f0e9ba0/nomination-district/e7d5e1fb-809f-421c-8027-9c6a64f4b554/polling-district/f930e46f-6686-498e-9f9d-8f3224dbbcc3
4. Thisted,https://valg.dk/fv/47b883ef-d0d3-4cb6-9da5-91963f0e9ba0/nomination-district/e7d5e1fb-809f-421c-8027-9c6a64f4b554,Sennels,https://valg.dk/fv/47b883ef-d0d3-4cb6-9da5-91963f0e9ba0/nomination-district/e7d5e1fb-809f-421c-8027-9c6a64f4b554/polling-district/642bd901-a899-42f1-8841-2707195e07ab
4. Thisted,https://valg.dk/fv/47b883ef-d0d3-4cb6-9da5-91963f0e9ba0/nomination-district/e7d5e1fb-809f-421c-8027-9c6a64f4b554,Sjørring,https://valg.dk/fv/47b883ef-d0d3-4cb6-9da5-91963f0e9ba0/nomination-district/e7d5e1fb-809f-421c-8027-9c6a64f4b554/polling-district/c6df7a9b-492a-47b2-b459-d3bbbc8ead0f
4. Thisted,https://valg.dk/fv/47b883ef-d0d3-4cb6-9da5-91963f0e9ba0/nomination-district/e7d5e1fb-809f-421c-8027-9c6a64f4b554,Snedsted,https://valg.dk/fv/47b883ef-d0d3-4cb6-9da5-91963f0e9ba0/nomination-district/e7d5e1fb-809f-421c-8027-9c6a64f4b554/polling-district/da1011a3-c632-4d66-ab89-45d0d1a0240d
4. Thisted,https://valg.dk/fv/47b883ef-d0d3-4cb6-9da5-91963f0e9ba0/nomination-district/e7d5e1fb-809f-421c-8027-9c6a64f4b554,Sydmors,https://valg.dk/fv/47b883ef-d0d3-4cb6-9da5-91963f0e9ba0/nomination-district/e7d5e1fb-809f-421c-8027-9c6a64f4b554/polling-district/c5bb5647-7961-43b5-a369-cd36382258c9
4. Thisted,https://valg.dk/fv/47b883ef-d0d3-4cb6-9da5-91963f0e9ba0/nomination-district/e7d5e1fb-809f-421c-8027-9c6a64f4b554,Sydvestmors,https://valg.dk/fv/47b883ef-d0d3-4cb6-9da5-91963f0e9ba0/nomination-district/e7d5e1fb-809f-421c-8027-9c6a64f4b554/polling-district/4ac1b151-5593-4e10-9bae-01ff65a7ac29
4. Thisted,https://valg.dk/fv/47b883ef-d0d3-4cb6-9da5-91963f0e9ba0/nomination-district/e7d5e1fb-809f-421c-8027-9c6a64f4b554,Thisted,https://valg.dk/fv/47b883ef-d0d3-4cb6-9da5-91963f0e9ba0/nomination-district/e7d5e1fb-809f-421c-8027-9c6a64f4b554/polling-district/c0814631-6654-4c21-89dc-fa877eba6e03
4. Thisted,https://valg.dk/fv/47b883ef-d0d3-4cb6-9da5-91963f0e9ba0/nomination-district/e7d5e1fb-809f-421c-8027-9c6a64f4b554,Vesløs,https://valg.dk/fv/47b883ef-d0d3-4cb6-9da5-91963f0e9ba0/nomination-district/e7d5e1fb-809f-421c-8027-9c6a64f4b554/polling-district/96bd29bd-d5ed-4d0c-bf53-778bda92d58c
4. Thisted,https://valg.dk/fv/47b883ef-d0d3-4cb6-9da5-91963f0e9ba0/nomination-district/e7d5e1fb-809f-421c-8027-9c6a64f4b554,Vestervig,https://valg.dk/fv/47b883ef-d0d3-4cb6-9da5-91963f0e9ba0/nomination-district/e7d5e1fb-809f-421c-8027-9c6a64f4b554/polling-district/fa94c866-3bd9-4ff7-a650-006a9ac4805d
4. Thisted,https://valg.dk/fv/47b883ef-d0d3-4cb6-9da5-91963f0e9ba0/nomination-district/e7d5e1fb-809f-421c-8027-9c6a64f4b554,Vorupør,https://valg.dk/fv/47b883ef-d0d3-4cb6-9da5-91963f0e9ba0/nomination-district/e7d5e1fb-809f-421c-8027-9c6a64f4b554/polling-district/5eb6bb08-015f-4206-bb98-d65228aa004c
4. Thisted,https://valg.dk/fv/47b883ef-d0d3-4cb6-9da5-91963f0e9ba0/nomination-district/e7d5e1fb-809f-421c-8027-9c6a64f4b554,Østerild,https://valg.dk/fv/47b883ef-d0d3-4cb6-9da5-91963f0e9ba0/nomination-district/e7d5e1fb-809f-421c-8027-9c6a64f4b554/polling-district/f83a9ad6-4b34-447d-9562-18e966da3025
4. Viborg Øst,https://valg.dk/fv/47b883ef-d0d3-4cb6-9da5-91963f0e9ba0/nomination-district/1c6597d9-66d6-41e5-ba0c-bec6e804e081,Bjerringbro,https://valg.dk/fv/47b883ef-d0d3-4cb6-9da5-91963f0e9ba0/nomination-district/1c6597d9-66d6-41e5-ba0c-bec6e804e081/polling-district/533dd615-de66-4686-b6b8-f95f702b624b
4. Viborg Øst,https://valg.dk/fv/47b883ef-d0d3-4cb6-9da5-91963f0e9ba0/nomination-district/1c6597d9-66d6-41e5-ba0c-bec6e804e081,Hammershøj,https://valg.dk/fv/47b883ef-d0d3-4cb6-9da5-91963f0e9ba0/nomination-district/1c6597d9-66d6-41e5-ba0c-bec6e804e081/polling-district/bad09686-78a1-4883-923f-f0e85252c5fe
4. Viborg Øst,https://valg.dk/fv/47b883ef-d0d3-4cb6-9da5-91963f0e9ba0/nomination-district/1c6597d9-66d6-41e5-ba0c-bec6e804e081,Houlkær,https://valg.dk/fv/47b883ef-d0d3-4cb6-9da5-91963f0e9ba0/nomination-district/1c6597d9-66d6-41e5-ba0c-bec6e804e081/polling-district/fc1773f3-87aa-44e6-a014-d0e23833db3d
4. Viborg Øst,https://valg.dk/fv/47b883ef-d0d3-4cb6-9da5-91963f0e9ba0/nomination-district/1c6597d9-66d6-41e5-ba0c-bec6e804e081,Møldrup,https://valg.dk/fv/47b883ef-d0d3-4cb6-9da5-91963f0e9ba0/nomination-district/1c6597d9-66d6-41e5-ba0c-bec6e804e081/polling-district/f6856b86-4666-43fc-89ed-3425c3aa2225
4. Viborg Øst,https://valg.dk/fv/47b883ef-d0d3-4cb6-9da5-91963f0e9ba0/nomination-district/1c6597d9-66d6-41e5-ba0c-bec6e804e081,Rødding,https://valg.dk/fv/47b883ef-d0d3-4cb6-9da5-91963f0e9ba0/nomination-district/1c6597d9-66d6-41e5-ba0c-bec6e804e081/polling-district/0ef6eb77-542c-4e0a-b98f-7819dfb50fab
4. Viborg Øst,https://valg.dk/fv/47b883ef-d0d3-4cb6-9da5-91963f0e9ba0/nomination-district/1c6597d9-66d6-41e5-ba0c-bec6e804e081,Rødkærsbro,https://valg.dk/fv/47b883ef-d0d3-4cb6-9da5-91963f0e9ba0/nomination-district/1c6597d9-66d6-41e5-ba0c-bec6e804e081/polling-district/c52b5f0d-9559-4500-ac7a-170db23b96bb
4. Viborg Øst,https://valg.dk/fv/47b883ef-d0d3-4cb6-9da5-91963f0e9ba0/nomination-district/1c6597d9-66d6-41e5-ba0c-bec6e804e081,Skals,https://valg.dk/fv/47b883ef-d0d3-4cb6-9da5-91963f0e9ba0/nomination-district/1c6597d9-66d6-41e5-ba0c-bec6e804e081/polling-district/e835db17-9fcd-4e4b-8a08-abccf7edc047
4. Viborg Øst,https://valg.dk/fv/47b883ef-d0d3-4cb6-9da5-91963f0e9ba0/nomination-district/1c6597d9-66d6-41e5-ba0c-bec6e804e081,Ørum,https://valg.dk/fv/47b883ef-d0d3-4cb6-9da5-91963f0e9ba0/nomination-district/1c6597d9-66d6-41e5-ba0c-bec6e804e081/polling-district/859b54f8-14b3-4485-9250-7e92402dd1a6
5. Djurs,https://valg.dk/fv/47b883ef-d0d3-4cb6-9da5-91963f0e9ba0/nomination-district/fd018c7a-d1c2-4a50-8698-68483a593bb6,Allingåbro,https://valg.dk/fv/47b883ef-d0d3-4cb6-9da5-91963f0e9ba0/nomination-district/fd018c7a-d1c2-4a50-8698-68483a593bb6/polling-district/6a89f9e6-fbc8-4380-826d-fae213b79e91
5. Djurs,https://valg.dk/fv/47b883ef-d0d3-4cb6-9da5-91963f0e9ba0/nomination-district/fd018c7a-d1c2-4a50-8698-68483a593bb6,Anholt Skole,https://valg.dk/fv/47b883ef-d0d3-4cb6-9da5-91963f0e9ba0/nomination-district/fd018c7a-d1c2-4a50-8698-68483a593bb6/polling-district/ba36b2e2-4e99-44c6-884e-b6c147a66f7c
5. Djurs,https://valg.dk/fv/47b883ef-d0d3-4cb6-9da5-91963f0e9ba0/nomination-district/fd018c7a-d1c2-4a50-8698-68483a593bb6,Auning,https://valg.dk/fv/47b883ef-d0d3-4cb6-9da5-91963f0e9ba0/nomination-district/fd018c7a-d1c2-4a50-8698-68483a593bb6/polling-district/641ae86d-ea5a-4069-8990-35c8f0d1d446
5. Djurs,https://valg.dk/fv/47b883ef-d0d3-4cb6-9da5-91963f0e9ba0/nomination-district/fd018c7a-d1c2-4a50-8698-68483a593bb6,Ebeltoft,https://valg.dk/fv/47b883ef-d0d3-4cb6-9da5-91963f0e9ba0/nomination-district/fd018c7a-d1c2-4a50-8698-68483a593bb6/polling-district/1196f7ec-e079-4020-9730-28f54497bbbc
5. Djurs,https://valg.dk/fv/47b883ef-d0d3-4cb6-9da5-91963f0e9ba0/nomination-district/fd018c7a-d1c2-4a50-8698-68483a593bb6,Glesborg,https://valg.dk/fv/47b883ef-d0d3-4cb6-9da5-91963f0e9ba0/nomination-district/fd018c7a-d1c2-4a50-8698-68483a593bb6/polling-district/45090240-4a7f-4eab-a2c4-25c34984db9c
5. Djurs,https://valg.dk/fv/47b883ef-d0d3-4cb6-9da5-91963f0e9ba0/nomination-district/fd018c7a-d1c2-4a50-8698-68483a593bb6,Grenaa Idrætscenter,https://valg.dk/fv/47b883ef-d0d3-4cb6-9da5-91963f0e9ba0/nomination-district/fd018c7a-d1c2-4a50-8698-68483a593bb6/polling-district/6eac58f5-20b4-4669-9622-360b8f364428
5. Djurs,https://valg.dk/fv/47b883ef-d0d3-4cb6-9da5-91963f0e9ba0/nomination-district/fd018c7a-d1c2-4a50-8698-68483a593bb6,Hornslet,https://valg.dk/fv/47b883ef-d0d3-4cb6-9da5-91963f0e9ba0/nomination-district/fd018c7a-d1c2-4a50-8698-68483a593bb6/polling-district/9f0d25a1-d655-4497-a8fa-8b21cbefc796
5. Djurs,https://valg.dk/fv/47b883ef-d0d3-4cb6-9da5-91963f0e9ba0/nomination-district/fd018c7a-d1c2-4a50-8698-68483a593bb6,Kolind,https://valg.dk/fv/47b883ef-d0d3-4cb6-9da5-91963f0e9ba0/nomination-district/fd018c7a-d1c2-4a50-8698-68483a593bb6/polling-district/af58558b-bfd8-4f92-adae-9d49a080649c
5. Djurs,https://valg.dk/fv/47b883ef-d0d3-4cb6-9da5-91963f0e9ba0/nomination-district/fd018c7a-d1c2-4a50-8698-68483a593bb6,Kulturhuset Pavillonen,https://valg.dk/fv/47b883ef-d0d3-4cb6-9da5-91963f0e9ba0/nomination-district/fd018c7a-d1c2-4a50-8698-68483a593bb6/polling-district/3ab1bc11-ceec-4a89-8f60-87b775570b18
5. Djurs,https://valg.dk/fv/47b883ef-d0d3-4cb6-9da5-91963f0e9ba0/nomination-district/fd018c7a-d1c2-4a50-8698-68483a593bb6,Kulturhuset Stationen,https://valg.dk/fv/47b883ef-d0d3-4cb6-9da5-91963f0e9ba0/nomination-district/fd018c7a-d1c2-4a50-8698-68483a593bb6/polling-district/184dc926-adf3-44ec-99a1-85a6d224ac9f
5. Djurs,https://valg.dk/fv/47b883ef-d0d3-4cb6-9da5-91963f0e9ba0/nomination-district/fd018c7a-d1c2-4a50-8698-68483a593bb6,Mols,https://valg.dk/fv/47b883ef-d0d3-4cb6-9da5-91963f0e9ba0/nomination-district/fd018c7a-d1c2-4a50-8698-68483a593bb6/polling-district/9b2aed04-af25-44a5-98ea-e37b96d20d1d
5. Djurs,https://valg.dk/fv/47b883ef-d0d3-4cb6-9da5-91963f0e9ba0/nomination-district/fd018c7a-d1c2-4a50-8698-68483a593bb6,Mørke,https://valg.dk/fv/47b883ef-d0d3-4cb6-9da5-91963f0e9ba0/nomination-district/fd018c7a-d1c2-4a50-8698-68483a593bb6/polling-district/e4f8a78b-fe93-4787-9e28-16ccbad120c9
5. Djurs,https://valg.dk/fv/47b883ef-d0d3-4cb6-9da5-91963f0e9ba0/nomination-district/fd018c7a-d1c2-4a50-8698-68483a593bb6,Ryomgård,https://valg.dk/fv/47b883ef-d0d3-4cb6-9da5-91963f0e9ba0/nomination-district/fd018c7a-d1c2-4a50-8698-68483a593bb6/polling-district/1a18f450-f1fd-4440-9b84-09e3e39c5898
5. Djurs,https://valg.dk/fv/47b883ef-d0d3-4cb6-9da5-91963f0e9ba0/nomination-district/fd018c7a-d1c2-4a50-8698-68483a593bb6,Rønde,https://valg.dk/fv/47b883ef-d0d3-4cb6-9da5-91963f0e9ba0/nomination-district/fd018c7a-d1c2-4a50-8698-68483a593bb6/polling-district/ee6776c3-41a9-4e67-bc94-208d95be7977
5. Djurs,https://valg.dk/fv/47b883ef-d0d3-4cb6-9da5-91963f0e9ba0/nomination-district/fd018c7a-d1c2-4a50-8698-68483a593bb6,Tirstrup,https://valg.dk/fv/47b883ef-d0d3-4cb6-9da5-91963f0e9ba0/nomination-district/fd018c7a-d1c2-4a50-8698-68483a593bb6/polling-district/9c13b29f-1549-450e-9a88-49fe7d5dae8c
5. Djurs,https://valg.dk/fv/47b883ef-d0d3-4cb6-9da5-91963f0e9ba0/nomination-district/fd018c7a-d1c2-4a50-8698-68483a593bb6,Vivild,https://valg.dk/fv/47b883ef-d0d3-4cb6-9da5-91963f0e9ba0/nomination-district/fd018c7a-d1c2-4a50-8698-68483a593bb6/polling-district/58a8a1ce-9634-4d67-98f0-165ebd2a3a60
5. Djurs,https://valg.dk/fv/47b883ef-d0d3-4cb6-9da5-91963f0e9ba0/nomination-district/fd018c7a-d1c2-4a50-8698-68483a593bb6,Ørsted,https://valg.dk/fv/47b883ef-d0d3-4cb6-9da5-91963f0e9ba0/nomination-district/fd018c7a-d1c2-4a50-8698-68483a593bb6/polling-district/889641d2-9f0d-4eb3-b04f-97dd55e9451f
5. Djurs,https://valg.dk/fv/47b883ef-d0d3-4cb6-9da5-91963f0e9ba0/nomination-district/fd018c7a-d1c2-4a50-8698-68483a593bb6,Ørum,https://valg.dk/fv/47b883ef-d0d3-4cb6-9da5-91963f0e9ba0/nomination-district/fd018c7a-d1c2-4a50-8698-68483a593bb6/polling-district/956abe2c-b5ac-478d-8127-d26df0e7e16e
5. Egedal,https://valg.dk/fv/47b883ef-d0d3-4cb6-9da5-91963f0e9ba0/nomination-district/3123d949-1893-4218-9a25-3ddb241c3484,Bækkegårdsskolen,https://valg.dk/fv/47b883ef-d0d3-4cb6-9da5-91963f0e9ba0/nomination-district/3123d949-1893-4218-9a25-3ddb241c3484/polling-district/1ca2bfb4-6fa0-4bb4-a6d8-552430dfcdb8
5. Egedal,https://valg.dk/fv/47b883ef-d0d3-4cb6-9da5-91963f0e9ba0/nomination-district/3123d949-1893-4218-9a25-3ddb241c3484,Ganløse,https://valg.dk/fv/47b883ef-d0d3-4cb6-9da5-91963f0e9ba0/nomination-district/3123d949-1893-4218-9a25-3ddb241c3484/polling-district/c536c922-451f-462a-8f97-49bab83b90a4
5. Egedal,https://valg.dk/fv/47b883ef-d0d3-4cb6-9da5-91963f0e9ba0/nomination-district/3123d949-1893-4218-9a25-3ddb241c3484,Hareskov,https://valg.dk/fv/47b883ef-d0d3-4cb6-9da5-91963f0e9ba0/nomination-district/3123d949-1893-4218-9a25-3ddb241c3484/polling-district/8df1e40f-1108-4599-b531-dc9da61990ee
5. Egedal,https://valg.dk/fv/47b883ef-d0d3-4cb6-9da5-91963f0e9ba0/nomination-district/3123d949-1893-4218-9a25-3ddb241c3484,Jonstrup,https://valg.dk/fv/47b883ef-d0d3-4cb6-9da5-91963f0e9ba0/nomination-district/3123d949-1893-4218-9a25-3ddb241c3484/polling-district/9cc68da5-2bec-4cdc-93fb-9d229f42f0c0
5. Egedal,https://valg.dk/fv/47b883ef-d0d3-4cb6-9da5-91963f0e9ba0/nomination-district/3123d949-1893-4218-9a25-3ddb241c3484,Ledøje Forsamlingshus,https://valg.dk/fv/47b883ef-d0d3-4cb6-9da5-91963f0e9ba0/nomination-district/3123d949-1893-4218-9a25-3ddb241c3484/polling-district/2df43989-3481-4558-9400-d1402a6b0c67
5. Egedal,https://valg.dk/fv/47b883ef-d0d3-4cb6-9da5-91963f0e9ba0/nomination-district/3123d949-1893-4218-9a25-3ddb241c3484,Paltholm,https://valg.dk/fv/47b883ef-d0d3-4cb6-9da5-91963f0e9ba0/nomination-district/3123d949-1893-4218-9a25-3ddb241c3484/polling-district/a9fe3655-b86a-4d6c-b33f-1040ba3a517e
5. Egedal,https://valg.dk/fv/47b883ef-d0d3-4cb6-9da5-91963f0e9ba0/nomination-district/3123d949-1893-4218-9a25-3ddb241c3484,Slagslunde,https://valg.dk/fv/47b883ef-d0d3-4cb6-9da5-91963f0e9ba0/nomination-district/3123d949-1893-4218-9a25-3ddb241c3484/polling-district/f688b7f2-8247-4e01-a03f-9a87a4b4c1b0
5. Egedal,https://valg.dk/fv/47b883ef-d0d3-4cb6-9da5-91963f0e9ba0/nomination-district/3123d949-1893-4218-9a25-3ddb241c3484,Smørum Idrætscenter,https://valg.dk/fv/47b883ef-d0d3-4cb6-9da5-91963f0e9ba0/nomination-district/3123d949-1893-4218-9a25-3ddb241c3484/polling-district/f6fc2672-d324-47a7-9256-47b8ad11124e
5. Egedal,https://valg.dk/fv/47b883ef-d0d3-4cb6-9da5-91963f0e9ba0/nomination-district/3123d949-1893-4218-9a25-3ddb241c3484,Solvang,https://valg.dk/fv/47b883ef-d0d3-4cb6-9da5-91963f0e9ba0/nomination-district/3123d949-1893-4218-9a25-3ddb241c3484/polling-district/b0a35d72-0bdb-40e1-88bf-1259b489a561
5. Egedal,https://valg.dk/fv/47b883ef-d0d3-4cb6-9da5-91963f0e9ba0/nomination-district/3123d949-1893-4218-9a25-3ddb241c3484,Stavnsholt,https://valg.dk/fv/47b883ef-d0d3-4cb6-9da5-91963f0e9ba0/nomination-district/3123d949-1893-4218-9a25-3ddb241c3484/polling-district/b0394a5c-877a-482c-9eae-9f279a53c9a5
5. Egedal,https://valg.dk/fv/47b883ef-d0d3-4cb6-9da5-91963f0e9ba0/nomination-district/3123d949-1893-4218-9a25-3ddb241c3484,Stengårdsskolen,https://valg.dk/fv/47b883ef-d0d3-4cb6-9da5-91963f0e9ba0/nomination-district/3123d949-1893-4218-9a25-3ddb241c3484/polling-district/e6e6a90b-1ef9-47b8-9c7f-50fe8ac34446
5. Egedal,https://valg.dk/fv/47b883ef-d0d3-4cb6-9da5-91963f0e9ba0/nomination-district/3123d949-1893-4218-9a25-3ddb241c3484,Stenløse,https://valg.dk/fv/47b883ef-d0d3-4cb6-9da5-91963f0e9ba0/nomination-district/3123d949-1893-4218-9a25-3ddb241c3484/polling-district/c8ca4634-6a8c-41fa-bfa8-57cfd4a6e7df
5. Egedal,https://valg.dk/fv/47b883ef-d0d3-4cb6-9da5-91963f0e9ba0/nomination-district/3123d949-1893-4218-9a25-3ddb241c3484,Søndersø,https://valg.dk/fv/47b883ef-d0d3-4cb6-9da5-91963f0e9ba0/nomination-district/3123d949-1893-4218-9a25-3ddb241c3484/polling-district/d9db9567-5da5-42f2-bf4e-948e0f0099f1
5. Egedal,https://valg.dk/fv/47b883ef-d0d3-4cb6-9da5-91963f0e9ba0/nomination-district/3123d949-1893-4218-9a25-3ddb241c3484,Veksø,https://valg.dk/fv/47b883ef-d0d3-4cb6-9da5-91963f0e9ba0/nomination-district/3123d949-1893-4218-9a25-3ddb241c3484/polling-district/41d24861-0f54-4e5c-a0b8-b32c1b5f2df9
5. Egedal,https://valg.dk/fv/47b883ef-d0d3-4cb6-9da5-91963f0e9ba0/nomination-district/3123d949-1893-4218-9a25-3ddb241c3484,Værløse,https://valg.dk/fv/47b883ef-d0d3-4cb6-9da5-91963f0e9ba0/nomination-district/3123d949-1893-4218-9a25-3ddb241c3484/polling-district/483df321-89af-4f65-bd0f-5c86fba2febc
5. Egedal,https://valg.dk/fv/47b883ef-d0d3-4cb6-9da5-91963f0e9ba0/nomination-district/3123d949-1893-4218-9a25-3ddb241c3484,Ølstykke,https://valg.dk/fv/47b883ef-d0d3-4cb6-9da5-91963f0e9ba0/nomination-district/3123d949-1893-4218-9a25-3ddb241c3484/polling-district/4d4c29c1-d54e-43a4-aba5-2ec282bc5136
5. Esbjerg Omegn,https://valg.dk/fv/47b883ef-d0d3-4cb6-9da5-91963f0e9ba0/nomination-district/8c3281cb-5d1d-4255-b5df-9dcbea61de34,Bramming,https://valg.dk/fv/47b883ef-d0d3-4cb6-9da5-91963f0e9ba0/nomination-district/8c3281cb-5d1d-4255-b5df-9dcbea61de34/polling-district/7d2372cf-5d8c-43c7-9310-5f584d250971
5. Esbjerg Omegn,https://valg.dk/fv/47b883ef-d0d3-4cb6-9da5-91963f0e9ba0/nomination-district/8c3281cb-5d1d-4255-b5df-9dcbea61de34,Bryndum,https://valg.dk/fv/47b883ef-d0d3-4cb6-9da5-91963f0e9ba0/nomination-district/8c3281cb-5d1d-4255-b5df-9dcbea61de34/polling-district/be8370dc-7ac7-4f4d-94b2-b7e06510596f
5. Esbjerg Omegn,https://valg.dk/fv/47b883ef-d0d3-4cb6-9da5-91963f0e9ba0/nomination-district/8c3281cb-5d1d-4255-b5df-9dcbea61de34,Egebæk-Hviding,https://valg.dk/fv/47b883ef-d0d3-4cb6-9da5-91963f0e9ba0/nomination-district/8c3281cb-5d1d-4255-b5df-9dcbea61de34/polling-district/c4bba7f2-9043-43e2-8464-0842be1d50d3
5. Esbjerg Omegn,https://valg.dk/fv/47b883ef-d0d3-4cb6-9da5-91963f0e9ba0/nomination-district/8c3281cb-5d1d-4255-b5df-9dcbea61de34,Gredstedbro,https://valg.dk/fv/47b883ef-d0d3-4cb6-9da5-91963f0e9ba0/nomination-district/8c3281cb-5d1d-4255-b5df-9dcbea61de34/polling-district/7fdfbb97-8819-4313-b58b-0f5a41a519d9
5. Esbjerg Omegn,https://valg.dk/fv/47b883ef-d0d3-4cb6-9da5-91963f0e9ba0/nomination-district/8c3281cb-5d1d-4255-b5df-9dcbea61de34,Guldager,https://valg.dk/fv/47b883ef-d0d3-4cb6-9da5-91963f0e9ba0/nomination-district/8c3281cb-5d1d-4255-b5df-9dcbea61de34/polling-district/8de1e4ca-68c7-4848-8d7b-dec666a34caf
5. Esbjerg Omegn,https://valg.dk/fv/47b883ef-d0d3-4cb6-9da5-91963f0e9ba0/nomination-district/8c3281cb-5d1d-4255-b5df-9dcbea61de34,Gørding,https://valg.dk/fv/47b883ef-d0d3-4cb6-9da5-91963f0e9ba0/nomination-district/8c3281cb-5d1d-4255-b5df-9dcbea61de34/polling-district/252700d3-d447-423b-91a9-6de38070ab1a
5. Esbjerg Omegn,https://valg.dk/fv/47b883ef-d0d3-4cb6-9da5-91963f0e9ba0/nomination-district/8c3281cb-5d1d-4255-b5df-9dcbea61de34,Hjerting,https://valg.dk/fv/47b883ef-d0d3-4cb6-9da5-91963f0e9ba0/nomination-district/8c3281cb-5d1d-4255-b5df-9dcbea61de34/polling-district/8e618fc0-3e57-49f5-81e7-be11a4020d4b
5. Esbjerg Omegn,https://valg.dk/fv/47b883ef-d0d3-4cb6-9da5-91963f0e9ba0/nomination-district/8c3281cb-5d1d-4255-b5df-9dcbea61de34,Høm,https://valg.dk/fv/47b883ef-d0d3-4cb6-9da5-91963f0e9ba0/nomination-district/8c3281cb-5d1d-4255-b5df-9dcbea61de34/polling-district/c06fc9db-f8d7-493d-9e0e-2e5fe6dc124d
5. Esbjerg Omegn,https://valg.dk/fv/47b883ef-d0d3-4cb6-9da5-91963f0e9ba0/nomination-district/8c3281cb-5d1d-4255-b5df-9dcbea61de34,Mandø,https://valg.dk/fv/47b883ef-d0d3-4cb6-9da5-91963f0e9ba0/nomination-district/8c3281cb-5d1d-4255-b5df-9dcbea61de34/polling-district/4b319760-6ab1-4dbb-829a-0f48af2ff3d5
5. Esbjerg Omegn,https://valg.dk/fv/47b883ef-d0d3-4cb6-9da5-91963f0e9ba0/nomination-district/8c3281cb-5d1d-4255-b5df-9dcbea61de34,Ribe,https://valg.dk/fv/47b883ef-d0d3-4cb6-9da5-91963f0e9ba0/nomination-district/8c3281cb-5d1d-4255-b5df-9dcbea61de34/polling-district/f5c57c8b-52d2-4285-9749-56947b256fd7
5. Esbjerg Omegn,https://valg.dk/fv/47b883ef-d0d3-4cb6-9da5-91963f0e9ba0/nomination-district/8c3281cb-5d1d-4255-b5df-9dcbea61de34,Skads,https://valg.dk/fv/47b883ef-d0d3-4cb6-9da5-91963f0e9ba0/nomination-district/8c3281cb-5d1d-4255-b5df-9dcbea61de34/polling-district/0a6387c8-2995-4be8-a5e3-2add97e2e4f0
5. Esbjerg Omegn,https://valg.dk/fv/47b883ef-d0d3-4cb6-9da5-91963f0e9ba0/nomination-district/8c3281cb-5d1d-4255-b5df-9dcbea61de34,Sønderris,https://valg.dk/fv/47b883ef-d0d3-4cb6-9da5-91963f0e9ba0/nomination-district/8c3281cb-5d1d-4255-b5df-9dcbea61de34/polling-district/bafd5c7f-05ed-4c37-817e-0a3a392cc6a4
5. Esbjerg Omegn,https://valg.dk/fv/47b883ef-d0d3-4cb6-9da5-91963f0e9ba0/nomination-district/8c3281cb-5d1d-4255-b5df-9dcbea61de34,Tjæreborg,https://valg.dk/fv/47b883ef-d0d3-4cb6-9da5-91963f0e9ba0/nomination-district/8c3281cb-5d1d-4255-b5df-9dcbea61de34/polling-district/b3c48a0f-829d-4ee9-8789-693ca753fb05
5. Faxe,https://valg.dk/fv/47b883ef-d0d3-4cb6-9da5-91963f0e9ba0/nomination-district/11c6faee-61f7-4dc6-b42d-19118f337ead,Dalby,https://valg.dk/fv/47b883ef-d0d3-4cb6-9da5-91963f0e9ba0/nomination-district/11c6faee-61f7-4dc6-b42d-19118f337ead/polling-district/052e088b-d33b-498b-9b6e-e57fd95f3eb7
5. Faxe,https://valg.dk/fv/47b883ef-d0d3-4cb6-9da5-91963f0e9ba0/nomination-district/11c6faee-61f7-4dc6-b42d-19118f337ead,Faxe,https://valg.dk/fv/47b883ef-d0d3-4cb6-9da5-91963f0e9ba0/nomination-district/11c6faee-61f7-4dc6-b42d-19118f337ead/polling-district/f80cf9f3-1265-4fb0-b629-7fef2e02fe68
5. Faxe,https://valg.dk/fv/47b883ef-d0d3-4cb6-9da5-91963f0e9ba0/nomination-district/11c6faee-61f7-4dc6-b42d-19118f337ead,Hylleholt,https://valg.dk/fv/47b883ef-d0d3-4cb6-9da5-91963f0e9ba0/nomination-district/11c6faee-61f7-4dc6-b42d-19118f337ead/polling-district/baf86bb2-9eb3-4510-a744-49c7669f626d
5. Faxe,https://valg.dk/fv/47b883ef-d0d3-4cb6-9da5-91963f0e9ba0/nomination-district/11c6faee-61f7-4dc6-b42d-19118f337ead,Hårlevhallen,https://valg.dk/fv/47b883ef-d0d3-4cb6-9da5-91963f0e9ba0/nomination-district/11c6faee-61f7-4dc6-b42d-19118f337ead/polling-district/70505fba-f39a-4104-a15b-a2becd30fbdc
5. Faxe,https://valg.dk/fv/47b883ef-d0d3-4cb6-9da5-91963f0e9ba0/nomination-district/11c6faee-61f7-4dc6-b42d-19118f337ead,Karise,https://valg.dk/fv/47b883ef-d0d3-4cb6-9da5-91963f0e9ba0/nomination-district/11c6faee-61f7-4dc6-b42d-19118f337ead/polling-district/87b66682-2598-4043-948b-ff55934a98c9
5. Faxe,https://valg.dk/fv/47b883ef-d0d3-4cb6-9da5-91963f0e9ba0/nomination-district/11c6faee-61f7-4dc6-b42d-19118f337ead,Nordskov,https://valg.dk/fv/47b883ef-d0d3-4cb6-9da5-91963f0e9ba0/nomination-district/11c6faee-61f7-4dc6-b42d-19118f337ead/polling-district/e03a02d9-90e3-4aa4-9638-421916a3846c
5. Faxe,https://valg.dk/fv/47b883ef-d0d3-4cb6-9da5-91963f0e9ba0/nomination-district/11c6faee-61f7-4dc6-b42d-19118f337ead,Rønnede,https://valg.dk/fv/47b883ef-d0d3-4cb6-9da5-91963f0e9ba0/nomination-district/11c6faee-61f7-4dc6-b42d-19118f337ead/polling-district/7493d660-1dd0-43d6-b8e1-9f42aa53f9d4
5. Faxe,https://valg.dk/fv/47b883ef-d0d3-4cb6-9da5-91963f0e9ba0/nomination-district/11c6faee-61f7-4dc6-b42d-19118f337ead,Sofiendal,https://valg.dk/fv/47b883ef-d0d3-4cb6-9da5-91963f0e9ba0/nomination-district/11c6faee-61f7-4dc6-b42d-19118f337ead/polling-district/14a3d2e4-6b5b-4b29-9ab7-331260b4d8d2
5. Faxe,https://valg.dk/fv/47b883ef-d0d3-4cb6-9da5-91963f0e9ba0/nomination-district/11c6faee-61f7-4dc6-b42d-19118f337ead,Stevnshallen,https://valg.dk/fv/47b883ef-d0d3-4cb6-9da5-91963f0e9ba0/nomination-district/11c6faee-61f7-4dc6-b42d-19118f337ead/polling-district/fa622d1a-3756-432d-b131-ae7e875af85c
5. Faxe,https://valg.dk/fv/47b883ef-d0d3-4cb6-9da5-91963f0e9ba0/nomination-district/11c6faee-61f7-4dc6-b42d-19118f337ead,Strøby Idrætscenter,https://valg.dk/fv/47b883ef-d0d3-4cb6-9da5-91963f0e9ba0/nomination-district/11c6faee-61f7-4dc6-b42d-19118f337ead/polling-district/0be533d2-1137-47f0-a891-b8cf9d0790db
5. Faxe,https://valg.dk/fv/47b883ef-d0d3-4cb6-9da5-91963f0e9ba0/nomination-district/11c6faee-61f7-4dc6-b42d-19118f337ead,Sydstevnshallen,https://valg.dk/fv/47b883ef-d0d3-4cb6-9da5-91963f0e9ba0/nomination-district/11c6faee-61f7-4dc6-b42d-19118f337ead/polling-district/70d6f5e2-01c2-41fb-b2b3-79138d529b0e
5. Himmerland,https://valg.dk/fv/47b883ef-d0d3-4cb6-9da5-91963f0e9ba0/nomination-district/2f0ec550-5187-4bb9-bb93-93542dbf9f0e,Aalestrup,https://valg.dk/fv/47b883ef-d0d3-4cb6-9da5-91963f0e9ba0/nomination-district/2f0ec550-5187-4bb9-bb93-93542dbf9f0e/polling-district/c9a89765-65a8-46af-b4bb-0f92f484ba21
5. Himmerland,https://valg.dk/fv/47b883ef-d0d3-4cb6-9da5-91963f0e9ba0/nomination-district/2f0ec550-5187-4bb9-bb93-93542dbf9f0e,Aars,https://valg.dk/fv/47b883ef-d0d3-4cb6-9da5-91963f0e9ba0/nomination-district/2f0ec550-5187-4bb9-bb93-93542dbf9f0e/polling-district/a5160089-00d1-4856-afbd-65d0011f9d17
5. Himmerland,https://valg.dk/fv/47b883ef-d0d3-4cb6-9da5-91963f0e9ba0/nomination-district/2f0ec550-5187-4bb9-bb93-93542dbf9f0e,Blenstrup,https://valg.dk/fv/47b883ef-d0d3-4cb6-9da5-91963f0e9ba0/nomination-district/2f0ec550-5187-4bb9-bb93-93542dbf9f0e/polling-district/ee0b5446-c7b0-4f31-bc1f-4d5df6e8cc2a
5. Himmerland,https://valg.dk/fv/47b883ef-d0d3-4cb6-9da5-91963f0e9ba0/nomination-district/2f0ec550-5187-4bb9-bb93-93542dbf9f0e,Bælum,https://valg.dk/fv/47b883ef-d0d3-4cb6-9da5-91963f0e9ba0/nomination-district/2f0ec550-5187-4bb9-bb93-93542dbf9f0e/polling-district/206a7fbd-7810-4cb1-b417-75e9e65b7d12
5. Himmerland,https://valg.dk/fv/47b883ef-d0d3-4cb6-9da5-91963f0e9ba0/nomination-district/2f0ec550-5187-4bb9-bb93-93542dbf9f0e,Farsø,https://valg.dk/fv/47b883ef-d0d3-4cb6-9da5-91963f0e9ba0/nomination-district/2f0ec550-5187-4bb9-bb93-93542dbf9f0e/polling-district/f3da5c4a-4b5d-45ef-8d8e-12a20b187ca2
5. Himmerland,https://valg.dk/fv/47b883ef-d0d3-4cb6-9da5-91963f0e9ba0/nomination-district/2f0ec550-5187-4bb9-bb93-93542dbf9f0e,Gedsted,https://valg.dk/fv/47b883ef-d0d3-4cb6-9da5-91963f0e9ba0/nomination-district/2f0ec550-5187-4bb9-bb93-93542dbf9f0e/polling-district/69cdeca2-ba70-43b6-a3a2-ef6eef5d002e
5. Himmerland,https://valg.dk/fv/47b883ef-d0d3-4cb6-9da5-91963f0e9ba0/nomination-district/2f0ec550-5187-4bb9-bb93-93542dbf9f0e,Gislum-Vognsild,https://valg.dk/fv/47b883ef-d0d3-4cb6-9da5-91963f0e9ba0/nomination-district/2f0ec550-5187-4bb9-bb93-93542dbf9f0e/polling-district/9df0b376-d56c-4f94-8147-ca278d4274b0
5. Himmerland,https://valg.dk/fv/47b883ef-d0d3-4cb6-9da5-91963f0e9ba0/nomination-district/2f0ec550-5187-4bb9-bb93-93542dbf9f0e,Haverslev,https://valg.dk/fv/47b883ef-d0d3-4cb6-9da5-91963f0e9ba0/nomination-district/2f0ec550-5187-4bb9-bb93-93542dbf9f0e/polling-district/5ff26b2f-358f-4750-aa16-61f1c3beb027
5. Himmerland,https://valg.dk/fv/47b883ef-d0d3-4cb6-9da5-91963f0e9ba0/nomination-district/2f0ec550-5187-4bb9-bb93-93542dbf9f0e,Hornum-Ulstrup,https://valg.dk/fv/47b883ef-d0d3-4cb6-9da5-91963f0e9ba0/nomination-district/2f0ec550-5187-4bb9-bb93-93542dbf9f0e/polling-district/075cd48e-52e6-4b76-a2a5-3e3080be134a
5. Himmerland,https://valg.dk/fv/47b883ef-d0d3-4cb6-9da5-91963f0e9ba0/nomination-district/2f0ec550-5187-4bb9-bb93-93542dbf9f0e,Hvalpsund,https://valg.dk/fv/47b883ef-d0d3-4cb6-9da5-91963f0e9ba0/nomination-district/2f0ec550-5187-4bb9-bb93-93542dbf9f0e/polling-district/68ea2a61-dca0-4ebd-ac64-38e551998c37
5. Himmerland,https://valg.dk/fv/47b883ef-d0d3-4cb6-9da5-91963f0e9ba0/nomination-district/2f0ec550-5187-4bb9-bb93-93542dbf9f0e,Løgstør,https://valg.dk/fv/47b883ef-d0d3-4cb6-9da5-91963f0e9ba0/nomination-district/2f0ec550-5187-4bb9-bb93-93542dbf9f0e/polling-district/d4137bee-e8e8-4691-90c4-f02d4b335f8f
5. Himmerland,https://valg.dk/fv/47b883ef-d0d3-4cb6-9da5-91963f0e9ba0/nomination-district/2f0ec550-5187-4bb9-bb93-93542dbf9f0e,Nørager,https://valg.dk/fv/47b883ef-d0d3-4cb6-9da5-91963f0e9ba0/nomination-district/2f0ec550-5187-4bb9-bb93-93542dbf9f0e/polling-district/0d4ec68e-c486-46f2-889d-c708541de02e
5. Himmerland,https://valg.dk/fv/47b883ef-d0d3-4cb6-9da5-91963f0e9ba0/nomination-district/2f0ec550-5187-4bb9-bb93-93542dbf9f0e,Overlade,https://valg.dk/fv/47b883ef-d0d3-4cb6-9da5-91963f0e9ba0/nomination-district/2f0ec550-5187-4bb9-bb93-93542dbf9f0e/polling-district/c2871f50-6194-443a-877b-7bf36ee97903
5. Himmerland,https://valg.dk/fv/47b883ef-d0d3-4cb6-9da5-91963f0e9ba0/nomination-district/2f0ec550-5187-4bb9-bb93-93542dbf9f0e,Ranum,https://valg.dk/fv/47b883ef-d0d3-4cb6-9da5-91963f0e9ba0/nomination-district/2f0ec550-5187-4bb9-bb93-93542dbf9f0e/polling-district/f4b5503b-4a5b-42b7-9a9d-7021a677afac
5. Himmerland,https://valg.dk/fv/47b883ef-d0d3-4cb6-9da5-91963f0e9ba0/nomination-district/2f0ec550-5187-4bb9-bb93-93542dbf9f0e,Ravnkilde,https://valg.dk/fv/47b883ef-d0d3-4cb6-9da5-91963f0e9ba0/nomination-district/2f0ec550-5187-4bb9-bb93-93542dbf9f0e/polling-district/8272f681-13e5-4455-9f9c-13f4da821591
5. Himmerland,https://valg.dk/fv/47b883ef-d0d3-4cb6-9da5-91963f0e9ba0/nomination-district/2f0ec550-5187-4bb9-bb93-93542dbf9f0e,Salling,https://valg.dk/fv/47b883ef-d0d3-4cb6-9da5-91963f0e9ba0/nomination-district/2f0ec550-5187-4bb9-bb93-93542dbf9f0e/polling-district/ff43ee80-55d5-4e43-af18-77aae6844cbf
5. Himmerland,https://valg.dk/fv/47b883ef-d0d3-4cb6-9da5-91963f0e9ba0/nomination-district/2f0ec550-5187-4bb9-bb93-93542dbf9f0e,Skivum-Giver,https://valg.dk/fv/47b883ef-d0d3-4cb6-9da5-91963f0e9ba0/nomination-district/2f0ec550-5187-4bb9-bb93-93542dbf9f0e/polling-district/fb9d337c-0b31-49e5-9792-a7fb556c21b0
5. Himmerland,https://valg.dk/fv/47b883ef-d0d3-4cb6-9da5-91963f0e9ba0/nomination-district/2f0ec550-5187-4bb9-bb93-93542dbf9f0e,Skørping,https://valg.dk/fv/47b883ef-d0d3-4cb6-9da5-91963f0e9ba0/nomination-district/2f0ec550-5187-4bb9-bb93-93542dbf9f0e/polling-district/3790f26a-0967-4cfc-a1f5-5267d8a63b25
5. Himmerland,https://valg.dk/fv/47b883ef-d0d3-4cb6-9da5-91963f0e9ba0/nomination-district/2f0ec550-5187-4bb9-bb93-93542dbf9f0e,Strandby,https://valg.dk/fv/47b883ef-d0d3-4cb6-9da5-91963f0e9ba0/nomination-district/2f0ec550-5187-4bb9-bb93-93542dbf9f0e/polling-district/c8d6a741-02ec-4c79-92c7-78e438b2ac29
5. Himmerland,https://valg.dk/fv/47b883ef-d0d3-4cb6-9da5-91963f0e9ba0/nomination-district/2f0ec550-5187-4bb9-bb93-93542dbf9f0e,Støvring,https://valg.dk/fv/47b883ef-d0d3-4cb6-9da5-91963f0e9ba0/nomination-district/2f0ec550-5187-4bb9-bb93-93542dbf9f0e/polling-district/5ab0c2b0-f426-40be-9901-f0cc2d9b2355
5. Himmerland,https://valg.dk/fv/47b883ef-d0d3-4cb6-9da5-91963f0e9ba0/nomination-district/2f0ec550-5187-4bb9-bb93-93542dbf9f0e,Suldrup,https://valg.dk/fv/47b883ef-d0d3-4cb6-9da5-91963f0e9ba0/nomination-district/2f0ec550-5187-4bb9-bb93-93542dbf9f0e/polling-district/974e7c26-9d3c-4d65-b12c-cf716aaad907
5. Himmerland,https://valg.dk/fv/47b883ef-d0d3-4cb6-9da5-91963f0e9ba0/nomination-district/2f0ec550-5187-4bb9-bb93-93542dbf9f0e,Terndrup,https://valg.dk/fv/47b883ef-d0d3-4cb6-9da5-91963f0e9ba0/nomination-district/2f0ec550-5187-4bb9-bb93-93542dbf9f0e/polling-district/49b19385-d44c-4099-9922-7b2d0d08b5be
5. Himmerland,https://valg.dk/fv/47b883ef-d0d3-4cb6-9da5-91963f0e9ba0/nomination-district/2f0ec550-5187-4bb9-bb93-93542dbf9f0e,Veggerby,https://valg.dk/fv/47b883ef-d0d3-4cb6-9da5-91963f0e9ba0/nomination-district/2f0ec550-5187-4bb9-bb93-93542dbf9f0e/polling-district/e36cc210-4c88-4af8-b948-a8583463671d
5. Himmerland,https://valg.dk/fv/47b883ef-d0d3-4cb6-9da5-91963f0e9ba0/nomination-district/2f0ec550-5187-4bb9-bb93-93542dbf9f0e,Vester Hornum,https://valg.dk/fv/47b883ef-d0d3-4cb6-9da5-91963f0e9ba0/nomination-district/2f0ec550-5187-4bb9-bb93-93542dbf9f0e/polling-district/5a194b91-8fa2-4144-b5f6-6b0c0ba99a00
5. Himmerland,https://valg.dk/fv/47b883ef-d0d3-4cb6-9da5-91963f0e9ba0/nomination-district/2f0ec550-5187-4bb9-bb93-93542dbf9f0e,Øster Hornum,https://valg.dk/fv/47b883ef-d0d3-4cb6-9da5-91963f0e9ba0/nomination-district/2f0ec550-5187-4bb9-bb93-93542dbf9f0e/polling-district/5c37b2de-6612-4cb8-824d-7f14dec31233
5. Hvidovre,https://valg.dk/fv/47b883ef-d0d3-4cb6-9da5-91963f0e9ba0/nomination-district/8a34179d-3812-4392-891c-915a5f45c118,Avedøre Idrætscenter,https://valg.dk/fv/47b883ef-d0d3-4cb6-9da5-91963f0e9ba0/nomination-district/8a34179d-3812-4392-891c-915a5f45c118/polling-district/f5283165-5ed2-445f-98ea-558f45905601
5. Hvidovre,https://valg.dk/fv/47b883ef-d0d3-4cb6-9da5-91963f0e9ba0/nomination-district/8a34179d-3812-4392-891c-915a5f45c118,Avedøre Skole,https://valg.dk/fv/47b883ef-d0d3-4cb6-9da5-91963f0e9ba0/nomination-district/8a34179d-3812-4392-891c-915a5f45c118/polling-district/e41c6ea4-9b25-4553-87f5-2918a6c2a3ad
5. Hvidovre,https://valg.dk/fv/47b883ef-d0d3-4cb6-9da5-91963f0e9ba0/nomination-district/8a34179d-3812-4392-891c-915a5f45c118,Dansborghallen,https://valg.dk/fv/47b883ef-d0d3-4cb6-9da5-91963f0e9ba0/nomination-district/8a34179d-3812-4392-891c-915a5f45c118/polling-district/d955d8f2-8065-49c2-9045-679d12c917b1
5. Hvidovre,https://valg.dk/fv/47b883ef-d0d3-4cb6-9da5-91963f0e9ba0/nomination-district/8a34179d-3812-4392-891c-915a5f45c118,Frihedens Idrætscenter,https://valg.dk/fv/47b883ef-d0d3-4cb6-9da5-91963f0e9ba0/nomination-district/8a34179d-3812-4392-891c-915a5f45c118/polling-district/a91985fe-8418-4b89-8fd4-ea8e78bf8def
5. Hvidovre,https://valg.dk/fv/47b883ef-d0d3-4cb6-9da5-91963f0e9ba0/nomination-district/8a34179d-3812-4392-891c-915a5f45c118,Holmegårdshallen,https://valg.dk/fv/47b883ef-d0d3-4cb6-9da5-91963f0e9ba0/nomination-district/8a34179d-3812-4392-891c-915a5f45c118/polling-district/f3c54daf-2c99-4ec6-b382-465cbdec2128
5. Hvidovre,https://valg.dk/fv/47b883ef-d0d3-4cb6-9da5-91963f0e9ba0/nomination-district/8a34179d-3812-4392-891c-915a5f45c118,Kometen,https://valg.dk/fv/47b883ef-d0d3-4cb6-9da5-91963f0e9ba0/nomination-district/8a34179d-3812-4392-891c-915a5f45c118/polling-district/7b4881fb-f2b3-4e73-b819-8271a47ea91d
5. Hvidovre,https://valg.dk/fv/47b883ef-d0d3-4cb6-9da5-91963f0e9ba0/nomination-district/8a34179d-3812-4392-891c-915a5f45c118,Præstemoseskolen,https://valg.dk/fv/47b883ef-d0d3-4cb6-9da5-91963f0e9ba0/nomination-district/8a34179d-3812-4392-891c-915a5f45c118/polling-district/03c4a58a-4831-45e4-a724-99095cecb5bf
5. Hvidovre,https://valg.dk/fv/47b883ef-d0d3-4cb6-9da5-91963f0e9ba0/nomination-district/8a34179d-3812-4392-891c-915a5f45c118,Sønderkærskolen,https://valg.dk/fv/47b883ef-d0d3-4cb6-9da5-91963f0e9ba0/nomination-district/8a34179d-3812-4392-891c-915a5f45c118/polling-district/b0c0c21d-64a0-407f-a29b-0e8cdae68390
5. Middelfart,https://valg.dk/fv/47b883ef-d0d3-4cb6-9da5-91963f0e9ba0/nomination-district/00bf6521-1aa1-4b94-854f-6eeb62c075a0,Aulby,https://valg.dk/fv/47b883ef-d0d3-4cb6-9da5-91963f0e9ba0/nomination-district/00bf6521-1aa1-4b94-854f-6eeb62c075a0/polling-district/9046ef09-313b-4e64-be95-93d88579beef
5. Middelfart,https://valg.dk/fv/47b883ef-d0d3-4cb6-9da5-91963f0e9ba0/nomination-district/00bf6521-1aa1-4b94-854f-6eeb62c075a0,Baaring,https://valg.dk/fv/47b883ef-d0d3-4cb6-9da5-91963f0e9ba0/nomination-district/00bf6521-1aa1-4b94-854f-6eeb62c075a0/polling-district/3f2a7594-1b39-4123-baf9-136b93f735cb
5. Middelfart,https://valg.dk/fv/47b883ef-d0d3-4cb6-9da5-91963f0e9ba0/nomination-district/00bf6521-1aa1-4b94-854f-6eeb62c075a0,Bogense,https://valg.dk/fv/47b883ef-d0d3-4cb6-9da5-91963f0e9ba0/nomination-district/00bf6521-1aa1-4b94-854f-6eeb62c075a0/polling-district/a97827c0-93d8-4d3d-8ee0-37babf6802be
5. Middelfart,https://valg.dk/fv/47b883ef-d0d3-4cb6-9da5-91963f0e9ba0/nomination-district/00bf6521-1aa1-4b94-854f-6eeb62c075a0,Brenderup,https://valg.dk/fv/47b883ef-d0d3-4cb6-9da5-91963f0e9ba0/nomination-district/00bf6521-1aa1-4b94-854f-6eeb62c075a0/polling-district/481ca350-40ed-40fd-a046-7019e7d53439
5. Middelfart,https://valg.dk/fv/47b883ef-d0d3-4cb6-9da5-91963f0e9ba0/nomination-district/00bf6521-1aa1-4b94-854f-6eeb62c075a0,Ejby,https://valg.dk/fv/47b883ef-d0d3-4cb6-9da5-91963f0e9ba0/nomination-district/00bf6521-1aa1-4b94-854f-6eeb62c075a0/polling-district/347444e7-d792-479d-b05f-6b6c4e0a9ed9
5. Middelfart,https://valg.dk/fv/47b883ef-d0d3-4cb6-9da5-91963f0e9ba0/nomination-district/00bf6521-1aa1-4b94-854f-6eeb62c075a0,Fjelsted/Harndrup,https://valg.dk/fv/47b883ef-d0d3-4cb6-9da5-91963f0e9ba0/nomination-district/00bf6521-1aa1-4b94-854f-6eeb62c075a0/polling-district/1271d651-de52-49b7-86a9-4cc2d7b5b9bb
5. Middelfart,https://valg.dk/fv/47b883ef-d0d3-4cb6-9da5-91963f0e9ba0/nomination-district/00bf6521-1aa1-4b94-854f-6eeb62c075a0,Gelsted,https://valg.dk/fv/47b883ef-d0d3-4cb6-9da5-91963f0e9ba0/nomination-district/00bf6521-1aa1-4b94-854f-6eeb62c075a0/polling-district/5c65b957-be72-44a1-afe5-7c9dbb0e02f0
5. Middelfart,https://valg.dk/fv/47b883ef-d0d3-4cb6-9da5-91963f0e9ba0/nomination-district/00bf6521-1aa1-4b94-854f-6eeb62c075a0,Hyllehøj,https://valg.dk/fv/47b883ef-d0d3-4cb6-9da5-91963f0e9ba0/nomination-district/00bf6521-1aa1-4b94-854f-6eeb62c075a0/polling-district/ded0f0ea-ef17-4139-87ec-a050d23ae931
5. Middelfart,https://valg.dk/fv/47b883ef-d0d3-4cb6-9da5-91963f0e9ba0/nomination-district/00bf6521-1aa1-4b94-854f-6eeb62c075a0,Hårslev,https://valg.dk/fv/47b883ef-d0d3-4cb6-9da5-91963f0e9ba0/nomination-district/00bf6521-1aa1-4b94-854f-6eeb62c075a0/polling-district/f111c5fe-a00b-425f-be2c-7ec3d466f442
5. Middelfart,https://valg.dk/fv/47b883ef-d0d3-4cb6-9da5-91963f0e9ba0/nomination-district/00bf6521-1aa1-4b94-854f-6eeb62c075a0,Klinte,https://valg.dk/fv/47b883ef-d0d3-4cb6-9da5-91963f0e9ba0/nomination-district/00bf6521-1aa1-4b94-854f-6eeb62c075a0/polling-district/fcb40b32-e930-46e3-b6fb-2ee84fdc6d15
5. Middelfart,https://valg.dk/fv/47b883ef-d0d3-4cb6-9da5-91963f0e9ba0/nomination-district/00bf6521-1aa1-4b94-854f-6eeb62c075a0,Krogsbølle,https://valg.dk/fv/47b883ef-d0d3-4cb6-9da5-91963f0e9ba0/nomination-district/00bf6521-1aa1-4b94-854f-6eeb62c075a0/polling-district/2d94517d-c8bf-418d-b9fc-1451fdca3e5f
5. Middelfart,https://valg.dk/fv/47b883ef-d0d3-4cb6-9da5-91963f0e9ba0/nomination-district/00bf6521-1aa1-4b94-854f-6eeb62c075a0,Middelfart V,https://valg.dk/fv/47b883ef-d0d3-4cb6-9da5-91963f0e9ba0/nomination-district/00bf6521-1aa1-4b94-854f-6eeb62c075a0/polling-district/9c03e02f-1c19-4b58-a056-eaab3961d6a4
5. Middelfart,https://valg.dk/fv/47b883ef-d0d3-4cb6-9da5-91963f0e9ba0/nomination-district/00bf6521-1aa1-4b94-854f-6eeb62c075a0,Middelfart Ø,https://valg.dk/fv/47b883ef-d0d3-4cb6-9da5-91963f0e9ba0/nomination-district/00bf6521-1aa1-4b94-854f-6eeb62c075a0/polling-district/27a5631f-99dc-4231-a727-46c0fa7a8ba0
5. Middelfart,https://valg.dk/fv/47b883ef-d0d3-4cb6-9da5-91963f0e9ba0/nomination-district/00bf6521-1aa1-4b94-854f-6eeb62c075a0,Morud,https://valg.dk/fv/47b883ef-d0d3-4cb6-9da5-91963f0e9ba0/nomination-district/00bf6521-1aa1-4b94-854f-6eeb62c075a0/polling-district/08e7dca5-cae7-4f65-82c0-fba2b5dd8bc1
5. Middelfart,https://valg.dk/fv/47b883ef-d0d3-4cb6-9da5-91963f0e9ba0/nomination-district/00bf6521-1aa1-4b94-854f-6eeb62c075a0,Nørre Aaby,https://valg.dk/fv/47b883ef-d0d3-4cb6-9da5-91963f0e9ba0/nomination-district/00bf6521-1aa1-4b94-854f-6eeb62c075a0/polling-district/ec646e64-0030-49f2-85a9-b58547bba505
5. Middelfart,https://valg.dk/fv/47b883ef-d0d3-4cb6-9da5-91963f0e9ba0/nomination-district/00bf6521-1aa1-4b94-854f-6eeb62c075a0,Otterup,https://valg.dk/fv/47b883ef-d0d3-4cb6-9da5-91963f0e9ba0/nomination-district/00bf6521-1aa1-4b94-854f-6eeb62c075a0/polling-district/5197b53e-f2b1-4c70-a36d-a9a8c6f6643f
5. Middelfart,https://valg.dk/fv/47b883ef-d0d3-4cb6-9da5-91963f0e9ba0/nomination-district/00bf6521-1aa1-4b94-854f-6eeb62c075a0,Skovløkken,https://valg.dk/fv/47b883ef-d0d3-4cb6-9da5-91963f0e9ba0/nomination-district/00bf6521-1aa1-4b94-854f-6eeb62c075a0/polling-district/b1ab4cdb-d814-4eb8-abda-2c621d496b10
5. Middelfart,https://valg.dk/fv/47b883ef-d0d3-4cb6-9da5-91963f0e9ba0/nomination-district/00bf6521-1aa1-4b94-854f-6eeb62c075a0,Strib,https://valg.dk/fv/47b883ef-d0d3-4cb6-9da5-91963f0e9ba0/nomination-district/00bf6521-1aa1-4b94-854f-6eeb62c075a0/polling-district/a382f7da-b386-40d1-b903-2f954150f810
5. Middelfart,https://valg.dk/fv/47b883ef-d0d3-4cb6-9da5-91963f0e9ba0/nomination-district/00bf6521-1aa1-4b94-854f-6eeb62c075a0,Særslev,https://valg.dk/fv/47b883ef-d0d3-4cb6-9da5-91963f0e9ba0/nomination-district/00bf6521-1aa1-4b94-854f-6eeb62c075a0/polling-district/e9a86a25-b32a-4f1e-9d7f-45844bed252c
5. Middelfart,https://valg.dk/fv/47b883ef-d0d3-4cb6-9da5-91963f0e9ba0/nomination-district/00bf6521-1aa1-4b94-854f-6eeb62c075a0,Søndersø,https://valg.dk/fv/47b883ef-d0d3-4cb6-9da5-91963f0e9ba0/nomination-district/00bf6521-1aa1-4b94-854f-6eeb62c075a0/polling-district/87fef4b0-4f91-4851-b785-6605cbcc38fc
5. Middelfart,https://valg.dk/fv/47b883ef-d0d3-4cb6-9da5-91963f0e9ba0/nomination-district/00bf6521-1aa1-4b94-854f-6eeb62c075a0,Veflinge,https://valg.dk/fv/47b883ef-d0d3-4cb6-9da5-91963f0e9ba0/nomination-district/00bf6521-1aa1-4b94-854f-6eeb62c075a0/polling-district/f0a69192-cf28-46e5-b594-75b696753a02
5. Nørrebro,https://valg.dk/fv/47b883ef-d0d3-4cb6-9da5-91963f0e9ba0/nomination-district/dc2c7c46-f188-4f1c-a3ab-d6e2fc72fc37,5. Nord,https://valg.dk/fv/47b883ef-d0d3-4cb6-9da5-91963f0e9ba0/nomination-district/dc2c7c46-f188-4f1c-a3ab-d6e2fc72fc37/polling-district/bcaec366-51ca-4872-8040-418704f3fde7
5. Nørrebro,https://valg.dk/fv/47b883ef-d0d3-4cb6-9da5-91963f0e9ba0/nomination-district/dc2c7c46-f188-4f1c-a3ab-d6e2fc72fc37,5. Nordvest,https://valg.dk/fv/47b883ef-d0d3-4cb6-9da5-91963f0e9ba0/nomination-district/dc2c7c46-f188-4f1c-a3ab-d6e2fc72fc37/polling-district/ffc85bd8-432e-4bbc-9721-772da0d58cd3
5. Nørrebro,https://valg.dk/fv/47b883ef-d0d3-4cb6-9da5-91963f0e9ba0/nomination-district/dc2c7c46-f188-4f1c-a3ab-d6e2fc72fc37,5. Nørrebro,https://valg.dk/fv/47b883ef-d0d3-4cb6-9da5-91963f0e9ba0/nomination-district/dc2c7c46-f188-4f1c-a3ab-d6e2fc72fc37/polling-district/9e2b556d-795f-43ad-aedf-f8b24609c8e3
5. Nørrebro,https://valg.dk/fv/47b883ef-d0d3-4cb6-9da5-91963f0e9ba0/nomination-district/dc2c7c46-f188-4f1c-a3ab-d6e2fc72fc37,5. Nørrebrohallen,https://valg.dk/fv/47b883ef-d0d3-4cb6-9da5-91963f0e9ba0/nomination-district/dc2c7c46-f188-4f1c-a3ab-d6e2fc72fc37/polling-district/9dcebc95-0911-4306-83c8-83ce629ac98e
5. Nørrebro,https://valg.dk/fv/47b883ef-d0d3-4cb6-9da5-91963f0e9ba0/nomination-district/dc2c7c46-f188-4f1c-a3ab-d6e2fc72fc37,5. Syd,https://valg.dk/fv/47b883ef-d0d3-4cb6-9da5-91963f0e9ba0/nomination-district/dc2c7c46-f188-4f1c-a3ab-d6e2fc72fc37/polling-district/cd159e4b-0c37-4f8e-a2f7-27101012198b
5. Nørrebro,https://valg.dk/fv/47b883ef-d0d3-4cb6-9da5-91963f0e9ba0/nomination-district/dc2c7c46-f188-4f1c-a3ab-d6e2fc72fc37,5. Vest,https://valg.dk/fv/47b883ef-d0d3-4cb6-9da5-91963f0e9ba0/nomination-district/dc2c7c46-f188-4f1c-a3ab-d6e2fc72fc37/polling-district/f51a4c71-777a-4a0e-a39a-7358cfc2e846
5. Nørrebro,https://valg.dk/fv/47b883ef-d0d3-4cb6-9da5-91963f0e9ba0/nomination-district/dc2c7c46-f188-4f1c-a3ab-d6e2fc72fc37,5. Øst,https://valg.dk/fv/47b883ef-d0d3-4cb6-9da5-91963f0e9ba0/nomination-district/dc2c7c46-f188-4f1c-a3ab-d6e2fc72fc37/polling-district/52933e21-5d2e-4145-bdd7-f8794aeee40e
5. Silkeborg Nord,https://valg.dk/fv/47b883ef-d0d3-4cb6-9da5-91963f0e9ba0/nomination-district/09b9d099-dbbc-4420-bc35-4233eff7fa1e,Ans,https://valg.dk/fv/47b883ef-d0d3-4cb6-9da5-91963f0e9ba0/nomination-district/09b9d099-dbbc-4420-bc35-4233eff7fa1e/polling-district/ff933157-f35f-44d7-8094-9e4d218af4d7
5. Silkeborg Nord,https://valg.dk/fv/47b883ef-d0d3-4cb6-9da5-91963f0e9ba0/nomination-district/09b9d099-dbbc-4420-bc35-4233eff7fa1e,Funder,https://valg.dk/fv/47b883ef-d0d3-4cb6-9da5-91963f0e9ba0/nomination-district/09b9d099-dbbc-4420-bc35-4233eff7fa1e/polling-district/f515a6b5-b36c-46a3-a793-3e7573ac98d4
5. Silkeborg Nord,https://valg.dk/fv/47b883ef-d0d3-4cb6-9da5-91963f0e9ba0/nomination-district/09b9d099-dbbc-4420-bc35-4233eff7fa1e,Fårvang,https://valg.dk/fv/47b883ef-d0d3-4cb6-9da5-91963f0e9ba0/nomination-district/09b9d099-dbbc-4420-bc35-4233eff7fa1e/polling-district/1e1a0f32-3ddd-401d-aa57-69ef64c7e6fe
5. Silkeborg Nord,https://valg.dk/fv/47b883ef-d0d3-4cb6-9da5-91963f0e9ba0/nomination-district/09b9d099-dbbc-4420-bc35-4233eff7fa1e,Gjern,https://valg.dk/fv/47b883ef-d0d3-4cb6-9da5-91963f0e9ba0/nomination-district/09b9d099-dbbc-4420-bc35-4233eff7fa1e/polling-district/8b741e1d-b9f3-41b3-b53f-a434a0638cb8
5. Silkeborg Nord,https://valg.dk/fv/47b883ef-d0d3-4cb6-9da5-91963f0e9ba0/nomination-district/09b9d099-dbbc-4420-bc35-4233eff7fa1e,Grauballe,https://valg.dk/fv/47b883ef-d0d3-4cb6-9da5-91963f0e9ba0/nomination-district/09b9d099-dbbc-4420-bc35-4233eff7fa1e/polling-district/c11179f7-b221-4aed-85d7-74b6d54d4c0c
5. Silkeborg Nord,https://valg.dk/fv/47b883ef-d0d3-4cb6-9da5-91963f0e9ba0/nomination-district/09b9d099-dbbc-4420-bc35-4233eff7fa1e,Gødvad,https://valg.dk/fv/47b883ef-d0d3-4cb6-9da5-91963f0e9ba0/nomination-district/09b9d099-dbbc-4420-bc35-4233eff7fa1e/polling-district/080f6efd-c45a-412b-a47d-b85f8df8be58
5. Silkeborg Nord,https://valg.dk/fv/47b883ef-d0d3-4cb6-9da5-91963f0e9ba0/nomination-district/09b9d099-dbbc-4420-bc35-4233eff7fa1e,Kjellerup,https://valg.dk/fv/47b883ef-d0d3-4cb6-9da5-91963f0e9ba0/nomination-district/09b9d099-dbbc-4420-bc35-4233eff7fa1e/polling-district/4dc89619-b6fc-44d1-9b92-f849c4e494ad
5. Silkeborg Nord,https://valg.dk/fv/47b883ef-d0d3-4cb6-9da5-91963f0e9ba0/nomination-district/09b9d099-dbbc-4420-bc35-4233eff7fa1e,Kragelund,https://valg.dk/fv/47b883ef-d0d3-4cb6-9da5-91963f0e9ba0/nomination-district/09b9d099-dbbc-4420-bc35-4233eff7fa1e/polling-district/7233a9f2-d0f8-4c90-8aa0-d802783e083f
5. Silkeborg Nord,https://valg.dk/fv/47b883ef-d0d3-4cb6-9da5-91963f0e9ba0/nomination-district/09b9d099-dbbc-4420-bc35-4233eff7fa1e,Lemming,https://valg.dk/fv/47b883ef-d0d3-4cb6-9da5-91963f0e9ba0/nomination-district/09b9d099-dbbc-4420-bc35-4233eff7fa1e/polling-district/cdf227df-6987-40ec-b2c9-5b1a3457a06e
5. Silkeborg Nord,https://valg.dk/fv/47b883ef-d0d3-4cb6-9da5-91963f0e9ba0/nomination-district/09b9d099-dbbc-4420-bc35-4233eff7fa1e,Linå,https://valg.dk/fv/47b883ef-d0d3-4cb6-9da5-91963f0e9ba0/nomination-district/09b9d099-dbbc-4420-bc35-4233eff7fa1e/polling-district/029fe724-52f6-47bb-805d-cc26de12f485
5. Silkeborg Nord,https://valg.dk/fv/47b883ef-d0d3-4cb6-9da5-91963f0e9ba0/nomination-district/09b9d099-dbbc-4420-bc35-4233eff7fa1e,Resenbro,https://valg.dk/fv/47b883ef-d0d3-4cb6-9da5-91963f0e9ba0/nomination-district/09b9d099-dbbc-4420-bc35-4233eff7fa1e/polling-district/bd52c38a-01cd-4fb6-b651-5f784fa26569
5. Silkeborg Nord,https://valg.dk/fv/47b883ef-d0d3-4cb6-9da5-91963f0e9ba0/nomination-district/09b9d099-dbbc-4420-bc35-4233eff7fa1e,Sejs,https://valg.dk/fv/47b883ef-d0d3-4cb6-9da5-91963f0e9ba0/nomination-district/09b9d099-dbbc-4420-bc35-4233eff7fa1e/polling-district/7f0eb343-1629-4af3-a222-562096f0ab17
5. Silkeborg Nord,https://valg.dk/fv/47b883ef-d0d3-4cb6-9da5-91963f0e9ba0/nomination-district/09b9d099-dbbc-4420-bc35-4233eff7fa1e,Sjørslev,https://valg.dk/fv/47b883ef-d0d3-4cb6-9da5-91963f0e9ba0/nomination-district/09b9d099-dbbc-4420-bc35-4233eff7fa1e/polling-district/500b32b5-174c-4d56-b472-38f013960ccf
5. Silkeborg Nord,https://valg.dk/fv/47b883ef-d0d3-4cb6-9da5-91963f0e9ba0/nomination-district/09b9d099-dbbc-4420-bc35-4233eff7fa1e,Sorring,https://valg.dk/fv/47b883ef-d0d3-4cb6-9da5-91963f0e9ba0/nomination-district/09b9d099-dbbc-4420-bc35-4233eff7fa1e/polling-district/a731b680-080c-4b01-b8dd-95b35e4712e0
5. Silkeborg Nord,https://valg.dk/fv/47b883ef-d0d3-4cb6-9da5-91963f0e9ba0/nomination-district/09b9d099-dbbc-4420-bc35-4233eff7fa1e,Thorning,https://valg.dk/fv/47b883ef-d0d3-4cb6-9da5-91963f0e9ba0/nomination-district/09b9d099-dbbc-4420-bc35-4233eff7fa1e/polling-district/e8df6a44-6152-47ee-b5c9-2d3ab6a3c1c3
5. Silkeborg Nord,https://valg.dk/fv/47b883ef-d0d3-4cb6-9da5-91963f0e9ba0/nomination-district/09b9d099-dbbc-4420-bc35-4233eff7fa1e,Vinderslev,https://valg.dk/fv/47b883ef-d0d3-4cb6-9da5-91963f0e9ba0/nomination-district/09b9d099-dbbc-4420-bc35-4233eff7fa1e/polling-district/b5b177b4-0657-447c-ae50-3121b662acd5
5. Silkeborg Nord,https://valg.dk/fv/47b883ef-d0d3-4cb6-9da5-91963f0e9ba0/nomination-district/09b9d099-dbbc-4420-bc35-4233eff7fa1e,Voel,https://valg.dk/fv/47b883ef-d0d3-4cb6-9da5-91963f0e9ba0/nomination-district/09b9d099-dbbc-4420-bc35-4233eff7fa1e/polling-district/1b104a82-1442-4f3a-bd34-937bca856b91
6. Bispebjerg,https://valg.dk/fv/47b883ef-d0d3-4cb6-9da5-91963f0e9ba0/nomination-district/75b62375-0cde-4544-a84b-fa486a0a477d,6. Bispebjerg,https://valg.dk/fv/47b883ef-d0d3-4cb6-9da5-91963f0e9ba0/nomination-district/75b62375-0cde-4544-a84b-fa486a0a477d/polling-district/c9b41353-1500-4dfa-86d4-edf52b7d3ff6
6. Bispebjerg,https://valg.dk/fv/47b883ef-d0d3-4cb6-9da5-91963f0e9ba0/nomination-district/75b62375-0cde-4544-a84b-fa486a0a477d,6. Nord,https://valg.dk/fv/47b883ef-d0d3-4cb6-9da5-91963f0e9ba0/nomination-district/75b62375-0cde-4544-a84b-fa486a0a477d/polling-district/f5957985-336c-4ec2-a627-bc21db28acb4
6. Bispebjerg,https://valg.dk/fv/47b883ef-d0d3-4cb6-9da5-91963f0e9ba0/nomination-district/75b62375-0cde-4544-a84b-fa486a0a477d,6. Syd,https://valg.dk/fv/47b883ef-d0d3-4cb6-9da5-91963f0e9ba0/nomination-district/75b62375-0cde-4544-a84b-fa486a0a477d/polling-district/456e0078-2cfe-49dd-9f95-9c51dddb7d29
6. Bispebjerg,https://valg.dk/fv/47b883ef-d0d3-4cb6-9da5-91963f0e9ba0/nomination-district/75b62375-0cde-4544-a84b-fa486a0a477d,6. Vest,https://valg.dk/fv/47b883ef-d0d3-4cb6-9da5-91963f0e9ba0/nomination-district/75b62375-0cde-4544-a84b-fa486a0a477d/polling-district/0db0847c-77a5-4df4-8aeb-9316145747cf
6. Bispebjerg,https://valg.dk/fv/47b883ef-d0d3-4cb6-9da5-91963f0e9ba0/nomination-district/75b62375-0cde-4544-a84b-fa486a0a477d,6. Øst,https://valg.dk/fv/47b883ef-d0d3-4cb6-9da5-91963f0e9ba0/nomination-district/75b62375-0cde-4544-a84b-fa486a0a477d/polling-district/14a7e9c6-d898-436e-be3b-8092b898a36d
6. Brøndby,https://valg.dk/fv/47b883ef-d0d3-4cb6-9da5-91963f0e9ba0/nomination-district/987b4bdb-ab48-447f-a320-0b70927f91a0,Brøndbyvester Skole,https://valg.dk/fv/47b883ef-d0d3-4cb6-9da5-91963f0e9ba0/nomination-district/987b4bdb-ab48-447f-a320-0b70927f91a0/polling-district/4d5fc2b3-3595-413f-b8d2-ec6eaab3a34e
6. Brøndby,https://valg.dk/fv/47b883ef-d0d3-4cb6-9da5-91963f0e9ba0/nomination-district/987b4bdb-ab48-447f-a320-0b70927f91a0,Egholmskolen,https://valg.dk/fv/47b883ef-d0d3-4cb6-9da5-91963f0e9ba0/nomination-district/987b4bdb-ab48-447f-a320-0b70927f91a0/polling-district/edf231ae-24af-4f3a-b7c0-c753b967d850
6. Brøndby,https://valg.dk/fv/47b883ef-d0d3-4cb6-9da5-91963f0e9ba0/nomination-district/987b4bdb-ab48-447f-a320-0b70927f91a0,Gildbroskolen,https://valg.dk/fv/47b883ef-d0d3-4cb6-9da5-91963f0e9ba0/nomination-district/987b4bdb-ab48-447f-a320-0b70927f91a0/polling-district/3e6e5822-b471-43a4-91ac-068dcf27d16b
6. Brøndby,https://valg.dk/fv/47b883ef-d0d3-4cb6-9da5-91963f0e9ba0/nomination-district/987b4bdb-ab48-447f-a320-0b70927f91a0,Ishøj Bymidte,https://valg.dk/fv/47b883ef-d0d3-4cb6-9da5-91963f0e9ba0/nomination-district/987b4bdb-ab48-447f-a320-0b70927f91a0/polling-district/b5f9cadd-5fc5-4f3e-9786-27afa4049581
6. Brøndby,https://valg.dk/fv/47b883ef-d0d3-4cb6-9da5-91963f0e9ba0/nomination-district/987b4bdb-ab48-447f-a320-0b70927f91a0,Ishøj Landsby,https://valg.dk/fv/47b883ef-d0d3-4cb6-9da5-91963f0e9ba0/nomination-district/987b4bdb-ab48-447f-a320-0b70927f91a0/polling-district/49267894-43ad-4fd2-8892-e826a335d7c1
6. Brøndby,https://valg.dk/fv/47b883ef-d0d3-4cb6-9da5-91963f0e9ba0/nomination-district/987b4bdb-ab48-447f-a320-0b70927f91a0,Kulturhuset Brønden,https://valg.dk/fv/47b883ef-d0d3-4cb6-9da5-91963f0e9ba0/nomination-district/987b4bdb-ab48-447f-a320-0b70927f91a0/polling-district/b508310d-7922-4221-9977-327c7c690cda
6. Brøndby,https://valg.dk/fv/47b883ef-d0d3-4cb6-9da5-91963f0e9ba0/nomination-district/987b4bdb-ab48-447f-a320-0b70927f91a0,Lindelundshallen,https://valg.dk/fv/47b883ef-d0d3-4cb6-9da5-91963f0e9ba0/nomination-district/987b4bdb-ab48-447f-a320-0b70927f91a0/polling-district/2a886f1d-020c-426f-815f-6ba435ed8cf8
6. Brøndby,https://valg.dk/fv/47b883ef-d0d3-4cb6-9da5-91963f0e9ba0/nomination-district/987b4bdb-ab48-447f-a320-0b70927f91a0,Nørregård,https://valg.dk/fv/47b883ef-d0d3-4cb6-9da5-91963f0e9ba0/nomination-district/987b4bdb-ab48-447f-a320-0b70927f91a0/polling-district/f35f0aab-64d2-494c-92c1-237f11d425f7
6. Brøndby,https://valg.dk/fv/47b883ef-d0d3-4cb6-9da5-91963f0e9ba0/nomination-district/987b4bdb-ab48-447f-a320-0b70927f91a0,Pilehaveskolen,https://valg.dk/fv/47b883ef-d0d3-4cb6-9da5-91963f0e9ba0/nomination-district/987b4bdb-ab48-447f-a320-0b70927f91a0/polling-district/877e48bc-b619-4426-bb49-46549ac21424
6. Brøndby,https://valg.dk/fv/47b883ef-d0d3-4cb6-9da5-91963f0e9ba0/nomination-district/987b4bdb-ab48-447f-a320-0b70927f91a0,Strandgårdskolen,https://valg.dk/fv/47b883ef-d0d3-4cb6-9da5-91963f0e9ba0/nomination-district/987b4bdb-ab48-447f-a320-0b70927f91a0/polling-district/26224b37-e91d-4130-a83b-82e2caf820ea
6. Brøndby,https://valg.dk/fv/47b883ef-d0d3-4cb6-9da5-91963f0e9ba0/nomination-district/987b4bdb-ab48-447f-a320-0b70927f91a0,Søholthallen,https://valg.dk/fv/47b883ef-d0d3-4cb6-9da5-91963f0e9ba0/nomination-district/987b4bdb-ab48-447f-a320-0b70927f91a0/polling-district/02751e98-af13-4478-a787-f074cf4fda39
6. Brøndby,https://valg.dk/fv/47b883ef-d0d3-4cb6-9da5-91963f0e9ba0/nomination-district/987b4bdb-ab48-447f-a320-0b70927f91a0,Tjørnehøjhallen,https://valg.dk/fv/47b883ef-d0d3-4cb6-9da5-91963f0e9ba0/nomination-district/987b4bdb-ab48-447f-a320-0b70927f91a0/polling-district/d47ea7ac-2cb8-4011-8e33-037c8c1a790f
6. Brøndby,https://valg.dk/fv/47b883ef-d0d3-4cb6-9da5-91963f0e9ba0/nomination-district/987b4bdb-ab48-447f-a320-0b70927f91a0,"Vallensbæk Skole, Multisalen",https://valg.dk/fv/47b883ef-d0d3-4cb6-9da5-91963f0e9ba0/nomination-district/987b4bdb-ab48-447f-a320-0b70927f91a0/polling-district/9b0b99d0-1839-478a-bc4d-5c79c5d48cc0
6. Brøndby,https://valg.dk/fv/47b883ef-d0d3-4cb6-9da5-91963f0e9ba0/nomination-district/987b4bdb-ab48-447f-a320-0b70927f91a0,Vibeholmskolen,https://valg.dk/fv/47b883ef-d0d3-4cb6-9da5-91963f0e9ba0/nomination-district/987b4bdb-ab48-447f-a320-0b70927f91a0/polling-district/78d262f9-1eff-4e84-863b-75d448ad3bbf
6. Køge,https://valg.dk/fv/47b883ef-d0d3-4cb6-9da5-91963f0e9ba0/nomination-district/66a141c3-23b2-4f26-ae77-dd384a24cfce,Bjæverskov,https://valg.dk/fv/47b883ef-d0d3-4cb6-9da5-91963f0e9ba0/nomination-district/66a141c3-23b2-4f26-ae77-dd384a24cfce/polling-district/fabdf3dc-7785-4ac0-b852-61b7120399dd
6. Køge,https://valg.dk/fv/47b883ef-d0d3-4cb6-9da5-91963f0e9ba0/nomination-district/66a141c3-23b2-4f26-ae77-dd384a24cfce,Borup,https://valg.dk/fv/47b883ef-d0d3-4cb6-9da5-91963f0e9ba0/nomination-district/66a141c3-23b2-4f26-ae77-dd384a24cfce/polling-district/94293324-9e94-4dd4-91d8-f1550671c50b
6. Køge,https://valg.dk/fv/47b883ef-d0d3-4cb6-9da5-91963f0e9ba0/nomination-district/66a141c3-23b2-4f26-ae77-dd384a24cfce,Ejby,https://valg.dk/fv/47b883ef-d0d3-4cb6-9da5-91963f0e9ba0/nomination-district/66a141c3-23b2-4f26-ae77-dd384a24cfce/polling-district/977e5ef7-bf18-4929-bac7-f13f7ab6bbaa
6. Køge,https://valg.dk/fv/47b883ef-d0d3-4cb6-9da5-91963f0e9ba0/nomination-district/66a141c3-23b2-4f26-ae77-dd384a24cfce,Gevninge,https://valg.dk/fv/47b883ef-d0d3-4cb6-9da5-91963f0e9ba0/nomination-district/66a141c3-23b2-4f26-ae77-dd384a24cfce/polling-district/e3c3ff20-c09e-4453-82de-df49efdf7695
6. Køge,https://valg.dk/fv/47b883ef-d0d3-4cb6-9da5-91963f0e9ba0/nomination-district/66a141c3-23b2-4f26-ae77-dd384a24cfce,Glim,https://valg.dk/fv/47b883ef-d0d3-4cb6-9da5-91963f0e9ba0/nomination-district/66a141c3-23b2-4f26-ae77-dd384a24cfce/polling-district/65326e5c-96c8-4d9d-a6ef-0e7251e6ea38
6. Køge,https://valg.dk/fv/47b883ef-d0d3-4cb6-9da5-91963f0e9ba0/nomination-district/66a141c3-23b2-4f26-ae77-dd384a24cfce,Gørslev,https://valg.dk/fv/47b883ef-d0d3-4cb6-9da5-91963f0e9ba0/nomination-district/66a141c3-23b2-4f26-ae77-dd384a24cfce/polling-district/3d7a3f92-4182-48f1-b0e4-440691cb85f7
6. Køge,https://valg.dk/fv/47b883ef-d0d3-4cb6-9da5-91963f0e9ba0/nomination-district/66a141c3-23b2-4f26-ae77-dd384a24cfce,Hastrup,https://valg.dk/fv/47b883ef-d0d3-4cb6-9da5-91963f0e9ba0/nomination-district/66a141c3-23b2-4f26-ae77-dd384a24cfce/polling-district/bda72754-f0d9-4ffc-8c23-6feac28d26a7
6. Køge,https://valg.dk/fv/47b883ef-d0d3-4cb6-9da5-91963f0e9ba0/nomination-district/66a141c3-23b2-4f26-ae77-dd384a24cfce,Herfølge,https://valg.dk/fv/47b883ef-d0d3-4cb6-9da5-91963f0e9ba0/nomination-district/66a141c3-23b2-4f26-ae77-dd384a24cfce/polling-district/bc84ebdb-1749-4982-a3a0-2cee56ccf01d
6. Køge,https://valg.dk/fv/47b883ef-d0d3-4cb6-9da5-91963f0e9ba0/nomination-district/66a141c3-23b2-4f26-ae77-dd384a24cfce,Hvalsø,https://valg.dk/fv/47b883ef-d0d3-4cb6-9da5-91963f0e9ba0/nomination-district/66a141c3-23b2-4f26-ae77-dd384a24cfce/polling-district/187d5bf8-768b-4ccb-9393-9fb7ac5c5e37
6. Køge,https://valg.dk/fv/47b883ef-d0d3-4cb6-9da5-91963f0e9ba0/nomination-district/66a141c3-23b2-4f26-ae77-dd384a24cfce,Hyllinge-Lyndby,https://valg.dk/fv/47b883ef-d0d3-4cb6-9da5-91963f0e9ba0/nomination-district/66a141c3-23b2-4f26-ae77-dd384a24cfce/polling-district/341fc791-ea6d-4664-a41a-e9cad6c31d27
6. Køge,https://valg.dk/fv/47b883ef-d0d3-4cb6-9da5-91963f0e9ba0/nomination-district/66a141c3-23b2-4f26-ae77-dd384a24cfce,Kr.Såby,https://valg.dk/fv/47b883ef-d0d3-4cb6-9da5-91963f0e9ba0/nomination-district/66a141c3-23b2-4f26-ae77-dd384a24cfce/polling-district/fc4cc771-7b26-4eb5-9c95-1ccad00a5dcd
6. Køge,https://valg.dk/fv/47b883ef-d0d3-4cb6-9da5-91963f0e9ba0/nomination-district/66a141c3-23b2-4f26-ae77-dd384a24cfce,Køge By,https://valg.dk/fv/47b883ef-d0d3-4cb6-9da5-91963f0e9ba0/nomination-district/66a141c3-23b2-4f26-ae77-dd384a24cfce/polling-district/e1103dc8-4d74-4fe1-b222-53354773eea4
6. Køge,https://valg.dk/fv/47b883ef-d0d3-4cb6-9da5-91963f0e9ba0/nomination-district/66a141c3-23b2-4f26-ae77-dd384a24cfce,Køge By - Vest,https://valg.dk/fv/47b883ef-d0d3-4cb6-9da5-91963f0e9ba0/nomination-district/66a141c3-23b2-4f26-ae77-dd384a24cfce/polling-district/31346802-76eb-4fac-82b9-de913157d2cd
6. Køge,https://valg.dk/fv/47b883ef-d0d3-4cb6-9da5-91963f0e9ba0/nomination-district/66a141c3-23b2-4f26-ae77-dd384a24cfce,Lejre,https://valg.dk/fv/47b883ef-d0d3-4cb6-9da5-91963f0e9ba0/nomination-district/66a141c3-23b2-4f26-ae77-dd384a24cfce/polling-district/76762627-71ce-443d-8dad-0d1c5b00650a
6. Køge,https://valg.dk/fv/47b883ef-d0d3-4cb6-9da5-91963f0e9ba0/nomination-district/66a141c3-23b2-4f26-ae77-dd384a24cfce,Osted,https://valg.dk/fv/47b883ef-d0d3-4cb6-9da5-91963f0e9ba0/nomination-district/66a141c3-23b2-4f26-ae77-dd384a24cfce/polling-district/dd342134-25ef-4ff2-a967-4bb0f4e8904b
6. Køge,https://valg.dk/fv/47b883ef-d0d3-4cb6-9da5-91963f0e9ba0/nomination-district/66a141c3-23b2-4f26-ae77-dd384a24cfce,Rye,https://valg.dk/fv/47b883ef-d0d3-4cb6-9da5-91963f0e9ba0/nomination-district/66a141c3-23b2-4f26-ae77-dd384a24cfce/polling-district/7b132be7-88a5-4d9b-b3fb-748893685385
6. Køge,https://valg.dk/fv/47b883ef-d0d3-4cb6-9da5-91963f0e9ba0/nomination-district/66a141c3-23b2-4f26-ae77-dd384a24cfce,Sonnerup,https://valg.dk/fv/47b883ef-d0d3-4cb6-9da5-91963f0e9ba0/nomination-district/66a141c3-23b2-4f26-ae77-dd384a24cfce/polling-district/b4c46bc4-757e-448c-b031-aa735c84b5cd
6. Køge,https://valg.dk/fv/47b883ef-d0d3-4cb6-9da5-91963f0e9ba0/nomination-district/66a141c3-23b2-4f26-ae77-dd384a24cfce,Sæby-Gershøj,https://valg.dk/fv/47b883ef-d0d3-4cb6-9da5-91963f0e9ba0/nomination-district/66a141c3-23b2-4f26-ae77-dd384a24cfce/polling-district/a44128ee-3b24-4d6c-9d10-4657a9233a48
6. Køge,https://valg.dk/fv/47b883ef-d0d3-4cb6-9da5-91963f0e9ba0/nomination-district/66a141c3-23b2-4f26-ae77-dd384a24cfce,Vemmedrup,https://valg.dk/fv/47b883ef-d0d3-4cb6-9da5-91963f0e9ba0/nomination-district/66a141c3-23b2-4f26-ae77-dd384a24cfce/polling-district/5ee43481-8b8d-4da1-9380-d0d76bcd4f0d
6. Køge,https://valg.dk/fv/47b883ef-d0d3-4cb6-9da5-91963f0e9ba0/nomination-district/66a141c3-23b2-4f26-ae77-dd384a24cfce,Ølby,https://valg.dk/fv/47b883ef-d0d3-4cb6-9da5-91963f0e9ba0/nomination-district/66a141c3-23b2-4f26-ae77-dd384a24cfce/polling-district/5ba6e302-a3ce-4b3b-adcd-2e498201202d
6. Køge,https://valg.dk/fv/47b883ef-d0d3-4cb6-9da5-91963f0e9ba0/nomination-district/66a141c3-23b2-4f26-ae77-dd384a24cfce,Ølsemagle,https://valg.dk/fv/47b883ef-d0d3-4cb6-9da5-91963f0e9ba0/nomination-district/66a141c3-23b2-4f26-ae77-dd384a24cfce/polling-district/551a0994-62bc-4b18-90bb-8014dc56b402
6. Mariagerfjord,https://valg.dk/fv/47b883ef-d0d3-4cb6-9da5-91963f0e9ba0/nomination-district/64a7117e-c46f-4bc4-a5c2-276a1f4138ad,Als,https://valg.dk/fv/47b883ef-d0d3-4cb6-9da5-91963f0e9ba0/nomination-district/64a7117e-c46f-4bc4-a5c2-276a1f4138ad/polling-district/1e131ecf-9adc-4937-ac4d-be3ac9f22b8a
6. Mariagerfjord,https://valg.dk/fv/47b883ef-d0d3-4cb6-9da5-91963f0e9ba0/nomination-district/64a7117e-c46f-4bc4-a5c2-276a1f4138ad,Arden,https://valg.dk/fv/47b883ef-d0d3-4cb6-9da5-91963f0e9ba0/nomination-district/64a7117e-c46f-4bc4-a5c2-276a1f4138ad/polling-district/db6e306d-2383-496e-998f-fb990388ad75
6. Mariagerfjord,https://valg.dk/fv/47b883ef-d0d3-4cb6-9da5-91963f0e9ba0/nomination-district/64a7117e-c46f-4bc4-a5c2-276a1f4138ad,Assens,https://valg.dk/fv/47b883ef-d0d3-4cb6-9da5-91963f0e9ba0/nomination-district/64a7117e-c46f-4bc4-a5c2-276a1f4138ad/polling-district/92b984f9-1702-48dc-adcf-c92250bdfd16
6. Mariagerfjord,https://valg.dk/fv/47b883ef-d0d3-4cb6-9da5-91963f0e9ba0/nomination-district/64a7117e-c46f-4bc4-a5c2-276a1f4138ad,Hadsund,https://valg.dk/fv/47b883ef-d0d3-4cb6-9da5-91963f0e9ba0/nomination-district/64a7117e-c46f-4bc4-a5c2-276a1f4138ad/polling-district/b890649a-79d5-4ba2-87ca-69cf1f484f07
6. Mariagerfjord,https://valg.dk/fv/47b883ef-d0d3-4cb6-9da5-91963f0e9ba0/nomination-district/64a7117e-c46f-4bc4-a5c2-276a1f4138ad,Hobro,https://valg.dk/fv/47b883ef-d0d3-4cb6-9da5-91963f0e9ba0/nomination-district/64a7117e-c46f-4bc4-a5c2-276a1f4138ad/polling-district/179d09a7-5ed8-4ce3-bccd-3d74efcfe5ae
6. Mariagerfjord,https://valg.dk/fv/47b883ef-d0d3-4cb6-9da5-91963f0e9ba0/nomination-district/64a7117e-c46f-4bc4-a5c2-276a1f4138ad,Hørby,https://valg.dk/fv/47b883ef-d0d3-4cb6-9da5-91963f0e9ba0/nomination-district/64a7117e-c46f-4bc4-a5c2-276a1f4138ad/polling-district/491fe140-7c8d-4d17-97ad-a4f2b33cb3ad
6. Mariagerfjord,https://valg.dk/fv/47b883ef-d0d3-4cb6-9da5-91963f0e9ba0/nomination-district/64a7117e-c46f-4bc4-a5c2-276a1f4138ad,Mariager,https://valg.dk/fv/47b883ef-d0d3-4cb6-9da5-91963f0e9ba0/nomination-district/64a7117e-c46f-4bc4-a5c2-276a1f4138ad/polling-district/0a2a4d44-9cab-4085-b51d-8a85c6b48b44
6. Mariagerfjord,https://valg.dk/fv/47b883ef-d0d3-4cb6-9da5-91963f0e9ba0/nomination-district/64a7117e-c46f-4bc4-a5c2-276a1f4138ad,Onsild,https://valg.dk/fv/47b883ef-d0d3-4cb6-9da5-91963f0e9ba0/nomination-district/64a7117e-c46f-4bc4-a5c2-276a1f4138ad/polling-district/fc87d1d9-618b-4fb4-bb6c-250550025770
6. Mariagerfjord,https://valg.dk/fv/47b883ef-d0d3-4cb6-9da5-91963f0e9ba0/nomination-district/64a7117e-c46f-4bc4-a5c2-276a1f4138ad,Valsgård,https://valg.dk/fv/47b883ef-d0d3-4cb6-9da5-91963f0e9ba0/nomination-district/64a7117e-c46f-4bc4-a5c2-276a1f4138ad/polling-district/2d5f239e-6bfb-4bf8-b8ac-3b2157db4016
6. Mariagerfjord,https://valg.dk/fv/47b883ef-d0d3-4cb6-9da5-91963f0e9ba0/nomination-district/64a7117e-c46f-4bc4-a5c2-276a1f4138ad,Vebbestrup,https://valg.dk/fv/47b883ef-d0d3-4cb6-9da5-91963f0e9ba0/nomination-district/64a7117e-c46f-4bc4-a5c2-276a1f4138ad/polling-district/175d542b-4fb8-43c8-af8b-6f176a3636cb
6. Mariagerfjord,https://valg.dk/fv/47b883ef-d0d3-4cb6-9da5-91963f0e9ba0/nomination-district/64a7117e-c46f-4bc4-a5c2-276a1f4138ad,Veddum-Skelund,https://valg.dk/fv/47b883ef-d0d3-4cb6-9da5-91963f0e9ba0/nomination-district/64a7117e-c46f-4bc4-a5c2-276a1f4138ad/polling-district/8ea54ae7-72e5-43f3-b815-d741156395c2
6. Nyborg,https://valg.dk/fv/47b883ef-d0d3-4cb6-9da5-91963f0e9ba0/nomination-district/12f2ce40-287d-4ec2-8ab1-4e099e6ac4a4,Aunslevhallen,https://valg.dk/fv/47b883ef-d0d3-4cb6-9da5-91963f0e9ba0/nomination-district/12f2ce40-287d-4ec2-8ab1-4e099e6ac4a4/polling-district/c8e4c384-c81b-4209-9418-8323f0140587
6. Nyborg,https://valg.dk/fv/47b883ef-d0d3-4cb6-9da5-91963f0e9ba0/nomination-district/12f2ce40-287d-4ec2-8ab1-4e099e6ac4a4,Bastionen,https://valg.dk/fv/47b883ef-d0d3-4cb6-9da5-91963f0e9ba0/nomination-district/12f2ce40-287d-4ec2-8ab1-4e099e6ac4a4/polling-district/a9fb02a4-3367-433f-bd9a-9904fc189888
6. Nyborg,https://valg.dk/fv/47b883ef-d0d3-4cb6-9da5-91963f0e9ba0/nomination-district/12f2ce40-287d-4ec2-8ab1-4e099e6ac4a4,Ellested Og Herrested,https://valg.dk/fv/47b883ef-d0d3-4cb6-9da5-91963f0e9ba0/nomination-district/12f2ce40-287d-4ec2-8ab1-4e099e6ac4a4/polling-district/390e61da-b35a-44b1-9ffe-82e586477d74
6. Nyborg,https://valg.dk/fv/47b883ef-d0d3-4cb6-9da5-91963f0e9ba0/nomination-district/12f2ce40-287d-4ec2-8ab1-4e099e6ac4a4,Ellinge,https://valg.dk/fv/47b883ef-d0d3-4cb6-9da5-91963f0e9ba0/nomination-district/12f2ce40-287d-4ec2-8ab1-4e099e6ac4a4/polling-district/e5d97e19-e7bd-48ee-9d3d-5591a98c62c9
6. Nyborg,https://valg.dk/fv/47b883ef-d0d3-4cb6-9da5-91963f0e9ba0/nomination-district/12f2ce40-287d-4ec2-8ab1-4e099e6ac4a4,Frørup Og Tårup,https://valg.dk/fv/47b883ef-d0d3-4cb6-9da5-91963f0e9ba0/nomination-district/12f2ce40-287d-4ec2-8ab1-4e099e6ac4a4/polling-district/7c1655d1-3a6d-4307-b195-af507c17e91c
6. Nyborg,https://valg.dk/fv/47b883ef-d0d3-4cb6-9da5-91963f0e9ba0/nomination-district/12f2ce40-287d-4ec2-8ab1-4e099e6ac4a4,Hindsholm,https://valg.dk/fv/47b883ef-d0d3-4cb6-9da5-91963f0e9ba0/nomination-district/12f2ce40-287d-4ec2-8ab1-4e099e6ac4a4/polling-district/2b39c875-da17-408e-85cd-0b66199f16ac
6. Nyborg,https://valg.dk/fv/47b883ef-d0d3-4cb6-9da5-91963f0e9ba0/nomination-district/12f2ce40-287d-4ec2-8ab1-4e099e6ac4a4,Kerteminde,https://valg.dk/fv/47b883ef-d0d3-4cb6-9da5-91963f0e9ba0/nomination-district/12f2ce40-287d-4ec2-8ab1-4e099e6ac4a4/polling-district/985e521e-2135-4fba-8b46-3ca174958ce7
6. Nyborg,https://valg.dk/fv/47b883ef-d0d3-4cb6-9da5-91963f0e9ba0/nomination-district/12f2ce40-287d-4ec2-8ab1-4e099e6ac4a4,Kullerup Og Refsvindinge,https://valg.dk/fv/47b883ef-d0d3-4cb6-9da5-91963f0e9ba0/nomination-district/12f2ce40-287d-4ec2-8ab1-4e099e6ac4a4/polling-district/8eee6f92-5534-4def-b56b-8ce2d30283e7
6. Nyborg,https://valg.dk/fv/47b883ef-d0d3-4cb6-9da5-91963f0e9ba0/nomination-district/12f2ce40-287d-4ec2-8ab1-4e099e6ac4a4,Langeskov,https://valg.dk/fv/47b883ef-d0d3-4cb6-9da5-91963f0e9ba0/nomination-district/12f2ce40-287d-4ec2-8ab1-4e099e6ac4a4/polling-district/33c992b7-9437-41e1-9b5e-733b3f08ace8
6. Nyborg,https://valg.dk/fv/47b883ef-d0d3-4cb6-9da5-91963f0e9ba0/nomination-district/12f2ce40-287d-4ec2-8ab1-4e099e6ac4a4,Langtved,https://valg.dk/fv/47b883ef-d0d3-4cb6-9da5-91963f0e9ba0/nomination-district/12f2ce40-287d-4ec2-8ab1-4e099e6ac4a4/polling-district/ecf961fb-595d-4876-bb75-1406d4c33cbd
6. Nyborg,https://valg.dk/fv/47b883ef-d0d3-4cb6-9da5-91963f0e9ba0/nomination-district/12f2ce40-287d-4ec2-8ab1-4e099e6ac4a4,"Langå, Svindinge Og Øksendrup",https://valg.dk/fv/47b883ef-d0d3-4cb6-9da5-91963f0e9ba0/nomination-district/12f2ce40-287d-4ec2-8ab1-4e099e6ac4a4/polling-district/95673a3b-5e56-4dcc-a207-c8b6ed84f76d
6. Nyborg,https://valg.dk/fv/47b883ef-d0d3-4cb6-9da5-91963f0e9ba0/nomination-district/12f2ce40-287d-4ec2-8ab1-4e099e6ac4a4,Marslev,https://valg.dk/fv/47b883ef-d0d3-4cb6-9da5-91963f0e9ba0/nomination-district/12f2ce40-287d-4ec2-8ab1-4e099e6ac4a4/polling-district/3ecf99fa-ffeb-43dc-9d85-a5058254e4d0
6. Nyborg,https://valg.dk/fv/47b883ef-d0d3-4cb6-9da5-91963f0e9ba0/nomination-district/12f2ce40-287d-4ec2-8ab1-4e099e6ac4a4,Munkebo,https://valg.dk/fv/47b883ef-d0d3-4cb6-9da5-91963f0e9ba0/nomination-district/12f2ce40-287d-4ec2-8ab1-4e099e6ac4a4/polling-district/6c548c52-bdc8-4712-bc6a-6435f2457e7d
6. Nyborg,https://valg.dk/fv/47b883ef-d0d3-4cb6-9da5-91963f0e9ba0/nomination-district/12f2ce40-287d-4ec2-8ab1-4e099e6ac4a4,Nyborghallen,https://valg.dk/fv/47b883ef-d0d3-4cb6-9da5-91963f0e9ba0/nomination-district/12f2ce40-287d-4ec2-8ab1-4e099e6ac4a4/polling-district/842b4c99-6696-4536-a99c-1ca656d501df
6. Nyborg,https://valg.dk/fv/47b883ef-d0d3-4cb6-9da5-91963f0e9ba0/nomination-district/12f2ce40-287d-4ec2-8ab1-4e099e6ac4a4,Nymarken,https://valg.dk/fv/47b883ef-d0d3-4cb6-9da5-91963f0e9ba0/nomination-district/12f2ce40-287d-4ec2-8ab1-4e099e6ac4a4/polling-district/3d16bccd-253d-4c49-ad1e-5f8441d7af8c
6. Nyborg,https://valg.dk/fv/47b883ef-d0d3-4cb6-9da5-91963f0e9ba0/nomination-district/12f2ce40-287d-4ec2-8ab1-4e099e6ac4a4,Skellerup,https://valg.dk/fv/47b883ef-d0d3-4cb6-9da5-91963f0e9ba0/nomination-district/12f2ce40-287d-4ec2-8ab1-4e099e6ac4a4/polling-district/db17c314-ded5-49d7-9d28-fec455397475
6. Nyborg,https://valg.dk/fv/47b883ef-d0d3-4cb6-9da5-91963f0e9ba0/nomination-district/12f2ce40-287d-4ec2-8ab1-4e099e6ac4a4,Ullerslev,https://valg.dk/fv/47b883ef-d0d3-4cb6-9da5-91963f0e9ba0/nomination-district/12f2ce40-287d-4ec2-8ab1-4e099e6ac4a4/polling-district/332fd0e1-7476-48fb-846a-872bec1a4c2a
6. Nyborg,https://valg.dk/fv/47b883ef-d0d3-4cb6-9da5-91963f0e9ba0/nomination-district/12f2ce40-287d-4ec2-8ab1-4e099e6ac4a4,Vindinge Forsamlingshus,https://valg.dk/fv/47b883ef-d0d3-4cb6-9da5-91963f0e9ba0/nomination-district/12f2ce40-287d-4ec2-8ab1-4e099e6ac4a4/polling-district/4918538f-0f81-4c2e-9108-179f6f112649
6. Nyborg,https://valg.dk/fv/47b883ef-d0d3-4cb6-9da5-91963f0e9ba0/nomination-district/12f2ce40-287d-4ec2-8ab1-4e099e6ac4a4,Ørbæk,https://valg.dk/fv/47b883ef-d0d3-4cb6-9da5-91963f0e9ba0/nomination-district/12f2ce40-287d-4ec2-8ab1-4e099e6ac4a4/polling-district/19fd1803-abdb-48ba-ba32-0e59c0a50ba7
6. Randers Nord,https://valg.dk/fv/47b883ef-d0d3-4cb6-9da5-91963f0e9ba0/nomination-district/9254739f-3c2b-439d-909e-fdd47acaa9c2,Blicherskolen,https://valg.dk/fv/47b883ef-d0d3-4cb6-9da5-91963f0e9ba0/nomination-district/9254739f-3c2b-439d-909e-fdd47acaa9c2/polling-district/96b4988d-b3fb-4c26-89e3-9f95700e226c
6. Randers Nord,https://valg.dk/fv/47b883ef-d0d3-4cb6-9da5-91963f0e9ba0/nomination-district/9254739f-3c2b-439d-909e-fdd47acaa9c2,Gjerlev Aktivitetshus,https://valg.dk/fv/47b883ef-d0d3-4cb6-9da5-91963f0e9ba0/nomination-district/9254739f-3c2b-439d-909e-fdd47acaa9c2/polling-district/1ea81998-5351-4490-8dff-69ab9539b79e
6. Randers Nord,https://valg.dk/fv/47b883ef-d0d3-4cb6-9da5-91963f0e9ba0/nomination-district/9254739f-3c2b-439d-909e-fdd47acaa9c2,Hald Forsamlingshus,https://valg.dk/fv/47b883ef-d0d3-4cb6-9da5-91963f0e9ba0/nomination-district/9254739f-3c2b-439d-909e-fdd47acaa9c2/polling-district/0ffb6227-2a82-4e66-927a-6102a6c98e88
6. Randers Nord,https://valg.dk/fv/47b883ef-d0d3-4cb6-9da5-91963f0e9ba0/nomination-district/9254739f-3c2b-439d-909e-fdd47acaa9c2,Havndalhallen,https://valg.dk/fv/47b883ef-d0d3-4cb6-9da5-91963f0e9ba0/nomination-district/9254739f-3c2b-439d-909e-fdd47acaa9c2/polling-district/0a8f2bf2-e3ca-4983-8ddd-d8b43b1efd99
6. Randers Nord,https://valg.dk/fv/47b883ef-d0d3-4cb6-9da5-91963f0e9ba0/nomination-district/9254739f-3c2b-439d-909e-fdd47acaa9c2,Hornbækhallen,https://valg.dk/fv/47b883ef-d0d3-4cb6-9da5-91963f0e9ba0/nomination-district/9254739f-3c2b-439d-909e-fdd47acaa9c2/polling-district/e4d8848a-6f78-42a5-8286-9f1d26332f8a
6. Randers Nord,https://valg.dk/fv/47b883ef-d0d3-4cb6-9da5-91963f0e9ba0/nomination-district/9254739f-3c2b-439d-909e-fdd47acaa9c2,Korshøjskolen,https://valg.dk/fv/47b883ef-d0d3-4cb6-9da5-91963f0e9ba0/nomination-district/9254739f-3c2b-439d-909e-fdd47acaa9c2/polling-district/30b7afcb-e7a7-4fb5-b0a7-7e0f5594415a
6. Randers Nord,https://valg.dk/fv/47b883ef-d0d3-4cb6-9da5-91963f0e9ba0/nomination-district/9254739f-3c2b-439d-909e-fdd47acaa9c2,Kultur-Aktivitetshuset Gassum,https://valg.dk/fv/47b883ef-d0d3-4cb6-9da5-91963f0e9ba0/nomination-district/9254739f-3c2b-439d-909e-fdd47acaa9c2/polling-district/ae8481ad-3443-4d4e-bf6e-a9d472a16034
6. Randers Nord,https://valg.dk/fv/47b883ef-d0d3-4cb6-9da5-91963f0e9ba0/nomination-district/9254739f-3c2b-439d-909e-fdd47acaa9c2,Nørrevangsskolen,https://valg.dk/fv/47b883ef-d0d3-4cb6-9da5-91963f0e9ba0/nomination-district/9254739f-3c2b-439d-909e-fdd47acaa9c2/polling-district/2ebb6958-205b-48c8-ad29-68a894b2ad0e
6. Randers Nord,https://valg.dk/fv/47b883ef-d0d3-4cb6-9da5-91963f0e9ba0/nomination-district/9254739f-3c2b-439d-909e-fdd47acaa9c2,Randers Badmintonhaller,https://valg.dk/fv/47b883ef-d0d3-4cb6-9da5-91963f0e9ba0/nomination-district/9254739f-3c2b-439d-909e-fdd47acaa9c2/polling-district/9886cfc9-720a-4aa4-89cf-1a344fb5f5ba
6. Randers Nord,https://valg.dk/fv/47b883ef-d0d3-4cb6-9da5-91963f0e9ba0/nomination-district/9254739f-3c2b-439d-909e-fdd47acaa9c2,Rismølleskolen,https://valg.dk/fv/47b883ef-d0d3-4cb6-9da5-91963f0e9ba0/nomination-district/9254739f-3c2b-439d-909e-fdd47acaa9c2/polling-district/2e5cddb0-4dd3-478e-88a6-517836c0ac50
6. Randers Nord,https://valg.dk/fv/47b883ef-d0d3-4cb6-9da5-91963f0e9ba0/nomination-district/9254739f-3c2b-439d-909e-fdd47acaa9c2,Råby Forsamlingshus,https://valg.dk/fv/47b883ef-d0d3-4cb6-9da5-91963f0e9ba0/nomination-district/9254739f-3c2b-439d-909e-fdd47acaa9c2/polling-district/1e5f5099-1bde-4f63-b941-f311cb4bc661
6. Randers Nord,https://valg.dk/fv/47b883ef-d0d3-4cb6-9da5-91963f0e9ba0/nomination-district/9254739f-3c2b-439d-909e-fdd47acaa9c2,Trekløverskolen,https://valg.dk/fv/47b883ef-d0d3-4cb6-9da5-91963f0e9ba0/nomination-district/9254739f-3c2b-439d-909e-fdd47acaa9c2/polling-district/e49e1d64-9f45-4fbd-ace5-c5e7f8d17404
6. Randers Nord,https://valg.dk/fv/47b883ef-d0d3-4cb6-9da5-91963f0e9ba0/nomination-district/9254739f-3c2b-439d-909e-fdd47acaa9c2,Vestervangsskolen,https://valg.dk/fv/47b883ef-d0d3-4cb6-9da5-91963f0e9ba0/nomination-district/9254739f-3c2b-439d-909e-fdd47acaa9c2/polling-district/64bcad5d-07f0-4fc1-9a29-9a4a73f52742
6. Randers Nord,https://valg.dk/fv/47b883ef-d0d3-4cb6-9da5-91963f0e9ba0/nomination-district/9254739f-3c2b-439d-909e-fdd47acaa9c2,Øster Tørslev Fritidslokaler,https://valg.dk/fv/47b883ef-d0d3-4cb6-9da5-91963f0e9ba0/nomination-district/9254739f-3c2b-439d-909e-fdd47acaa9c2/polling-district/f3610f0a-b17f-4490-94a4-55975ee0e02e
6. Randers Nord,https://valg.dk/fv/47b883ef-d0d3-4cb6-9da5-91963f0e9ba0/nomination-district/9254739f-3c2b-439d-909e-fdd47acaa9c2,Østervangsskolen,https://valg.dk/fv/47b883ef-d0d3-4cb6-9da5-91963f0e9ba0/nomination-district/9254739f-3c2b-439d-909e-fdd47acaa9c2/polling-district/55eaefd7-f1d4-4fce-b441-302f66ab983e
6. Rudersdal,https://valg.dk/fv/47b883ef-d0d3-4cb6-9da5-91963f0e9ba0/nomination-district/08231550-ae07-4003-912c-f80dd8fd536f,Birkerød,https://valg.dk/fv/47b883ef-d0d3-4cb6-9da5-91963f0e9ba0/nomination-district/08231550-ae07-4003-912c-f80dd8fd536f/polling-district/b9facdcd-da21-449c-b876-e3c24884d458
6. Rudersdal,https://valg.dk/fv/47b883ef-d0d3-4cb6-9da5-91963f0e9ba0/nomination-district/08231550-ae07-4003-912c-f80dd8fd536f,Blovstrød,https://valg.dk/fv/47b883ef-d0d3-4cb6-9da5-91963f0e9ba0/nomination-district/08231550-ae07-4003-912c-f80dd8fd536f/polling-district/aaf76771-4625-4330-b6de-0263d0f56359
6. Rudersdal,https://valg.dk/fv/47b883ef-d0d3-4cb6-9da5-91963f0e9ba0/nomination-district/08231550-ae07-4003-912c-f80dd8fd536f,Grünersvej,https://valg.dk/fv/47b883ef-d0d3-4cb6-9da5-91963f0e9ba0/nomination-district/08231550-ae07-4003-912c-f80dd8fd536f/polling-district/d6f03cb7-aa35-4449-b8af-48aa2396f23a
6. Rudersdal,https://valg.dk/fv/47b883ef-d0d3-4cb6-9da5-91963f0e9ba0/nomination-district/08231550-ae07-4003-912c-f80dd8fd536f,Lillerød,https://valg.dk/fv/47b883ef-d0d3-4cb6-9da5-91963f0e9ba0/nomination-district/08231550-ae07-4003-912c-f80dd8fd536f/polling-district/d49e2b86-2a90-4746-bd2a-ba5ccfa74cc8
6. Rudersdal,https://valg.dk/fv/47b883ef-d0d3-4cb6-9da5-91963f0e9ba0/nomination-district/08231550-ae07-4003-912c-f80dd8fd536f,Lynge,https://valg.dk/fv/47b883ef-d0d3-4cb6-9da5-91963f0e9ba0/nomination-district/08231550-ae07-4003-912c-f80dd8fd536f/polling-district/35dd0838-b8e2-4312-9ec8-34f2fc701e35
6. Rudersdal,https://valg.dk/fv/47b883ef-d0d3-4cb6-9da5-91963f0e9ba0/nomination-district/08231550-ae07-4003-912c-f80dd8fd536f,Nærum,https://valg.dk/fv/47b883ef-d0d3-4cb6-9da5-91963f0e9ba0/nomination-district/08231550-ae07-4003-912c-f80dd8fd536f/polling-district/26ea8785-e208-469e-b259-d9426beaf463
6. Rudersdal,https://valg.dk/fv/47b883ef-d0d3-4cb6-9da5-91963f0e9ba0/nomination-district/08231550-ae07-4003-912c-f80dd8fd536f,Ravnsholt,https://valg.dk/fv/47b883ef-d0d3-4cb6-9da5-91963f0e9ba0/nomination-district/08231550-ae07-4003-912c-f80dd8fd536f/polling-district/a0f3b749-82c1-4aef-a503-db5c1d0fb1b0
6. Rudersdal,https://valg.dk/fv/47b883ef-d0d3-4cb6-9da5-91963f0e9ba0/nomination-district/08231550-ae07-4003-912c-f80dd8fd536f,Sjælsø,https://valg.dk/fv/47b883ef-d0d3-4cb6-9da5-91963f0e9ba0/nomination-district/08231550-ae07-4003-912c-f80dd8fd536f/polling-district/83d2ae40-896e-425c-9582-3aa6e9478add
6. Rudersdal,https://valg.dk/fv/47b883ef-d0d3-4cb6-9da5-91963f0e9ba0/nomination-district/08231550-ae07-4003-912c-f80dd8fd536f,Skovly,https://valg.dk/fv/47b883ef-d0d3-4cb6-9da5-91963f0e9ba0/nomination-district/08231550-ae07-4003-912c-f80dd8fd536f/polling-district/914de202-6dbd-4416-b6ba-7e343c1ebdb7
6. Rudersdal,https://valg.dk/fv/47b883ef-d0d3-4cb6-9da5-91963f0e9ba0/nomination-district/08231550-ae07-4003-912c-f80dd8fd536f,Skovvang,https://valg.dk/fv/47b883ef-d0d3-4cb6-9da5-91963f0e9ba0/nomination-district/08231550-ae07-4003-912c-f80dd8fd536f/polling-district/a033fe34-6cf3-4e29-839d-07fe53ca07ed
6. Rudersdal,https://valg.dk/fv/47b883ef-d0d3-4cb6-9da5-91963f0e9ba0/nomination-district/08231550-ae07-4003-912c-f80dd8fd536f,Toftevang,https://valg.dk/fv/47b883ef-d0d3-4cb6-9da5-91963f0e9ba0/nomination-district/08231550-ae07-4003-912c-f80dd8fd536f/polling-district/d5a8bbea-72dd-42a7-97d1-cc254cad348e
6. Rudersdal,https://valg.dk/fv/47b883ef-d0d3-4cb6-9da5-91963f0e9ba0/nomination-district/08231550-ae07-4003-912c-f80dd8fd536f,Trørød,https://valg.dk/fv/47b883ef-d0d3-4cb6-9da5-91963f0e9ba0/nomination-district/08231550-ae07-4003-912c-f80dd8fd536f/polling-district/e8c42d72-bbd8-42cb-a84d-ecf99bc30f4f
6. Rudersdal,https://valg.dk/fv/47b883ef-d0d3-4cb6-9da5-91963f0e9ba0/nomination-district/08231550-ae07-4003-912c-f80dd8fd536f,Vangebo,https://valg.dk/fv/47b883ef-d0d3-4cb6-9da5-91963f0e9ba0/nomination-district/08231550-ae07-4003-912c-f80dd8fd536f/polling-district/18edebed-e8c0-4ed4-aa0f-2522fe35dff0
6. Rudersdal,https://valg.dk/fv/47b883ef-d0d3-4cb6-9da5-91963f0e9ba0/nomination-district/08231550-ae07-4003-912c-f80dd8fd536f,Vedbæk,https://valg.dk/fv/47b883ef-d0d3-4cb6-9da5-91963f0e9ba0/nomination-district/08231550-ae07-4003-912c-f80dd8fd536f/polling-district/6b683421-850d-4a2e-94fd-708ef8ec50f4
6. Silkeborg Syd,https://valg.dk/fv/47b883ef-d0d3-4cb6-9da5-91963f0e9ba0/nomination-district/9d4e777d-c150-42b2-8de3-1358c26f1d10,Alderslyst,https://valg.dk/fv/47b883ef-d0d3-4cb6-9da5-91963f0e9ba0/nomination-district/9d4e777d-c150-42b2-8de3-1358c26f1d10/polling-district/236bdec8-ce57-47f7-83d2-6e36b1a8361a
6. Silkeborg Syd,https://valg.dk/fv/47b883ef-d0d3-4cb6-9da5-91963f0e9ba0/nomination-district/9d4e777d-c150-42b2-8de3-1358c26f1d10,Balle,https://valg.dk/fv/47b883ef-d0d3-4cb6-9da5-91963f0e9ba0/nomination-district/9d4e777d-c150-42b2-8de3-1358c26f1d10/polling-district/ccc56a85-e9ec-4999-86d7-406ad1bae84d
6. Silkeborg Syd,https://valg.dk/fv/47b883ef-d0d3-4cb6-9da5-91963f0e9ba0/nomination-district/9d4e777d-c150-42b2-8de3-1358c26f1d10,Bryrup,https://valg.dk/fv/47b883ef-d0d3-4cb6-9da5-91963f0e9ba0/nomination-district/9d4e777d-c150-42b2-8de3-1358c26f1d10/polling-district/502e2f5e-2a91-41fc-9692-f2610dd392fe
6. Silkeborg Syd,https://valg.dk/fv/47b883ef-d0d3-4cb6-9da5-91963f0e9ba0/nomination-district/9d4e777d-c150-42b2-8de3-1358c26f1d10,Buskelund,https://valg.dk/fv/47b883ef-d0d3-4cb6-9da5-91963f0e9ba0/nomination-district/9d4e777d-c150-42b2-8de3-1358c26f1d10/polling-district/6f863300-6849-4647-b7d5-a002f630838e
6. Silkeborg Syd,https://valg.dk/fv/47b883ef-d0d3-4cb6-9da5-91963f0e9ba0/nomination-district/9d4e777d-c150-42b2-8de3-1358c26f1d10,Gjessø,https://valg.dk/fv/47b883ef-d0d3-4cb6-9da5-91963f0e9ba0/nomination-district/9d4e777d-c150-42b2-8de3-1358c26f1d10/polling-district/c03c7f15-298c-49c8-83b3-c496e174fff3
6. Silkeborg Syd,https://valg.dk/fv/47b883ef-d0d3-4cb6-9da5-91963f0e9ba0/nomination-district/9d4e777d-c150-42b2-8de3-1358c26f1d10,Hjøllund,https://valg.dk/fv/47b883ef-d0d3-4cb6-9da5-91963f0e9ba0/nomination-district/9d4e777d-c150-42b2-8de3-1358c26f1d10/polling-district/29e5f92b-9801-4d2c-8a51-72e609d68be6
6. Silkeborg Syd,https://valg.dk/fv/47b883ef-d0d3-4cb6-9da5-91963f0e9ba0/nomination-district/9d4e777d-c150-42b2-8de3-1358c26f1d10,Jysk Arena,https://valg.dk/fv/47b883ef-d0d3-4cb6-9da5-91963f0e9ba0/nomination-district/9d4e777d-c150-42b2-8de3-1358c26f1d10/polling-district/26bcb49d-c9ef-43f9-8a67-25817083ba87
6. Silkeborg Syd,https://valg.dk/fv/47b883ef-d0d3-4cb6-9da5-91963f0e9ba0/nomination-district/9d4e777d-c150-42b2-8de3-1358c26f1d10,Langsøskolen,https://valg.dk/fv/47b883ef-d0d3-4cb6-9da5-91963f0e9ba0/nomination-district/9d4e777d-c150-42b2-8de3-1358c26f1d10/polling-district/ba15cd75-fa10-4c9f-b50a-b248b4b3344f
6. Silkeborg Syd,https://valg.dk/fv/47b883ef-d0d3-4cb6-9da5-91963f0e9ba0/nomination-district/9d4e777d-c150-42b2-8de3-1358c26f1d10,Them,https://valg.dk/fv/47b883ef-d0d3-4cb6-9da5-91963f0e9ba0/nomination-district/9d4e777d-c150-42b2-8de3-1358c26f1d10/polling-district/9c4f5189-0bb4-45f3-a303-fbc263befc53
6. Silkeborg Syd,https://valg.dk/fv/47b883ef-d0d3-4cb6-9da5-91963f0e9ba0/nomination-district/9d4e777d-c150-42b2-8de3-1358c26f1d10,Vestergadehallen,https://valg.dk/fv/47b883ef-d0d3-4cb6-9da5-91963f0e9ba0/nomination-district/9d4e777d-c150-42b2-8de3-1358c26f1d10/polling-district/64048339-4eae-46e6-aadf-d32387a7e705
6. Silkeborg Syd,https://valg.dk/fv/47b883ef-d0d3-4cb6-9da5-91963f0e9ba0/nomination-district/9d4e777d-c150-42b2-8de3-1358c26f1d10,Virklund,https://valg.dk/fv/47b883ef-d0d3-4cb6-9da5-91963f0e9ba0/nomination-district/9d4e777d-c150-42b2-8de3-1358c26f1d10/polling-district/a707f8a7-e51e-42ee-a95c-61c10908c8a9
6. Varde,https://valg.dk/fv/47b883ef-d0d3-4cb6-9da5-91963f0e9ba0/nomination-district/3c43dfb2-0e15-4ac2-b326-e91e7278db95,Agerbæk,https://valg.dk/fv/47b883ef-d0d3-4cb6-9da5-91963f0e9ba0/nomination-district/3c43dfb2-0e15-4ac2-b326-e91e7278db95/polling-district/130f8196-cf1c-4704-a5c0-3a8250a4c1b8
6. Varde,https://valg.dk/fv/47b883ef-d0d3-4cb6-9da5-91963f0e9ba0/nomination-district/3c43dfb2-0e15-4ac2-b326-e91e7278db95,Alslev,https://valg.dk/fv/47b883ef-d0d3-4cb6-9da5-91963f0e9ba0/nomination-district/3c43dfb2-0e15-4ac2-b326-e91e7278db95/polling-district/f1b3a613-6fd1-47ad-8078-eb6e3c00c169
6. Varde,https://valg.dk/fv/47b883ef-d0d3-4cb6-9da5-91963f0e9ba0/nomination-district/3c43dfb2-0e15-4ac2-b326-e91e7278db95,Ansager,https://valg.dk/fv/47b883ef-d0d3-4cb6-9da5-91963f0e9ba0/nomination-district/3c43dfb2-0e15-4ac2-b326-e91e7278db95/polling-district/82acc24d-9fe2-4ed1-96b8-4a31f12b9bcd
6. Varde,https://valg.dk/fv/47b883ef-d0d3-4cb6-9da5-91963f0e9ba0/nomination-district/3c43dfb2-0e15-4ac2-b326-e91e7278db95,Billum,https://valg.dk/fv/47b883ef-d0d3-4cb6-9da5-91963f0e9ba0/nomination-district/3c43dfb2-0e15-4ac2-b326-e91e7278db95/polling-district/038b4c46-4ad4-45d2-a08c-976b778352f1
6. Varde,https://valg.dk/fv/47b883ef-d0d3-4cb6-9da5-91963f0e9ba0/nomination-district/3c43dfb2-0e15-4ac2-b326-e91e7278db95,Blåvand,https://valg.dk/fv/47b883ef-d0d3-4cb6-9da5-91963f0e9ba0/nomination-district/3c43dfb2-0e15-4ac2-b326-e91e7278db95/polling-district/d67e0dc4-d627-4c89-9e71-3d91e4cfb0f2
6. Varde,https://valg.dk/fv/47b883ef-d0d3-4cb6-9da5-91963f0e9ba0/nomination-district/3c43dfb2-0e15-4ac2-b326-e91e7278db95,Fåborg,https://valg.dk/fv/47b883ef-d0d3-4cb6-9da5-91963f0e9ba0/nomination-district/3c43dfb2-0e15-4ac2-b326-e91e7278db95/polling-district/61d3fe00-194b-4507-a97a-93c6fa9ca4d5
6. Varde,https://valg.dk/fv/47b883ef-d0d3-4cb6-9da5-91963f0e9ba0/nomination-district/3c43dfb2-0e15-4ac2-b326-e91e7278db95,Henne,https://valg.dk/fv/47b883ef-d0d3-4cb6-9da5-91963f0e9ba0/nomination-district/3c43dfb2-0e15-4ac2-b326-e91e7278db95/polling-district/647d6e46-1fe3-4fb3-9037-04509d2679e8
6. Varde,https://valg.dk/fv/47b883ef-d0d3-4cb6-9da5-91963f0e9ba0/nomination-district/3c43dfb2-0e15-4ac2-b326-e91e7278db95,Horne,https://valg.dk/fv/47b883ef-d0d3-4cb6-9da5-91963f0e9ba0/nomination-district/3c43dfb2-0e15-4ac2-b326-e91e7278db95/polling-district/2d403832-173c-46f5-b0ff-21b6af65d220
6. Varde,https://valg.dk/fv/47b883ef-d0d3-4cb6-9da5-91963f0e9ba0/nomination-district/3c43dfb2-0e15-4ac2-b326-e91e7278db95,Janderup,https://valg.dk/fv/47b883ef-d0d3-4cb6-9da5-91963f0e9ba0/nomination-district/3c43dfb2-0e15-4ac2-b326-e91e7278db95/polling-district/af125460-a35c-44b9-94b9-1046ed3a2044
6. Varde,https://valg.dk/fv/47b883ef-d0d3-4cb6-9da5-91963f0e9ba0/nomination-district/3c43dfb2-0e15-4ac2-b326-e91e7278db95,Lunde,https://valg.dk/fv/47b883ef-d0d3-4cb6-9da5-91963f0e9ba0/nomination-district/3c43dfb2-0e15-4ac2-b326-e91e7278db95/polling-district/bdb16556-a7e7-44e2-8e9d-5c7adcc3d441
6. Varde,https://valg.dk/fv/47b883ef-d0d3-4cb6-9da5-91963f0e9ba0/nomination-district/3c43dfb2-0e15-4ac2-b326-e91e7278db95,Nordenskov,https://valg.dk/fv/47b883ef-d0d3-4cb6-9da5-91963f0e9ba0/nomination-district/3c43dfb2-0e15-4ac2-b326-e91e7278db95/polling-district/6c6f71e8-55d5-432b-980d-01d9d2465168
6. Varde,https://valg.dk/fv/47b883ef-d0d3-4cb6-9da5-91963f0e9ba0/nomination-district/3c43dfb2-0e15-4ac2-b326-e91e7278db95,Næsbjerg,https://valg.dk/fv/47b883ef-d0d3-4cb6-9da5-91963f0e9ba0/nomination-district/3c43dfb2-0e15-4ac2-b326-e91e7278db95/polling-district/01e20604-b817-476c-ac97-460025e00183
6. Varde,https://valg.dk/fv/47b883ef-d0d3-4cb6-9da5-91963f0e9ba0/nomination-district/3c43dfb2-0e15-4ac2-b326-e91e7278db95,Nørre Nebel,https://valg.dk/fv/47b883ef-d0d3-4cb6-9da5-91963f0e9ba0/nomination-district/3c43dfb2-0e15-4ac2-b326-e91e7278db95/polling-district/b70dab22-aeab-40fc-a558-9a50ecd79a41
6. Varde,https://valg.dk/fv/47b883ef-d0d3-4cb6-9da5-91963f0e9ba0/nomination-district/3c43dfb2-0e15-4ac2-b326-e91e7278db95,Oksbøl,https://valg.dk/fv/47b883ef-d0d3-4cb6-9da5-91963f0e9ba0/nomination-district/3c43dfb2-0e15-4ac2-b326-e91e7278db95/polling-district/1ac9395f-7ddb-4b03-bb24-55c39050f55b
6. Varde,https://valg.dk/fv/47b883ef-d0d3-4cb6-9da5-91963f0e9ba0/nomination-district/3c43dfb2-0e15-4ac2-b326-e91e7278db95,Outrup,https://valg.dk/fv/47b883ef-d0d3-4cb6-9da5-91963f0e9ba0/nomination-district/3c43dfb2-0e15-4ac2-b326-e91e7278db95/polling-district/02ce89de-f7de-44fa-b6b2-78cfac08293d
6. Varde,https://valg.dk/fv/47b883ef-d0d3-4cb6-9da5-91963f0e9ba0/nomination-district/3c43dfb2-0e15-4ac2-b326-e91e7278db95,Sig,https://valg.dk/fv/47b883ef-d0d3-4cb6-9da5-91963f0e9ba0/nomination-district/3c43dfb2-0e15-4ac2-b326-e91e7278db95/polling-district/659fc620-2507-44b3-802d-a56043a2f550
6. Varde,https://valg.dk/fv/47b883ef-d0d3-4cb6-9da5-91963f0e9ba0/nomination-district/3c43dfb2-0e15-4ac2-b326-e91e7278db95,Skovlund,https://valg.dk/fv/47b883ef-d0d3-4cb6-9da5-91963f0e9ba0/nomination-district/3c43dfb2-0e15-4ac2-b326-e91e7278db95/polling-district/7b4c226f-5800-442c-b4f3-f64d4b7931f8
6. Varde,https://valg.dk/fv/47b883ef-d0d3-4cb6-9da5-91963f0e9ba0/nomination-district/3c43dfb2-0e15-4ac2-b326-e91e7278db95,Starup,https://valg.dk/fv/47b883ef-d0d3-4cb6-9da5-91963f0e9ba0/nomination-district/3c43dfb2-0e15-4ac2-b326-e91e7278db95/polling-district/186a4bc2-d40c-4145-b124-e2064908b0a8
6. Varde,https://valg.dk/fv/47b883ef-d0d3-4cb6-9da5-91963f0e9ba0/nomination-district/3c43dfb2-0e15-4ac2-b326-e91e7278db95,Tinghøj,https://valg.dk/fv/47b883ef-d0d3-4cb6-9da5-91963f0e9ba0/nomination-district/3c43dfb2-0e15-4ac2-b326-e91e7278db95/polling-district/0198e883-5dd9-4934-be58-970a4de7be69
6. Varde,https://valg.dk/fv/47b883ef-d0d3-4cb6-9da5-91963f0e9ba0/nomination-district/3c43dfb2-0e15-4ac2-b326-e91e7278db95,Tistrup,https://valg.dk/fv/47b883ef-d0d3-4cb6-9da5-91963f0e9ba0/nomination-district/3c43dfb2-0e15-4ac2-b326-e91e7278db95/polling-district/ac993ce7-24ed-491e-8abb-0c47a3eb965f
6. Varde,https://valg.dk/fv/47b883ef-d0d3-4cb6-9da5-91963f0e9ba0/nomination-district/3c43dfb2-0e15-4ac2-b326-e91e7278db95,Varde By,https://valg.dk/fv/47b883ef-d0d3-4cb6-9da5-91963f0e9ba0/nomination-district/3c43dfb2-0e15-4ac2-b326-e91e7278db95/polling-district/9d8af617-9336-494f-a6e7-68b609262aa6
6. Varde,https://valg.dk/fv/47b883ef-d0d3-4cb6-9da5-91963f0e9ba0/nomination-district/3c43dfb2-0e15-4ac2-b326-e91e7278db95,Årre,https://valg.dk/fv/47b883ef-d0d3-4cb6-9da5-91963f0e9ba0/nomination-district/3c43dfb2-0e15-4ac2-b326-e91e7278db95/polling-district/651f37f4-9674-4cdd-ab61-277549dfdf8b
6. Varde,https://valg.dk/fv/47b883ef-d0d3-4cb6-9da5-91963f0e9ba0/nomination-district/3c43dfb2-0e15-4ac2-b326-e91e7278db95,Ølgod,https://valg.dk/fv/47b883ef-d0d3-4cb6-9da5-91963f0e9ba0/nomination-district/3c43dfb2-0e15-4ac2-b326-e91e7278db95/polling-district/822afff7-edb3-4a18-bc9d-a442d0412c33
7. Aalborg Øst,https://valg.dk/fv/47b883ef-d0d3-4cb6-9da5-91963f0e9ba0/nomination-district/f261d200-342c-4664-957a-7bcbd0e67731,Aalborghus Gymnasium,https://valg.dk/fv/47b883ef-d0d3-4cb6-9da5-91963f0e9ba0/nomination-district/f261d200-342c-4664-957a-7bcbd0e67731/polling-district/5ba63249-774d-4e44-b112-6ed248d7df7b
7. Aalborg Øst,https://valg.dk/fv/47b883ef-d0d3-4cb6-9da5-91963f0e9ba0/nomination-district/f261d200-342c-4664-957a-7bcbd0e67731,Båndby - Hallen,https://valg.dk/fv/47b883ef-d0d3-4cb6-9da5-91963f0e9ba0/nomination-district/f261d200-342c-4664-957a-7bcbd0e67731/polling-district/c81d13c5-10c7-44a3-acb2-779a8d907c16
7. Aalborg Øst,https://valg.dk/fv/47b883ef-d0d3-4cb6-9da5-91963f0e9ba0/nomination-district/f261d200-342c-4664-957a-7bcbd0e67731,Gigantium,https://valg.dk/fv/47b883ef-d0d3-4cb6-9da5-91963f0e9ba0/nomination-district/f261d200-342c-4664-957a-7bcbd0e67731/polling-district/8b09ee72-dd97-4ae7-acc3-769f497c393a
7. Aalborg Øst,https://valg.dk/fv/47b883ef-d0d3-4cb6-9da5-91963f0e9ba0/nomination-district/f261d200-342c-4664-957a-7bcbd0e67731,Gistrup Skoles Idrætshal,https://valg.dk/fv/47b883ef-d0d3-4cb6-9da5-91963f0e9ba0/nomination-district/f261d200-342c-4664-957a-7bcbd0e67731/polling-district/73dd1725-ff73-46c7-b87a-7ba714c253f7
7. Aalborg Øst,https://valg.dk/fv/47b883ef-d0d3-4cb6-9da5-91963f0e9ba0/nomination-district/f261d200-342c-4664-957a-7bcbd0e67731,Gug Skole,https://valg.dk/fv/47b883ef-d0d3-4cb6-9da5-91963f0e9ba0/nomination-district/f261d200-342c-4664-957a-7bcbd0e67731/polling-district/c8bc468c-2adb-4ec3-b9a8-b59a6183cf9f
7. Aalborg Øst,https://valg.dk/fv/47b883ef-d0d3-4cb6-9da5-91963f0e9ba0/nomination-district/f261d200-342c-4664-957a-7bcbd0e67731,Idrætscentret Kongerslev,https://valg.dk/fv/47b883ef-d0d3-4cb6-9da5-91963f0e9ba0/nomination-district/f261d200-342c-4664-957a-7bcbd0e67731/polling-district/9a9a709c-a7a1-4a46-882b-f15929c0f67c
7. Aalborg Øst,https://valg.dk/fv/47b883ef-d0d3-4cb6-9da5-91963f0e9ba0/nomination-district/f261d200-342c-4664-957a-7bcbd0e67731,Klaruphallen,https://valg.dk/fv/47b883ef-d0d3-4cb6-9da5-91963f0e9ba0/nomination-district/f261d200-342c-4664-957a-7bcbd0e67731/polling-district/0a5e1939-8dab-48ec-88da-da67b602a4ff
7. Aalborg Øst,https://valg.dk/fv/47b883ef-d0d3-4cb6-9da5-91963f0e9ba0/nomination-district/f261d200-342c-4664-957a-7bcbd0e67731,Mellervangskolens Idrætshal,https://valg.dk/fv/47b883ef-d0d3-4cb6-9da5-91963f0e9ba0/nomination-district/f261d200-342c-4664-957a-7bcbd0e67731/polling-district/761ca2c1-42e2-4525-a1e9-251122e69165
7. Aalborg Øst,https://valg.dk/fv/47b883ef-d0d3-4cb6-9da5-91963f0e9ba0/nomination-district/f261d200-342c-4664-957a-7bcbd0e67731,Mou Hotel,https://valg.dk/fv/47b883ef-d0d3-4cb6-9da5-91963f0e9ba0/nomination-district/f261d200-342c-4664-957a-7bcbd0e67731/polling-district/e66e2eb3-ae38-4564-992d-1edb98cbab4c
7. Aalborg Øst,https://valg.dk/fv/47b883ef-d0d3-4cb6-9da5-91963f0e9ba0/nomination-district/f261d200-342c-4664-957a-7bcbd0e67731,Nordkraft,https://valg.dk/fv/47b883ef-d0d3-4cb6-9da5-91963f0e9ba0/nomination-district/f261d200-342c-4664-957a-7bcbd0e67731/polling-district/152ffa47-880e-438d-aced-9f4b12722eeb
7. Aalborg Øst,https://valg.dk/fv/47b883ef-d0d3-4cb6-9da5-91963f0e9ba0/nomination-district/f261d200-342c-4664-957a-7bcbd0e67731,Sønderbroskolen,https://valg.dk/fv/47b883ef-d0d3-4cb6-9da5-91963f0e9ba0/nomination-district/f261d200-342c-4664-957a-7bcbd0e67731/polling-district/b9b3d013-9e7f-41b6-92f0-83fef09ad7c9
7. Aalborg Øst,https://valg.dk/fv/47b883ef-d0d3-4cb6-9da5-91963f0e9ba0/nomination-district/f261d200-342c-4664-957a-7bcbd0e67731,Tornhøjhallen,https://valg.dk/fv/47b883ef-d0d3-4cb6-9da5-91963f0e9ba0/nomination-district/f261d200-342c-4664-957a-7bcbd0e67731/polling-district/671a8538-3a4d-4bb3-8cc1-ec9109528f0b
7. Aalborg Øst,https://valg.dk/fv/47b883ef-d0d3-4cb6-9da5-91963f0e9ba0/nomination-district/f261d200-342c-4664-957a-7bcbd0e67731,Vejgaard Østre Skole,https://valg.dk/fv/47b883ef-d0d3-4cb6-9da5-91963f0e9ba0/nomination-district/f261d200-342c-4664-957a-7bcbd0e67731/polling-district/f416343e-e994-4f0a-a1e9-6ffa11356b86
7. Aalborg Øst,https://valg.dk/fv/47b883ef-d0d3-4cb6-9da5-91963f0e9ba0/nomination-district/f261d200-342c-4664-957a-7bcbd0e67731,Vejgaardhallen,https://valg.dk/fv/47b883ef-d0d3-4cb6-9da5-91963f0e9ba0/nomination-district/f261d200-342c-4664-957a-7bcbd0e67731/polling-district/d54db98f-82e6-4ec0-9562-d7914fa7c3e5
7. Brønshøj,https://valg.dk/fv/47b883ef-d0d3-4cb6-9da5-91963f0e9ba0/nomination-district/4420d3df-ae1d-4377-8c3c-680e238e0fe8,7. Kirkebjerg,https://valg.dk/fv/47b883ef-d0d3-4cb6-9da5-91963f0e9ba0/nomination-district/4420d3df-ae1d-4377-8c3c-680e238e0fe8/polling-district/5aa1a3ae-2295-4bc0-a26f-da13f7cb62c8
7. Brønshøj,https://valg.dk/fv/47b883ef-d0d3-4cb6-9da5-91963f0e9ba0/nomination-district/4420d3df-ae1d-4377-8c3c-680e238e0fe8,7. Nord,https://valg.dk/fv/47b883ef-d0d3-4cb6-9da5-91963f0e9ba0/nomination-district/4420d3df-ae1d-4377-8c3c-680e238e0fe8/polling-district/2c19058f-aebf-402c-9fdc-62ddf806ccab
7. Brønshøj,https://valg.dk/fv/47b883ef-d0d3-4cb6-9da5-91963f0e9ba0/nomination-district/4420d3df-ae1d-4377-8c3c-680e238e0fe8,7. Nordvest,https://valg.dk/fv/47b883ef-d0d3-4cb6-9da5-91963f0e9ba0/nomination-district/4420d3df-ae1d-4377-8c3c-680e238e0fe8/polling-district/9b869db0-4bf5-40f4-9b5e-999a111e9a58
7. Brønshøj,https://valg.dk/fv/47b883ef-d0d3-4cb6-9da5-91963f0e9ba0/nomination-district/4420d3df-ae1d-4377-8c3c-680e238e0fe8,7. Rødkilde,https://valg.dk/fv/47b883ef-d0d3-4cb6-9da5-91963f0e9ba0/nomination-district/4420d3df-ae1d-4377-8c3c-680e238e0fe8/polling-district/d3c8be66-da05-4f2d-96be-8bd0b1d4fe64
7. Brønshøj,https://valg.dk/fv/47b883ef-d0d3-4cb6-9da5-91963f0e9ba0/nomination-district/4420d3df-ae1d-4377-8c3c-680e238e0fe8,7. Vanløse,https://valg.dk/fv/47b883ef-d0d3-4cb6-9da5-91963f0e9ba0/nomination-district/4420d3df-ae1d-4377-8c3c-680e238e0fe8/polling-district/5f414e6b-1618-4a63-8438-929365688d06
7. Brønshøj,https://valg.dk/fv/47b883ef-d0d3-4cb6-9da5-91963f0e9ba0/nomination-district/4420d3df-ae1d-4377-8c3c-680e238e0fe8,7. Vest,https://valg.dk/fv/47b883ef-d0d3-4cb6-9da5-91963f0e9ba0/nomination-district/4420d3df-ae1d-4377-8c3c-680e238e0fe8/polling-district/f6994eb4-a47a-4c1a-85b0-79163b737194
7. Brønshøj,https://valg.dk/fv/47b883ef-d0d3-4cb6-9da5-91963f0e9ba0/nomination-district/4420d3df-ae1d-4377-8c3c-680e238e0fe8,7. Øst,https://valg.dk/fv/47b883ef-d0d3-4cb6-9da5-91963f0e9ba0/nomination-district/4420d3df-ae1d-4377-8c3c-680e238e0fe8/polling-district/d7624387-01a1-4512-82cd-6bcba212381a
7. Greve,https://valg.dk/fv/47b883ef-d0d3-4cb6-9da5-91963f0e9ba0/nomination-district/20bd0890-5525-4ab8-8d92-eb0938eda2cf,Arenaskolen ved Greve Kultur-Base,https://valg.dk/fv/47b883ef-d0d3-4cb6-9da5-91963f0e9ba0/nomination-district/20bd0890-5525-4ab8-8d92-eb0938eda2cf/polling-district/3d4b6798-9a96-416e-bc4f-c426f684ad0a
7. Greve,https://valg.dk/fv/47b883ef-d0d3-4cb6-9da5-91963f0e9ba0/nomination-district/20bd0890-5525-4ab8-8d92-eb0938eda2cf,Det Nordlige Strandområde,https://valg.dk/fv/47b883ef-d0d3-4cb6-9da5-91963f0e9ba0/nomination-district/20bd0890-5525-4ab8-8d92-eb0938eda2cf/polling-district/c26ecf55-ee65-4517-ae2f-44536080f107
7. Greve,https://valg.dk/fv/47b883ef-d0d3-4cb6-9da5-91963f0e9ba0/nomination-district/20bd0890-5525-4ab8-8d92-eb0938eda2cf,Det Sydlige Strandområde,https://valg.dk/fv/47b883ef-d0d3-4cb6-9da5-91963f0e9ba0/nomination-district/20bd0890-5525-4ab8-8d92-eb0938eda2cf/polling-district/41a205e2-5272-44f3-9afe-6424d14e0f3a
7. Greve,https://valg.dk/fv/47b883ef-d0d3-4cb6-9da5-91963f0e9ba0/nomination-district/20bd0890-5525-4ab8-8d92-eb0938eda2cf,Greve Idrætscenter,https://valg.dk/fv/47b883ef-d0d3-4cb6-9da5-91963f0e9ba0/nomination-district/20bd0890-5525-4ab8-8d92-eb0938eda2cf/polling-district/2e80f642-b195-417c-9b7a-be54b88d7924
7. Greve,https://valg.dk/fv/47b883ef-d0d3-4cb6-9da5-91963f0e9ba0/nomination-district/20bd0890-5525-4ab8-8d92-eb0938eda2cf,Havdrup,https://valg.dk/fv/47b883ef-d0d3-4cb6-9da5-91963f0e9ba0/nomination-district/20bd0890-5525-4ab8-8d92-eb0938eda2cf/polling-district/3d971281-38b2-4aff-ae57-4a69c9f22110
7. Greve,https://valg.dk/fv/47b883ef-d0d3-4cb6-9da5-91963f0e9ba0/nomination-district/20bd0890-5525-4ab8-8d92-eb0938eda2cf,Holmeagerskolen,https://valg.dk/fv/47b883ef-d0d3-4cb6-9da5-91963f0e9ba0/nomination-district/20bd0890-5525-4ab8-8d92-eb0938eda2cf/polling-district/246e0044-0a51-4f2a-b8fb-380d4ccc463e
7. Greve,https://valg.dk/fv/47b883ef-d0d3-4cb6-9da5-91963f0e9ba0/nomination-district/20bd0890-5525-4ab8-8d92-eb0938eda2cf,Karlslundehallerne,https://valg.dk/fv/47b883ef-d0d3-4cb6-9da5-91963f0e9ba0/nomination-district/20bd0890-5525-4ab8-8d92-eb0938eda2cf/polling-district/9be4e161-1e71-4e72-b81a-77a8d99e3e93
7. Greve,https://valg.dk/fv/47b883ef-d0d3-4cb6-9da5-91963f0e9ba0/nomination-district/20bd0890-5525-4ab8-8d92-eb0938eda2cf,Mosedeskolen,https://valg.dk/fv/47b883ef-d0d3-4cb6-9da5-91963f0e9ba0/nomination-district/20bd0890-5525-4ab8-8d92-eb0938eda2cf/polling-district/7e37296a-1b37-4271-b1ed-534d2bda8752
7. Greve,https://valg.dk/fv/47b883ef-d0d3-4cb6-9da5-91963f0e9ba0/nomination-district/20bd0890-5525-4ab8-8d92-eb0938eda2cf,Sundhedshuset,https://valg.dk/fv/47b883ef-d0d3-4cb6-9da5-91963f0e9ba0/nomination-district/20bd0890-5525-4ab8-8d92-eb0938eda2cf/polling-district/a4a7e6d4-8824-4b5c-8dbb-39205ab5f650
7. Greve,https://valg.dk/fv/47b883ef-d0d3-4cb6-9da5-91963f0e9ba0/nomination-district/20bd0890-5525-4ab8-8d92-eb0938eda2cf,Tunehallerne,https://valg.dk/fv/47b883ef-d0d3-4cb6-9da5-91963f0e9ba0/nomination-district/20bd0890-5525-4ab8-8d92-eb0938eda2cf/polling-district/0d8f784a-24ae-420f-b106-d23db3d5b4f3
7. Ikast,https://valg.dk/fv/47b883ef-d0d3-4cb6-9da5-91963f0e9ba0/nomination-district/a411ca53-d01f-4294-8f8a-9f067c0ae64b,Bording,https://valg.dk/fv/47b883ef-d0d3-4cb6-9da5-91963f0e9ba0/nomination-district/a411ca53-d01f-4294-8f8a-9f067c0ae64b/polling-district/b2a11b2a-295b-4d38-beb5-4cb0f83d0a8d
7. Ikast,https://valg.dk/fv/47b883ef-d0d3-4cb6-9da5-91963f0e9ba0/nomination-district/a411ca53-d01f-4294-8f8a-9f067c0ae64b,Brande,https://valg.dk/fv/47b883ef-d0d3-4cb6-9da5-91963f0e9ba0/nomination-district/a411ca53-d01f-4294-8f8a-9f067c0ae64b/polling-district/ed1a7d07-3740-4601-b0f3-faa94d0aab60
7. Ikast,https://valg.dk/fv/47b883ef-d0d3-4cb6-9da5-91963f0e9ba0/nomination-district/a411ca53-d01f-4294-8f8a-9f067c0ae64b,Ejstrupholm,https://valg.dk/fv/47b883ef-d0d3-4cb6-9da5-91963f0e9ba0/nomination-district/a411ca53-d01f-4294-8f8a-9f067c0ae64b/polling-district/3b1107bf-4abb-4509-b1e8-2786a7977969
7. Ikast,https://valg.dk/fv/47b883ef-d0d3-4cb6-9da5-91963f0e9ba0/nomination-district/a411ca53-d01f-4294-8f8a-9f067c0ae64b,Engesvang,https://valg.dk/fv/47b883ef-d0d3-4cb6-9da5-91963f0e9ba0/nomination-district/a411ca53-d01f-4294-8f8a-9f067c0ae64b/polling-district/11aec0fa-f946-415f-a39d-574e0b34b7ec
7. Ikast,https://valg.dk/fv/47b883ef-d0d3-4cb6-9da5-91963f0e9ba0/nomination-district/a411ca53-d01f-4294-8f8a-9f067c0ae64b,Ikast,https://valg.dk/fv/47b883ef-d0d3-4cb6-9da5-91963f0e9ba0/nomination-district/a411ca53-d01f-4294-8f8a-9f067c0ae64b/polling-district/10a7d5dd-b492-4248-bd01-3ead97f89f88
7. Ikast,https://valg.dk/fv/47b883ef-d0d3-4cb6-9da5-91963f0e9ba0/nomination-district/a411ca53-d01f-4294-8f8a-9f067c0ae64b,Nørre Snede,https://valg.dk/fv/47b883ef-d0d3-4cb6-9da5-91963f0e9ba0/nomination-district/a411ca53-d01f-4294-8f8a-9f067c0ae64b/polling-district/cedb9e4a-e10b-4f2c-9ed0-aab4f82ee1cf
7. Randers Syd,https://valg.dk/fv/47b883ef-d0d3-4cb6-9da5-91963f0e9ba0/nomination-district/35b70470-624f-4cb4-aceb-b30c93b86882,Asferg Træningshus,https://valg.dk/fv/47b883ef-d0d3-4cb6-9da5-91963f0e9ba0/nomination-district/35b70470-624f-4cb4-aceb-b30c93b86882/polling-district/e3eb22ff-c305-4887-92a3-efee16e48dad
7. Randers Syd,https://valg.dk/fv/47b883ef-d0d3-4cb6-9da5-91963f0e9ba0/nomination-district/35b70470-624f-4cb4-aceb-b30c93b86882,Assentofthallen,https://valg.dk/fv/47b883ef-d0d3-4cb6-9da5-91963f0e9ba0/nomination-district/35b70470-624f-4cb4-aceb-b30c93b86882/polling-district/3cbc1159-2672-41ef-9013-ab96d905c724
7. Randers Syd,https://valg.dk/fv/47b883ef-d0d3-4cb6-9da5-91963f0e9ba0/nomination-district/35b70470-624f-4cb4-aceb-b30c93b86882,Fritidscentret,https://valg.dk/fv/47b883ef-d0d3-4cb6-9da5-91963f0e9ba0/nomination-district/35b70470-624f-4cb4-aceb-b30c93b86882/polling-district/77d9df31-7869-4097-8a62-0ab94b277aa9
7. Randers Syd,https://valg.dk/fv/47b883ef-d0d3-4cb6-9da5-91963f0e9ba0/nomination-district/35b70470-624f-4cb4-aceb-b30c93b86882,Hobrovejens Skole,https://valg.dk/fv/47b883ef-d0d3-4cb6-9da5-91963f0e9ba0/nomination-district/35b70470-624f-4cb4-aceb-b30c93b86882/polling-district/437031bc-5e9e-4db2-9eb7-8921c7bd2d14
7. Randers Syd,https://valg.dk/fv/47b883ef-d0d3-4cb6-9da5-91963f0e9ba0/nomination-district/35b70470-624f-4cb4-aceb-b30c93b86882,Huset Tværs,https://valg.dk/fv/47b883ef-d0d3-4cb6-9da5-91963f0e9ba0/nomination-district/35b70470-624f-4cb4-aceb-b30c93b86882/polling-district/ec2f2200-6bf3-4087-b9d6-bf2760f65957
7. Randers Syd,https://valg.dk/fv/47b883ef-d0d3-4cb6-9da5-91963f0e9ba0/nomination-district/35b70470-624f-4cb4-aceb-b30c93b86882,Jebjerg Forsamlingshus,https://valg.dk/fv/47b883ef-d0d3-4cb6-9da5-91963f0e9ba0/nomination-district/35b70470-624f-4cb4-aceb-b30c93b86882/polling-district/ab58b4c8-05cc-44a4-93fa-5efd729a21bc
7. Randers Syd,https://valg.dk/fv/47b883ef-d0d3-4cb6-9da5-91963f0e9ba0/nomination-district/35b70470-624f-4cb4-aceb-b30c93b86882,Kulturhuset Langå,https://valg.dk/fv/47b883ef-d0d3-4cb6-9da5-91963f0e9ba0/nomination-district/35b70470-624f-4cb4-aceb-b30c93b86882/polling-district/da4fc537-a134-44d3-b566-e644f8c67194
7. Randers Syd,https://valg.dk/fv/47b883ef-d0d3-4cb6-9da5-91963f0e9ba0/nomination-district/35b70470-624f-4cb4-aceb-b30c93b86882,Paderup Gymnasium,https://valg.dk/fv/47b883ef-d0d3-4cb6-9da5-91963f0e9ba0/nomination-district/35b70470-624f-4cb4-aceb-b30c93b86882/polling-district/2e7510c6-0ab0-4d35-b84e-a194932ea2b0
7. Randers Syd,https://valg.dk/fv/47b883ef-d0d3-4cb6-9da5-91963f0e9ba0/nomination-district/35b70470-624f-4cb4-aceb-b30c93b86882,Purhushallen,https://valg.dk/fv/47b883ef-d0d3-4cb6-9da5-91963f0e9ba0/nomination-district/35b70470-624f-4cb4-aceb-b30c93b86882/polling-district/4c8690c8-0b9c-43b5-81cf-655f9cf04470
7. Randers Syd,https://valg.dk/fv/47b883ef-d0d3-4cb6-9da5-91963f0e9ba0/nomination-district/35b70470-624f-4cb4-aceb-b30c93b86882,Romalt Aktivitetshal,https://valg.dk/fv/47b883ef-d0d3-4cb6-9da5-91963f0e9ba0/nomination-district/35b70470-624f-4cb4-aceb-b30c93b86882/polling-district/88e3d911-5d24-431b-b536-92035cee6811
7. Randers Syd,https://valg.dk/fv/47b883ef-d0d3-4cb6-9da5-91963f0e9ba0/nomination-district/35b70470-624f-4cb4-aceb-b30c93b86882,Stevnstrup Forsamlingshus,https://valg.dk/fv/47b883ef-d0d3-4cb6-9da5-91963f0e9ba0/nomination-district/35b70470-624f-4cb4-aceb-b30c93b86882/polling-district/dc28795a-17c8-456d-bbd6-103f47016f3f
7. Randers Syd,https://valg.dk/fv/47b883ef-d0d3-4cb6-9da5-91963f0e9ba0/nomination-district/35b70470-624f-4cb4-aceb-b30c93b86882,Søndermarkskolen,https://valg.dk/fv/47b883ef-d0d3-4cb6-9da5-91963f0e9ba0/nomination-district/35b70470-624f-4cb4-aceb-b30c93b86882/polling-district/83782e26-3388-43c3-977c-8b2a4f54c99c
7. Randers Syd,https://valg.dk/fv/47b883ef-d0d3-4cb6-9da5-91963f0e9ba0/nomination-district/35b70470-624f-4cb4-aceb-b30c93b86882,Tirsdalens Skole,https://valg.dk/fv/47b883ef-d0d3-4cb6-9da5-91963f0e9ba0/nomination-district/35b70470-624f-4cb4-aceb-b30c93b86882/polling-district/8666e5c4-bed3-4e58-a98d-55c993d3956b
7. Randers Syd,https://valg.dk/fv/47b883ef-d0d3-4cb6-9da5-91963f0e9ba0/nomination-district/35b70470-624f-4cb4-aceb-b30c93b86882,Uggelhuse Forsamlingshus,https://valg.dk/fv/47b883ef-d0d3-4cb6-9da5-91963f0e9ba0/nomination-district/35b70470-624f-4cb4-aceb-b30c93b86882/polling-district/f1170404-0b50-4721-828d-cc4690fcab9d
7. Randers Syd,https://valg.dk/fv/47b883ef-d0d3-4cb6-9da5-91963f0e9ba0/nomination-district/35b70470-624f-4cb4-aceb-b30c93b86882,Ø. Bjerregrav Forsamlingshus,https://valg.dk/fv/47b883ef-d0d3-4cb6-9da5-91963f0e9ba0/nomination-district/35b70470-624f-4cb4-aceb-b30c93b86882/polling-district/ad79e34b-7e86-4748-ae63-231d7c85c2fb
7. Svendborg,https://valg.dk/fv/47b883ef-d0d3-4cb6-9da5-91963f0e9ba0/nomination-district/59a86f1a-b6ef-4153-9043-7ed1e4616386,Bagenkop,https://valg.dk/fv/47b883ef-d0d3-4cb6-9da5-91963f0e9ba0/nomination-district/59a86f1a-b6ef-4153-9043-7ed1e4616386/polling-district/b0c225a3-7eca-4697-819c-68ed8d19678b
7. Svendborg,https://valg.dk/fv/47b883ef-d0d3-4cb6-9da5-91963f0e9ba0/nomination-district/59a86f1a-b6ef-4153-9043-7ed1e4616386,Bjerreby,https://valg.dk/fv/47b883ef-d0d3-4cb6-9da5-91963f0e9ba0/nomination-district/59a86f1a-b6ef-4153-9043-7ed1e4616386/polling-district/21a02853-fb47-48d3-9048-cf7d131e5846
7. Svendborg,https://valg.dk/fv/47b883ef-d0d3-4cb6-9da5-91963f0e9ba0/nomination-district/59a86f1a-b6ef-4153-9043-7ed1e4616386,Bregninge,https://valg.dk/fv/47b883ef-d0d3-4cb6-9da5-91963f0e9ba0/nomination-district/59a86f1a-b6ef-4153-9043-7ed1e4616386/polling-district/ddc39aab-c4a9-4e0d-9ec0-bdbfa02613c6
7. Svendborg,https://valg.dk/fv/47b883ef-d0d3-4cb6-9da5-91963f0e9ba0/nomination-district/59a86f1a-b6ef-4153-9043-7ed1e4616386,Byen,https://valg.dk/fv/47b883ef-d0d3-4cb6-9da5-91963f0e9ba0/nomination-district/59a86f1a-b6ef-4153-9043-7ed1e4616386/polling-district/f8e208c3-d56a-4b27-841c-1d0bc5277771
7. Svendborg,https://valg.dk/fv/47b883ef-d0d3-4cb6-9da5-91963f0e9ba0/nomination-district/59a86f1a-b6ef-4153-9043-7ed1e4616386,Drejø,https://valg.dk/fv/47b883ef-d0d3-4cb6-9da5-91963f0e9ba0/nomination-district/59a86f1a-b6ef-4153-9043-7ed1e4616386/polling-district/a678a528-fbad-48f9-aeb6-f627ae4ce99e
7. Svendborg,https://valg.dk/fv/47b883ef-d0d3-4cb6-9da5-91963f0e9ba0/nomination-district/59a86f1a-b6ef-4153-9043-7ed1e4616386,Egense,https://valg.dk/fv/47b883ef-d0d3-4cb6-9da5-91963f0e9ba0/nomination-district/59a86f1a-b6ef-4153-9043-7ed1e4616386/polling-district/4e683270-d3b7-4985-9190-17bb9afd8085
7. Svendborg,https://valg.dk/fv/47b883ef-d0d3-4cb6-9da5-91963f0e9ba0/nomination-district/59a86f1a-b6ef-4153-9043-7ed1e4616386,Gudbjerg,https://valg.dk/fv/47b883ef-d0d3-4cb6-9da5-91963f0e9ba0/nomination-district/59a86f1a-b6ef-4153-9043-7ed1e4616386/polling-district/025b7acf-3b0a-4427-a8e3-98546b40205f
7. Svendborg,https://valg.dk/fv/47b883ef-d0d3-4cb6-9da5-91963f0e9ba0/nomination-district/59a86f1a-b6ef-4153-9043-7ed1e4616386,Gudme,https://valg.dk/fv/47b883ef-d0d3-4cb6-9da5-91963f0e9ba0/nomination-district/59a86f1a-b6ef-4153-9043-7ed1e4616386/polling-district/d25974dc-d7fe-4ef8-9008-53fe9d9238b1
7. Svendborg,https://valg.dk/fv/47b883ef-d0d3-4cb6-9da5-91963f0e9ba0/nomination-district/59a86f1a-b6ef-4153-9043-7ed1e4616386,Hesselager,https://valg.dk/fv/47b883ef-d0d3-4cb6-9da5-91963f0e9ba0/nomination-district/59a86f1a-b6ef-4153-9043-7ed1e4616386/polling-district/6458d470-754c-47c7-9bd8-d171ef7fa375
7. Svendborg,https://valg.dk/fv/47b883ef-d0d3-4cb6-9da5-91963f0e9ba0/nomination-district/59a86f1a-b6ef-4153-9043-7ed1e4616386,Humble,https://valg.dk/fv/47b883ef-d0d3-4cb6-9da5-91963f0e9ba0/nomination-district/59a86f1a-b6ef-4153-9043-7ed1e4616386/polling-district/466410b5-862e-4f97-9fd7-25666cf4f4c9
7. Svendborg,https://valg.dk/fv/47b883ef-d0d3-4cb6-9da5-91963f0e9ba0/nomination-district/59a86f1a-b6ef-4153-9043-7ed1e4616386,Kirkeby,https://valg.dk/fv/47b883ef-d0d3-4cb6-9da5-91963f0e9ba0/nomination-district/59a86f1a-b6ef-4153-9043-7ed1e4616386/polling-district/52f1a3e8-efe2-4d49-9aa2-a03d6ed7924b
7. Svendborg,https://valg.dk/fv/47b883ef-d0d3-4cb6-9da5-91963f0e9ba0/nomination-district/59a86f1a-b6ef-4153-9043-7ed1e4616386,Landet,https://valg.dk/fv/47b883ef-d0d3-4cb6-9da5-91963f0e9ba0/nomination-district/59a86f1a-b6ef-4153-9043-7ed1e4616386/polling-district/793b6e99-e65d-4c40-b56f-eec8c0979f62
7. Svendborg,https://valg.dk/fv/47b883ef-d0d3-4cb6-9da5-91963f0e9ba0/nomination-district/59a86f1a-b6ef-4153-9043-7ed1e4616386,Nordre,https://valg.dk/fv/47b883ef-d0d3-4cb6-9da5-91963f0e9ba0/nomination-district/59a86f1a-b6ef-4153-9043-7ed1e4616386/polling-district/9dd002d2-5366-4bd9-9771-d73fb91fa42f
7. Svendborg,https://valg.dk/fv/47b883ef-d0d3-4cb6-9da5-91963f0e9ba0/nomination-district/59a86f1a-b6ef-4153-9043-7ed1e4616386,Ollerup,https://valg.dk/fv/47b883ef-d0d3-4cb6-9da5-91963f0e9ba0/nomination-district/59a86f1a-b6ef-4153-9043-7ed1e4616386/polling-district/fde611d9-0d7c-4406-b3d0-97f674302c2c
7. Svendborg,https://valg.dk/fv/47b883ef-d0d3-4cb6-9da5-91963f0e9ba0/nomination-district/59a86f1a-b6ef-4153-9043-7ed1e4616386,Oure,https://valg.dk/fv/47b883ef-d0d3-4cb6-9da5-91963f0e9ba0/nomination-district/59a86f1a-b6ef-4153-9043-7ed1e4616386/polling-district/c34ebbbd-3c91-493d-9e39-b73d87ad0482
7. Svendborg,https://valg.dk/fv/47b883ef-d0d3-4cb6-9da5-91963f0e9ba0/nomination-district/59a86f1a-b6ef-4153-9043-7ed1e4616386,Rudkøbing,https://valg.dk/fv/47b883ef-d0d3-4cb6-9da5-91963f0e9ba0/nomination-district/59a86f1a-b6ef-4153-9043-7ed1e4616386/polling-district/b7427838-7e93-4d8b-8408-3e32d8fabba8
7. Svendborg,https://valg.dk/fv/47b883ef-d0d3-4cb6-9da5-91963f0e9ba0/nomination-district/59a86f1a-b6ef-4153-9043-7ed1e4616386,Skårup,https://valg.dk/fv/47b883ef-d0d3-4cb6-9da5-91963f0e9ba0/nomination-district/59a86f1a-b6ef-4153-9043-7ed1e4616386/polling-district/3a5c0009-2a7a-46fd-a3db-00e1b6cdd556
7. Svendborg,https://valg.dk/fv/47b883ef-d0d3-4cb6-9da5-91963f0e9ba0/nomination-district/59a86f1a-b6ef-4153-9043-7ed1e4616386,Snøde,https://valg.dk/fv/47b883ef-d0d3-4cb6-9da5-91963f0e9ba0/nomination-district/59a86f1a-b6ef-4153-9043-7ed1e4616386/polling-district/0a4520c1-d66a-4c34-a4e4-3de832fbea3d
7. Svendborg,https://valg.dk/fv/47b883ef-d0d3-4cb6-9da5-91963f0e9ba0/nomination-district/59a86f1a-b6ef-4153-9043-7ed1e4616386,Stenstrup,https://valg.dk/fv/47b883ef-d0d3-4cb6-9da5-91963f0e9ba0/nomination-district/59a86f1a-b6ef-4153-9043-7ed1e4616386/polling-district/d5259396-7f7c-4b4a-acf3-c89d430932d6
7. Svendborg,https://valg.dk/fv/47b883ef-d0d3-4cb6-9da5-91963f0e9ba0/nomination-district/59a86f1a-b6ef-4153-9043-7ed1e4616386,Thurø,https://valg.dk/fv/47b883ef-d0d3-4cb6-9da5-91963f0e9ba0/nomination-district/59a86f1a-b6ef-4153-9043-7ed1e4616386/polling-district/b99f70e3-0eed-4582-8f45-af8266205ed7
7. Svendborg,https://valg.dk/fv/47b883ef-d0d3-4cb6-9da5-91963f0e9ba0/nomination-district/59a86f1a-b6ef-4153-9043-7ed1e4616386,Tullebølle,https://valg.dk/fv/47b883ef-d0d3-4cb6-9da5-91963f0e9ba0/nomination-district/59a86f1a-b6ef-4153-9043-7ed1e4616386/polling-district/f8359b1f-53d9-4787-9a91-19dbce836f61
7. Svendborg,https://valg.dk/fv/47b883ef-d0d3-4cb6-9da5-91963f0e9ba0/nomination-district/59a86f1a-b6ef-4153-9043-7ed1e4616386,Tved,https://valg.dk/fv/47b883ef-d0d3-4cb6-9da5-91963f0e9ba0/nomination-district/59a86f1a-b6ef-4153-9043-7ed1e4616386/polling-district/32d2b3d2-d0bb-4eb6-a4d9-4f3efb3ab323
7. Svendborg,https://valg.dk/fv/47b883ef-d0d3-4cb6-9da5-91963f0e9ba0/nomination-district/59a86f1a-b6ef-4153-9043-7ed1e4616386,V.Skerninge,https://valg.dk/fv/47b883ef-d0d3-4cb6-9da5-91963f0e9ba0/nomination-district/59a86f1a-b6ef-4153-9043-7ed1e4616386/polling-district/8ea1bf32-2f6e-4c56-8ddd-80e026f56c4d
7. Svendborg,https://valg.dk/fv/47b883ef-d0d3-4cb6-9da5-91963f0e9ba0/nomination-district/59a86f1a-b6ef-4153-9043-7ed1e4616386,Østre,https://valg.dk/fv/47b883ef-d0d3-4cb6-9da5-91963f0e9ba0/nomination-district/59a86f1a-b6ef-4153-9043-7ed1e4616386/polling-district/0443e7aa-6800-4349-97d5-8da646c3b9be
7. Taastrup,https://valg.dk/fv/47b883ef-d0d3-4cb6-9da5-91963f0e9ba0/nomination-district/706f0350-1a21-401d-98fc-210894d99b17,Børne- og Kulturhuset,https://valg.dk/fv/47b883ef-d0d3-4cb6-9da5-91963f0e9ba0/nomination-district/706f0350-1a21-401d-98fc-210894d99b17/polling-district/941da24b-82eb-417c-9fe3-6d9d4108dab8
7. Taastrup,https://valg.dk/fv/47b883ef-d0d3-4cb6-9da5-91963f0e9ba0/nomination-district/706f0350-1a21-401d-98fc-210894d99b17,Charlotteskolen,https://valg.dk/fv/47b883ef-d0d3-4cb6-9da5-91963f0e9ba0/nomination-district/706f0350-1a21-401d-98fc-210894d99b17/polling-district/25137fad-a3e6-498f-b185-a904dd234225
7. Taastrup,https://valg.dk/fv/47b883ef-d0d3-4cb6-9da5-91963f0e9ba0/nomination-district/706f0350-1a21-401d-98fc-210894d99b17,Egelundskolen,https://valg.dk/fv/47b883ef-d0d3-4cb6-9da5-91963f0e9ba0/nomination-district/706f0350-1a21-401d-98fc-210894d99b17/polling-district/383a1f24-5aca-41f3-852e-3031f0615f8b
7. Taastrup,https://valg.dk/fv/47b883ef-d0d3-4cb6-9da5-91963f0e9ba0/nomination-district/706f0350-1a21-401d-98fc-210894d99b17,Fløng Hallen,https://valg.dk/fv/47b883ef-d0d3-4cb6-9da5-91963f0e9ba0/nomination-district/706f0350-1a21-401d-98fc-210894d99b17/polling-district/d826e2a9-8557-4c7a-973b-0f419444b099
7. Taastrup,https://valg.dk/fv/47b883ef-d0d3-4cb6-9da5-91963f0e9ba0/nomination-district/706f0350-1a21-401d-98fc-210894d99b17,Hallen ved Rønnevangsstrøget,https://valg.dk/fv/47b883ef-d0d3-4cb6-9da5-91963f0e9ba0/nomination-district/706f0350-1a21-401d-98fc-210894d99b17/polling-district/a7447efd-1d66-4557-b4ec-67b981096fe5
7. Taastrup,https://valg.dk/fv/47b883ef-d0d3-4cb6-9da5-91963f0e9ba0/nomination-district/706f0350-1a21-401d-98fc-210894d99b17,Herstedlund Skole,https://valg.dk/fv/47b883ef-d0d3-4cb6-9da5-91963f0e9ba0/nomination-district/706f0350-1a21-401d-98fc-210894d99b17/polling-district/acfa671c-1bed-412a-beec-fb7243df36c3
7. Taastrup,https://valg.dk/fv/47b883ef-d0d3-4cb6-9da5-91963f0e9ba0/nomination-district/706f0350-1a21-401d-98fc-210894d99b17,Herstedvester Skole,https://valg.dk/fv/47b883ef-d0d3-4cb6-9da5-91963f0e9ba0/nomination-district/706f0350-1a21-401d-98fc-210894d99b17/polling-district/60a49e97-f271-404a-a658-32cf65f90ca7
7. Taastrup,https://valg.dk/fv/47b883ef-d0d3-4cb6-9da5-91963f0e9ba0/nomination-district/706f0350-1a21-401d-98fc-210894d99b17,Herstedøster Skole,https://valg.dk/fv/47b883ef-d0d3-4cb6-9da5-91963f0e9ba0/nomination-district/706f0350-1a21-401d-98fc-210894d99b17/polling-district/21dd82be-b8d7-4298-a3da-561a2ce3b64c
7. Taastrup,https://valg.dk/fv/47b883ef-d0d3-4cb6-9da5-91963f0e9ba0/nomination-district/706f0350-1a21-401d-98fc-210894d99b17,Kongsholmcenteret,https://valg.dk/fv/47b883ef-d0d3-4cb6-9da5-91963f0e9ba0/nomination-district/706f0350-1a21-401d-98fc-210894d99b17/polling-district/60e7642d-545b-403d-9c2b-1d7734440465
7. Taastrup,https://valg.dk/fv/47b883ef-d0d3-4cb6-9da5-91963f0e9ba0/nomination-district/706f0350-1a21-401d-98fc-210894d99b17,Parkskolen,https://valg.dk/fv/47b883ef-d0d3-4cb6-9da5-91963f0e9ba0/nomination-district/706f0350-1a21-401d-98fc-210894d99b17/polling-district/3306fcf7-837d-46c0-a3ab-ec6c07770875
7. Taastrup,https://valg.dk/fv/47b883ef-d0d3-4cb6-9da5-91963f0e9ba0/nomination-district/706f0350-1a21-401d-98fc-210894d99b17,Reerslev Skole,https://valg.dk/fv/47b883ef-d0d3-4cb6-9da5-91963f0e9ba0/nomination-district/706f0350-1a21-401d-98fc-210894d99b17/polling-district/c804a591-1ac8-4335-bdf7-d0d756003b3e
7. Taastrup,https://valg.dk/fv/47b883ef-d0d3-4cb6-9da5-91963f0e9ba0/nomination-district/706f0350-1a21-401d-98fc-210894d99b17,Rådhuset,https://valg.dk/fv/47b883ef-d0d3-4cb6-9da5-91963f0e9ba0/nomination-district/706f0350-1a21-401d-98fc-210894d99b17/polling-district/9cf04d53-358a-4556-8f41-b0609f433f95
7. Taastrup,https://valg.dk/fv/47b883ef-d0d3-4cb6-9da5-91963f0e9ba0/nomination-district/706f0350-1a21-401d-98fc-210894d99b17,Sengeløse,https://valg.dk/fv/47b883ef-d0d3-4cb6-9da5-91963f0e9ba0/nomination-district/706f0350-1a21-401d-98fc-210894d99b17/polling-district/acac509e-5526-42b8-890c-633dc899f63a
7. Taastrup,https://valg.dk/fv/47b883ef-d0d3-4cb6-9da5-91963f0e9ba0/nomination-district/706f0350-1a21-401d-98fc-210894d99b17,Springcenter Nærheden,https://valg.dk/fv/47b883ef-d0d3-4cb6-9da5-91963f0e9ba0/nomination-district/706f0350-1a21-401d-98fc-210894d99b17/polling-district/f8febbb2-7207-46ed-9039-d36bde9df68c
7. Taastrup,https://valg.dk/fv/47b883ef-d0d3-4cb6-9da5-91963f0e9ba0/nomination-district/706f0350-1a21-401d-98fc-210894d99b17,Taastrup Kulturcenter,https://valg.dk/fv/47b883ef-d0d3-4cb6-9da5-91963f0e9ba0/nomination-district/706f0350-1a21-401d-98fc-210894d99b17/polling-district/4d865606-1127-4d8f-8218-570718d48627
7. Taastrup,https://valg.dk/fv/47b883ef-d0d3-4cb6-9da5-91963f0e9ba0/nomination-district/706f0350-1a21-401d-98fc-210894d99b17,Torstorp Skole,https://valg.dk/fv/47b883ef-d0d3-4cb6-9da5-91963f0e9ba0/nomination-district/706f0350-1a21-401d-98fc-210894d99b17/polling-district/b93e7c8a-98c6-4761-a69e-5bfc3a0eaefe
7. Vejen,https://valg.dk/fv/47b883ef-d0d3-4cb6-9da5-91963f0e9ba0/nomination-district/214892f9-1ed4-48bd-ad0c-dbaaaf94725a,Andst,https://valg.dk/fv/47b883ef-d0d3-4cb6-9da5-91963f0e9ba0/nomination-district/214892f9-1ed4-48bd-ad0c-dbaaaf94725a/polling-district/208c91a7-3b55-47fd-8d94-0069699d2138
7. Vejen,https://valg.dk/fv/47b883ef-d0d3-4cb6-9da5-91963f0e9ba0/nomination-district/214892f9-1ed4-48bd-ad0c-dbaaaf94725a,Askov-Malt,https://valg.dk/fv/47b883ef-d0d3-4cb6-9da5-91963f0e9ba0/nomination-district/214892f9-1ed4-48bd-ad0c-dbaaaf94725a/polling-district/7dba9085-3d25-4f93-8b08-95d74f2c537b
7. Vejen,https://valg.dk/fv/47b883ef-d0d3-4cb6-9da5-91963f0e9ba0/nomination-district/214892f9-1ed4-48bd-ad0c-dbaaaf94725a,Billund,https://valg.dk/fv/47b883ef-d0d3-4cb6-9da5-91963f0e9ba0/nomination-district/214892f9-1ed4-48bd-ad0c-dbaaaf94725a/polling-district/253bbfbe-7af6-4f71-aba6-192bfb738032
7. Vejen,https://valg.dk/fv/47b883ef-d0d3-4cb6-9da5-91963f0e9ba0/nomination-district/214892f9-1ed4-48bd-ad0c-dbaaaf94725a,Brørup,https://valg.dk/fv/47b883ef-d0d3-4cb6-9da5-91963f0e9ba0/nomination-district/214892f9-1ed4-48bd-ad0c-dbaaaf94725a/polling-district/3c81cd97-eb65-44e4-beca-474d622f07ae
7. Vejen,https://valg.dk/fv/47b883ef-d0d3-4cb6-9da5-91963f0e9ba0/nomination-district/214892f9-1ed4-48bd-ad0c-dbaaaf94725a,Bække,https://valg.dk/fv/47b883ef-d0d3-4cb6-9da5-91963f0e9ba0/nomination-district/214892f9-1ed4-48bd-ad0c-dbaaaf94725a/polling-district/d3b3bb1f-3169-436b-b474-c6a3b7afb499
7. Vejen,https://valg.dk/fv/47b883ef-d0d3-4cb6-9da5-91963f0e9ba0/nomination-district/214892f9-1ed4-48bd-ad0c-dbaaaf94725a,Filskov,https://valg.dk/fv/47b883ef-d0d3-4cb6-9da5-91963f0e9ba0/nomination-district/214892f9-1ed4-48bd-ad0c-dbaaaf94725a/polling-district/71979a44-7f86-4b1b-b9f4-b2ba5f90791b
7. Vejen,https://valg.dk/fv/47b883ef-d0d3-4cb6-9da5-91963f0e9ba0/nomination-district/214892f9-1ed4-48bd-ad0c-dbaaaf94725a,Føvling,https://valg.dk/fv/47b883ef-d0d3-4cb6-9da5-91963f0e9ba0/nomination-district/214892f9-1ed4-48bd-ad0c-dbaaaf94725a/polling-district/4a4266b4-3bc2-4937-b657-a13b0025fd80
7. Vejen,https://valg.dk/fv/47b883ef-d0d3-4cb6-9da5-91963f0e9ba0/nomination-district/214892f9-1ed4-48bd-ad0c-dbaaaf94725a,Gesten,https://valg.dk/fv/47b883ef-d0d3-4cb6-9da5-91963f0e9ba0/nomination-district/214892f9-1ed4-48bd-ad0c-dbaaaf94725a/polling-district/54a95415-1257-473b-bda2-b9580f7fa29d
7. Vejen,https://valg.dk/fv/47b883ef-d0d3-4cb6-9da5-91963f0e9ba0/nomination-district/214892f9-1ed4-48bd-ad0c-dbaaaf94725a,Glejbjerg,https://valg.dk/fv/47b883ef-d0d3-4cb6-9da5-91963f0e9ba0/nomination-district/214892f9-1ed4-48bd-ad0c-dbaaaf94725a/polling-district/f139c884-ab5a-49d4-bf10-e3aaccc4134e
7. Vejen,https://valg.dk/fv/47b883ef-d0d3-4cb6-9da5-91963f0e9ba0/nomination-district/214892f9-1ed4-48bd-ad0c-dbaaaf94725a,Grindsted,https://valg.dk/fv/47b883ef-d0d3-4cb6-9da5-91963f0e9ba0/nomination-district/214892f9-1ed4-48bd-ad0c-dbaaaf94725a/polling-district/676bd8e5-d147-4d78-b85e-299f02423f79
7. Vejen,https://valg.dk/fv/47b883ef-d0d3-4cb6-9da5-91963f0e9ba0/nomination-district/214892f9-1ed4-48bd-ad0c-dbaaaf94725a,Hejnsvig,https://valg.dk/fv/47b883ef-d0d3-4cb6-9da5-91963f0e9ba0/nomination-district/214892f9-1ed4-48bd-ad0c-dbaaaf94725a/polling-district/28abe8f2-9b32-46e9-afff-76e4ad881647
7. Vejen,https://valg.dk/fv/47b883ef-d0d3-4cb6-9da5-91963f0e9ba0/nomination-district/214892f9-1ed4-48bd-ad0c-dbaaaf94725a,Holsted,https://valg.dk/fv/47b883ef-d0d3-4cb6-9da5-91963f0e9ba0/nomination-district/214892f9-1ed4-48bd-ad0c-dbaaaf94725a/polling-district/8eb9f1aa-2ef5-4ad8-8704-3cecf3858b34
7. Vejen,https://valg.dk/fv/47b883ef-d0d3-4cb6-9da5-91963f0e9ba0/nomination-district/214892f9-1ed4-48bd-ad0c-dbaaaf94725a,Hovborg,https://valg.dk/fv/47b883ef-d0d3-4cb6-9da5-91963f0e9ba0/nomination-district/214892f9-1ed4-48bd-ad0c-dbaaaf94725a/polling-district/322f92a2-d8fb-427a-9da1-11f8f682899e
7. Vejen,https://valg.dk/fv/47b883ef-d0d3-4cb6-9da5-91963f0e9ba0/nomination-district/214892f9-1ed4-48bd-ad0c-dbaaaf94725a,Jels,https://valg.dk/fv/47b883ef-d0d3-4cb6-9da5-91963f0e9ba0/nomination-district/214892f9-1ed4-48bd-ad0c-dbaaaf94725a/polling-district/d2846191-5a6f-46b8-852e-dd43cb599994
7. Vejen,https://valg.dk/fv/47b883ef-d0d3-4cb6-9da5-91963f0e9ba0/nomination-district/214892f9-1ed4-48bd-ad0c-dbaaaf94725a,Københoved,https://valg.dk/fv/47b883ef-d0d3-4cb6-9da5-91963f0e9ba0/nomination-district/214892f9-1ed4-48bd-ad0c-dbaaaf94725a/polling-district/25810339-6125-4ff0-a535-8807d454aeca
7. Vejen,https://valg.dk/fv/47b883ef-d0d3-4cb6-9da5-91963f0e9ba0/nomination-district/214892f9-1ed4-48bd-ad0c-dbaaaf94725a,Lindknud,https://valg.dk/fv/47b883ef-d0d3-4cb6-9da5-91963f0e9ba0/nomination-district/214892f9-1ed4-48bd-ad0c-dbaaaf94725a/polling-district/a46b35a7-6e48-4672-b7b9-409f787d8d32
7. Vejen,https://valg.dk/fv/47b883ef-d0d3-4cb6-9da5-91963f0e9ba0/nomination-district/214892f9-1ed4-48bd-ad0c-dbaaaf94725a,Lintrup,https://valg.dk/fv/47b883ef-d0d3-4cb6-9da5-91963f0e9ba0/nomination-district/214892f9-1ed4-48bd-ad0c-dbaaaf94725a/polling-district/e234a0fb-d6d4-41d2-af6b-4733bb91c1a7
7. Vejen,https://valg.dk/fv/47b883ef-d0d3-4cb6-9da5-91963f0e9ba0/nomination-district/214892f9-1ed4-48bd-ad0c-dbaaaf94725a,Læborg,https://valg.dk/fv/47b883ef-d0d3-4cb6-9da5-91963f0e9ba0/nomination-district/214892f9-1ed4-48bd-ad0c-dbaaaf94725a/polling-district/e5f4d0b3-75b4-4436-8bef-6b847f039be2
7. Vejen,https://valg.dk/fv/47b883ef-d0d3-4cb6-9da5-91963f0e9ba0/nomination-district/214892f9-1ed4-48bd-ad0c-dbaaaf94725a,Rødding,https://valg.dk/fv/47b883ef-d0d3-4cb6-9da5-91963f0e9ba0/nomination-district/214892f9-1ed4-48bd-ad0c-dbaaaf94725a/polling-district/17ff7f9e-d311-4089-99c8-7d23b39850c3
7. Vejen,https://valg.dk/fv/47b883ef-d0d3-4cb6-9da5-91963f0e9ba0/nomination-district/214892f9-1ed4-48bd-ad0c-dbaaaf94725a,Sdr. Hygum,https://valg.dk/fv/47b883ef-d0d3-4cb6-9da5-91963f0e9ba0/nomination-district/214892f9-1ed4-48bd-ad0c-dbaaaf94725a/polling-district/28b98741-80e7-4b3c-9c26-57108e4b095e
7. Vejen,https://valg.dk/fv/47b883ef-d0d3-4cb6-9da5-91963f0e9ba0/nomination-district/214892f9-1ed4-48bd-ad0c-dbaaaf94725a,Sdr. Omme,https://valg.dk/fv/47b883ef-d0d3-4cb6-9da5-91963f0e9ba0/nomination-district/214892f9-1ed4-48bd-ad0c-dbaaaf94725a/polling-district/1e590ed3-d91e-4bcd-898e-f219f1c08a03
7. Vejen,https://valg.dk/fv/47b883ef-d0d3-4cb6-9da5-91963f0e9ba0/nomination-district/214892f9-1ed4-48bd-ad0c-dbaaaf94725a,Skodborg,https://valg.dk/fv/47b883ef-d0d3-4cb6-9da5-91963f0e9ba0/nomination-district/214892f9-1ed4-48bd-ad0c-dbaaaf94725a/polling-district/9d6951ad-f79e-402d-b574-8cc795bd55e5
7. Vejen,https://valg.dk/fv/47b883ef-d0d3-4cb6-9da5-91963f0e9ba0/nomination-district/214892f9-1ed4-48bd-ad0c-dbaaaf94725a,St./Krogager,https://valg.dk/fv/47b883ef-d0d3-4cb6-9da5-91963f0e9ba0/nomination-district/214892f9-1ed4-48bd-ad0c-dbaaaf94725a/polling-district/978b20f6-58f9-4514-be31-b30908edcb51
7. Vejen,https://valg.dk/fv/47b883ef-d0d3-4cb6-9da5-91963f0e9ba0/nomination-district/214892f9-1ed4-48bd-ad0c-dbaaaf94725a,Vejen,https://valg.dk/fv/47b883ef-d0d3-4cb6-9da5-91963f0e9ba0/nomination-district/214892f9-1ed4-48bd-ad0c-dbaaaf94725a/polling-district/056c7075-fbac-4456-ac14-ca112b2cda80
7. Vejen,https://valg.dk/fv/47b883ef-d0d3-4cb6-9da5-91963f0e9ba0/nomination-district/214892f9-1ed4-48bd-ad0c-dbaaaf94725a,Vorbasse,https://valg.dk/fv/47b883ef-d0d3-4cb6-9da5-91963f0e9ba0/nomination-district/214892f9-1ed4-48bd-ad0c-dbaaaf94725a/polling-district/f268e4d7-8340-4cb5-9dda-8f594e60268c
7. Vejen,https://valg.dk/fv/47b883ef-d0d3-4cb6-9da5-91963f0e9ba0/nomination-district/214892f9-1ed4-48bd-ad0c-dbaaaf94725a,Øster Lindet,https://valg.dk/fv/47b883ef-d0d3-4cb6-9da5-91963f0e9ba0/nomination-district/214892f9-1ed4-48bd-ad0c-dbaaaf94725a/polling-district/39f89bf2-5e3b-4cb0-8864-94c66af090c9
8. Aalborg Vest,https://valg.dk/fv/47b883ef-d0d3-4cb6-9da5-91963f0e9ba0/nomination-district/2c7ca426-a6a3-4fd1-82d6-65c44f4999dc,Farstruphallen,https://valg.dk/fv/47b883ef-d0d3-4cb6-9da5-91963f0e9ba0/nomination-district/2c7ca426-a6a3-4fd1-82d6-65c44f4999dc/polling-district/0b0c0413-c47b-4b53-9b07-5e20ab485b09
8. Aalborg Vest,https://valg.dk/fv/47b883ef-d0d3-4cb6-9da5-91963f0e9ba0/nomination-district/2c7ca426-a6a3-4fd1-82d6-65c44f4999dc,Ferslev Hallen,https://valg.dk/fv/47b883ef-d0d3-4cb6-9da5-91963f0e9ba0/nomination-district/2c7ca426-a6a3-4fd1-82d6-65c44f4999dc/polling-district/56d97e14-a409-4ba1-9e1c-760fcf4e16ad
8. Aalborg Vest,https://valg.dk/fv/47b883ef-d0d3-4cb6-9da5-91963f0e9ba0/nomination-district/2c7ca426-a6a3-4fd1-82d6-65c44f4999dc,Frejlev Skoles Idrætshal,https://valg.dk/fv/47b883ef-d0d3-4cb6-9da5-91963f0e9ba0/nomination-district/2c7ca426-a6a3-4fd1-82d6-65c44f4999dc/polling-district/e605c711-3054-4a4f-80eb-790dca1c5eaf
8. Aalborg Vest,https://valg.dk/fv/47b883ef-d0d3-4cb6-9da5-91963f0e9ba0/nomination-district/2c7ca426-a6a3-4fd1-82d6-65c44f4999dc,Hallen Ved Skalborggård,https://valg.dk/fv/47b883ef-d0d3-4cb6-9da5-91963f0e9ba0/nomination-district/2c7ca426-a6a3-4fd1-82d6-65c44f4999dc/polling-district/5afd3d54-61a0-4f9d-a4b0-92a5f0d75363
8. Aalborg Vest,https://valg.dk/fv/47b883ef-d0d3-4cb6-9da5-91963f0e9ba0/nomination-district/2c7ca426-a6a3-4fd1-82d6-65c44f4999dc,Haraldslund,https://valg.dk/fv/47b883ef-d0d3-4cb6-9da5-91963f0e9ba0/nomination-district/2c7ca426-a6a3-4fd1-82d6-65c44f4999dc/polling-district/c0bdaf89-c349-4c0f-b47c-52b628bd5937
8. Aalborg Vest,https://valg.dk/fv/47b883ef-d0d3-4cb6-9da5-91963f0e9ba0/nomination-district/2c7ca426-a6a3-4fd1-82d6-65c44f4999dc,Hasseris Gymnasium,https://valg.dk/fv/47b883ef-d0d3-4cb6-9da5-91963f0e9ba0/nomination-district/2c7ca426-a6a3-4fd1-82d6-65c44f4999dc/polling-district/a751de59-4da1-44d3-8346-6dc40b6dd7c2
8. Aalborg Vest,https://valg.dk/fv/47b883ef-d0d3-4cb6-9da5-91963f0e9ba0/nomination-district/2c7ca426-a6a3-4fd1-82d6-65c44f4999dc,KFUM Hallen,https://valg.dk/fv/47b883ef-d0d3-4cb6-9da5-91963f0e9ba0/nomination-district/2c7ca426-a6a3-4fd1-82d6-65c44f4999dc/polling-district/8441fd24-4659-467d-9dd3-e33573ffc7ee
8. Aalborg Vest,https://valg.dk/fv/47b883ef-d0d3-4cb6-9da5-91963f0e9ba0/nomination-district/2c7ca426-a6a3-4fd1-82d6-65c44f4999dc,Nibe Hallen,https://valg.dk/fv/47b883ef-d0d3-4cb6-9da5-91963f0e9ba0/nomination-district/2c7ca426-a6a3-4fd1-82d6-65c44f4999dc/polling-district/b9215840-342a-4ddd-a68c-3256101916d0
8. Aalborg Vest,https://valg.dk/fv/47b883ef-d0d3-4cb6-9da5-91963f0e9ba0/nomination-district/2c7ca426-a6a3-4fd1-82d6-65c44f4999dc,Skipperens Idrætshus,https://valg.dk/fv/47b883ef-d0d3-4cb6-9da5-91963f0e9ba0/nomination-district/2c7ca426-a6a3-4fd1-82d6-65c44f4999dc/polling-district/ad2992a5-ec61-4fce-94fb-dfd681b6fba3
8. Aalborg Vest,https://valg.dk/fv/47b883ef-d0d3-4cb6-9da5-91963f0e9ba0/nomination-district/2c7ca426-a6a3-4fd1-82d6-65c44f4999dc,Svenstruphallen,https://valg.dk/fv/47b883ef-d0d3-4cb6-9da5-91963f0e9ba0/nomination-district/2c7ca426-a6a3-4fd1-82d6-65c44f4999dc/polling-district/e405faa1-0304-431d-bddc-5c89d1698537
8. Aalborg Vest,https://valg.dk/fv/47b883ef-d0d3-4cb6-9da5-91963f0e9ba0/nomination-district/2c7ca426-a6a3-4fd1-82d6-65c44f4999dc,Vesterkærets Skole,https://valg.dk/fv/47b883ef-d0d3-4cb6-9da5-91963f0e9ba0/nomination-district/2c7ca426-a6a3-4fd1-82d6-65c44f4999dc/polling-district/8414670f-c507-4bb3-b792-f0c7b887e561
8. Ballerup,https://valg.dk/fv/47b883ef-d0d3-4cb6-9da5-91963f0e9ba0/nomination-district/d759ba91-3eec-448e-93fd-593d279e4186,Balleruphallen - Rugvænget,https://valg.dk/fv/47b883ef-d0d3-4cb6-9da5-91963f0e9ba0/nomination-district/d759ba91-3eec-448e-93fd-593d279e4186/polling-district/2747574a-2a3f-40ee-8361-6dd475fda953
8. Ballerup,https://valg.dk/fv/47b883ef-d0d3-4cb6-9da5-91963f0e9ba0/nomination-district/d759ba91-3eec-448e-93fd-593d279e4186,Egebjerghallen - Skovvejens Skole Øst,https://valg.dk/fv/47b883ef-d0d3-4cb6-9da5-91963f0e9ba0/nomination-district/d759ba91-3eec-448e-93fd-593d279e4186/polling-district/ac9fa459-fa02-43cb-8bd3-2f78126f2266
8. Ballerup,https://valg.dk/fv/47b883ef-d0d3-4cb6-9da5-91963f0e9ba0/nomination-district/d759ba91-3eec-448e-93fd-593d279e4186,Ejbyhallen,https://valg.dk/fv/47b883ef-d0d3-4cb6-9da5-91963f0e9ba0/nomination-district/d759ba91-3eec-448e-93fd-593d279e4186/polling-district/10924447-b7b5-45cc-aa0e-d59876470780
8. Ballerup,https://valg.dk/fv/47b883ef-d0d3-4cb6-9da5-91963f0e9ba0/nomination-district/d759ba91-3eec-448e-93fd-593d279e4186,Grantoftehallen,https://valg.dk/fv/47b883ef-d0d3-4cb6-9da5-91963f0e9ba0/nomination-district/d759ba91-3eec-448e-93fd-593d279e4186/polling-district/160215e7-37fe-45c8-8400-ec6fd89a6fc2
8. Ballerup,https://valg.dk/fv/47b883ef-d0d3-4cb6-9da5-91963f0e9ba0/nomination-district/d759ba91-3eec-448e-93fd-593d279e4186,Hvissingehallen,https://valg.dk/fv/47b883ef-d0d3-4cb6-9da5-91963f0e9ba0/nomination-district/d759ba91-3eec-448e-93fd-593d279e4186/polling-district/2fdafe8e-d618-4267-9522-034fd0fda2fa
8. Ballerup,https://valg.dk/fv/47b883ef-d0d3-4cb6-9da5-91963f0e9ba0/nomination-district/d759ba91-3eec-448e-93fd-593d279e4186,Højagerhallen - Skovvejens Skole Vest,https://valg.dk/fv/47b883ef-d0d3-4cb6-9da5-91963f0e9ba0/nomination-district/d759ba91-3eec-448e-93fd-593d279e4186/polling-district/fbce2d87-04a4-419b-8c20-a496c4010518
8. Ballerup,https://valg.dk/fv/47b883ef-d0d3-4cb6-9da5-91963f0e9ba0/nomination-district/d759ba91-3eec-448e-93fd-593d279e4186,Idrætshallen (tidl. UCC-hallen) - Rosenlund,https://valg.dk/fv/47b883ef-d0d3-4cb6-9da5-91963f0e9ba0/nomination-district/d759ba91-3eec-448e-93fd-593d279e4186/polling-district/45372a65-5dcd-457e-9607-221b3d688698
8. Ballerup,https://valg.dk/fv/47b883ef-d0d3-4cb6-9da5-91963f0e9ba0/nomination-district/d759ba91-3eec-448e-93fd-593d279e4186,Måløv Ny Hal - Måløvhøj Skole - Måløv,https://valg.dk/fv/47b883ef-d0d3-4cb6-9da5-91963f0e9ba0/nomination-district/d759ba91-3eec-448e-93fd-593d279e4186/polling-district/48aaeeb9-93f5-41e9-b1e6-80d799bc85cf
8. Ballerup,https://valg.dk/fv/47b883ef-d0d3-4cb6-9da5-91963f0e9ba0/nomination-district/d759ba91-3eec-448e-93fd-593d279e4186,Nordvanghallen,https://valg.dk/fv/47b883ef-d0d3-4cb6-9da5-91963f0e9ba0/nomination-district/d759ba91-3eec-448e-93fd-593d279e4186/polling-district/b085b5e2-cb49-44e4-9f66-ca6702a1a2f6
8. Ballerup,https://valg.dk/fv/47b883ef-d0d3-4cb6-9da5-91963f0e9ba0/nomination-district/d759ba91-3eec-448e-93fd-593d279e4186,Skovlunde Skole - Lundebjerg,https://valg.dk/fv/47b883ef-d0d3-4cb6-9da5-91963f0e9ba0/nomination-district/d759ba91-3eec-448e-93fd-593d279e4186/polling-district/bb7beffe-b3d8-471b-891c-c98578c31f31
8. Ballerup,https://valg.dk/fv/47b883ef-d0d3-4cb6-9da5-91963f0e9ba0/nomination-district/d759ba91-3eec-448e-93fd-593d279e4186,Sognegården,https://valg.dk/fv/47b883ef-d0d3-4cb6-9da5-91963f0e9ba0/nomination-district/d759ba91-3eec-448e-93fd-593d279e4186/polling-district/364a511d-ea62-4660-a93f-9ef84ba3bb50
8. Ballerup,https://valg.dk/fv/47b883ef-d0d3-4cb6-9da5-91963f0e9ba0/nomination-district/d759ba91-3eec-448e-93fd-593d279e4186,Søndervanghallen,https://valg.dk/fv/47b883ef-d0d3-4cb6-9da5-91963f0e9ba0/nomination-district/d759ba91-3eec-448e-93fd-593d279e4186/polling-district/c42a715a-9d87-4679-adbb-55c3f766b031
8. Ballerup,https://valg.dk/fv/47b883ef-d0d3-4cb6-9da5-91963f0e9ba0/nomination-district/d759ba91-3eec-448e-93fd-593d279e4186,Tapeten,https://valg.dk/fv/47b883ef-d0d3-4cb6-9da5-91963f0e9ba0/nomination-district/d759ba91-3eec-448e-93fd-593d279e4186/polling-district/ff71bd27-3723-4610-87b2-fc6934b34c3d
8. Ballerup,https://valg.dk/fv/47b883ef-d0d3-4cb6-9da5-91963f0e9ba0/nomination-district/d759ba91-3eec-448e-93fd-593d279e4186,Vestervangskolen,https://valg.dk/fv/47b883ef-d0d3-4cb6-9da5-91963f0e9ba0/nomination-district/d759ba91-3eec-448e-93fd-593d279e4186/polling-district/a5bb0392-d1b0-4d08-a8a2-249fbbc31eb9
8. Ballerup,https://valg.dk/fv/47b883ef-d0d3-4cb6-9da5-91963f0e9ba0/nomination-district/d759ba91-3eec-448e-93fd-593d279e4186,Østerhøjhallen - Måløvhøj Skole - Østerhøj,https://valg.dk/fv/47b883ef-d0d3-4cb6-9da5-91963f0e9ba0/nomination-district/d759ba91-3eec-448e-93fd-593d279e4186/polling-district/f48c31d0-0a6d-4480-bdb9-5b72ffa22378
8. Faaborg,https://valg.dk/fv/47b883ef-d0d3-4cb6-9da5-91963f0e9ba0/nomination-district/f5b1cc04-ed81-4552-a9ce-6c1329b2d8a7,Allested-Vejle,https://valg.dk/fv/47b883ef-d0d3-4cb6-9da5-91963f0e9ba0/nomination-district/f5b1cc04-ed81-4552-a9ce-6c1329b2d8a7/polling-district/a6b3f76b-510c-4ad4-810e-35ccbea6a7e3
8. Faaborg,https://valg.dk/fv/47b883ef-d0d3-4cb6-9da5-91963f0e9ba0/nomination-district/f5b1cc04-ed81-4552-a9ce-6c1329b2d8a7,Avernakø,https://valg.dk/fv/47b883ef-d0d3-4cb6-9da5-91963f0e9ba0/nomination-district/f5b1cc04-ed81-4552-a9ce-6c1329b2d8a7/polling-district/531a4187-81ba-4b12-b417-5211a400b6c8
8. Faaborg,https://valg.dk/fv/47b883ef-d0d3-4cb6-9da5-91963f0e9ba0/nomination-district/f5b1cc04-ed81-4552-a9ce-6c1329b2d8a7,Brobyværk,https://valg.dk/fv/47b883ef-d0d3-4cb6-9da5-91963f0e9ba0/nomination-district/f5b1cc04-ed81-4552-a9ce-6c1329b2d8a7/polling-district/53b47969-2370-4a93-917b-8ab0360ee5ad
8. Faaborg,https://valg.dk/fv/47b883ef-d0d3-4cb6-9da5-91963f0e9ba0/nomination-district/f5b1cc04-ed81-4552-a9ce-6c1329b2d8a7,Espe,https://valg.dk/fv/47b883ef-d0d3-4cb6-9da5-91963f0e9ba0/nomination-district/f5b1cc04-ed81-4552-a9ce-6c1329b2d8a7/polling-district/b2e23169-d792-44e8-a9f9-01b484609174
8. Faaborg,https://valg.dk/fv/47b883ef-d0d3-4cb6-9da5-91963f0e9ba0/nomination-district/f5b1cc04-ed81-4552-a9ce-6c1329b2d8a7,Faaborg,https://valg.dk/fv/47b883ef-d0d3-4cb6-9da5-91963f0e9ba0/nomination-district/f5b1cc04-ed81-4552-a9ce-6c1329b2d8a7/polling-district/e2c9941c-e198-4db4-8b61-8d1c6e563a72
8. Faaborg,https://valg.dk/fv/47b883ef-d0d3-4cb6-9da5-91963f0e9ba0/nomination-district/f5b1cc04-ed81-4552-a9ce-6c1329b2d8a7,Ferritslev,https://valg.dk/fv/47b883ef-d0d3-4cb6-9da5-91963f0e9ba0/nomination-district/f5b1cc04-ed81-4552-a9ce-6c1329b2d8a7/polling-district/de2c0e24-3bcb-45c0-9f3f-5c54bb70d99e
8. Faaborg,https://valg.dk/fv/47b883ef-d0d3-4cb6-9da5-91963f0e9ba0/nomination-district/f5b1cc04-ed81-4552-a9ce-6c1329b2d8a7,Gislev,https://valg.dk/fv/47b883ef-d0d3-4cb6-9da5-91963f0e9ba0/nomination-district/f5b1cc04-ed81-4552-a9ce-6c1329b2d8a7/polling-district/c48125c2-7411-4259-844e-5d7dc93c6b49
8. Faaborg,https://valg.dk/fv/47b883ef-d0d3-4cb6-9da5-91963f0e9ba0/nomination-district/f5b1cc04-ed81-4552-a9ce-6c1329b2d8a7,Hillerslev,https://valg.dk/fv/47b883ef-d0d3-4cb6-9da5-91963f0e9ba0/nomination-district/f5b1cc04-ed81-4552-a9ce-6c1329b2d8a7/polling-district/485e7cbc-8c3c-433c-93c6-590b95261130
8. Faaborg,https://valg.dk/fv/47b883ef-d0d3-4cb6-9da5-91963f0e9ba0/nomination-district/f5b1cc04-ed81-4552-a9ce-6c1329b2d8a7,Horne,https://valg.dk/fv/47b883ef-d0d3-4cb6-9da5-91963f0e9ba0/nomination-district/f5b1cc04-ed81-4552-a9ce-6c1329b2d8a7/polling-district/b71fe2f7-40ab-435d-9a45-3ba512f2c3bc
8. Faaborg,https://valg.dk/fv/47b883ef-d0d3-4cb6-9da5-91963f0e9ba0/nomination-district/f5b1cc04-ed81-4552-a9ce-6c1329b2d8a7,Korinth,https://valg.dk/fv/47b883ef-d0d3-4cb6-9da5-91963f0e9ba0/nomination-district/f5b1cc04-ed81-4552-a9ce-6c1329b2d8a7/polling-district/c747694a-e44f-4f6d-9a68-cf5c9aec722b
8. Faaborg,https://valg.dk/fv/47b883ef-d0d3-4cb6-9da5-91963f0e9ba0/nomination-district/f5b1cc04-ed81-4552-a9ce-6c1329b2d8a7,Kværndrup,https://valg.dk/fv/47b883ef-d0d3-4cb6-9da5-91963f0e9ba0/nomination-district/f5b1cc04-ed81-4552-a9ce-6c1329b2d8a7/polling-district/9d1cf611-91ab-4da2-a052-abc4fb2a553b
8. Faaborg,https://valg.dk/fv/47b883ef-d0d3-4cb6-9da5-91963f0e9ba0/nomination-district/f5b1cc04-ed81-4552-a9ce-6c1329b2d8a7,Lyø,https://valg.dk/fv/47b883ef-d0d3-4cb6-9da5-91963f0e9ba0/nomination-district/f5b1cc04-ed81-4552-a9ce-6c1329b2d8a7/polling-district/0b6bd847-4580-4e1f-9fec-b14a1c27c0b0
8. Faaborg,https://valg.dk/fv/47b883ef-d0d3-4cb6-9da5-91963f0e9ba0/nomination-district/f5b1cc04-ed81-4552-a9ce-6c1329b2d8a7,Marstal,https://valg.dk/fv/47b883ef-d0d3-4cb6-9da5-91963f0e9ba0/nomination-district/f5b1cc04-ed81-4552-a9ce-6c1329b2d8a7/polling-district/d69a5114-d271-40ac-91ef-14d161e64136
8. Faaborg,https://valg.dk/fv/47b883ef-d0d3-4cb6-9da5-91963f0e9ba0/nomination-district/f5b1cc04-ed81-4552-a9ce-6c1329b2d8a7,Nr. Lyndelse,https://valg.dk/fv/47b883ef-d0d3-4cb6-9da5-91963f0e9ba0/nomination-district/f5b1cc04-ed81-4552-a9ce-6c1329b2d8a7/polling-district/5241ecfb-5fc7-4571-9ea3-0e708f491245
8. Faaborg,https://valg.dk/fv/47b883ef-d0d3-4cb6-9da5-91963f0e9ba0/nomination-district/f5b1cc04-ed81-4552-a9ce-6c1329b2d8a7,Nørre Broby,https://valg.dk/fv/47b883ef-d0d3-4cb6-9da5-91963f0e9ba0/nomination-district/f5b1cc04-ed81-4552-a9ce-6c1329b2d8a7/polling-district/32e5411b-8cc9-4456-83b5-91b114f1dfb5
8. Faaborg,https://valg.dk/fv/47b883ef-d0d3-4cb6-9da5-91963f0e9ba0/nomination-district/f5b1cc04-ed81-4552-a9ce-6c1329b2d8a7,Ringe,https://valg.dk/fv/47b883ef-d0d3-4cb6-9da5-91963f0e9ba0/nomination-district/f5b1cc04-ed81-4552-a9ce-6c1329b2d8a7/polling-district/fd261f1f-4df4-48d6-af2c-ae27723ce63d
8. Faaborg,https://valg.dk/fv/47b883ef-d0d3-4cb6-9da5-91963f0e9ba0/nomination-district/f5b1cc04-ed81-4552-a9ce-6c1329b2d8a7,Ryslinge,https://valg.dk/fv/47b883ef-d0d3-4cb6-9da5-91963f0e9ba0/nomination-district/f5b1cc04-ed81-4552-a9ce-6c1329b2d8a7/polling-district/2b23b2e7-f5db-40da-ace3-03f4b01224f9
8. Faaborg,https://valg.dk/fv/47b883ef-d0d3-4cb6-9da5-91963f0e9ba0/nomination-district/f5b1cc04-ed81-4552-a9ce-6c1329b2d8a7,Svanninge,https://valg.dk/fv/47b883ef-d0d3-4cb6-9da5-91963f0e9ba0/nomination-district/f5b1cc04-ed81-4552-a9ce-6c1329b2d8a7/polling-district/4b697a94-0030-479e-97bd-6514fa33ae5c
8. Faaborg,https://valg.dk/fv/47b883ef-d0d3-4cb6-9da5-91963f0e9ba0/nomination-district/f5b1cc04-ed81-4552-a9ce-6c1329b2d8a7,Søby,https://valg.dk/fv/47b883ef-d0d3-4cb6-9da5-91963f0e9ba0/nomination-district/f5b1cc04-ed81-4552-a9ce-6c1329b2d8a7/polling-district/5c266721-866e-4777-83c4-7ab05b0d70e5
8. Faaborg,https://valg.dk/fv/47b883ef-d0d3-4cb6-9da5-91963f0e9ba0/nomination-district/f5b1cc04-ed81-4552-a9ce-6c1329b2d8a7,Søllinge,https://valg.dk/fv/47b883ef-d0d3-4cb6-9da5-91963f0e9ba0/nomination-district/f5b1cc04-ed81-4552-a9ce-6c1329b2d8a7/polling-district/be60b4c5-d249-4504-a630-76d12a6488ae
8. Faaborg,https://valg.dk/fv/47b883ef-d0d3-4cb6-9da5-91963f0e9ba0/nomination-district/f5b1cc04-ed81-4552-a9ce-6c1329b2d8a7,Vester Aaby,https://valg.dk/fv/47b883ef-d0d3-4cb6-9da5-91963f0e9ba0/nomination-district/f5b1cc04-ed81-4552-a9ce-6c1329b2d8a7/polling-district/54911a73-6392-4b50-bfff-ea0fb44e7d45
8. Faaborg,https://valg.dk/fv/47b883ef-d0d3-4cb6-9da5-91963f0e9ba0/nomination-district/f5b1cc04-ed81-4552-a9ce-6c1329b2d8a7,Vester Hæsinge,https://valg.dk/fv/47b883ef-d0d3-4cb6-9da5-91963f0e9ba0/nomination-district/f5b1cc04-ed81-4552-a9ce-6c1329b2d8a7/polling-district/b693f27f-750d-4a94-86cd-51a8d4a1992f
8. Faaborg,https://valg.dk/fv/47b883ef-d0d3-4cb6-9da5-91963f0e9ba0/nomination-district/f5b1cc04-ed81-4552-a9ce-6c1329b2d8a7,Årslev,https://valg.dk/fv/47b883ef-d0d3-4cb6-9da5-91963f0e9ba0/nomination-district/f5b1cc04-ed81-4552-a9ce-6c1329b2d8a7/polling-district/4157f684-5743-4deb-983f-8b9c364bce7d
8. Faaborg,https://valg.dk/fv/47b883ef-d0d3-4cb6-9da5-91963f0e9ba0/nomination-district/f5b1cc04-ed81-4552-a9ce-6c1329b2d8a7,Ærøskøbing,https://valg.dk/fv/47b883ef-d0d3-4cb6-9da5-91963f0e9ba0/nomination-district/f5b1cc04-ed81-4552-a9ce-6c1329b2d8a7/polling-district/d0b35171-6d90-48e4-bd99-68285292d879
8. Favrskov,https://valg.dk/fv/47b883ef-d0d3-4cb6-9da5-91963f0e9ba0/nomination-district/305965dd-9e75-4bc2-bac9-f64502b7d846,Foldby,https://valg.dk/fv/47b883ef-d0d3-4cb6-9da5-91963f0e9ba0/nomination-district/305965dd-9e75-4bc2-bac9-f64502b7d846/polling-district/a4a3993b-ed76-4128-8cd8-fdf569cd1c5e
8. Favrskov,https://valg.dk/fv/47b883ef-d0d3-4cb6-9da5-91963f0e9ba0/nomination-district/305965dd-9e75-4bc2-bac9-f64502b7d846,Hadbjerg,https://valg.dk/fv/47b883ef-d0d3-4cb6-9da5-91963f0e9ba0/nomination-district/305965dd-9e75-4bc2-bac9-f64502b7d846/polling-district/0b79a617-6e1a-496b-9ff7-6eb097072e5e
8. Favrskov,https://valg.dk/fv/47b883ef-d0d3-4cb6-9da5-91963f0e9ba0/nomination-district/305965dd-9e75-4bc2-bac9-f64502b7d846,Hadsten Nord,https://valg.dk/fv/47b883ef-d0d3-4cb6-9da5-91963f0e9ba0/nomination-district/305965dd-9e75-4bc2-bac9-f64502b7d846/polling-district/39304afc-f28f-4407-beb5-287cc29d6f36
8. Favrskov,https://valg.dk/fv/47b883ef-d0d3-4cb6-9da5-91963f0e9ba0/nomination-district/305965dd-9e75-4bc2-bac9-f64502b7d846,Hadsten Syd,https://valg.dk/fv/47b883ef-d0d3-4cb6-9da5-91963f0e9ba0/nomination-district/305965dd-9e75-4bc2-bac9-f64502b7d846/polling-district/7c68513f-ca7b-4d6b-86bf-4a30b268b8d3
8. Favrskov,https://valg.dk/fv/47b883ef-d0d3-4cb6-9da5-91963f0e9ba0/nomination-district/305965dd-9e75-4bc2-bac9-f64502b7d846,Haldum-Hinnerup/Vitten,https://valg.dk/fv/47b883ef-d0d3-4cb6-9da5-91963f0e9ba0/nomination-district/305965dd-9e75-4bc2-bac9-f64502b7d846/polling-district/b788f26c-a4cf-4de4-bc11-fb3558f9e7f3
8. Favrskov,https://valg.dk/fv/47b883ef-d0d3-4cb6-9da5-91963f0e9ba0/nomination-district/305965dd-9e75-4bc2-bac9-f64502b7d846,Hammel Nord,https://valg.dk/fv/47b883ef-d0d3-4cb6-9da5-91963f0e9ba0/nomination-district/305965dd-9e75-4bc2-bac9-f64502b7d846/polling-district/2713c99b-d29c-4282-863a-b5ec962637c9
8. Favrskov,https://valg.dk/fv/47b883ef-d0d3-4cb6-9da5-91963f0e9ba0/nomination-district/305965dd-9e75-4bc2-bac9-f64502b7d846,Hammel Syd,https://valg.dk/fv/47b883ef-d0d3-4cb6-9da5-91963f0e9ba0/nomination-district/305965dd-9e75-4bc2-bac9-f64502b7d846/polling-district/7b84d525-cfe6-4682-9bc1-86a2100d98f4
8. Favrskov,https://valg.dk/fv/47b883ef-d0d3-4cb6-9da5-91963f0e9ba0/nomination-district/305965dd-9e75-4bc2-bac9-f64502b7d846,Lading,https://valg.dk/fv/47b883ef-d0d3-4cb6-9da5-91963f0e9ba0/nomination-district/305965dd-9e75-4bc2-bac9-f64502b7d846/polling-district/73359f4a-0694-4c9b-9c1c-94af9d16f0c4
8. Favrskov,https://valg.dk/fv/47b883ef-d0d3-4cb6-9da5-91963f0e9ba0/nomination-district/305965dd-9e75-4bc2-bac9-f64502b7d846,Laurbjerg/Houlbjerg,https://valg.dk/fv/47b883ef-d0d3-4cb6-9da5-91963f0e9ba0/nomination-district/305965dd-9e75-4bc2-bac9-f64502b7d846/polling-district/518e69e5-d826-4288-87ee-3949f069c6e3
8. Favrskov,https://valg.dk/fv/47b883ef-d0d3-4cb6-9da5-91963f0e9ba0/nomination-district/305965dd-9e75-4bc2-bac9-f64502b7d846,Rønbæk/Grundfør,https://valg.dk/fv/47b883ef-d0d3-4cb6-9da5-91963f0e9ba0/nomination-district/305965dd-9e75-4bc2-bac9-f64502b7d846/polling-district/b7a8efa6-22aa-4b5b-9aef-e4eb135bb31e
8. Favrskov,https://valg.dk/fv/47b883ef-d0d3-4cb6-9da5-91963f0e9ba0/nomination-district/305965dd-9e75-4bc2-bac9-f64502b7d846,Søften,https://valg.dk/fv/47b883ef-d0d3-4cb6-9da5-91963f0e9ba0/nomination-district/305965dd-9e75-4bc2-bac9-f64502b7d846/polling-district/dd29258c-2b06-48c7-88de-54b8ec0b10bf
8. Favrskov,https://valg.dk/fv/47b883ef-d0d3-4cb6-9da5-91963f0e9ba0/nomination-district/305965dd-9e75-4bc2-bac9-f64502b7d846,Thorsø/Haurum/Sall,https://valg.dk/fv/47b883ef-d0d3-4cb6-9da5-91963f0e9ba0/nomination-district/305965dd-9e75-4bc2-bac9-f64502b7d846/polling-district/e72a0463-e48e-4c7e-a664-e18d9c20b60d
8. Favrskov,https://valg.dk/fv/47b883ef-d0d3-4cb6-9da5-91963f0e9ba0/nomination-district/305965dd-9e75-4bc2-bac9-f64502b7d846,Ulstrup,https://valg.dk/fv/47b883ef-d0d3-4cb6-9da5-91963f0e9ba0/nomination-district/305965dd-9e75-4bc2-bac9-f64502b7d846/polling-district/8bbe40f7-70b9-46c5-b48c-6885e682167b
8. Favrskov,https://valg.dk/fv/47b883ef-d0d3-4cb6-9da5-91963f0e9ba0/nomination-district/305965dd-9e75-4bc2-bac9-f64502b7d846,Voldum,https://valg.dk/fv/47b883ef-d0d3-4cb6-9da5-91963f0e9ba0/nomination-district/305965dd-9e75-4bc2-bac9-f64502b7d846/polling-district/f6f317ea-865e-4507-a4c1-320211fda6ff
8. Herning Syd,https://valg.dk/fv/47b883ef-d0d3-4cb6-9da5-91963f0e9ba0/nomination-district/acbf7979-91ef-4fcd-b187-936a2d20142f,Arnborg,https://valg.dk/fv/47b883ef-d0d3-4cb6-9da5-91963f0e9ba0/nomination-district/acbf7979-91ef-4fcd-b187-936a2d20142f/polling-district/62e6b989-6940-46e7-9690-d5baf6515cb6
8. Herning Syd,https://valg.dk/fv/47b883ef-d0d3-4cb6-9da5-91963f0e9ba0/nomination-district/acbf7979-91ef-4fcd-b187-936a2d20142f,Herning,https://valg.dk/fv/47b883ef-d0d3-4cb6-9da5-91963f0e9ba0/nomination-district/acbf7979-91ef-4fcd-b187-936a2d20142f/polling-district/44f69fe5-891c-4aae-ab12-bdd5c4058e17
8. Herning Syd,https://valg.dk/fv/47b883ef-d0d3-4cb6-9da5-91963f0e9ba0/nomination-district/acbf7979-91ef-4fcd-b187-936a2d20142f,Kibæk,https://valg.dk/fv/47b883ef-d0d3-4cb6-9da5-91963f0e9ba0/nomination-district/acbf7979-91ef-4fcd-b187-936a2d20142f/polling-district/a2bd81a8-130a-4e53-93d6-717b9c874e61
8. Herning Syd,https://valg.dk/fv/47b883ef-d0d3-4cb6-9da5-91963f0e9ba0/nomination-district/acbf7979-91ef-4fcd-b187-936a2d20142f,Kølkær,https://valg.dk/fv/47b883ef-d0d3-4cb6-9da5-91963f0e9ba0/nomination-district/acbf7979-91ef-4fcd-b187-936a2d20142f/polling-district/1f5b5a77-0b33-470e-83d3-4e40f608942f
8. Herning Syd,https://valg.dk/fv/47b883ef-d0d3-4cb6-9da5-91963f0e9ba0/nomination-district/acbf7979-91ef-4fcd-b187-936a2d20142f,Lind,https://valg.dk/fv/47b883ef-d0d3-4cb6-9da5-91963f0e9ba0/nomination-district/acbf7979-91ef-4fcd-b187-936a2d20142f/polling-district/8fe78532-d1f3-4c72-8d87-3df4521ce0d5
8. Herning Syd,https://valg.dk/fv/47b883ef-d0d3-4cb6-9da5-91963f0e9ba0/nomination-district/acbf7979-91ef-4fcd-b187-936a2d20142f,Sdr. Felding,https://valg.dk/fv/47b883ef-d0d3-4cb6-9da5-91963f0e9ba0/nomination-district/acbf7979-91ef-4fcd-b187-936a2d20142f/polling-district/406a8576-4d77-4709-a374-b48978521700
8. Herning Syd,https://valg.dk/fv/47b883ef-d0d3-4cb6-9da5-91963f0e9ba0/nomination-district/acbf7979-91ef-4fcd-b187-936a2d20142f,Skarrild,https://valg.dk/fv/47b883ef-d0d3-4cb6-9da5-91963f0e9ba0/nomination-district/acbf7979-91ef-4fcd-b187-936a2d20142f/polling-district/4bc80177-f12a-4b6e-9a7e-1cdc06c83f57
8. Herning Syd,https://valg.dk/fv/47b883ef-d0d3-4cb6-9da5-91963f0e9ba0/nomination-district/acbf7979-91ef-4fcd-b187-936a2d20142f,Studsgård,https://valg.dk/fv/47b883ef-d0d3-4cb6-9da5-91963f0e9ba0/nomination-district/acbf7979-91ef-4fcd-b187-936a2d20142f/polling-district/5d37350d-a296-4488-a31c-79012b1be24c
8. Roskilde,https://valg.dk/fv/47b883ef-d0d3-4cb6-9da5-91963f0e9ba0/nomination-district/301dc389-5794-45ee-abec-87bf0c85e59a,Baunehøj,https://valg.dk/fv/47b883ef-d0d3-4cb6-9da5-91963f0e9ba0/nomination-district/301dc389-5794-45ee-abec-87bf0c85e59a/polling-district/de4ba89d-b54f-41fc-9387-a7bd186cda81
8. Roskilde,https://valg.dk/fv/47b883ef-d0d3-4cb6-9da5-91963f0e9ba0/nomination-district/301dc389-5794-45ee-abec-87bf0c85e59a,Gadstrup,https://valg.dk/fv/47b883ef-d0d3-4cb6-9da5-91963f0e9ba0/nomination-district/301dc389-5794-45ee-abec-87bf0c85e59a/polling-district/e03b0eb2-ace9-4a82-8c90-0fdd15b7be2c
8. Roskilde,https://valg.dk/fv/47b883ef-d0d3-4cb6-9da5-91963f0e9ba0/nomination-district/301dc389-5794-45ee-abec-87bf0c85e59a,Gundsølille,https://valg.dk/fv/47b883ef-d0d3-4cb6-9da5-91963f0e9ba0/nomination-district/301dc389-5794-45ee-abec-87bf0c85e59a/polling-district/3276e6ad-c77d-45e2-a912-1c83e300b17b
8. Roskilde,https://valg.dk/fv/47b883ef-d0d3-4cb6-9da5-91963f0e9ba0/nomination-district/301dc389-5794-45ee-abec-87bf0c85e59a,Gundsømagle,https://valg.dk/fv/47b883ef-d0d3-4cb6-9da5-91963f0e9ba0/nomination-district/301dc389-5794-45ee-abec-87bf0c85e59a/polling-district/57c5a52c-465e-48be-be48-a6bd3582ee69
8. Roskilde,https://valg.dk/fv/47b883ef-d0d3-4cb6-9da5-91963f0e9ba0/nomination-district/301dc389-5794-45ee-abec-87bf0c85e59a,Hedegårdene,https://valg.dk/fv/47b883ef-d0d3-4cb6-9da5-91963f0e9ba0/nomination-district/301dc389-5794-45ee-abec-87bf0c85e59a/polling-district/f834bcd5-e4e6-4b6c-9f13-fdb97378cf33
8. Roskilde,https://valg.dk/fv/47b883ef-d0d3-4cb6-9da5-91963f0e9ba0/nomination-district/301dc389-5794-45ee-abec-87bf0c85e59a,Himmelev,https://valg.dk/fv/47b883ef-d0d3-4cb6-9da5-91963f0e9ba0/nomination-district/301dc389-5794-45ee-abec-87bf0c85e59a/polling-district/a210b4bf-d064-4000-8cf4-1b7ae512d435
8. Roskilde,https://valg.dk/fv/47b883ef-d0d3-4cb6-9da5-91963f0e9ba0/nomination-district/301dc389-5794-45ee-abec-87bf0c85e59a,Jyllinge,https://valg.dk/fv/47b883ef-d0d3-4cb6-9da5-91963f0e9ba0/nomination-district/301dc389-5794-45ee-abec-87bf0c85e59a/polling-district/77084a83-1d84-4c46-b1b5-27b1236bcded
8. Roskilde,https://valg.dk/fv/47b883ef-d0d3-4cb6-9da5-91963f0e9ba0/nomination-district/301dc389-5794-45ee-abec-87bf0c85e59a,Klostermarken,https://valg.dk/fv/47b883ef-d0d3-4cb6-9da5-91963f0e9ba0/nomination-district/301dc389-5794-45ee-abec-87bf0c85e59a/polling-district/79eff0bd-c684-40bc-929c-0c1a03042ae0
8. Roskilde,https://valg.dk/fv/47b883ef-d0d3-4cb6-9da5-91963f0e9ba0/nomination-district/301dc389-5794-45ee-abec-87bf0c85e59a,Roskilde Bymidte,https://valg.dk/fv/47b883ef-d0d3-4cb6-9da5-91963f0e9ba0/nomination-district/301dc389-5794-45ee-abec-87bf0c85e59a/polling-district/f202ca67-8e4b-4520-a5f1-0725cd31c661
8. Roskilde,https://valg.dk/fv/47b883ef-d0d3-4cb6-9da5-91963f0e9ba0/nomination-district/301dc389-5794-45ee-abec-87bf0c85e59a,Sankt Jørgen,https://valg.dk/fv/47b883ef-d0d3-4cb6-9da5-91963f0e9ba0/nomination-district/301dc389-5794-45ee-abec-87bf0c85e59a/polling-district/e8996dca-f276-42d2-ab8a-9c7cc96b5522
8. Roskilde,https://valg.dk/fv/47b883ef-d0d3-4cb6-9da5-91963f0e9ba0/nomination-district/301dc389-5794-45ee-abec-87bf0c85e59a,Snoldelev,https://valg.dk/fv/47b883ef-d0d3-4cb6-9da5-91963f0e9ba0/nomination-district/301dc389-5794-45ee-abec-87bf0c85e59a/polling-district/3a6eb0d4-57a3-4b2a-9957-387fd8744da7
8. Roskilde,https://valg.dk/fv/47b883ef-d0d3-4cb6-9da5-91963f0e9ba0/nomination-district/301dc389-5794-45ee-abec-87bf0c85e59a,Svogerslev,https://valg.dk/fv/47b883ef-d0d3-4cb6-9da5-91963f0e9ba0/nomination-district/301dc389-5794-45ee-abec-87bf0c85e59a/polling-district/a6b55dec-42be-4eae-9b2a-4652ec95aed9
8. Roskilde,https://valg.dk/fv/47b883ef-d0d3-4cb6-9da5-91963f0e9ba0/nomination-district/301dc389-5794-45ee-abec-87bf0c85e59a,Tjørnegård,https://valg.dk/fv/47b883ef-d0d3-4cb6-9da5-91963f0e9ba0/nomination-district/301dc389-5794-45ee-abec-87bf0c85e59a/polling-district/28383336-4d9e-423b-9105-3018aab07b45
8. Roskilde,https://valg.dk/fv/47b883ef-d0d3-4cb6-9da5-91963f0e9ba0/nomination-district/301dc389-5794-45ee-abec-87bf0c85e59a,Trekroner,https://valg.dk/fv/47b883ef-d0d3-4cb6-9da5-91963f0e9ba0/nomination-district/301dc389-5794-45ee-abec-87bf0c85e59a/polling-district/e1728220-68a9-4f2f-be81-3070f0880eb0
8. Roskilde,https://valg.dk/fv/47b883ef-d0d3-4cb6-9da5-91963f0e9ba0/nomination-district/301dc389-5794-45ee-abec-87bf0c85e59a,Viby,https://valg.dk/fv/47b883ef-d0d3-4cb6-9da5-91963f0e9ba0/nomination-district/301dc389-5794-45ee-abec-87bf0c85e59a/polling-district/319cc14c-e78c-4f71-99cd-5ee4439430c8
8. Roskilde,https://valg.dk/fv/47b883ef-d0d3-4cb6-9da5-91963f0e9ba0/nomination-district/301dc389-5794-45ee-abec-87bf0c85e59a,Vindinge,https://valg.dk/fv/47b883ef-d0d3-4cb6-9da5-91963f0e9ba0/nomination-district/301dc389-5794-45ee-abec-87bf0c85e59a/polling-district/04956c05-1b70-4a4d-91f2-07eb180b2cf1
8. Roskilde,https://valg.dk/fv/47b883ef-d0d3-4cb6-9da5-91963f0e9ba0/nomination-district/301dc389-5794-45ee-abec-87bf0c85e59a,Vor Frue,https://valg.dk/fv/47b883ef-d0d3-4cb6-9da5-91963f0e9ba0/nomination-district/301dc389-5794-45ee-abec-87bf0c85e59a/polling-district/f83861f0-f96f-4202-8ed0-22024f878f24
8. Roskilde,https://valg.dk/fv/47b883ef-d0d3-4cb6-9da5-91963f0e9ba0/nomination-district/301dc389-5794-45ee-abec-87bf0c85e59a,Østervang,https://valg.dk/fv/47b883ef-d0d3-4cb6-9da5-91963f0e9ba0/nomination-district/301dc389-5794-45ee-abec-87bf0c85e59a/polling-district/61631dcc-d858-4a6d-8b95-21ea822d9cc8
8. Valby,https://valg.dk/fv/47b883ef-d0d3-4cb6-9da5-91963f0e9ba0/nomination-district/de877c35-92e0-4e4a-a63e-1b23a12c498b,8. Midt,https://valg.dk/fv/47b883ef-d0d3-4cb6-9da5-91963f0e9ba0/nomination-district/de877c35-92e0-4e4a-a63e-1b23a12c498b/polling-district/5e06f093-c864-40e2-96e2-ea23e783f471
8. Valby,https://valg.dk/fv/47b883ef-d0d3-4cb6-9da5-91963f0e9ba0/nomination-district/de877c35-92e0-4e4a-a63e-1b23a12c498b,8. Nord,https://valg.dk/fv/47b883ef-d0d3-4cb6-9da5-91963f0e9ba0/nomination-district/de877c35-92e0-4e4a-a63e-1b23a12c498b/polling-district/24d08836-47a9-4d84-97d0-0a70c277defd
8. Valby,https://valg.dk/fv/47b883ef-d0d3-4cb6-9da5-91963f0e9ba0/nomination-district/de877c35-92e0-4e4a-a63e-1b23a12c498b,8. Syd,https://valg.dk/fv/47b883ef-d0d3-4cb6-9da5-91963f0e9ba0/nomination-district/de877c35-92e0-4e4a-a63e-1b23a12c498b/polling-district/b74b85ca-c8ff-4994-9e0f-3d4e039d267c
8. Valby,https://valg.dk/fv/47b883ef-d0d3-4cb6-9da5-91963f0e9ba0/nomination-district/de877c35-92e0-4e4a-a63e-1b23a12c498b,8. Sydøst,https://valg.dk/fv/47b883ef-d0d3-4cb6-9da5-91963f0e9ba0/nomination-district/de877c35-92e0-4e4a-a63e-1b23a12c498b/polling-district/c2c19f68-2770-440c-931d-1879183c4678
8. Valby,https://valg.dk/fv/47b883ef-d0d3-4cb6-9da5-91963f0e9ba0/nomination-district/de877c35-92e0-4e4a-a63e-1b23a12c498b,8. Valby,https://valg.dk/fv/47b883ef-d0d3-4cb6-9da5-91963f0e9ba0/nomination-district/de877c35-92e0-4e4a-a63e-1b23a12c498b/polling-district/6152c61f-a7c5-48c2-a590-91ef3253bc6c
8. Valby,https://valg.dk/fv/47b883ef-d0d3-4cb6-9da5-91963f0e9ba0/nomination-district/de877c35-92e0-4e4a-a63e-1b23a12c498b,8. Vest,https://valg.dk/fv/47b883ef-d0d3-4cb6-9da5-91963f0e9ba0/nomination-district/de877c35-92e0-4e4a-a63e-1b23a12c498b/polling-district/26782849-a263-4d4d-a8ac-136b4baf5199
8. Vejle Nord,https://valg.dk/fv/47b883ef-d0d3-4cb6-9da5-91963f0e9ba0/nomination-district/cca44923-29a1-495f-8289-5275205e2e68,Bredsten Nord,https://valg.dk/fv/47b883ef-d0d3-4cb6-9da5-91963f0e9ba0/nomination-district/cca44923-29a1-495f-8289-5275205e2e68/polling-district/4cbc79b0-6f55-496b-b536-e93f477a073a
8. Vejle Nord,https://valg.dk/fv/47b883ef-d0d3-4cb6-9da5-91963f0e9ba0/nomination-district/cca44923-29a1-495f-8289-5275205e2e68,Engum Nord,https://valg.dk/fv/47b883ef-d0d3-4cb6-9da5-91963f0e9ba0/nomination-district/cca44923-29a1-495f-8289-5275205e2e68/polling-district/a6d8cc64-fed8-4f28-84ba-18024fe47846
8. Vejle Nord,https://valg.dk/fv/47b883ef-d0d3-4cb6-9da5-91963f0e9ba0/nomination-district/cca44923-29a1-495f-8289-5275205e2e68,Gadbjerg Nord,https://valg.dk/fv/47b883ef-d0d3-4cb6-9da5-91963f0e9ba0/nomination-district/cca44923-29a1-495f-8289-5275205e2e68/polling-district/f10ebe97-1b94-43f7-8e40-671540fca09f
8. Vejle Nord,https://valg.dk/fv/47b883ef-d0d3-4cb6-9da5-91963f0e9ba0/nomination-district/cca44923-29a1-495f-8289-5275205e2e68,Give,https://valg.dk/fv/47b883ef-d0d3-4cb6-9da5-91963f0e9ba0/nomination-district/cca44923-29a1-495f-8289-5275205e2e68/polling-district/cbac6c00-7c78-43be-b6e2-a102e067e183
8. Vejle Nord,https://valg.dk/fv/47b883ef-d0d3-4cb6-9da5-91963f0e9ba0/nomination-district/cca44923-29a1-495f-8289-5275205e2e68,Givskud Nord,https://valg.dk/fv/47b883ef-d0d3-4cb6-9da5-91963f0e9ba0/nomination-district/cca44923-29a1-495f-8289-5275205e2e68/polling-district/537dc91e-f327-421a-815b-92cb28334e42
8. Vejle Nord,https://valg.dk/fv/47b883ef-d0d3-4cb6-9da5-91963f0e9ba0/nomination-district/cca44923-29a1-495f-8289-5275205e2e68,Grejs Nord,https://valg.dk/fv/47b883ef-d0d3-4cb6-9da5-91963f0e9ba0/nomination-district/cca44923-29a1-495f-8289-5275205e2e68/polling-district/69b440c7-1810-4ad4-9255-a07b1434d325
8. Vejle Nord,https://valg.dk/fv/47b883ef-d0d3-4cb6-9da5-91963f0e9ba0/nomination-district/cca44923-29a1-495f-8289-5275205e2e68,Grejsdalen Nord,https://valg.dk/fv/47b883ef-d0d3-4cb6-9da5-91963f0e9ba0/nomination-district/cca44923-29a1-495f-8289-5275205e2e68/polling-district/f36ca744-7de5-485b-9465-d610a9a4f98e
8. Vejle Nord,https://valg.dk/fv/47b883ef-d0d3-4cb6-9da5-91963f0e9ba0/nomination-district/cca44923-29a1-495f-8289-5275205e2e68,Grønbjerg Nord,https://valg.dk/fv/47b883ef-d0d3-4cb6-9da5-91963f0e9ba0/nomination-district/cca44923-29a1-495f-8289-5275205e2e68/polling-district/f8141be5-5470-48a2-8fc8-3129e076cea0
8. Vejle Nord,https://valg.dk/fv/47b883ef-d0d3-4cb6-9da5-91963f0e9ba0/nomination-district/cca44923-29a1-495f-8289-5275205e2e68,Hældagerhallen Nord,https://valg.dk/fv/47b883ef-d0d3-4cb6-9da5-91963f0e9ba0/nomination-district/cca44923-29a1-495f-8289-5275205e2e68/polling-district/90f93ee5-3cf5-4da3-bad6-13319438101c
8. Vejle Nord,https://valg.dk/fv/47b883ef-d0d3-4cb6-9da5-91963f0e9ba0/nomination-district/cca44923-29a1-495f-8289-5275205e2e68,Jelling Nord,https://valg.dk/fv/47b883ef-d0d3-4cb6-9da5-91963f0e9ba0/nomination-district/cca44923-29a1-495f-8289-5275205e2e68/polling-district/c46b9fe5-428b-4bc2-acd3-b62e1615dbfa
8. Vejle Nord,https://valg.dk/fv/47b883ef-d0d3-4cb6-9da5-91963f0e9ba0/nomination-district/cca44923-29a1-495f-8289-5275205e2e68,Kollerup-Sandvad Nord,https://valg.dk/fv/47b883ef-d0d3-4cb6-9da5-91963f0e9ba0/nomination-district/cca44923-29a1-495f-8289-5275205e2e68/polling-district/131178eb-dc56-460c-acc8-cd83a5c88dd8
8. Vejle Nord,https://valg.dk/fv/47b883ef-d0d3-4cb6-9da5-91963f0e9ba0/nomination-district/cca44923-29a1-495f-8289-5275205e2e68,Lindeballe Nord,https://valg.dk/fv/47b883ef-d0d3-4cb6-9da5-91963f0e9ba0/nomination-district/cca44923-29a1-495f-8289-5275205e2e68/polling-district/96690a1c-4f98-4e6c-8c3b-bb1a8de66412
8. Vejle Nord,https://valg.dk/fv/47b883ef-d0d3-4cb6-9da5-91963f0e9ba0/nomination-district/cca44923-29a1-495f-8289-5275205e2e68,Nørremarkshallen Nord,https://valg.dk/fv/47b883ef-d0d3-4cb6-9da5-91963f0e9ba0/nomination-district/cca44923-29a1-495f-8289-5275205e2e68/polling-district/371e6ed7-11b1-4a80-b00a-9a6866f6fbfa
8. Vejle Nord,https://valg.dk/fv/47b883ef-d0d3-4cb6-9da5-91963f0e9ba0/nomination-district/cca44923-29a1-495f-8289-5275205e2e68,Nørup Nord,https://valg.dk/fv/47b883ef-d0d3-4cb6-9da5-91963f0e9ba0/nomination-district/cca44923-29a1-495f-8289-5275205e2e68/polling-district/c6f9a098-8f21-48a9-b5a4-a4b871807cde
8. Vejle Nord,https://valg.dk/fv/47b883ef-d0d3-4cb6-9da5-91963f0e9ba0/nomination-district/cca44923-29a1-495f-8289-5275205e2e68,Petersmindehallen Nord,https://valg.dk/fv/47b883ef-d0d3-4cb6-9da5-91963f0e9ba0/nomination-district/cca44923-29a1-495f-8289-5275205e2e68/polling-district/d6a1f672-8c4f-4698-812f-8e4272ed31f6
8. Vejle Nord,https://valg.dk/fv/47b883ef-d0d3-4cb6-9da5-91963f0e9ba0/nomination-district/cca44923-29a1-495f-8289-5275205e2e68,Skibet Hallen,https://valg.dk/fv/47b883ef-d0d3-4cb6-9da5-91963f0e9ba0/nomination-district/cca44923-29a1-495f-8289-5275205e2e68/polling-district/35ff9129-8ed9-4afa-81a9-22c7ffaf133c
8. Vejle Nord,https://valg.dk/fv/47b883ef-d0d3-4cb6-9da5-91963f0e9ba0/nomination-district/cca44923-29a1-495f-8289-5275205e2e68,Thyregod Nord,https://valg.dk/fv/47b883ef-d0d3-4cb6-9da5-91963f0e9ba0/nomination-district/cca44923-29a1-495f-8289-5275205e2e68/polling-district/cce09f0b-8efd-4b9c-a1d2-171b6182464c
8. Vejle Nord,https://valg.dk/fv/47b883ef-d0d3-4cb6-9da5-91963f0e9ba0/nomination-district/cca44923-29a1-495f-8289-5275205e2e68,Vandel Nord,https://valg.dk/fv/47b883ef-d0d3-4cb6-9da5-91963f0e9ba0/nomination-district/cca44923-29a1-495f-8289-5275205e2e68/polling-district/ad68ba8f-135a-48e0-9646-a50e505ecd72
8. Vejle Nord,https://valg.dk/fv/47b883ef-d0d3-4cb6-9da5-91963f0e9ba0/nomination-district/cca44923-29a1-495f-8289-5275205e2e68,Øster Nykirke Nord,https://valg.dk/fv/47b883ef-d0d3-4cb6-9da5-91963f0e9ba0/nomination-district/cca44923-29a1-495f-8289-5275205e2e68/polling-district/b1093d66-9fb2-4d65-b06d-821809b63152
9. Aalborg Nord,https://valg.dk/fv/47b883ef-d0d3-4cb6-9da5-91963f0e9ba0/nomination-district/8ca5ce62-bc37-40bf-a6f1-d46ae6438e22,Aalborghallen,https://valg.dk/fv/47b883ef-d0d3-4cb6-9da5-91963f0e9ba0/nomination-district/8ca5ce62-bc37-40bf-a6f1-d46ae6438e22/polling-district/9cc2639f-3e95-417c-929c-f1476a15ad6c
9. Aalborg Nord,https://valg.dk/fv/47b883ef-d0d3-4cb6-9da5-91963f0e9ba0/nomination-district/8ca5ce62-bc37-40bf-a6f1-d46ae6438e22,"Gl. Lindholm Skole, Kulturhuset",https://valg.dk/fv/47b883ef-d0d3-4cb6-9da5-91963f0e9ba0/nomination-district/8ca5ce62-bc37-40bf-a6f1-d46ae6438e22/polling-district/e031ee41-0f7f-447b-bbef-9559e8041d1f
9. Aalborg Nord,https://valg.dk/fv/47b883ef-d0d3-4cb6-9da5-91963f0e9ba0/nomination-district/8ca5ce62-bc37-40bf-a6f1-d46ae6438e22,"HF og VUC Nord, Godsbanen",https://valg.dk/fv/47b883ef-d0d3-4cb6-9da5-91963f0e9ba0/nomination-district/8ca5ce62-bc37-40bf-a6f1-d46ae6438e22/polling-district/bf786fbb-e95a-4352-afc5-a498849d4fd8
9. Aalborg Nord,https://valg.dk/fv/47b883ef-d0d3-4cb6-9da5-91963f0e9ba0/nomination-district/8ca5ce62-bc37-40bf-a6f1-d46ae6438e22,Hals Skole,https://valg.dk/fv/47b883ef-d0d3-4cb6-9da5-91963f0e9ba0/nomination-district/8ca5ce62-bc37-40bf-a6f1-d46ae6438e22/polling-district/b41bbada-64db-4114-9a5f-0c985057de25
9. Aalborg Nord,https://valg.dk/fv/47b883ef-d0d3-4cb6-9da5-91963f0e9ba0/nomination-district/8ca5ce62-bc37-40bf-a6f1-d46ae6438e22,Huset Stigsborg,https://valg.dk/fv/47b883ef-d0d3-4cb6-9da5-91963f0e9ba0/nomination-district/8ca5ce62-bc37-40bf-a6f1-d46ae6438e22/polling-district/043ccec3-49e9-4413-b18b-5e3e00229d81
9. Aalborg Nord,https://valg.dk/fv/47b883ef-d0d3-4cb6-9da5-91963f0e9ba0/nomination-district/8ca5ce62-bc37-40bf-a6f1-d46ae6438e22,Løvvanghallen,https://valg.dk/fv/47b883ef-d0d3-4cb6-9da5-91963f0e9ba0/nomination-district/8ca5ce62-bc37-40bf-a6f1-d46ae6438e22/polling-district/6c8b79b0-b824-4412-b671-30464d6e5b36
9. Aalborg Nord,https://valg.dk/fv/47b883ef-d0d3-4cb6-9da5-91963f0e9ba0/nomination-district/8ca5ce62-bc37-40bf-a6f1-d46ae6438e22,Multihallen Ved Vadumhallen,https://valg.dk/fv/47b883ef-d0d3-4cb6-9da5-91963f0e9ba0/nomination-district/8ca5ce62-bc37-40bf-a6f1-d46ae6438e22/polling-district/24eaafce-18e9-4e99-98df-9b0080e40edf
9. Aalborg Nord,https://valg.dk/fv/47b883ef-d0d3-4cb6-9da5-91963f0e9ba0/nomination-district/8ca5ce62-bc37-40bf-a6f1-d46ae6438e22,PFA Kollegiet i Nørresundby,https://valg.dk/fv/47b883ef-d0d3-4cb6-9da5-91963f0e9ba0/nomination-district/8ca5ce62-bc37-40bf-a6f1-d46ae6438e22/polling-district/5c42d577-cacc-4225-be6b-8f9c04f5d110
9. Aalborg Nord,https://valg.dk/fv/47b883ef-d0d3-4cb6-9da5-91963f0e9ba0/nomination-district/8ca5ce62-bc37-40bf-a6f1-d46ae6438e22,Sulsted Skolehal,https://valg.dk/fv/47b883ef-d0d3-4cb6-9da5-91963f0e9ba0/nomination-district/8ca5ce62-bc37-40bf-a6f1-d46ae6438e22/polling-district/9c9d7636-91ad-40c9-a030-03db95ad2f82
9. Aalborg Nord,https://valg.dk/fv/47b883ef-d0d3-4cb6-9da5-91963f0e9ba0/nomination-district/8ca5ce62-bc37-40bf-a6f1-d46ae6438e22,Ulstedhallen,https://valg.dk/fv/47b883ef-d0d3-4cb6-9da5-91963f0e9ba0/nomination-district/8ca5ce62-bc37-40bf-a6f1-d46ae6438e22/polling-district/e14350dc-daa0-432c-9871-f67214d98ba9
9. Aalborg Nord,https://valg.dk/fv/47b883ef-d0d3-4cb6-9da5-91963f0e9ba0/nomination-district/8ca5ce62-bc37-40bf-a6f1-d46ae6438e22,Vestbjerg Idræts- og Kulturcenter,https://valg.dk/fv/47b883ef-d0d3-4cb6-9da5-91963f0e9ba0/nomination-district/8ca5ce62-bc37-40bf-a6f1-d46ae6438e22/polling-district/febbbcf0-f993-4e71-822e-44efada7ac31
9. Aalborg Nord,https://valg.dk/fv/47b883ef-d0d3-4cb6-9da5-91963f0e9ba0/nomination-district/8ca5ce62-bc37-40bf-a6f1-d46ae6438e22,Vester Hassing Hallen,https://valg.dk/fv/47b883ef-d0d3-4cb6-9da5-91963f0e9ba0/nomination-district/8ca5ce62-bc37-40bf-a6f1-d46ae6438e22/polling-district/f70f4d71-1cc7-4d95-93e5-37d87da913af
9. Aalborg Nord,https://valg.dk/fv/47b883ef-d0d3-4cb6-9da5-91963f0e9ba0/nomination-district/8ca5ce62-bc37-40bf-a6f1-d46ae6438e22,"Vodskov Kultur og Idrætscenter, Sal",https://valg.dk/fv/47b883ef-d0d3-4cb6-9da5-91963f0e9ba0/nomination-district/8ca5ce62-bc37-40bf-a6f1-d46ae6438e22/polling-district/266d8b73-eb48-4e81-ad23-516f35dc5cbc
9. Herning Nord,https://valg.dk/fv/47b883ef-d0d3-4cb6-9da5-91963f0e9ba0/nomination-district/419adeb4-261e-44d6-a8d5-517ce2af95fd,Aulum,https://valg.dk/fv/47b883ef-d0d3-4cb6-9da5-91963f0e9ba0/nomination-district/419adeb4-261e-44d6-a8d5-517ce2af95fd/polling-district/3e365e2b-a2e6-4543-a320-dce3b6ed3731
9. Herning Nord,https://valg.dk/fv/47b883ef-d0d3-4cb6-9da5-91963f0e9ba0/nomination-district/419adeb4-261e-44d6-a8d5-517ce2af95fd,Feldborg,https://valg.dk/fv/47b883ef-d0d3-4cb6-9da5-91963f0e9ba0/nomination-district/419adeb4-261e-44d6-a8d5-517ce2af95fd/polling-district/475ab89e-72fe-4a20-bd69-3eda11d08705
9. Herning Nord,https://valg.dk/fv/47b883ef-d0d3-4cb6-9da5-91963f0e9ba0/nomination-district/419adeb4-261e-44d6-a8d5-517ce2af95fd,Gullestrup,https://valg.dk/fv/47b883ef-d0d3-4cb6-9da5-91963f0e9ba0/nomination-district/419adeb4-261e-44d6-a8d5-517ce2af95fd/polling-district/a7e93214-acc4-44b8-8e48-fae3a2403781
9. Herning Nord,https://valg.dk/fv/47b883ef-d0d3-4cb6-9da5-91963f0e9ba0/nomination-district/419adeb4-261e-44d6-a8d5-517ce2af95fd,Haderup,https://valg.dk/fv/47b883ef-d0d3-4cb6-9da5-91963f0e9ba0/nomination-district/419adeb4-261e-44d6-a8d5-517ce2af95fd/polling-district/0fc031b0-385f-4f46-959d-8acff0b137ba
9. Herning Nord,https://valg.dk/fv/47b883ef-d0d3-4cb6-9da5-91963f0e9ba0/nomination-district/419adeb4-261e-44d6-a8d5-517ce2af95fd,Hammerum,https://valg.dk/fv/47b883ef-d0d3-4cb6-9da5-91963f0e9ba0/nomination-district/419adeb4-261e-44d6-a8d5-517ce2af95fd/polling-district/1a0c5b0d-3126-426d-8322-65ec749b0d79
9. Herning Nord,https://valg.dk/fv/47b883ef-d0d3-4cb6-9da5-91963f0e9ba0/nomination-district/419adeb4-261e-44d6-a8d5-517ce2af95fd,Hodsager,https://valg.dk/fv/47b883ef-d0d3-4cb6-9da5-91963f0e9ba0/nomination-district/419adeb4-261e-44d6-a8d5-517ce2af95fd/polling-district/e346db07-293d-460d-8fa9-b3dab7c3c4e8
9. Herning Nord,https://valg.dk/fv/47b883ef-d0d3-4cb6-9da5-91963f0e9ba0/nomination-district/419adeb4-261e-44d6-a8d5-517ce2af95fd,Ilskov,https://valg.dk/fv/47b883ef-d0d3-4cb6-9da5-91963f0e9ba0/nomination-district/419adeb4-261e-44d6-a8d5-517ce2af95fd/polling-district/ffa1864c-781a-4163-b147-9b8b388284ab
9. Herning Nord,https://valg.dk/fv/47b883ef-d0d3-4cb6-9da5-91963f0e9ba0/nomination-district/419adeb4-261e-44d6-a8d5-517ce2af95fd,Simmelkær,https://valg.dk/fv/47b883ef-d0d3-4cb6-9da5-91963f0e9ba0/nomination-district/419adeb4-261e-44d6-a8d5-517ce2af95fd/polling-district/b960cd0e-008b-40cd-bf8f-ae0464e7dca7
9. Herning Nord,https://valg.dk/fv/47b883ef-d0d3-4cb6-9da5-91963f0e9ba0/nomination-district/419adeb4-261e-44d6-a8d5-517ce2af95fd,Sinding,https://valg.dk/fv/47b883ef-d0d3-4cb6-9da5-91963f0e9ba0/nomination-district/419adeb4-261e-44d6-a8d5-517ce2af95fd/polling-district/60217808-0b18-45ce-a25f-a19f6187cb64
9. Herning Nord,https://valg.dk/fv/47b883ef-d0d3-4cb6-9da5-91963f0e9ba0/nomination-district/419adeb4-261e-44d6-a8d5-517ce2af95fd,Skibbild/Nøvling,https://valg.dk/fv/47b883ef-d0d3-4cb6-9da5-91963f0e9ba0/nomination-district/419adeb4-261e-44d6-a8d5-517ce2af95fd/polling-district/6ecbc7e7-b119-42b2-9f9d-68f4d28aa42a
9. Herning Nord,https://valg.dk/fv/47b883ef-d0d3-4cb6-9da5-91963f0e9ba0/nomination-district/419adeb4-261e-44d6-a8d5-517ce2af95fd,Snejbjerg,https://valg.dk/fv/47b883ef-d0d3-4cb6-9da5-91963f0e9ba0/nomination-district/419adeb4-261e-44d6-a8d5-517ce2af95fd/polling-district/c6c340a4-93b2-4f4b-80f1-9dca98454b60
9. Herning Nord,https://valg.dk/fv/47b883ef-d0d3-4cb6-9da5-91963f0e9ba0/nomination-district/419adeb4-261e-44d6-a8d5-517ce2af95fd,Sunds,https://valg.dk/fv/47b883ef-d0d3-4cb6-9da5-91963f0e9ba0/nomination-district/419adeb4-261e-44d6-a8d5-517ce2af95fd/polling-district/ca41cfd6-686f-4b99-ad5e-4b2915851326
9. Herning Nord,https://valg.dk/fv/47b883ef-d0d3-4cb6-9da5-91963f0e9ba0/nomination-district/419adeb4-261e-44d6-a8d5-517ce2af95fd,Timring,https://valg.dk/fv/47b883ef-d0d3-4cb6-9da5-91963f0e9ba0/nomination-district/419adeb4-261e-44d6-a8d5-517ce2af95fd/polling-district/91e16f35-3077-4c89-9fce-19611b657645
9. Herning Nord,https://valg.dk/fv/47b883ef-d0d3-4cb6-9da5-91963f0e9ba0/nomination-district/419adeb4-261e-44d6-a8d5-517ce2af95fd,Tjørring,https://valg.dk/fv/47b883ef-d0d3-4cb6-9da5-91963f0e9ba0/nomination-district/419adeb4-261e-44d6-a8d5-517ce2af95fd/polling-district/77c70130-fffa-41c6-a199-2f38aff98db3
9. Herning Nord,https://valg.dk/fv/47b883ef-d0d3-4cb6-9da5-91963f0e9ba0/nomination-district/419adeb4-261e-44d6-a8d5-517ce2af95fd,Vildbjerg,https://valg.dk/fv/47b883ef-d0d3-4cb6-9da5-91963f0e9ba0/nomination-district/419adeb4-261e-44d6-a8d5-517ce2af95fd/polling-district/7ca49d6c-3d07-4456-93d4-ed508f5d588f
9. Herning Nord,https://valg.dk/fv/47b883ef-d0d3-4cb6-9da5-91963f0e9ba0/nomination-district/419adeb4-261e-44d6-a8d5-517ce2af95fd,Vind,https://valg.dk/fv/47b883ef-d0d3-4cb6-9da5-91963f0e9ba0/nomination-district/419adeb4-261e-44d6-a8d5-517ce2af95fd/polling-district/cbcec2ef-e25b-4e02-946c-d40aa81c44e0
9. Herning Nord,https://valg.dk/fv/47b883ef-d0d3-4cb6-9da5-91963f0e9ba0/nomination-district/419adeb4-261e-44d6-a8d5-517ce2af95fd,Vinding,https://valg.dk/fv/47b883ef-d0d3-4cb6-9da5-91963f0e9ba0/nomination-district/419adeb4-261e-44d6-a8d5-517ce2af95fd/polling-district/09bfe8bb-3be2-432e-bb55-dfe4191c54e1
9. Herning Nord,https://valg.dk/fv/47b883ef-d0d3-4cb6-9da5-91963f0e9ba0/nomination-district/419adeb4-261e-44d6-a8d5-517ce2af95fd,Ørnhøj,https://valg.dk/fv/47b883ef-d0d3-4cb6-9da5-91963f0e9ba0/nomination-district/419adeb4-261e-44d6-a8d5-517ce2af95fd/polling-district/ff105659-b5f7-45b2-b663-003e5a982153
9. Holbæk,https://valg.dk/fv/47b883ef-d0d3-4cb6-9da5-91963f0e9ba0/nomination-district/a1c3a60f-9e3f-4a79-9ffb-10355818d6e2,Gislinge,https://valg.dk/fv/47b883ef-d0d3-4cb6-9da5-91963f0e9ba0/nomination-district/a1c3a60f-9e3f-4a79-9ffb-10355818d6e2/polling-district/c4b86428-a423-4365-96c1-602c97db6bac
9. Holbæk,https://valg.dk/fv/47b883ef-d0d3-4cb6-9da5-91963f0e9ba0/nomination-district/a1c3a60f-9e3f-4a79-9ffb-10355818d6e2,Holbæk Midt,https://valg.dk/fv/47b883ef-d0d3-4cb6-9da5-91963f0e9ba0/nomination-district/a1c3a60f-9e3f-4a79-9ffb-10355818d6e2/polling-district/e00fbeeb-b1d0-498d-85a2-d93d49ac37a7
9. Holbæk,https://valg.dk/fv/47b883ef-d0d3-4cb6-9da5-91963f0e9ba0/nomination-district/a1c3a60f-9e3f-4a79-9ffb-10355818d6e2,Holbæk Vest,https://valg.dk/fv/47b883ef-d0d3-4cb6-9da5-91963f0e9ba0/nomination-district/a1c3a60f-9e3f-4a79-9ffb-10355818d6e2/polling-district/b13122a6-e36b-4596-896a-161d782b8c0f
9. Holbæk,https://valg.dk/fv/47b883ef-d0d3-4cb6-9da5-91963f0e9ba0/nomination-district/a1c3a60f-9e3f-4a79-9ffb-10355818d6e2,Holbæk Øst,https://valg.dk/fv/47b883ef-d0d3-4cb6-9da5-91963f0e9ba0/nomination-district/a1c3a60f-9e3f-4a79-9ffb-10355818d6e2/polling-district/8d99d50a-495e-44ad-bd25-9ad347591121
9. Holbæk,https://valg.dk/fv/47b883ef-d0d3-4cb6-9da5-91963f0e9ba0/nomination-district/a1c3a60f-9e3f-4a79-9ffb-10355818d6e2,Jyderup,https://valg.dk/fv/47b883ef-d0d3-4cb6-9da5-91963f0e9ba0/nomination-district/a1c3a60f-9e3f-4a79-9ffb-10355818d6e2/polling-district/95b119bb-a04f-45de-8dbd-3958943f7c18
9. Holbæk,https://valg.dk/fv/47b883ef-d0d3-4cb6-9da5-91963f0e9ba0/nomination-district/a1c3a60f-9e3f-4a79-9ffb-10355818d6e2,Mørkøv,https://valg.dk/fv/47b883ef-d0d3-4cb6-9da5-91963f0e9ba0/nomination-district/a1c3a60f-9e3f-4a79-9ffb-10355818d6e2/polling-district/1a5a0f20-575c-4dc2-a00b-96b500060325
9. Holbæk,https://valg.dk/fv/47b883ef-d0d3-4cb6-9da5-91963f0e9ba0/nomination-district/a1c3a60f-9e3f-4a79-9ffb-10355818d6e2,Orø,https://valg.dk/fv/47b883ef-d0d3-4cb6-9da5-91963f0e9ba0/nomination-district/a1c3a60f-9e3f-4a79-9ffb-10355818d6e2/polling-district/9ae00183-26c1-4e7e-958e-b9b9d68c6857
9. Holbæk,https://valg.dk/fv/47b883ef-d0d3-4cb6-9da5-91963f0e9ba0/nomination-district/a1c3a60f-9e3f-4a79-9ffb-10355818d6e2,Regstrup,https://valg.dk/fv/47b883ef-d0d3-4cb6-9da5-91963f0e9ba0/nomination-district/a1c3a60f-9e3f-4a79-9ffb-10355818d6e2/polling-district/d7d5c166-c324-4bc4-91b5-00bfce1785e9
9. Holbæk,https://valg.dk/fv/47b883ef-d0d3-4cb6-9da5-91963f0e9ba0/nomination-district/a1c3a60f-9e3f-4a79-9ffb-10355818d6e2,St. Merløse,https://valg.dk/fv/47b883ef-d0d3-4cb6-9da5-91963f0e9ba0/nomination-district/a1c3a60f-9e3f-4a79-9ffb-10355818d6e2/polling-district/4ffe99a9-7f51-45d7-93c2-e4470761df50
9. Holbæk,https://valg.dk/fv/47b883ef-d0d3-4cb6-9da5-91963f0e9ba0/nomination-district/a1c3a60f-9e3f-4a79-9ffb-10355818d6e2,Svinninge,https://valg.dk/fv/47b883ef-d0d3-4cb6-9da5-91963f0e9ba0/nomination-district/a1c3a60f-9e3f-4a79-9ffb-10355818d6e2/polling-district/8f0c5a0e-bd0e-4812-adfb-55452f425be8
9. Holbæk,https://valg.dk/fv/47b883ef-d0d3-4cb6-9da5-91963f0e9ba0/nomination-district/a1c3a60f-9e3f-4a79-9ffb-10355818d6e2,Tuse,https://valg.dk/fv/47b883ef-d0d3-4cb6-9da5-91963f0e9ba0/nomination-district/a1c3a60f-9e3f-4a79-9ffb-10355818d6e2/polling-district/97d3d089-7432-4df4-a5c9-c4c7308c61ab
9. Holbæk,https://valg.dk/fv/47b883ef-d0d3-4cb6-9da5-91963f0e9ba0/nomination-district/a1c3a60f-9e3f-4a79-9ffb-10355818d6e2,Tølløse,https://valg.dk/fv/47b883ef-d0d3-4cb6-9da5-91963f0e9ba0/nomination-district/a1c3a60f-9e3f-4a79-9ffb-10355818d6e2/polling-district/ffa9faff-d1e0-4ef5-a485-305e6086489f
9. Holbæk,https://valg.dk/fv/47b883ef-d0d3-4cb6-9da5-91963f0e9ba0/nomination-district/a1c3a60f-9e3f-4a79-9ffb-10355818d6e2,Udby,https://valg.dk/fv/47b883ef-d0d3-4cb6-9da5-91963f0e9ba0/nomination-district/a1c3a60f-9e3f-4a79-9ffb-10355818d6e2/polling-district/b6c23c25-c375-4ef8-9545-ba1035d4f46d
9. Holbæk,https://valg.dk/fv/47b883ef-d0d3-4cb6-9da5-91963f0e9ba0/nomination-district/a1c3a60f-9e3f-4a79-9ffb-10355818d6e2,Undløse,https://valg.dk/fv/47b883ef-d0d3-4cb6-9da5-91963f0e9ba0/nomination-district/a1c3a60f-9e3f-4a79-9ffb-10355818d6e2/polling-district/a18bd4fc-2b2d-4fd9-963c-716d25f4c6be
9. Holbæk,https://valg.dk/fv/47b883ef-d0d3-4cb6-9da5-91963f0e9ba0/nomination-district/a1c3a60f-9e3f-4a79-9ffb-10355818d6e2,Vipperød,https://valg.dk/fv/47b883ef-d0d3-4cb6-9da5-91963f0e9ba0/nomination-district/a1c3a60f-9e3f-4a79-9ffb-10355818d6e2/polling-district/8d6539a2-4c63-4d74-ab6c-e801110b9d33
9. Skanderborg,https://valg.dk/fv/47b883ef-d0d3-4cb6-9da5-91963f0e9ba0/nomination-district/8cc43325-dd2d-4b8f-a379-56a754ae9077,Alrø,https://valg.dk/fv/47b883ef-d0d3-4cb6-9da5-91963f0e9ba0/nomination-district/8cc43325-dd2d-4b8f-a379-56a754ae9077/polling-district/80f0fc62-51de-4a40-bac7-f1919b81c9ff
9. Skanderborg,https://valg.dk/fv/47b883ef-d0d3-4cb6-9da5-91963f0e9ba0/nomination-district/8cc43325-dd2d-4b8f-a379-56a754ae9077,Ejer Bavnehøj,https://valg.dk/fv/47b883ef-d0d3-4cb6-9da5-91963f0e9ba0/nomination-district/8cc43325-dd2d-4b8f-a379-56a754ae9077/polling-district/b84f3cf6-ea0c-4da6-84dc-0f4e8b733e7a
9. Skanderborg,https://valg.dk/fv/47b883ef-d0d3-4cb6-9da5-91963f0e9ba0/nomination-district/8cc43325-dd2d-4b8f-a379-56a754ae9077,Galten,https://valg.dk/fv/47b883ef-d0d3-4cb6-9da5-91963f0e9ba0/nomination-district/8cc43325-dd2d-4b8f-a379-56a754ae9077/polling-district/5e403764-536e-40e4-a494-cf7f429e7294
9. Skanderborg,https://valg.dk/fv/47b883ef-d0d3-4cb6-9da5-91963f0e9ba0/nomination-district/8cc43325-dd2d-4b8f-a379-56a754ae9077,Gl. Rye,https://valg.dk/fv/47b883ef-d0d3-4cb6-9da5-91963f0e9ba0/nomination-district/8cc43325-dd2d-4b8f-a379-56a754ae9077/polling-district/f4a3292f-6d8e-4f43-996f-736ca1e5d98f
9. Skanderborg,https://valg.dk/fv/47b883ef-d0d3-4cb6-9da5-91963f0e9ba0/nomination-district/8cc43325-dd2d-4b8f-a379-56a754ae9077,Gylling,https://valg.dk/fv/47b883ef-d0d3-4cb6-9da5-91963f0e9ba0/nomination-district/8cc43325-dd2d-4b8f-a379-56a754ae9077/polling-district/2e4320cb-ce2a-4e4f-81d2-c0cf6eb28950
9. Skanderborg,https://valg.dk/fv/47b883ef-d0d3-4cb6-9da5-91963f0e9ba0/nomination-district/8cc43325-dd2d-4b8f-a379-56a754ae9077,"Hou, Gosmer - Halling",https://valg.dk/fv/47b883ef-d0d3-4cb6-9da5-91963f0e9ba0/nomination-district/8cc43325-dd2d-4b8f-a379-56a754ae9077/polling-district/a0262365-47f4-4f52-9242-77f37a15a8d5
9. Skanderborg,https://valg.dk/fv/47b883ef-d0d3-4cb6-9da5-91963f0e9ba0/nomination-district/8cc43325-dd2d-4b8f-a379-56a754ae9077,Hundslund,https://valg.dk/fv/47b883ef-d0d3-4cb6-9da5-91963f0e9ba0/nomination-district/8cc43325-dd2d-4b8f-a379-56a754ae9077/polling-district/4ffb6d1e-3a42-4341-b83e-3e9b18796205
9. Skanderborg,https://valg.dk/fv/47b883ef-d0d3-4cb6-9da5-91963f0e9ba0/nomination-district/8cc43325-dd2d-4b8f-a379-56a754ae9077,Hørning,https://valg.dk/fv/47b883ef-d0d3-4cb6-9da5-91963f0e9ba0/nomination-district/8cc43325-dd2d-4b8f-a379-56a754ae9077/polling-district/533d60bb-769b-4040-8471-77b3f49c4955
9. Skanderborg,https://valg.dk/fv/47b883ef-d0d3-4cb6-9da5-91963f0e9ba0/nomination-district/8cc43325-dd2d-4b8f-a379-56a754ae9077,Låsby,https://valg.dk/fv/47b883ef-d0d3-4cb6-9da5-91963f0e9ba0/nomination-district/8cc43325-dd2d-4b8f-a379-56a754ae9077/polling-district/1f0eda54-064b-41ea-b1e3-157bcbd1861a
9. Skanderborg,https://valg.dk/fv/47b883ef-d0d3-4cb6-9da5-91963f0e9ba0/nomination-district/8cc43325-dd2d-4b8f-a379-56a754ae9077,Morten Børup,https://valg.dk/fv/47b883ef-d0d3-4cb6-9da5-91963f0e9ba0/nomination-district/8cc43325-dd2d-4b8f-a379-56a754ae9077/polling-district/a1c5373b-4f87-4419-a6e9-8bbf14909ed2
9. Skanderborg,https://valg.dk/fv/47b883ef-d0d3-4cb6-9da5-91963f0e9ba0/nomination-district/8cc43325-dd2d-4b8f-a379-56a754ae9077,Niels Ebbesen,https://valg.dk/fv/47b883ef-d0d3-4cb6-9da5-91963f0e9ba0/nomination-district/8cc43325-dd2d-4b8f-a379-56a754ae9077/polling-district/7df4784e-f0bf-4c40-bd22-df73ba858b12
9. Skanderborg,https://valg.dk/fv/47b883ef-d0d3-4cb6-9da5-91963f0e9ba0/nomination-district/8cc43325-dd2d-4b8f-a379-56a754ae9077,Nordby,https://valg.dk/fv/47b883ef-d0d3-4cb6-9da5-91963f0e9ba0/nomination-district/8cc43325-dd2d-4b8f-a379-56a754ae9077/polling-district/b9f4258b-edcb-4a91-aea4-47e78b1b2f1d
9. Skanderborg,https://valg.dk/fv/47b883ef-d0d3-4cb6-9da5-91963f0e9ba0/nomination-district/8cc43325-dd2d-4b8f-a379-56a754ae9077,Odder,https://valg.dk/fv/47b883ef-d0d3-4cb6-9da5-91963f0e9ba0/nomination-district/8cc43325-dd2d-4b8f-a379-56a754ae9077/polling-district/7407eb22-6490-4bd8-b5a0-b722e7abc11a
9. Skanderborg,https://valg.dk/fv/47b883ef-d0d3-4cb6-9da5-91963f0e9ba0/nomination-district/8cc43325-dd2d-4b8f-a379-56a754ae9077,Randlev - Bjerager,https://valg.dk/fv/47b883ef-d0d3-4cb6-9da5-91963f0e9ba0/nomination-district/8cc43325-dd2d-4b8f-a379-56a754ae9077/polling-district/1ebb8697-18bd-4b2c-82f0-9d6da1849259
9. Skanderborg,https://valg.dk/fv/47b883ef-d0d3-4cb6-9da5-91963f0e9ba0/nomination-district/8cc43325-dd2d-4b8f-a379-56a754ae9077,Ry,https://valg.dk/fv/47b883ef-d0d3-4cb6-9da5-91963f0e9ba0/nomination-district/8cc43325-dd2d-4b8f-a379-56a754ae9077/polling-district/c80dfd7f-32cc-4211-a8a3-b9a4723522ad
9. Skanderborg,https://valg.dk/fv/47b883ef-d0d3-4cb6-9da5-91963f0e9ba0/nomination-district/8cc43325-dd2d-4b8f-a379-56a754ae9077,Saksild - Nølev,https://valg.dk/fv/47b883ef-d0d3-4cb6-9da5-91963f0e9ba0/nomination-district/8cc43325-dd2d-4b8f-a379-56a754ae9077/polling-district/ed470061-99e9-4e9e-b5db-8fc94fe9adb5
9. Skanderborg,https://valg.dk/fv/47b883ef-d0d3-4cb6-9da5-91963f0e9ba0/nomination-district/8cc43325-dd2d-4b8f-a379-56a754ae9077,Skovby,https://valg.dk/fv/47b883ef-d0d3-4cb6-9da5-91963f0e9ba0/nomination-district/8cc43325-dd2d-4b8f-a379-56a754ae9077/polling-district/f72ab02e-bafb-4d82-90b5-cfbc06d5b843
9. Skanderborg,https://valg.dk/fv/47b883ef-d0d3-4cb6-9da5-91963f0e9ba0/nomination-district/8cc43325-dd2d-4b8f-a379-56a754ae9077,Stilling,https://valg.dk/fv/47b883ef-d0d3-4cb6-9da5-91963f0e9ba0/nomination-district/8cc43325-dd2d-4b8f-a379-56a754ae9077/polling-district/2196ae94-d96a-45d9-ab64-157befafb024
9. Skanderborg,https://valg.dk/fv/47b883ef-d0d3-4cb6-9da5-91963f0e9ba0/nomination-district/8cc43325-dd2d-4b8f-a379-56a754ae9077,Stjær,https://valg.dk/fv/47b883ef-d0d3-4cb6-9da5-91963f0e9ba0/nomination-district/8cc43325-dd2d-4b8f-a379-56a754ae9077/polling-district/29aced2b-83a5-4c56-a5ec-2f777575df71
9. Skanderborg,https://valg.dk/fv/47b883ef-d0d3-4cb6-9da5-91963f0e9ba0/nomination-district/8cc43325-dd2d-4b8f-a379-56a754ae9077,Torrild,https://valg.dk/fv/47b883ef-d0d3-4cb6-9da5-91963f0e9ba0/nomination-district/8cc43325-dd2d-4b8f-a379-56a754ae9077/polling-district/1ee1d8c4-6aae-4089-84d3-fca75f66a0b8
9. Skanderborg,https://valg.dk/fv/47b883ef-d0d3-4cb6-9da5-91963f0e9ba0/nomination-district/8cc43325-dd2d-4b8f-a379-56a754ae9077,Tranebjerg,https://valg.dk/fv/47b883ef-d0d3-4cb6-9da5-91963f0e9ba0/nomination-district/8cc43325-dd2d-4b8f-a379-56a754ae9077/polling-district/38e4930b-350a-40ff-9322-e7abc3e3d310
9. Skanderborg,https://valg.dk/fv/47b883ef-d0d3-4cb6-9da5-91963f0e9ba0/nomination-district/8cc43325-dd2d-4b8f-a379-56a754ae9077,Tunø,https://valg.dk/fv/47b883ef-d0d3-4cb6-9da5-91963f0e9ba0/nomination-district/8cc43325-dd2d-4b8f-a379-56a754ae9077/polling-district/b39b1dbc-55f2-47c3-af82-d2d77fd8548e
9. Skanderborg,https://valg.dk/fv/47b883ef-d0d3-4cb6-9da5-91963f0e9ba0/nomination-district/8cc43325-dd2d-4b8f-a379-56a754ae9077,Virring,https://valg.dk/fv/47b883ef-d0d3-4cb6-9da5-91963f0e9ba0/nomination-district/8cc43325-dd2d-4b8f-a379-56a754ae9077/polling-district/947ca21f-54cb-4888-86f7-f45b5035c5f5
9. Skanderborg,https://valg.dk/fv/47b883ef-d0d3-4cb6-9da5-91963f0e9ba0/nomination-district/8cc43325-dd2d-4b8f-a379-56a754ae9077,Ørting-Falling,https://valg.dk/fv/47b883ef-d0d3-4cb6-9da5-91963f0e9ba0/nomination-district/8cc43325-dd2d-4b8f-a379-56a754ae9077/polling-district/3d17553e-d65c-4b41-9824-f33c4a887193
9. Vejle Syd,https://valg.dk/fv/47b883ef-d0d3-4cb6-9da5-91963f0e9ba0/nomination-district/3b998d21-622a-4cb2-9d40-731b8ef63ca5,Brejning Syd,https://valg.dk/fv/47b883ef-d0d3-4cb6-9da5-91963f0e9ba0/nomination-district/3b998d21-622a-4cb2-9d40-731b8ef63ca5/polling-district/6ccd7f64-c1b8-4aff-85d8-43de65b2b01f
9. Vejle Syd,https://valg.dk/fv/47b883ef-d0d3-4cb6-9da5-91963f0e9ba0/nomination-district/3b998d21-622a-4cb2-9d40-731b8ef63ca5,Børkop Syd,https://valg.dk/fv/47b883ef-d0d3-4cb6-9da5-91963f0e9ba0/nomination-district/3b998d21-622a-4cb2-9d40-731b8ef63ca5/polling-district/12604d50-c77d-4d33-b39e-841328bd737c
9. Vejle Syd,https://valg.dk/fv/47b883ef-d0d3-4cb6-9da5-91963f0e9ba0/nomination-district/3b998d21-622a-4cb2-9d40-731b8ef63ca5,CSV - Vejle Syd,https://valg.dk/fv/47b883ef-d0d3-4cb6-9da5-91963f0e9ba0/nomination-district/3b998d21-622a-4cb2-9d40-731b8ef63ca5/polling-district/be708d34-46e7-45f7-b0d0-72ca08c9a2d1
9. Vejle Syd,https://valg.dk/fv/47b883ef-d0d3-4cb6-9da5-91963f0e9ba0/nomination-district/3b998d21-622a-4cb2-9d40-731b8ef63ca5,DGI-Huset Syd,https://valg.dk/fv/47b883ef-d0d3-4cb6-9da5-91963f0e9ba0/nomination-district/3b998d21-622a-4cb2-9d40-731b8ef63ca5/polling-district/a4d2ceca-1f5f-418d-875b-c99797543f50
9. Vejle Syd,https://valg.dk/fv/47b883ef-d0d3-4cb6-9da5-91963f0e9ba0/nomination-district/3b998d21-622a-4cb2-9d40-731b8ef63ca5,Egtved Syd,https://valg.dk/fv/47b883ef-d0d3-4cb6-9da5-91963f0e9ba0/nomination-district/3b998d21-622a-4cb2-9d40-731b8ef63ca5/polling-district/a9969516-8b72-4565-890d-fc94a5f01579
9. Vejle Syd,https://valg.dk/fv/47b883ef-d0d3-4cb6-9da5-91963f0e9ba0/nomination-district/3b998d21-622a-4cb2-9d40-731b8ef63ca5,Gårslev Syd,https://valg.dk/fv/47b883ef-d0d3-4cb6-9da5-91963f0e9ba0/nomination-district/3b998d21-622a-4cb2-9d40-731b8ef63ca5/polling-district/e9f0af6e-ef57-4b93-a7eb-32320a96b84c
9. Vejle Syd,https://valg.dk/fv/47b883ef-d0d3-4cb6-9da5-91963f0e9ba0/nomination-district/3b998d21-622a-4cb2-9d40-731b8ef63ca5,Jerlev Syd,https://valg.dk/fv/47b883ef-d0d3-4cb6-9da5-91963f0e9ba0/nomination-district/3b998d21-622a-4cb2-9d40-731b8ef63ca5/polling-district/b3f3b919-1321-4870-8a86-66ac0ce01ccd
9. Vejle Syd,https://valg.dk/fv/47b883ef-d0d3-4cb6-9da5-91963f0e9ba0/nomination-district/3b998d21-622a-4cb2-9d40-731b8ef63ca5,Kvartershuset Syd,https://valg.dk/fv/47b883ef-d0d3-4cb6-9da5-91963f0e9ba0/nomination-district/3b998d21-622a-4cb2-9d40-731b8ef63ca5/polling-district/1991dc75-e253-4583-9c1c-40008a36bc50
9. Vejle Syd,https://valg.dk/fv/47b883ef-d0d3-4cb6-9da5-91963f0e9ba0/nomination-district/3b998d21-622a-4cb2-9d40-731b8ef63ca5,Multihuset Højen Syd,https://valg.dk/fv/47b883ef-d0d3-4cb6-9da5-91963f0e9ba0/nomination-district/3b998d21-622a-4cb2-9d40-731b8ef63ca5/polling-district/2156e6c6-0986-4148-acd2-0b9cb41e0d51
9. Vejle Syd,https://valg.dk/fv/47b883ef-d0d3-4cb6-9da5-91963f0e9ba0/nomination-district/3b998d21-622a-4cb2-9d40-731b8ef63ca5,Mølholmhallen Syd,https://valg.dk/fv/47b883ef-d0d3-4cb6-9da5-91963f0e9ba0/nomination-district/3b998d21-622a-4cb2-9d40-731b8ef63ca5/polling-district/39edb4ac-495b-4532-933c-9dece52e527e
9. Vejle Syd,https://valg.dk/fv/47b883ef-d0d3-4cb6-9da5-91963f0e9ba0/nomination-district/3b998d21-622a-4cb2-9d40-731b8ef63ca5,Rødkilde Gymnasium Syd,https://valg.dk/fv/47b883ef-d0d3-4cb6-9da5-91963f0e9ba0/nomination-district/3b998d21-622a-4cb2-9d40-731b8ef63ca5/polling-district/2c389eb3-e4e3-418a-ad5f-54ef56adfcdd
9. Vejle Syd,https://valg.dk/fv/47b883ef-d0d3-4cb6-9da5-91963f0e9ba0/nomination-district/3b998d21-622a-4cb2-9d40-731b8ef63ca5,Smidstrup Syd,https://valg.dk/fv/47b883ef-d0d3-4cb6-9da5-91963f0e9ba0/nomination-district/3b998d21-622a-4cb2-9d40-731b8ef63ca5/polling-district/0d071be0-03c7-46e0-aacb-cf297b5b91cc
9. Vejle Syd,https://valg.dk/fv/47b883ef-d0d3-4cb6-9da5-91963f0e9ba0/nomination-district/3b998d21-622a-4cb2-9d40-731b8ef63ca5,Vinding Idræts Center Syd,https://valg.dk/fv/47b883ef-d0d3-4cb6-9da5-91963f0e9ba0/nomination-district/3b998d21-622a-4cb2-9d40-731b8ef63ca5/polling-district/c66c9ff3-f431-4e7f-9f27-6605647dcd6d
9. Vejle Syd,https://valg.dk/fv/47b883ef-d0d3-4cb6-9da5-91963f0e9ba0/nomination-district/3b998d21-622a-4cb2-9d40-731b8ef63ca5,Ødsted Syd,https://valg.dk/fv/47b883ef-d0d3-4cb6-9da5-91963f0e9ba0/nomination-district/3b998d21-622a-4cb2-9d40-731b8ef63ca5/polling-district/7691b4fe-0ac1-4f31-8f26-613a47186191
9. Vejle Syd,https://valg.dk/fv/47b883ef-d0d3-4cb6-9da5-91963f0e9ba0/nomination-district/3b998d21-622a-4cb2-9d40-731b8ef63ca5,Øster Starup Syd,https://valg.dk/fv/47b883ef-d0d3-4cb6-9da5-91963f0e9ba0/nomination-district/3b998d21-622a-4cb2-9d40-731b8ef63ca5/polling-district/360c48a3-d4b4-4d92-96f2-64ff6bd1bbe7
9. Vesterbro,https://valg.dk/fv/47b883ef-d0d3-4cb6-9da5-91963f0e9ba0/nomination-district/a1cd845d-844e-4502-b24e-35dfd1ad2eb9,9. Midt,https://valg.dk/fv/47b883ef-d0d3-4cb6-9da5-91963f0e9ba0/nomination-district/a1cd845d-844e-4502-b24e-35dfd1ad2eb9/polling-district/4490edf0-6836-4b3c-95f9-b69ade018487
9. Vesterbro,https://valg.dk/fv/47b883ef-d0d3-4cb6-9da5-91963f0e9ba0/nomination-district/a1cd845d-844e-4502-b24e-35dfd1ad2eb9,9. Nord,https://valg.dk/fv/47b883ef-d0d3-4cb6-9da5-91963f0e9ba0/nomination-district/a1cd845d-844e-4502-b24e-35dfd1ad2eb9/polling-district/f9ec808e-b745-4fc3-801d-54fef0af576a
9. Vesterbro,https://valg.dk/fv/47b883ef-d0d3-4cb6-9da5-91963f0e9ba0/nomination-district/a1cd845d-844e-4502-b24e-35dfd1ad2eb9,9. Sluseholmen,https://valg.dk/fv/47b883ef-d0d3-4cb6-9da5-91963f0e9ba0/nomination-district/a1cd845d-844e-4502-b24e-35dfd1ad2eb9/polling-district/9cb30567-7cfa-4c32-991f-16abdf786188
9. Vesterbro,https://valg.dk/fv/47b883ef-d0d3-4cb6-9da5-91963f0e9ba0/nomination-district/a1cd845d-844e-4502-b24e-35dfd1ad2eb9,9. Syd,https://valg.dk/fv/47b883ef-d0d3-4cb6-9da5-91963f0e9ba0/nomination-district/a1cd845d-844e-4502-b24e-35dfd1ad2eb9/polling-district/8496f7f8-87c7-4439-beac-8e1b774179e0
9. Vesterbro,https://valg.dk/fv/47b883ef-d0d3-4cb6-9da5-91963f0e9ba0/nomination-district/a1cd845d-844e-4502-b24e-35dfd1ad2eb9,9. Sydhavn,https://valg.dk/fv/47b883ef-d0d3-4cb6-9da5-91963f0e9ba0/nomination-district/a1cd845d-844e-4502-b24e-35dfd1ad2eb9/polling-district/c943706d-500d-4c6f-b272-8303799fbb9a
9. Vesterbro,https://valg.dk/fv/47b883ef-d0d3-4cb6-9da5-91963f0e9ba0/nomination-district/a1cd845d-844e-4502-b24e-35dfd1ad2eb9,9. Vest,https://valg.dk/fv/47b883ef-d0d3-4cb6-9da5-91963f0e9ba0/nomination-district/a1cd845d-844e-4502-b24e-35dfd1ad2eb9/polling-district/a4eb9099-68e0-4d77-a4b4-485e94480a27
9. Vesterbro,https://valg.dk/fv/47b883ef-d0d3-4cb6-9da5-91963f0e9ba0/nomination-district/a1cd845d-844e-4502-b24e-35dfd1ad2eb9,9. Vesterbro,https://valg.dk/fv/47b883ef-d0d3-4cb6-9da5-91963f0e9ba0/nomination-district/a1cd845d-844e-4502-b24e-35dfd1ad2eb9/polling-district/a68ac06f-fda8-4c46-96b4-85edeebee215
9. Vesterbro,https://valg.dk/fv/47b883ef-d0d3-4cb6-9da5-91963f0e9ba0/nomination-district/a1cd845d-844e-4502-b24e-35dfd1ad2eb9,9. Øst,https://valg.dk/fv/47b883ef-d0d3-4cb6-9da5-91963f0e9ba0/nomination-district/a1cd845d-844e-4502-b24e-35dfd1ad2eb9/polling-district/e6ac4f2c-d4f0-4b5f-8750-66a91cc00c0d
