nomination_label,nomination_url,polling_label,polling_url
Aabenraakredsen,https://valg.dk/fv/847cec19-05ff-4eff-b433-f0e886b24b7d/nomination-district/53032a04-51f7-4ea4-ba37-f6322ccc8979,Aabenraa Midt,https://valg.dk/fv/847cec19-05ff-4eff-b433-f0e886b24b7d/nomination-district/53032a04-51f7-4ea4-ba37-f6322ccc8979/polling-district/4acce493-a74a-4df8-8a41-6ed0d3ff091c
Aabenraakredsen,https://valg.dk/fv/847cec19-05ff-4eff-b433-f0e886b24b7d/nomination-district/53032a04-51f7-4ea4-ba37-f6322ccc8979,Aabenraa Nord,https://valg.dk/fv/847cec19-05ff-4eff-b433-f0e886b24b7d/nomination-district/53032a04-51f7-4ea4-ba37-f6322ccc8979/polling-district/883aa2a0-4ba3-43a8-995d-cc8667692b09
Aabenraakredsen,https://valg.dk/fv/847cec19-05ff-4eff-b433-f0e886b24b7d/nomination-district/53032a04-51f7-4ea4-ba37-f6322ccc8979,Aabenraa Syd,https://valg.dk/fv/847cec19-05ff-4eff-b433-f0e886b24b7d/nomination-district/53032a04-51f7-4ea4-ba37-f6322ccc8979/polling-district/105d4b69-72c2-4eee-9a89-ecf9c3bb1fa0
Aabenraakredsen,https://valg.dk/fv/847cec19-05ff-4eff-b433-f0e886b24b7d/nomination-district/53032a04-51f7-4ea4-ba37-f6322ccc8979,Bolderslev,https://valg.dk/fv/847cec19-05ff-4eff-b433-f0e886b24b7d/nomination-district/53032a04-51f7-4ea4-ba37-f6322ccc8979/polling-district/912cd3b6-e7f0-46a0-a8ca-c3af9ed260b4
Aabenraakredsen,https://valg.dk/fv/847cec19-05ff-4eff-b433-f0e886b24b7d/nomination-district/53032a04-51f7-4ea4-ba37-f6322ccc8979,Bylderup,https://valg.dk/fv/847cec19-05ff-4eff-b433-f0e886b24b7d/nomination-district/53032a04-51f7-4ea4-ba37-f6322ccc8979/polling-district/c2481362-4a40-4003-aeb8-ac101ea7e1de
Aabenraakredsen,https://valg.dk/fv/847cec19-05ff-4eff-b433-f0e886b24b7d/nomination-district/53032a04-51f7-4ea4-ba37-f6322ccc8979,Ensted,https://valg.dk/fv/847cec19-05ff-4eff-b433-f0e886b24b7d/nomination-district/53032a04-51f7-4ea4-ba37-f6322ccc8979/polling-district/35d6dc41-cdfb-46d4-8f17-76a4e7e2f54f
Aabenraakredsen,https://valg.dk/fv/847cec19-05ff-4eff-b433-f0e886b24b7d/nomination-district/53032a04-51f7-4ea4-ba37-f6322ccc8979,Felsted,https://valg.dk/fv/847cec19-05ff-4eff-b433-f0e886b24b7d/nomination-district/53032a04-51f7-4ea4-ba37-f6322ccc8979/polling-district/9b6b89f8-8247-4d75-8490-3556fcc7c7d1
Aabenraakredsen,https://valg.dk/fv/847cec19-05ff-4eff-b433-f0e886b24b7d/nomination-district/53032a04-51f7-4ea4-ba37-f6322ccc8979,Hellevad,https://valg.dk/fv/847cec19-05ff-4eff-b433-f0e886b24b7d/nomination-district/53032a04-51f7-4ea4-ba37-f6322ccc8979/polling-district/429ad057-eff5-4a4e-b5b3-c3d4d79a9cc5
Aabenraakredsen,https://valg.dk/fv/847cec19-05ff-4eff-b433-f0e886b24b7d/nomination-district/53032a04-51f7-4ea4-ba37-f6322ccc8979,Hjordkær,https://valg.dk/fv/847cec19-05ff-4eff-b433-f0e886b24b7d/nomination-district/53032a04-51f7-4ea4-ba37-f6322ccc8979/polling-district/6b591e49-ebf1-4bbc-8bac-3e030faacb38
Aabenraakredsen,https://valg.dk/fv/847cec19-05ff-4eff-b433-f0e886b24b7d/nomination-district/53032a04-51f7-4ea4-ba37-f6322ccc8979,Hovslund,https://valg.dk/fv/847cec19-05ff-4eff-b433-f0e886b24b7d/nomination-district/53032a04-51f7-4ea4-ba37-f6322ccc8979/polling-district/4f9b1f1c-2e73-4570-85f4-6fe66bbfa308
Aabenraakredsen,https://valg.dk/fv/847cec19-05ff-4eff-b433-f0e886b24b7d/nomination-district/53032a04-51f7-4ea4-ba37-f6322ccc8979,Kliplev,https://valg.dk/fv/847cec19-05ff-4eff-b433-f0e886b24b7d/nomination-district/53032a04-51f7-4ea4-ba37-f6322ccc8979/polling-district/cb039232-b14f-4ee6-b66d-b73cce75f228
Aabenraakredsen,https://valg.dk/fv/847cec19-05ff-4eff-b433-f0e886b24b7d/nomination-district/53032a04-51f7-4ea4-ba37-f6322ccc8979,Kruså,https://valg.dk/fv/847cec19-05ff-4eff-b433-f0e886b24b7d/nomination-district/53032a04-51f7-4ea4-ba37-f6322ccc8979/polling-district/9022ab83-f8ab-453d-8434-0c0c85a9f76e
Aabenraakredsen,https://valg.dk/fv/847cec19-05ff-4eff-b433-f0e886b24b7d/nomination-district/53032a04-51f7-4ea4-ba37-f6322ccc8979,Løjt,https://valg.dk/fv/847cec19-05ff-4eff-b433-f0e886b24b7d/nomination-district/53032a04-51f7-4ea4-ba37-f6322ccc8979/polling-district/4c31d4d7-92cd-4b0f-846c-d46b98832dfa
Aabenraakredsen,https://valg.dk/fv/847cec19-05ff-4eff-b433-f0e886b24b7d/nomination-district/53032a04-51f7-4ea4-ba37-f6322ccc8979,Padborg,https://valg.dk/fv/847cec19-05ff-4eff-b433-f0e886b24b7d/nomination-district/53032a04-51f7-4ea4-ba37-f6322ccc8979/polling-district/0de05938-12c4-4568-9856-fd76aa89452b
Aabenraakredsen,https://valg.dk/fv/847cec19-05ff-4eff-b433-f0e886b24b7d/nomination-district/53032a04-51f7-4ea4-ba37-f6322ccc8979,Ravsted,https://valg.dk/fv/847cec19-05ff-4eff-b433-f0e886b24b7d/nomination-district/53032a04-51f7-4ea4-ba37-f6322ccc8979/polling-district/170c84ec-7072-4dae-92e6-fd7e0fe2732a
Aabenraakredsen,https://valg.dk/fv/847cec19-05ff-4eff-b433-f0e886b24b7d/nomination-district/53032a04-51f7-4ea4-ba37-f6322ccc8979,Rødekro,https://valg.dk/fv/847cec19-05ff-4eff-b433-f0e886b24b7d/nomination-district/53032a04-51f7-4ea4-ba37-f6322ccc8979/polling-district/b362d7c1-aee6-4e2f-b9ab-152c5f6f0b35
Aabenraakredsen,https://valg.dk/fv/847cec19-05ff-4eff-b433-f0e886b24b7d/nomination-district/53032a04-51f7-4ea4-ba37-f6322ccc8979,Tinglev,https://valg.dk/fv/847cec19-05ff-4eff-b433-f0e886b24b7d/nomination-district/53032a04-51f7-4ea4-ba37-f6322ccc8979/polling-district/f8a22fa8-fe3d-4d26-9e4a-7b8873db9573
Aabenraakredsen,https://valg.dk/fv/847cec19-05ff-4eff-b433-f0e886b24b7d/nomination-district/53032a04-51f7-4ea4-ba37-f6322ccc8979,Varnæs,https://valg.dk/fv/847cec19-05ff-4eff-b433-f0e886b24b7d/nomination-district/53032a04-51f7-4ea4-ba37-f6322ccc8979/polling-district/05237cca-ef0e-46da-84d8-5ab0f8ad3f8a
Aakirkebykredsen,https://valg.dk/fv/847cec19-05ff-4eff-b433-f0e886b24b7d/nomination-district/e388f43e-9a0f-4bc2-8ed7-70f8e3fa1368,Aakirkeby,https://valg.dk/fv/847cec19-05ff-4eff-b433-f0e886b24b7d/nomination-district/e388f43e-9a0f-4bc2-8ed7-70f8e3fa1368/polling-district/5bf84459-e98b-4f0c-8869-00c8061cf25e
Aakirkebykredsen,https://valg.dk/fv/847cec19-05ff-4eff-b433-f0e886b24b7d/nomination-district/e388f43e-9a0f-4bc2-8ed7-70f8e3fa1368,Allinge,https://valg.dk/fv/847cec19-05ff-4eff-b433-f0e886b24b7d/nomination-district/e388f43e-9a0f-4bc2-8ed7-70f8e3fa1368/polling-district/bfdbdfd1-6d12-4f64-b4ac-38004c108c38
Aakirkebykredsen,https://valg.dk/fv/847cec19-05ff-4eff-b433-f0e886b24b7d/nomination-district/e388f43e-9a0f-4bc2-8ed7-70f8e3fa1368,Christiansø,https://valg.dk/fv/847cec19-05ff-4eff-b433-f0e886b24b7d/nomination-district/e388f43e-9a0f-4bc2-8ed7-70f8e3fa1368/polling-district/67e2468e-4126-46cf-986d-faf16a80e68c
Aakirkebykredsen,https://valg.dk/fv/847cec19-05ff-4eff-b433-f0e886b24b7d/nomination-district/e388f43e-9a0f-4bc2-8ed7-70f8e3fa1368,Nexø,https://valg.dk/fv/847cec19-05ff-4eff-b433-f0e886b24b7d/nomination-district/e388f43e-9a0f-4bc2-8ed7-70f8e3fa1368/polling-district/5e6ad5f3-9267-4ead-9b98-a0c3e11c73aa
Aakirkebykredsen,https://valg.dk/fv/847cec19-05ff-4eff-b433-f0e886b24b7d/nomination-district/e388f43e-9a0f-4bc2-8ed7-70f8e3fa1368,Pedersker,https://valg.dk/fv/847cec19-05ff-4eff-b433-f0e886b24b7d/nomination-district/e388f43e-9a0f-4bc2-8ed7-70f8e3fa1368/polling-district/8a17a4b4-283e-4792-be7d-b61181c6d943
Aakirkebykredsen,https://valg.dk/fv/847cec19-05ff-4eff-b433-f0e886b24b7d/nomination-district/e388f43e-9a0f-4bc2-8ed7-70f8e3fa1368,Svaneke,https://valg.dk/fv/847cec19-05ff-4eff-b433-f0e886b24b7d/nomination-district/e388f43e-9a0f-4bc2-8ed7-70f8e3fa1368/polling-district/4eda0c35-0c83-4993-8942-901a7fc99ac1
Aakirkebykredsen,https://valg.dk/fv/847cec19-05ff-4eff-b433-f0e886b24b7d/nomination-district/e388f43e-9a0f-4bc2-8ed7-70f8e3fa1368,Østermarie,https://valg.dk/fv/847cec19-05ff-4eff-b433-f0e886b24b7d/nomination-district/e388f43e-9a0f-4bc2-8ed7-70f8e3fa1368/polling-district/53f31693-a4bb-471c-987d-1b6ade0fde83
Aalborg Nordkredsen,https://valg.dk/fv/847cec19-05ff-4eff-b433-f0e886b24b7d/nomination-district/df0660ed-e64a-403f-b7a3-81e04d89bf8e,Aalborghallen,https://valg.dk/fv/847cec19-05ff-4eff-b433-f0e886b24b7d/nomination-district/df0660ed-e64a-403f-b7a3-81e04d89bf8e/polling-district/8fdb2afa-3c2e-4781-b381-9b65c4028e0a
Aalborg Nordkredsen,https://valg.dk/fv/847cec19-05ff-4eff-b433-f0e886b24b7d/nomination-district/df0660ed-e64a-403f-b7a3-81e04d89bf8e,"Gl. Lindholm Skole, Kulturhus",https://valg.dk/fv/847cec19-05ff-4eff-b433-f0e886b24b7d/nomination-district/df0660ed-e64a-403f-b7a3-81e04d89bf8e/polling-district/25d9ce7d-66b5-4308-983d-ed4603d13b9b
Aalborg Nordkredsen,https://valg.dk/fv/847cec19-05ff-4eff-b433-f0e886b24b7d/nomination-district/df0660ed-e64a-403f-b7a3-81e04d89bf8e,Hals Skole,https://valg.dk/fv/847cec19-05ff-4eff-b433-f0e886b24b7d/nomination-district/df0660ed-e64a-403f-b7a3-81e04d89bf8e/polling-district/72a1a719-18df-4ba6-8932-cb1b48d54c82
Aalborg Nordkredsen,https://valg.dk/fv/847cec19-05ff-4eff-b433-f0e886b24b7d/nomination-district/df0660ed-e64a-403f-b7a3-81e04d89bf8e,Løvvanghallen,https://valg.dk/fv/847cec19-05ff-4eff-b433-f0e886b24b7d/nomination-district/df0660ed-e64a-403f-b7a3-81e04d89bf8e/polling-district/48a69402-b713-4e9e-9d3f-65a461afe046
Aalborg Nordkredsen,https://valg.dk/fv/847cec19-05ff-4eff-b433-f0e886b24b7d/nomination-district/df0660ed-e64a-403f-b7a3-81e04d89bf8e,Multihallen Ved Vadumhallen,https://valg.dk/fv/847cec19-05ff-4eff-b433-f0e886b24b7d/nomination-district/df0660ed-e64a-403f-b7a3-81e04d89bf8e/polling-district/755ad611-6a03-48dc-92b7-54575aad4dca
Aalborg Nordkredsen,https://valg.dk/fv/847cec19-05ff-4eff-b433-f0e886b24b7d/nomination-district/df0660ed-e64a-403f-b7a3-81e04d89bf8e,Sulsted Skolehal,https://valg.dk/fv/847cec19-05ff-4eff-b433-f0e886b24b7d/nomination-district/df0660ed-e64a-403f-b7a3-81e04d89bf8e/polling-district/633c0d05-968c-4ab2-bb3e-565d41dc11b9
Aalborg Nordkredsen,https://valg.dk/fv/847cec19-05ff-4eff-b433-f0e886b24b7d/nomination-district/df0660ed-e64a-403f-b7a3-81e04d89bf8e,Ulstedhallen,https://valg.dk/fv/847cec19-05ff-4eff-b433-f0e886b24b7d/nomination-district/df0660ed-e64a-403f-b7a3-81e04d89bf8e/polling-district/33c7fdf6-75df-4ec5-8ff2-4d821f4d0e2a
Aalborg Nordkredsen,https://valg.dk/fv/847cec19-05ff-4eff-b433-f0e886b24b7d/nomination-district/df0660ed-e64a-403f-b7a3-81e04d89bf8e,Vester Hassing Hallen,https://valg.dk/fv/847cec19-05ff-4eff-b433-f0e886b24b7d/nomination-district/df0660ed-e64a-403f-b7a3-81e04d89bf8e/polling-district/a38dcc88-8014-42e5-a74f-e509b0bbc771
Aalborg Nordkredsen,https://valg.dk/fv/847cec19-05ff-4eff-b433-f0e886b24b7d/nomination-district/df0660ed-e64a-403f-b7a3-81e04d89bf8e,Vodskov Kultur & Idrætscenter,https://valg.dk/fv/847cec19-05ff-4eff-b433-f0e886b24b7d/nomination-district/df0660ed-e64a-403f-b7a3-81e04d89bf8e/polling-district/20f14b4d-bd2f-40eb-85b9-41a34cfbb6fe
Aalborg Vestkredsen,https://valg.dk/fv/847cec19-05ff-4eff-b433-f0e886b24b7d/nomination-district/f07bffdf-68c5-4224-9d32-3495b6e2317d,Farstruphallen,https://valg.dk/fv/847cec19-05ff-4eff-b433-f0e886b24b7d/nomination-district/f07bffdf-68c5-4224-9d32-3495b6e2317d/polling-district/373b1c4f-2743-4c56-ac0d-994be4ceeacd
Aalborg Vestkredsen,https://valg.dk/fv/847cec19-05ff-4eff-b433-f0e886b24b7d/nomination-district/f07bffdf-68c5-4224-9d32-3495b6e2317d,Ferslev Skolehal,https://valg.dk/fv/847cec19-05ff-4eff-b433-f0e886b24b7d/nomination-district/f07bffdf-68c5-4224-9d32-3495b6e2317d/polling-district/9107c67f-fa1f-4992-853f-9edb5f954b23
Aalborg Vestkredsen,https://valg.dk/fv/847cec19-05ff-4eff-b433-f0e886b24b7d/nomination-district/f07bffdf-68c5-4224-9d32-3495b6e2317d,Frejlev Skoles Idrætshal,https://valg.dk/fv/847cec19-05ff-4eff-b433-f0e886b24b7d/nomination-district/f07bffdf-68c5-4224-9d32-3495b6e2317d/polling-district/edefcb6f-a110-4955-b13a-26fa1da31dcc
Aalborg Vestkredsen,https://valg.dk/fv/847cec19-05ff-4eff-b433-f0e886b24b7d/nomination-district/f07bffdf-68c5-4224-9d32-3495b6e2317d,Hallen Ved Skalborggård,https://valg.dk/fv/847cec19-05ff-4eff-b433-f0e886b24b7d/nomination-district/f07bffdf-68c5-4224-9d32-3495b6e2317d/polling-district/aadd23de-6961-407d-8942-065cff629709
Aalborg Vestkredsen,https://valg.dk/fv/847cec19-05ff-4eff-b433-f0e886b24b7d/nomination-district/f07bffdf-68c5-4224-9d32-3495b6e2317d,Haraldslund,https://valg.dk/fv/847cec19-05ff-4eff-b433-f0e886b24b7d/nomination-district/f07bffdf-68c5-4224-9d32-3495b6e2317d/polling-district/eed2054a-3a91-4857-9261-a0e439f5517e
Aalborg Vestkredsen,https://valg.dk/fv/847cec19-05ff-4eff-b433-f0e886b24b7d/nomination-district/f07bffdf-68c5-4224-9d32-3495b6e2317d,Kfum - Hallen,https://valg.dk/fv/847cec19-05ff-4eff-b433-f0e886b24b7d/nomination-district/f07bffdf-68c5-4224-9d32-3495b6e2317d/polling-district/7e01ff9b-e27a-4781-b8e0-81494285c99e
Aalborg Vestkredsen,https://valg.dk/fv/847cec19-05ff-4eff-b433-f0e886b24b7d/nomination-district/f07bffdf-68c5-4224-9d32-3495b6e2317d,Kærbyskolen,https://valg.dk/fv/847cec19-05ff-4eff-b433-f0e886b24b7d/nomination-district/f07bffdf-68c5-4224-9d32-3495b6e2317d/polling-district/211cf489-aaa8-47d9-8351-a4bbbd5ef76c
Aalborg Vestkredsen,https://valg.dk/fv/847cec19-05ff-4eff-b433-f0e886b24b7d/nomination-district/f07bffdf-68c5-4224-9d32-3495b6e2317d,Nibe Hallen,https://valg.dk/fv/847cec19-05ff-4eff-b433-f0e886b24b7d/nomination-district/f07bffdf-68c5-4224-9d32-3495b6e2317d/polling-district/45e17dc2-5fcd-4ec2-9280-963d3d3eeb62
Aalborg Vestkredsen,https://valg.dk/fv/847cec19-05ff-4eff-b433-f0e886b24b7d/nomination-district/f07bffdf-68c5-4224-9d32-3495b6e2317d,Svenstruphallen,https://valg.dk/fv/847cec19-05ff-4eff-b433-f0e886b24b7d/nomination-district/f07bffdf-68c5-4224-9d32-3495b6e2317d/polling-district/b380a0aa-57f6-4a4a-a0f9-56969e8c97b2
Aalborg Vestkredsen,https://valg.dk/fv/847cec19-05ff-4eff-b433-f0e886b24b7d/nomination-district/f07bffdf-68c5-4224-9d32-3495b6e2317d,Vesterkærets Skole,https://valg.dk/fv/847cec19-05ff-4eff-b433-f0e886b24b7d/nomination-district/f07bffdf-68c5-4224-9d32-3495b6e2317d/polling-district/bcbe3396-1fe6-4443-b359-5c8d11098b76
Aalborg Østkredsen,https://valg.dk/fv/847cec19-05ff-4eff-b433-f0e886b24b7d/nomination-district/b3eb767c-1c7a-40b4-9401-e53bb32b08d1,Båndby - Hallen,https://valg.dk/fv/847cec19-05ff-4eff-b433-f0e886b24b7d/nomination-district/b3eb767c-1c7a-40b4-9401-e53bb32b08d1/polling-district/b52c3d98-6224-487f-b666-6a4e71d80785
Aalborg Østkredsen,https://valg.dk/fv/847cec19-05ff-4eff-b433-f0e886b24b7d/nomination-district/b3eb767c-1c7a-40b4-9401-e53bb32b08d1,Gigantium,https://valg.dk/fv/847cec19-05ff-4eff-b433-f0e886b24b7d/nomination-district/b3eb767c-1c7a-40b4-9401-e53bb32b08d1/polling-district/aa83507f-e0f3-4ede-b2bd-2e4c030aa563
Aalborg Østkredsen,https://valg.dk/fv/847cec19-05ff-4eff-b433-f0e886b24b7d/nomination-district/b3eb767c-1c7a-40b4-9401-e53bb32b08d1,Gistrup Skoles Idrætshal,https://valg.dk/fv/847cec19-05ff-4eff-b433-f0e886b24b7d/nomination-district/b3eb767c-1c7a-40b4-9401-e53bb32b08d1/polling-district/e79c8549-c60b-46d2-bf7f-8540c680573b
Aalborg Østkredsen,https://valg.dk/fv/847cec19-05ff-4eff-b433-f0e886b24b7d/nomination-district/b3eb767c-1c7a-40b4-9401-e53bb32b08d1,Gug Skole,https://valg.dk/fv/847cec19-05ff-4eff-b433-f0e886b24b7d/nomination-district/b3eb767c-1c7a-40b4-9401-e53bb32b08d1/polling-district/d7959420-ca68-4369-a808-6b3bd0224e97
Aalborg Østkredsen,https://valg.dk/fv/847cec19-05ff-4eff-b433-f0e886b24b7d/nomination-district/b3eb767c-1c7a-40b4-9401-e53bb32b08d1,Idrætscentret Kongerslev,https://valg.dk/fv/847cec19-05ff-4eff-b433-f0e886b24b7d/nomination-district/b3eb767c-1c7a-40b4-9401-e53bb32b08d1/polling-district/d0762b62-573c-4c6f-acb6-16b98bbf87a3
Aalborg Østkredsen,https://valg.dk/fv/847cec19-05ff-4eff-b433-f0e886b24b7d/nomination-district/b3eb767c-1c7a-40b4-9401-e53bb32b08d1,Klaruphallen,https://valg.dk/fv/847cec19-05ff-4eff-b433-f0e886b24b7d/nomination-district/b3eb767c-1c7a-40b4-9401-e53bb32b08d1/polling-district/45fe595e-1d65-4b04-846a-f9ad3c504378
Aalborg Østkredsen,https://valg.dk/fv/847cec19-05ff-4eff-b433-f0e886b24b7d/nomination-district/b3eb767c-1c7a-40b4-9401-e53bb32b08d1,Mellervangskolens Idrætshal,https://valg.dk/fv/847cec19-05ff-4eff-b433-f0e886b24b7d/nomination-district/b3eb767c-1c7a-40b4-9401-e53bb32b08d1/polling-district/ec30309c-99fc-4028-8bc1-32caeac3bc84
Aalborg Østkredsen,https://valg.dk/fv/847cec19-05ff-4eff-b433-f0e886b24b7d/nomination-district/b3eb767c-1c7a-40b4-9401-e53bb32b08d1,Mou Hotel,https://valg.dk/fv/847cec19-05ff-4eff-b433-f0e886b24b7d/nomination-district/b3eb767c-1c7a-40b4-9401-e53bb32b08d1/polling-district/c4413d4f-ec84-46ea-88e1-0ddde30b44eb
Aalborg Østkredsen,https://valg.dk/fv/847cec19-05ff-4eff-b433-f0e886b24b7d/nomination-district/b3eb767c-1c7a-40b4-9401-e53bb32b08d1,Sønderbroskolen,https://valg.dk/fv/847cec19-05ff-4eff-b433-f0e886b24b7d/nomination-district/b3eb767c-1c7a-40b4-9401-e53bb32b08d1/polling-district/9acbb669-b73e-4c85-abf5-5187f7c59cbf
Aalborg Østkredsen,https://valg.dk/fv/847cec19-05ff-4eff-b433-f0e886b24b7d/nomination-district/b3eb767c-1c7a-40b4-9401-e53bb32b08d1,"Tornhøjskolen, Hallen",https://valg.dk/fv/847cec19-05ff-4eff-b433-f0e886b24b7d/nomination-district/b3eb767c-1c7a-40b4-9401-e53bb32b08d1/polling-district/9f7a6fc5-4f2c-43c1-9a61-6a2d298d3798
Aalborg Østkredsen,https://valg.dk/fv/847cec19-05ff-4eff-b433-f0e886b24b7d/nomination-district/b3eb767c-1c7a-40b4-9401-e53bb32b08d1,Vejgaard Østre Skole,https://valg.dk/fv/847cec19-05ff-4eff-b433-f0e886b24b7d/nomination-district/b3eb767c-1c7a-40b4-9401-e53bb32b08d1/polling-district/0bb88325-7ec7-40de-b7ec-2a6b3fef4cd9
Aalborg Østkredsen,https://valg.dk/fv/847cec19-05ff-4eff-b433-f0e886b24b7d/nomination-district/b3eb767c-1c7a-40b4-9401-e53bb32b08d1,Vejgaardhallen,https://valg.dk/fv/847cec19-05ff-4eff-b433-f0e886b24b7d/nomination-district/b3eb767c-1c7a-40b4-9401-e53bb32b08d1/polling-district/531ecb85-e966-44e6-be25-78970601ee44
Aarhus Nordkredsen,https://valg.dk/fv/847cec19-05ff-4eff-b433-f0e886b24b7d/nomination-district/254a1883-0b79-42c1-a4ee-d426598ead50,"Bjørnshøjcentret, Trige",https://valg.dk/fv/847cec19-05ff-4eff-b433-f0e886b24b7d/nomination-district/254a1883-0b79-42c1-a4ee-d426598ead50/polling-district/51967a68-5212-497b-b70d-01a85e0a6600
Aarhus Nordkredsen,https://valg.dk/fv/847cec19-05ff-4eff-b433-f0e886b24b7d/nomination-district/254a1883-0b79-42c1-a4ee-d426598ead50,Center-10,https://valg.dk/fv/847cec19-05ff-4eff-b433-f0e886b24b7d/nomination-district/254a1883-0b79-42c1-a4ee-d426598ead50/polling-district/df93c50f-59c2-44f8-87c5-783b1a52e3cf
Aarhus Nordkredsen,https://valg.dk/fv/847cec19-05ff-4eff-b433-f0e886b24b7d/nomination-district/254a1883-0b79-42c1-a4ee-d426598ead50,"Gammelgårdskolen, Åbyhøj",https://valg.dk/fv/847cec19-05ff-4eff-b433-f0e886b24b7d/nomination-district/254a1883-0b79-42c1-a4ee-d426598ead50/polling-district/08e43784-0573-47d7-bd9e-694876138ae8
Aarhus Nordkredsen,https://valg.dk/fv/847cec19-05ff-4eff-b433-f0e886b24b7d/nomination-district/254a1883-0b79-42c1-a4ee-d426598ead50,Hasle Skole,https://valg.dk/fv/847cec19-05ff-4eff-b433-f0e886b24b7d/nomination-district/254a1883-0b79-42c1-a4ee-d426598ead50/polling-district/64a6a333-e985-4d8b-bede-54943b4d21cf
Aarhus Nordkredsen,https://valg.dk/fv/847cec19-05ff-4eff-b433-f0e886b24b7d/nomination-district/254a1883-0b79-42c1-a4ee-d426598ead50,Håruphallen,https://valg.dk/fv/847cec19-05ff-4eff-b433-f0e886b24b7d/nomination-district/254a1883-0b79-42c1-a4ee-d426598ead50/polling-district/263a5e76-0885-4a27-b83f-eb51f995b005
Aarhus Nordkredsen,https://valg.dk/fv/847cec19-05ff-4eff-b433-f0e886b24b7d/nomination-district/254a1883-0b79-42c1-a4ee-d426598ead50,Katrinebjergskolen,https://valg.dk/fv/847cec19-05ff-4eff-b433-f0e886b24b7d/nomination-district/254a1883-0b79-42c1-a4ee-d426598ead50/polling-district/8a47c288-f37e-41ec-9097-4d92293d8bd0
Aarhus Nordkredsen,https://valg.dk/fv/847cec19-05ff-4eff-b433-f0e886b24b7d/nomination-district/254a1883-0b79-42c1-a4ee-d426598ead50,Lisbjergskolen,https://valg.dk/fv/847cec19-05ff-4eff-b433-f0e886b24b7d/nomination-district/254a1883-0b79-42c1-a4ee-d426598ead50/polling-district/bb75775f-262e-428a-b7bd-2016f258616d
Aarhus Nordkredsen,https://valg.dk/fv/847cec19-05ff-4eff-b433-f0e886b24b7d/nomination-district/254a1883-0b79-42c1-a4ee-d426598ead50,Lystrup Hallen,https://valg.dk/fv/847cec19-05ff-4eff-b433-f0e886b24b7d/nomination-district/254a1883-0b79-42c1-a4ee-d426598ead50/polling-district/47ae1e23-2c29-41aa-a5c1-95287a1cefd9
Aarhus Nordkredsen,https://valg.dk/fv/847cec19-05ff-4eff-b433-f0e886b24b7d/nomination-district/254a1883-0b79-42c1-a4ee-d426598ead50,Møllevangskolen,https://valg.dk/fv/847cec19-05ff-4eff-b433-f0e886b24b7d/nomination-district/254a1883-0b79-42c1-a4ee-d426598ead50/polling-district/b0c1575e-06a9-4fe1-8b8d-274e9889b0fd
Aarhus Nordkredsen,https://valg.dk/fv/847cec19-05ff-4eff-b433-f0e886b24b7d/nomination-district/254a1883-0b79-42c1-a4ee-d426598ead50,Skovvangskolen,https://valg.dk/fv/847cec19-05ff-4eff-b433-f0e886b24b7d/nomination-district/254a1883-0b79-42c1-a4ee-d426598ead50/polling-district/fc3dc56c-a5c0-4408-bd50-6c38d320f925
Aarhus Nordkredsen,https://valg.dk/fv/847cec19-05ff-4eff-b433-f0e886b24b7d/nomination-district/254a1883-0b79-42c1-a4ee-d426598ead50,Spørring Fælleshus,https://valg.dk/fv/847cec19-05ff-4eff-b433-f0e886b24b7d/nomination-district/254a1883-0b79-42c1-a4ee-d426598ead50/polling-district/067832e1-640e-4fe3-a61c-95bdf3785a5f
Aarhus Nordkredsen,https://valg.dk/fv/847cec19-05ff-4eff-b433-f0e886b24b7d/nomination-district/254a1883-0b79-42c1-a4ee-d426598ead50,VIA University College,https://valg.dk/fv/847cec19-05ff-4eff-b433-f0e886b24b7d/nomination-district/254a1883-0b79-42c1-a4ee-d426598ead50/polling-district/d0f20e69-e8a7-4ab6-a6de-048cf7d89e2f
Aarhus Nordkredsen,https://valg.dk/fv/847cec19-05ff-4eff-b433-f0e886b24b7d/nomination-district/254a1883-0b79-42c1-a4ee-d426598ead50,Vorrevangskolen,https://valg.dk/fv/847cec19-05ff-4eff-b433-f0e886b24b7d/nomination-district/254a1883-0b79-42c1-a4ee-d426598ead50/polling-district/cc9badf3-2c4a-4d55-8a0f-2b6ef1def98b
Aarhus Sydkredsen,https://valg.dk/fv/847cec19-05ff-4eff-b433-f0e886b24b7d/nomination-district/8f7f5739-6dec-4878-841d-9175928002ae,Beder Skole,https://valg.dk/fv/847cec19-05ff-4eff-b433-f0e886b24b7d/nomination-district/8f7f5739-6dec-4878-841d-9175928002ae/polling-district/fa8bde9e-b500-4849-a659-4590f9ef69dc
Aarhus Sydkredsen,https://valg.dk/fv/847cec19-05ff-4eff-b433-f0e886b24b7d/nomination-district/8f7f5739-6dec-4878-841d-9175928002ae,Frederiksbjerg Hallerne,https://valg.dk/fv/847cec19-05ff-4eff-b433-f0e886b24b7d/nomination-district/8f7f5739-6dec-4878-841d-9175928002ae/polling-district/38661f16-bc7d-4b37-8ce3-6b2e8bf7b401
Aarhus Sydkredsen,https://valg.dk/fv/847cec19-05ff-4eff-b433-f0e886b24b7d/nomination-district/8f7f5739-6dec-4878-841d-9175928002ae,"Kragelundskolen, Højbjerg",https://valg.dk/fv/847cec19-05ff-4eff-b433-f0e886b24b7d/nomination-district/8f7f5739-6dec-4878-841d-9175928002ae/polling-district/59004d2a-e7c6-4799-9a25-b10455bdc2d5
Aarhus Sydkredsen,https://valg.dk/fv/847cec19-05ff-4eff-b433-f0e886b24b7d/nomination-district/8f7f5739-6dec-4878-841d-9175928002ae,Lokalcenter Fr.Bjerg/Langenæs,https://valg.dk/fv/847cec19-05ff-4eff-b433-f0e886b24b7d/nomination-district/8f7f5739-6dec-4878-841d-9175928002ae/polling-district/6c95026c-714f-4a06-95cb-ead7bf4962d8
Aarhus Sydkredsen,https://valg.dk/fv/847cec19-05ff-4eff-b433-f0e886b24b7d/nomination-district/8f7f5739-6dec-4878-841d-9175928002ae,Malling Skole,https://valg.dk/fv/847cec19-05ff-4eff-b433-f0e886b24b7d/nomination-district/8f7f5739-6dec-4878-841d-9175928002ae/polling-district/94267571-d7a1-48d2-b0de-1abc7a0fc6e7
Aarhus Sydkredsen,https://valg.dk/fv/847cec19-05ff-4eff-b433-f0e886b24b7d/nomination-district/8f7f5739-6dec-4878-841d-9175928002ae,Mårslet Skole,https://valg.dk/fv/847cec19-05ff-4eff-b433-f0e886b24b7d/nomination-district/8f7f5739-6dec-4878-841d-9175928002ae/polling-district/6d0a8cb8-e61c-46e6-a2d3-da6fb1397443
Aarhus Sydkredsen,https://valg.dk/fv/847cec19-05ff-4eff-b433-f0e886b24b7d/nomination-district/8f7f5739-6dec-4878-841d-9175928002ae,"Rundhøjhallen, Holme",https://valg.dk/fv/847cec19-05ff-4eff-b433-f0e886b24b7d/nomination-district/8f7f5739-6dec-4878-841d-9175928002ae/polling-district/a65402e9-2abf-43fd-a30e-9734d854d1d1
Aarhus Sydkredsen,https://valg.dk/fv/847cec19-05ff-4eff-b433-f0e886b24b7d/nomination-district/8f7f5739-6dec-4878-841d-9175928002ae,Skåde Skole,https://valg.dk/fv/847cec19-05ff-4eff-b433-f0e886b24b7d/nomination-district/8f7f5739-6dec-4878-841d-9175928002ae/polling-district/5bc998af-0b75-4c5c-9c91-f881675fa716
Aarhus Sydkredsen,https://valg.dk/fv/847cec19-05ff-4eff-b433-f0e886b24b7d/nomination-district/8f7f5739-6dec-4878-841d-9175928002ae,Solbjergskolen,https://valg.dk/fv/847cec19-05ff-4eff-b433-f0e886b24b7d/nomination-district/8f7f5739-6dec-4878-841d-9175928002ae/polling-district/d8e98894-ab6f-4876-9e62-fd3a132fa01a
Aarhus Sydkredsen,https://valg.dk/fv/847cec19-05ff-4eff-b433-f0e886b24b7d/nomination-district/8f7f5739-6dec-4878-841d-9175928002ae,Tranbjerg Skole,https://valg.dk/fv/847cec19-05ff-4eff-b433-f0e886b24b7d/nomination-district/8f7f5739-6dec-4878-841d-9175928002ae/polling-district/6d6c8e82-f56e-417e-bb11-8adf97a398cb
Aarhus Vestkredsen,https://valg.dk/fv/847cec19-05ff-4eff-b433-f0e886b24b7d/nomination-district/bfdd65e6-0a2a-4bf9-9d85-13b5eb87ba94,Borum Forsamlingshus,https://valg.dk/fv/847cec19-05ff-4eff-b433-f0e886b24b7d/nomination-district/bfdd65e6-0a2a-4bf9-9d85-13b5eb87ba94/polling-district/56d257e2-09a5-469c-96de-376a709c53a8
Aarhus Vestkredsen,https://valg.dk/fv/847cec19-05ff-4eff-b433-f0e886b24b7d/nomination-district/bfdd65e6-0a2a-4bf9-9d85-13b5eb87ba94,"Brabrandhallen, Brabrand",https://valg.dk/fv/847cec19-05ff-4eff-b433-f0e886b24b7d/nomination-district/bfdd65e6-0a2a-4bf9-9d85-13b5eb87ba94/polling-district/8d90abbe-4fe1-407c-83b0-391e32bace01
Aarhus Vestkredsen,https://valg.dk/fv/847cec19-05ff-4eff-b433-f0e886b24b7d/nomination-district/bfdd65e6-0a2a-4bf9-9d85-13b5eb87ba94,Globus 1,https://valg.dk/fv/847cec19-05ff-4eff-b433-f0e886b24b7d/nomination-district/bfdd65e6-0a2a-4bf9-9d85-13b5eb87ba94/polling-district/6ed6bd6f-eb49-48c3-8383-a2f7613c85e5
Aarhus Vestkredsen,https://valg.dk/fv/847cec19-05ff-4eff-b433-f0e886b24b7d/nomination-district/bfdd65e6-0a2a-4bf9-9d85-13b5eb87ba94,Hasselager Hallen,https://valg.dk/fv/847cec19-05ff-4eff-b433-f0e886b24b7d/nomination-district/bfdd65e6-0a2a-4bf9-9d85-13b5eb87ba94/polling-district/d78dde90-1631-48e1-ac36-649c466ab136
Aarhus Vestkredsen,https://valg.dk/fv/847cec19-05ff-4eff-b433-f0e886b24b7d/nomination-district/bfdd65e6-0a2a-4bf9-9d85-13b5eb87ba94,"Højvangskolen, Stavtrup",https://valg.dk/fv/847cec19-05ff-4eff-b433-f0e886b24b7d/nomination-district/bfdd65e6-0a2a-4bf9-9d85-13b5eb87ba94/polling-district/0ff89160-5471-4c7f-aca3-f8f7ed677584
Aarhus Vestkredsen,https://valg.dk/fv/847cec19-05ff-4eff-b433-f0e886b24b7d/nomination-district/bfdd65e6-0a2a-4bf9-9d85-13b5eb87ba94,Næshøjhallen,https://valg.dk/fv/847cec19-05ff-4eff-b433-f0e886b24b7d/nomination-district/bfdd65e6-0a2a-4bf9-9d85-13b5eb87ba94/polling-district/3ac4a51e-f5cb-47ba-b3f9-acee71af0a43
Aarhus Vestkredsen,https://valg.dk/fv/847cec19-05ff-4eff-b433-f0e886b24b7d/nomination-district/bfdd65e6-0a2a-4bf9-9d85-13b5eb87ba94,Ormslev Præstegård,https://valg.dk/fv/847cec19-05ff-4eff-b433-f0e886b24b7d/nomination-district/bfdd65e6-0a2a-4bf9-9d85-13b5eb87ba94/polling-district/9d1dda73-3921-4332-9441-618737fae38d
Aarhus Vestkredsen,https://valg.dk/fv/847cec19-05ff-4eff-b433-f0e886b24b7d/nomination-district/bfdd65e6-0a2a-4bf9-9d85-13b5eb87ba94,"Rosenvangskolen, Viby J",https://valg.dk/fv/847cec19-05ff-4eff-b433-f0e886b24b7d/nomination-district/bfdd65e6-0a2a-4bf9-9d85-13b5eb87ba94/polling-district/492b1f4e-c26c-43ea-9a6a-3002ed52f433
Aarhus Vestkredsen,https://valg.dk/fv/847cec19-05ff-4eff-b433-f0e886b24b7d/nomination-district/bfdd65e6-0a2a-4bf9-9d85-13b5eb87ba94,"Sabro-Korsvejskolen, Sabro",https://valg.dk/fv/847cec19-05ff-4eff-b433-f0e886b24b7d/nomination-district/bfdd65e6-0a2a-4bf9-9d85-13b5eb87ba94/polling-district/4f6f8de8-a9b8-4abd-b794-7e9ace722d41
Aarhus Vestkredsen,https://valg.dk/fv/847cec19-05ff-4eff-b433-f0e886b24b7d/nomination-district/bfdd65e6-0a2a-4bf9-9d85-13b5eb87ba94,Skjoldhøjskolen,https://valg.dk/fv/847cec19-05ff-4eff-b433-f0e886b24b7d/nomination-district/bfdd65e6-0a2a-4bf9-9d85-13b5eb87ba94/polling-district/dde5e255-f9f7-43e6-801d-aaf1e5ad57ac
Aarhus Vestkredsen,https://valg.dk/fv/847cec19-05ff-4eff-b433-f0e886b24b7d/nomination-district/bfdd65e6-0a2a-4bf9-9d85-13b5eb87ba94,"Søndervangskolen, Viby J",https://valg.dk/fv/847cec19-05ff-4eff-b433-f0e886b24b7d/nomination-district/bfdd65e6-0a2a-4bf9-9d85-13b5eb87ba94/polling-district/f856473f-63b8-4156-8aa7-4ff3cacfb8ae
Aarhus Vestkredsen,https://valg.dk/fv/847cec19-05ff-4eff-b433-f0e886b24b7d/nomination-district/bfdd65e6-0a2a-4bf9-9d85-13b5eb87ba94,"TST Aktiv-Center, Tilst",https://valg.dk/fv/847cec19-05ff-4eff-b433-f0e886b24b7d/nomination-district/bfdd65e6-0a2a-4bf9-9d85-13b5eb87ba94/polling-district/dd3d18fc-a731-47fe-b4fb-136a45b89b09
Aarhus Vestkredsen,https://valg.dk/fv/847cec19-05ff-4eff-b433-f0e886b24b7d/nomination-district/bfdd65e6-0a2a-4bf9-9d85-13b5eb87ba94,Viby Hallen,https://valg.dk/fv/847cec19-05ff-4eff-b433-f0e886b24b7d/nomination-district/bfdd65e6-0a2a-4bf9-9d85-13b5eb87ba94/polling-district/0cc20057-cbf5-4189-bae1-7cc24e1aa3d0
Aarhus Vestkredsen,https://valg.dk/fv/847cec19-05ff-4eff-b433-f0e886b24b7d/nomination-district/bfdd65e6-0a2a-4bf9-9d85-13b5eb87ba94,Åby Hallen,https://valg.dk/fv/847cec19-05ff-4eff-b433-f0e886b24b7d/nomination-district/bfdd65e6-0a2a-4bf9-9d85-13b5eb87ba94/polling-district/2f3a9f62-cd9b-4126-8be3-d6c1b49da293
Aarhus Østkredsen,https://valg.dk/fv/847cec19-05ff-4eff-b433-f0e886b24b7d/nomination-district/456cf080-7736-4aa8-bf6c-04693c24e06f,Bellevue-Hallen,https://valg.dk/fv/847cec19-05ff-4eff-b433-f0e886b24b7d/nomination-district/456cf080-7736-4aa8-bf6c-04693c24e06f/polling-district/730c96a0-0f03-49b7-b64d-b5a21434766a
Aarhus Østkredsen,https://valg.dk/fv/847cec19-05ff-4eff-b433-f0e886b24b7d/nomination-district/456cf080-7736-4aa8-bf6c-04693c24e06f,DOKK1,https://valg.dk/fv/847cec19-05ff-4eff-b433-f0e886b24b7d/nomination-district/456cf080-7736-4aa8-bf6c-04693c24e06f/polling-district/ac8a8232-bdc9-4ec5-8569-ebca7e406b52
Aarhus Østkredsen,https://valg.dk/fv/847cec19-05ff-4eff-b433-f0e886b24b7d/nomination-district/456cf080-7736-4aa8-bf6c-04693c24e06f,"Ellevangskolen, Risskov",https://valg.dk/fv/847cec19-05ff-4eff-b433-f0e886b24b7d/nomination-district/456cf080-7736-4aa8-bf6c-04693c24e06f/polling-district/b776a485-6a0c-4ebd-a734-a0e200296755
Aarhus Østkredsen,https://valg.dk/fv/847cec19-05ff-4eff-b433-f0e886b24b7d/nomination-district/456cf080-7736-4aa8-bf6c-04693c24e06f,Rådhushallen,https://valg.dk/fv/847cec19-05ff-4eff-b433-f0e886b24b7d/nomination-district/456cf080-7736-4aa8-bf6c-04693c24e06f/polling-district/9e0a7adf-c28b-449c-8cbd-8f61662616a2
Aarhus Østkredsen,https://valg.dk/fv/847cec19-05ff-4eff-b433-f0e886b24b7d/nomination-district/456cf080-7736-4aa8-bf6c-04693c24e06f,Samsøgades Skole,https://valg.dk/fv/847cec19-05ff-4eff-b433-f0e886b24b7d/nomination-district/456cf080-7736-4aa8-bf6c-04693c24e06f/polling-district/21e81fee-ea4d-4be9-a30c-9269f92f7808
Aarhus Østkredsen,https://valg.dk/fv/847cec19-05ff-4eff-b433-f0e886b24b7d/nomination-district/456cf080-7736-4aa8-bf6c-04693c24e06f,Skæring Skole,https://valg.dk/fv/847cec19-05ff-4eff-b433-f0e886b24b7d/nomination-district/456cf080-7736-4aa8-bf6c-04693c24e06f/polling-district/f1b08b6c-0aa4-4975-b612-89b4fc684d76
Aarhus Østkredsen,https://valg.dk/fv/847cec19-05ff-4eff-b433-f0e886b24b7d/nomination-district/456cf080-7736-4aa8-bf6c-04693c24e06f,Skødstrup Hallen,https://valg.dk/fv/847cec19-05ff-4eff-b433-f0e886b24b7d/nomination-district/456cf080-7736-4aa8-bf6c-04693c24e06f/polling-district/7c336e88-6b50-45c1-9dc4-d10776a452c1
Aarhus Østkredsen,https://valg.dk/fv/847cec19-05ff-4eff-b433-f0e886b24b7d/nomination-district/456cf080-7736-4aa8-bf6c-04693c24e06f,"Sølystskolen, Egå",https://valg.dk/fv/847cec19-05ff-4eff-b433-f0e886b24b7d/nomination-district/456cf080-7736-4aa8-bf6c-04693c24e06f/polling-district/228af827-b327-4bc0-bcb0-6094910231b5
Aarhus Østkredsen,https://valg.dk/fv/847cec19-05ff-4eff-b433-f0e886b24b7d/nomination-district/456cf080-7736-4aa8-bf6c-04693c24e06f,Vejlby-Risskov Hallen,https://valg.dk/fv/847cec19-05ff-4eff-b433-f0e886b24b7d/nomination-district/456cf080-7736-4aa8-bf6c-04693c24e06f/polling-district/a66c6ddd-7898-4ace-bf2b-8640a362c29e
Aarhus Østkredsen,https://valg.dk/fv/847cec19-05ff-4eff-b433-f0e886b24b7d/nomination-district/456cf080-7736-4aa8-bf6c-04693c24e06f,"Virupskolen, Hjortshøj",https://valg.dk/fv/847cec19-05ff-4eff-b433-f0e886b24b7d/nomination-district/456cf080-7736-4aa8-bf6c-04693c24e06f/polling-district/9c353432-4f8f-487a-a2e7-30f74c5ab952
Assenskredsen,https://valg.dk/fv/847cec19-05ff-4eff-b433-f0e886b24b7d/nomination-district/bb56bb49-ca4a-437d-9f2e-6bbe8f506e74,Aarup,https://valg.dk/fv/847cec19-05ff-4eff-b433-f0e886b24b7d/nomination-district/bb56bb49-ca4a-437d-9f2e-6bbe8f506e74/polling-district/284319ab-a0bd-4e75-ab0c-863dc432cdf8
Assenskredsen,https://valg.dk/fv/847cec19-05ff-4eff-b433-f0e886b24b7d/nomination-district/bb56bb49-ca4a-437d-9f2e-6bbe8f506e74,Assens,https://valg.dk/fv/847cec19-05ff-4eff-b433-f0e886b24b7d/nomination-district/bb56bb49-ca4a-437d-9f2e-6bbe8f506e74/polling-district/fab1b148-0092-4371-b3e5-ad62dd16771f
Assenskredsen,https://valg.dk/fv/847cec19-05ff-4eff-b433-f0e886b24b7d/nomination-district/bb56bb49-ca4a-437d-9f2e-6bbe8f506e74,Brylle,https://valg.dk/fv/847cec19-05ff-4eff-b433-f0e886b24b7d/nomination-district/bb56bb49-ca4a-437d-9f2e-6bbe8f506e74/polling-district/2240eea7-8d34-4390-a80c-5f2b2d81ddcb
Assenskredsen,https://valg.dk/fv/847cec19-05ff-4eff-b433-f0e886b24b7d/nomination-district/bb56bb49-ca4a-437d-9f2e-6bbe8f506e74,Dreslette,https://valg.dk/fv/847cec19-05ff-4eff-b433-f0e886b24b7d/nomination-district/bb56bb49-ca4a-437d-9f2e-6bbe8f506e74/polling-district/fcc6fe11-8351-44dc-90b7-b5020a3546d0
Assenskredsen,https://valg.dk/fv/847cec19-05ff-4eff-b433-f0e886b24b7d/nomination-district/bb56bb49-ca4a-437d-9f2e-6bbe8f506e74,Ebberup,https://valg.dk/fv/847cec19-05ff-4eff-b433-f0e886b24b7d/nomination-district/bb56bb49-ca4a-437d-9f2e-6bbe8f506e74/polling-district/27e7b9fa-27c2-4593-a18f-f5d05792fe38
Assenskredsen,https://valg.dk/fv/847cec19-05ff-4eff-b433-f0e886b24b7d/nomination-district/bb56bb49-ca4a-437d-9f2e-6bbe8f506e74,Flemløse,https://valg.dk/fv/847cec19-05ff-4eff-b433-f0e886b24b7d/nomination-district/bb56bb49-ca4a-437d-9f2e-6bbe8f506e74/polling-district/c2ed4d7b-582c-4c89-af73-0e4ad3f5ceb5
Assenskredsen,https://valg.dk/fv/847cec19-05ff-4eff-b433-f0e886b24b7d/nomination-district/bb56bb49-ca4a-437d-9f2e-6bbe8f506e74,Glamsbjerg,https://valg.dk/fv/847cec19-05ff-4eff-b433-f0e886b24b7d/nomination-district/bb56bb49-ca4a-437d-9f2e-6bbe8f506e74/polling-district/c69b68fd-fa8d-4ae6-acee-ffa5c5f48edb
Assenskredsen,https://valg.dk/fv/847cec19-05ff-4eff-b433-f0e886b24b7d/nomination-district/bb56bb49-ca4a-437d-9f2e-6bbe8f506e74,Haarby,https://valg.dk/fv/847cec19-05ff-4eff-b433-f0e886b24b7d/nomination-district/bb56bb49-ca4a-437d-9f2e-6bbe8f506e74/polling-district/1f00d37e-a5b5-43ce-a3fb-1eedbc2d7e0e
Assenskredsen,https://valg.dk/fv/847cec19-05ff-4eff-b433-f0e886b24b7d/nomination-district/bb56bb49-ca4a-437d-9f2e-6bbe8f506e74,Helnæs,https://valg.dk/fv/847cec19-05ff-4eff-b433-f0e886b24b7d/nomination-district/bb56bb49-ca4a-437d-9f2e-6bbe8f506e74/polling-district/2ae424f1-837c-4912-a1d7-bc96365173f4
Assenskredsen,https://valg.dk/fv/847cec19-05ff-4eff-b433-f0e886b24b7d/nomination-district/bb56bb49-ca4a-437d-9f2e-6bbe8f506e74,Jordløse,https://valg.dk/fv/847cec19-05ff-4eff-b433-f0e886b24b7d/nomination-district/bb56bb49-ca4a-437d-9f2e-6bbe8f506e74/polling-district/5b4bbb4a-d1e0-478a-b493-57f4adf2695a
Assenskredsen,https://valg.dk/fv/847cec19-05ff-4eff-b433-f0e886b24b7d/nomination-district/bb56bb49-ca4a-437d-9f2e-6bbe8f506e74,Kerte,https://valg.dk/fv/847cec19-05ff-4eff-b433-f0e886b24b7d/nomination-district/bb56bb49-ca4a-437d-9f2e-6bbe8f506e74/polling-district/0bbe793c-1a91-4b9b-a188-e16131017447
Assenskredsen,https://valg.dk/fv/847cec19-05ff-4eff-b433-f0e886b24b7d/nomination-district/bb56bb49-ca4a-437d-9f2e-6bbe8f506e74,Køng,https://valg.dk/fv/847cec19-05ff-4eff-b433-f0e886b24b7d/nomination-district/bb56bb49-ca4a-437d-9f2e-6bbe8f506e74/polling-district/ca74248d-3989-4055-a519-a85169c1205b
Assenskredsen,https://valg.dk/fv/847cec19-05ff-4eff-b433-f0e886b24b7d/nomination-district/bb56bb49-ca4a-437d-9f2e-6bbe8f506e74,Nårup,https://valg.dk/fv/847cec19-05ff-4eff-b433-f0e886b24b7d/nomination-district/bb56bb49-ca4a-437d-9f2e-6bbe8f506e74/polling-district/52ab2b13-7c27-499d-984d-a1b8ae0c6cd9
Assenskredsen,https://valg.dk/fv/847cec19-05ff-4eff-b433-f0e886b24b7d/nomination-district/bb56bb49-ca4a-437d-9f2e-6bbe8f506e74,Orte,https://valg.dk/fv/847cec19-05ff-4eff-b433-f0e886b24b7d/nomination-district/bb56bb49-ca4a-437d-9f2e-6bbe8f506e74/polling-district/a941a559-d632-4050-9f81-7b736ba07954
Assenskredsen,https://valg.dk/fv/847cec19-05ff-4eff-b433-f0e886b24b7d/nomination-district/bb56bb49-ca4a-437d-9f2e-6bbe8f506e74,Rørup,https://valg.dk/fv/847cec19-05ff-4eff-b433-f0e886b24b7d/nomination-district/bb56bb49-ca4a-437d-9f2e-6bbe8f506e74/polling-district/4dab4684-871c-4cf9-bd52-266d3accfa06
Assenskredsen,https://valg.dk/fv/847cec19-05ff-4eff-b433-f0e886b24b7d/nomination-district/bb56bb49-ca4a-437d-9f2e-6bbe8f506e74,Salbrovad,https://valg.dk/fv/847cec19-05ff-4eff-b433-f0e886b24b7d/nomination-district/bb56bb49-ca4a-437d-9f2e-6bbe8f506e74/polling-district/146230c2-1f00-4cef-93fb-a7b70a59c31d
Assenskredsen,https://valg.dk/fv/847cec19-05ff-4eff-b433-f0e886b24b7d/nomination-district/bb56bb49-ca4a-437d-9f2e-6bbe8f506e74,Søllested,https://valg.dk/fv/847cec19-05ff-4eff-b433-f0e886b24b7d/nomination-district/bb56bb49-ca4a-437d-9f2e-6bbe8f506e74/polling-district/9f2b7c7a-5408-484d-bf8e-dee4ed28c297
Assenskredsen,https://valg.dk/fv/847cec19-05ff-4eff-b433-f0e886b24b7d/nomination-district/bb56bb49-ca4a-437d-9f2e-6bbe8f506e74,Tommerup,https://valg.dk/fv/847cec19-05ff-4eff-b433-f0e886b24b7d/nomination-district/bb56bb49-ca4a-437d-9f2e-6bbe8f506e74/polling-district/02ee3cc1-8ad5-4c7b-9b83-cc194fdbf125
Assenskredsen,https://valg.dk/fv/847cec19-05ff-4eff-b433-f0e886b24b7d/nomination-district/bb56bb49-ca4a-437d-9f2e-6bbe8f506e74,Tommerup St,https://valg.dk/fv/847cec19-05ff-4eff-b433-f0e886b24b7d/nomination-district/bb56bb49-ca4a-437d-9f2e-6bbe8f506e74/polling-district/dd970e27-86dd-4cc0-a581-23b11128d4fa
Assenskredsen,https://valg.dk/fv/847cec19-05ff-4eff-b433-f0e886b24b7d/nomination-district/bb56bb49-ca4a-437d-9f2e-6bbe8f506e74,Turup,https://valg.dk/fv/847cec19-05ff-4eff-b433-f0e886b24b7d/nomination-district/bb56bb49-ca4a-437d-9f2e-6bbe8f506e74/polling-district/32d14175-853a-4204-b8eb-eabe927919c6
Assenskredsen,https://valg.dk/fv/847cec19-05ff-4eff-b433-f0e886b24b7d/nomination-district/bb56bb49-ca4a-437d-9f2e-6bbe8f506e74,Verninge,https://valg.dk/fv/847cec19-05ff-4eff-b433-f0e886b24b7d/nomination-district/bb56bb49-ca4a-437d-9f2e-6bbe8f506e74/polling-district/771d82b7-699d-4ac2-bf10-a37d3e3f30c5
Assenskredsen,https://valg.dk/fv/847cec19-05ff-4eff-b433-f0e886b24b7d/nomination-district/bb56bb49-ca4a-437d-9f2e-6bbe8f506e74,Vissenbjerg,https://valg.dk/fv/847cec19-05ff-4eff-b433-f0e886b24b7d/nomination-district/bb56bb49-ca4a-437d-9f2e-6bbe8f506e74/polling-district/4b2aae7e-1e75-4526-b2b6-0cb797eee017
Assenskredsen,https://valg.dk/fv/847cec19-05ff-4eff-b433-f0e886b24b7d/nomination-district/bb56bb49-ca4a-437d-9f2e-6bbe8f506e74,Ørsted,https://valg.dk/fv/847cec19-05ff-4eff-b433-f0e886b24b7d/nomination-district/bb56bb49-ca4a-437d-9f2e-6bbe8f506e74/polling-district/08c37f33-dc62-48ea-8012-df4e6f4cf4a0
Ballerupkredsen,https://valg.dk/fv/847cec19-05ff-4eff-b433-f0e886b24b7d/nomination-district/213f518d-7103-4a01-a057-51e8cbbb3bae,Baltorpskolen - Rugvænget,https://valg.dk/fv/847cec19-05ff-4eff-b433-f0e886b24b7d/nomination-district/213f518d-7103-4a01-a057-51e8cbbb3bae/polling-district/31ec2f79-71b7-45bf-8116-cc218479f875
Ballerupkredsen,https://valg.dk/fv/847cec19-05ff-4eff-b433-f0e886b24b7d/nomination-district/213f518d-7103-4a01-a057-51e8cbbb3bae,Egebjerghallen,https://valg.dk/fv/847cec19-05ff-4eff-b433-f0e886b24b7d/nomination-district/213f518d-7103-4a01-a057-51e8cbbb3bae/polling-district/5c0a6e03-a5fb-43ed-a4b7-af17c891a4f9
Ballerupkredsen,https://valg.dk/fv/847cec19-05ff-4eff-b433-f0e886b24b7d/nomination-district/213f518d-7103-4a01-a057-51e8cbbb3bae,Ejbyskolen,https://valg.dk/fv/847cec19-05ff-4eff-b433-f0e886b24b7d/nomination-district/213f518d-7103-4a01-a057-51e8cbbb3bae/polling-district/8f6b2021-8990-4e4e-84ec-515d40204bcd
Ballerupkredsen,https://valg.dk/fv/847cec19-05ff-4eff-b433-f0e886b24b7d/nomination-district/213f518d-7103-4a01-a057-51e8cbbb3bae,Grantoftehallen,https://valg.dk/fv/847cec19-05ff-4eff-b433-f0e886b24b7d/nomination-district/213f518d-7103-4a01-a057-51e8cbbb3bae/polling-district/6ceeb42d-6981-4ff0-84d4-028211b2aa6a
Ballerupkredsen,https://valg.dk/fv/847cec19-05ff-4eff-b433-f0e886b24b7d/nomination-district/213f518d-7103-4a01-a057-51e8cbbb3bae,Hvissingehallen,https://valg.dk/fv/847cec19-05ff-4eff-b433-f0e886b24b7d/nomination-district/213f518d-7103-4a01-a057-51e8cbbb3bae/polling-district/5fcbaa39-c6d6-4aeb-8dc2-2acbd63a6fac
Ballerupkredsen,https://valg.dk/fv/847cec19-05ff-4eff-b433-f0e886b24b7d/nomination-district/213f518d-7103-4a01-a057-51e8cbbb3bae,Idrætshallen,https://valg.dk/fv/847cec19-05ff-4eff-b433-f0e886b24b7d/nomination-district/213f518d-7103-4a01-a057-51e8cbbb3bae/polling-district/54d27a57-9953-4c7f-abcf-073236e68370
Ballerupkredsen,https://valg.dk/fv/847cec19-05ff-4eff-b433-f0e886b24b7d/nomination-district/213f518d-7103-4a01-a057-51e8cbbb3bae,Måløv Ny Hal,https://valg.dk/fv/847cec19-05ff-4eff-b433-f0e886b24b7d/nomination-district/213f518d-7103-4a01-a057-51e8cbbb3bae/polling-district/97362110-2668-4d6c-b160-9daf904b1984
Ballerupkredsen,https://valg.dk/fv/847cec19-05ff-4eff-b433-f0e886b24b7d/nomination-district/213f518d-7103-4a01-a057-51e8cbbb3bae,Nordvangskolen,https://valg.dk/fv/847cec19-05ff-4eff-b433-f0e886b24b7d/nomination-district/213f518d-7103-4a01-a057-51e8cbbb3bae/polling-district/70fe4668-6b7d-4f12-9cd1-b6c35cf3ceac
Ballerupkredsen,https://valg.dk/fv/847cec19-05ff-4eff-b433-f0e886b24b7d/nomination-district/213f518d-7103-4a01-a057-51e8cbbb3bae,Skovlunde Skole - Nord,https://valg.dk/fv/847cec19-05ff-4eff-b433-f0e886b24b7d/nomination-district/213f518d-7103-4a01-a057-51e8cbbb3bae/polling-district/c73cb9e1-934c-4326-bf8c-9a671430e492
Ballerupkredsen,https://valg.dk/fv/847cec19-05ff-4eff-b433-f0e886b24b7d/nomination-district/213f518d-7103-4a01-a057-51e8cbbb3bae,Skovvejens Skole - Vest,https://valg.dk/fv/847cec19-05ff-4eff-b433-f0e886b24b7d/nomination-district/213f518d-7103-4a01-a057-51e8cbbb3bae/polling-district/26def104-437c-4503-ac30-984b3a4bfada
Ballerupkredsen,https://valg.dk/fv/847cec19-05ff-4eff-b433-f0e886b24b7d/nomination-district/213f518d-7103-4a01-a057-51e8cbbb3bae,Sognegården,https://valg.dk/fv/847cec19-05ff-4eff-b433-f0e886b24b7d/nomination-district/213f518d-7103-4a01-a057-51e8cbbb3bae/polling-district/8b3a7fa8-6c5b-4f0a-b911-605760817aa4
Ballerupkredsen,https://valg.dk/fv/847cec19-05ff-4eff-b433-f0e886b24b7d/nomination-district/213f518d-7103-4a01-a057-51e8cbbb3bae,Søndervangskolen,https://valg.dk/fv/847cec19-05ff-4eff-b433-f0e886b24b7d/nomination-district/213f518d-7103-4a01-a057-51e8cbbb3bae/polling-district/3f6f28af-933b-4520-ae5a-ad94e42a1741
Ballerupkredsen,https://valg.dk/fv/847cec19-05ff-4eff-b433-f0e886b24b7d/nomination-district/213f518d-7103-4a01-a057-51e8cbbb3bae,Tapeten,https://valg.dk/fv/847cec19-05ff-4eff-b433-f0e886b24b7d/nomination-district/213f518d-7103-4a01-a057-51e8cbbb3bae/polling-district/defa6383-5fdf-40c2-a78b-531fd55831fb
Ballerupkredsen,https://valg.dk/fv/847cec19-05ff-4eff-b433-f0e886b24b7d/nomination-district/213f518d-7103-4a01-a057-51e8cbbb3bae,Vestervangskolen,https://valg.dk/fv/847cec19-05ff-4eff-b433-f0e886b24b7d/nomination-district/213f518d-7103-4a01-a057-51e8cbbb3bae/polling-district/7073297f-5cac-445e-954e-ed0d5275ec48
Ballerupkredsen,https://valg.dk/fv/847cec19-05ff-4eff-b433-f0e886b24b7d/nomination-district/213f518d-7103-4a01-a057-51e8cbbb3bae,Østerhøjhallen,https://valg.dk/fv/847cec19-05ff-4eff-b433-f0e886b24b7d/nomination-district/213f518d-7103-4a01-a057-51e8cbbb3bae/polling-district/e5c10089-e6d4-4ae8-b592-ee7d01286181
Bispebjergkredsen,https://valg.dk/fv/847cec19-05ff-4eff-b433-f0e886b24b7d/nomination-district/a302e69f-3398-4a30-b4eb-3b1b95c29f70,6. Bispebjerg,https://valg.dk/fv/847cec19-05ff-4eff-b433-f0e886b24b7d/nomination-district/a302e69f-3398-4a30-b4eb-3b1b95c29f70/polling-district/a87b5bea-e409-4e7a-8eca-3f2ab908c686
Bispebjergkredsen,https://valg.dk/fv/847cec19-05ff-4eff-b433-f0e886b24b7d/nomination-district/a302e69f-3398-4a30-b4eb-3b1b95c29f70,6. Nord,https://valg.dk/fv/847cec19-05ff-4eff-b433-f0e886b24b7d/nomination-district/a302e69f-3398-4a30-b4eb-3b1b95c29f70/polling-district/aa92f5fc-3f8f-4da9-a29a-6d37e79ff0ac
Bispebjergkredsen,https://valg.dk/fv/847cec19-05ff-4eff-b433-f0e886b24b7d/nomination-district/a302e69f-3398-4a30-b4eb-3b1b95c29f70,6. Syd,https://valg.dk/fv/847cec19-05ff-4eff-b433-f0e886b24b7d/nomination-district/a302e69f-3398-4a30-b4eb-3b1b95c29f70/polling-district/5563c438-69f8-41ff-bafb-4e1fa28b15ff
Bispebjergkredsen,https://valg.dk/fv/847cec19-05ff-4eff-b433-f0e886b24b7d/nomination-district/a302e69f-3398-4a30-b4eb-3b1b95c29f70,6. Vest,https://valg.dk/fv/847cec19-05ff-4eff-b433-f0e886b24b7d/nomination-district/a302e69f-3398-4a30-b4eb-3b1b95c29f70/polling-district/1283be4a-c19d-4de0-ba40-2d6eb9d8e1d2
Bispebjergkredsen,https://valg.dk/fv/847cec19-05ff-4eff-b433-f0e886b24b7d/nomination-district/a302e69f-3398-4a30-b4eb-3b1b95c29f70,6. Øst,https://valg.dk/fv/847cec19-05ff-4eff-b433-f0e886b24b7d/nomination-district/a302e69f-3398-4a30-b4eb-3b1b95c29f70/polling-district/1f128cad-8f47-458d-8cd4-02315db8a9fe
Brøndbykredsen,https://valg.dk/fv/847cec19-05ff-4eff-b433-f0e886b24b7d/nomination-district/8ba4ca7a-8393-45d7-b470-3d4224d3a362,Brøndbyvester Skole,https://valg.dk/fv/847cec19-05ff-4eff-b433-f0e886b24b7d/nomination-district/8ba4ca7a-8393-45d7-b470-3d4224d3a362/polling-district/48a6e9dd-02bb-4676-862b-a414b0e938ea
Brøndbykredsen,https://valg.dk/fv/847cec19-05ff-4eff-b433-f0e886b24b7d/nomination-district/8ba4ca7a-8393-45d7-b470-3d4224d3a362,Egholmskolen,https://valg.dk/fv/847cec19-05ff-4eff-b433-f0e886b24b7d/nomination-district/8ba4ca7a-8393-45d7-b470-3d4224d3a362/polling-district/1a96da4f-e870-43db-afea-4120a403d67d
Brøndbykredsen,https://valg.dk/fv/847cec19-05ff-4eff-b433-f0e886b24b7d/nomination-district/8ba4ca7a-8393-45d7-b470-3d4224d3a362,Gildbroskolen,https://valg.dk/fv/847cec19-05ff-4eff-b433-f0e886b24b7d/nomination-district/8ba4ca7a-8393-45d7-b470-3d4224d3a362/polling-district/c3ded720-4907-42f5-aaf0-806c80e39d28
Brøndbykredsen,https://valg.dk/fv/847cec19-05ff-4eff-b433-f0e886b24b7d/nomination-district/8ba4ca7a-8393-45d7-b470-3d4224d3a362,Ishøj Bycenter,https://valg.dk/fv/847cec19-05ff-4eff-b433-f0e886b24b7d/nomination-district/8ba4ca7a-8393-45d7-b470-3d4224d3a362/polling-district/c1da5c69-fcb6-4bef-a233-0cf8dec0d74f
Brøndbykredsen,https://valg.dk/fv/847cec19-05ff-4eff-b433-f0e886b24b7d/nomination-district/8ba4ca7a-8393-45d7-b470-3d4224d3a362,Ishøj Landsby,https://valg.dk/fv/847cec19-05ff-4eff-b433-f0e886b24b7d/nomination-district/8ba4ca7a-8393-45d7-b470-3d4224d3a362/polling-district/195fb793-752a-4946-9299-7564b8223d3f
Brøndbykredsen,https://valg.dk/fv/847cec19-05ff-4eff-b433-f0e886b24b7d/nomination-district/8ba4ca7a-8393-45d7-b470-3d4224d3a362,Kulturhuset Brønden,https://valg.dk/fv/847cec19-05ff-4eff-b433-f0e886b24b7d/nomination-district/8ba4ca7a-8393-45d7-b470-3d4224d3a362/polling-district/fa76c830-da03-465f-8b1d-21c0b7ac4433
Brøndbykredsen,https://valg.dk/fv/847cec19-05ff-4eff-b433-f0e886b24b7d/nomination-district/8ba4ca7a-8393-45d7-b470-3d4224d3a362,Lindelundshallen,https://valg.dk/fv/847cec19-05ff-4eff-b433-f0e886b24b7d/nomination-district/8ba4ca7a-8393-45d7-b470-3d4224d3a362/polling-district/8f1a68d0-fcb6-46ed-a440-90ac9e2b6910
Brøndbykredsen,https://valg.dk/fv/847cec19-05ff-4eff-b433-f0e886b24b7d/nomination-district/8ba4ca7a-8393-45d7-b470-3d4224d3a362,Nørregård,https://valg.dk/fv/847cec19-05ff-4eff-b433-f0e886b24b7d/nomination-district/8ba4ca7a-8393-45d7-b470-3d4224d3a362/polling-district/49e7dc6b-d5b7-4930-8e31-843c7ba73954
Brøndbykredsen,https://valg.dk/fv/847cec19-05ff-4eff-b433-f0e886b24b7d/nomination-district/8ba4ca7a-8393-45d7-b470-3d4224d3a362,Pilehaveskolen,https://valg.dk/fv/847cec19-05ff-4eff-b433-f0e886b24b7d/nomination-district/8ba4ca7a-8393-45d7-b470-3d4224d3a362/polling-district/572c0b0e-6d71-461f-8804-0287aaec597f
Brøndbykredsen,https://valg.dk/fv/847cec19-05ff-4eff-b433-f0e886b24b7d/nomination-district/8ba4ca7a-8393-45d7-b470-3d4224d3a362,Strandgårdskolen,https://valg.dk/fv/847cec19-05ff-4eff-b433-f0e886b24b7d/nomination-district/8ba4ca7a-8393-45d7-b470-3d4224d3a362/polling-district/40260919-8948-4156-b61a-e5338ff5ece8
Brøndbykredsen,https://valg.dk/fv/847cec19-05ff-4eff-b433-f0e886b24b7d/nomination-district/8ba4ca7a-8393-45d7-b470-3d4224d3a362,Tjørnehøjhallen,https://valg.dk/fv/847cec19-05ff-4eff-b433-f0e886b24b7d/nomination-district/8ba4ca7a-8393-45d7-b470-3d4224d3a362/polling-district/d0824b5a-b363-4fdf-aa4d-7fd1aab2f455
Brøndbykredsen,https://valg.dk/fv/847cec19-05ff-4eff-b433-f0e886b24b7d/nomination-district/8ba4ca7a-8393-45d7-b470-3d4224d3a362,"Vallensbæk Skole, Multisalen",https://valg.dk/fv/847cec19-05ff-4eff-b433-f0e886b24b7d/nomination-district/8ba4ca7a-8393-45d7-b470-3d4224d3a362/polling-district/374ad098-b09e-484d-a489-67ead2274bf3
Brøndbykredsen,https://valg.dk/fv/847cec19-05ff-4eff-b433-f0e886b24b7d/nomination-district/8ba4ca7a-8393-45d7-b470-3d4224d3a362,Vibeholmskolen,https://valg.dk/fv/847cec19-05ff-4eff-b433-f0e886b24b7d/nomination-district/8ba4ca7a-8393-45d7-b470-3d4224d3a362/polling-district/7c9ff3e7-18d3-451b-9f4a-dec50a31d921
Brønderslevkredsen,https://valg.dk/fv/847cec19-05ff-4eff-b433-f0e886b24b7d/nomination-district/9b10e083-a111-41ce-a20d-1ae7774f5f41,Aabybro,https://valg.dk/fv/847cec19-05ff-4eff-b433-f0e886b24b7d/nomination-district/9b10e083-a111-41ce-a20d-1ae7774f5f41/polling-district/73dacd23-b911-44f2-bcc3-a0f48ff1a148
Brønderslevkredsen,https://valg.dk/fv/847cec19-05ff-4eff-b433-f0e886b24b7d/nomination-district/9b10e083-a111-41ce-a20d-1ae7774f5f41,Agersted,https://valg.dk/fv/847cec19-05ff-4eff-b433-f0e886b24b7d/nomination-district/9b10e083-a111-41ce-a20d-1ae7774f5f41/polling-district/71fa71c6-e2d4-439f-a264-edf0a362eb52
Brønderslevkredsen,https://valg.dk/fv/847cec19-05ff-4eff-b433-f0e886b24b7d/nomination-district/9b10e083-a111-41ce-a20d-1ae7774f5f41,Arentsminde,https://valg.dk/fv/847cec19-05ff-4eff-b433-f0e886b24b7d/nomination-district/9b10e083-a111-41ce-a20d-1ae7774f5f41/polling-district/6d1045f6-3aa9-4bae-a3c3-c13b15473e3a
Brønderslevkredsen,https://valg.dk/fv/847cec19-05ff-4eff-b433-f0e886b24b7d/nomination-district/9b10e083-a111-41ce-a20d-1ae7774f5f41,Asaa,https://valg.dk/fv/847cec19-05ff-4eff-b433-f0e886b24b7d/nomination-district/9b10e083-a111-41ce-a20d-1ae7774f5f41/polling-district/5e56cc22-1f9e-48b6-93fa-d5c47df95ee4
Brønderslevkredsen,https://valg.dk/fv/847cec19-05ff-4eff-b433-f0e886b24b7d/nomination-district/9b10e083-a111-41ce-a20d-1ae7774f5f41,Biersted,https://valg.dk/fv/847cec19-05ff-4eff-b433-f0e886b24b7d/nomination-district/9b10e083-a111-41ce-a20d-1ae7774f5f41/polling-district/3548685b-85d9-416d-98cc-29274ceea739
Brønderslevkredsen,https://valg.dk/fv/847cec19-05ff-4eff-b433-f0e886b24b7d/nomination-district/9b10e083-a111-41ce-a20d-1ae7774f5f41,Brovst,https://valg.dk/fv/847cec19-05ff-4eff-b433-f0e886b24b7d/nomination-district/9b10e083-a111-41ce-a20d-1ae7774f5f41/polling-district/c5cd5521-8c2d-45cd-a6b3-78186d3999e6
Brønderslevkredsen,https://valg.dk/fv/847cec19-05ff-4eff-b433-f0e886b24b7d/nomination-district/9b10e083-a111-41ce-a20d-1ae7774f5f41,Brønderslev,https://valg.dk/fv/847cec19-05ff-4eff-b433-f0e886b24b7d/nomination-district/9b10e083-a111-41ce-a20d-1ae7774f5f41/polling-district/604743f1-bb04-4f4b-8108-580e1eee0634
Brønderslevkredsen,https://valg.dk/fv/847cec19-05ff-4eff-b433-f0e886b24b7d/nomination-district/9b10e083-a111-41ce-a20d-1ae7774f5f41,Dronninglund,https://valg.dk/fv/847cec19-05ff-4eff-b433-f0e886b24b7d/nomination-district/9b10e083-a111-41ce-a20d-1ae7774f5f41/polling-district/bf26a1c4-79ca-458f-b3e3-4f33cb6113fa
Brønderslevkredsen,https://valg.dk/fv/847cec19-05ff-4eff-b433-f0e886b24b7d/nomination-district/9b10e083-a111-41ce-a20d-1ae7774f5f41,Fjerritslev,https://valg.dk/fv/847cec19-05ff-4eff-b433-f0e886b24b7d/nomination-district/9b10e083-a111-41ce-a20d-1ae7774f5f41/polling-district/47e6ec07-a53a-4fd1-8229-29e0669a3be6
Brønderslevkredsen,https://valg.dk/fv/847cec19-05ff-4eff-b433-f0e886b24b7d/nomination-district/9b10e083-a111-41ce-a20d-1ae7774f5f41,Flauenskjold,https://valg.dk/fv/847cec19-05ff-4eff-b433-f0e886b24b7d/nomination-district/9b10e083-a111-41ce-a20d-1ae7774f5f41/polling-district/f167dab6-fc7b-4978-ba1a-96526163b2f4
Brønderslevkredsen,https://valg.dk/fv/847cec19-05ff-4eff-b433-f0e886b24b7d/nomination-district/9b10e083-a111-41ce-a20d-1ae7774f5f41,Gjøl,https://valg.dk/fv/847cec19-05ff-4eff-b433-f0e886b24b7d/nomination-district/9b10e083-a111-41ce-a20d-1ae7774f5f41/polling-district/d1c0a2c4-9d77-485b-8a50-65176fe2e98c
Brønderslevkredsen,https://valg.dk/fv/847cec19-05ff-4eff-b433-f0e886b24b7d/nomination-district/9b10e083-a111-41ce-a20d-1ae7774f5f41,Hallund,https://valg.dk/fv/847cec19-05ff-4eff-b433-f0e886b24b7d/nomination-district/9b10e083-a111-41ce-a20d-1ae7774f5f41/polling-district/90e76572-e227-40d5-a620-aeacb0894919
Brønderslevkredsen,https://valg.dk/fv/847cec19-05ff-4eff-b433-f0e886b24b7d/nomination-district/9b10e083-a111-41ce-a20d-1ae7774f5f41,Halvrimmen,https://valg.dk/fv/847cec19-05ff-4eff-b433-f0e886b24b7d/nomination-district/9b10e083-a111-41ce-a20d-1ae7774f5f41/polling-district/f531e816-6654-49cd-a0f6-e42a716e66c4
Brønderslevkredsen,https://valg.dk/fv/847cec19-05ff-4eff-b433-f0e886b24b7d/nomination-district/9b10e083-a111-41ce-a20d-1ae7774f5f41,Hjallerup,https://valg.dk/fv/847cec19-05ff-4eff-b433-f0e886b24b7d/nomination-district/9b10e083-a111-41ce-a20d-1ae7774f5f41/polling-district/9a4f0978-3e51-4497-b117-a0e24cca14d6
Brønderslevkredsen,https://valg.dk/fv/847cec19-05ff-4eff-b433-f0e886b24b7d/nomination-district/9b10e083-a111-41ce-a20d-1ae7774f5f41,Hune,https://valg.dk/fv/847cec19-05ff-4eff-b433-f0e886b24b7d/nomination-district/9b10e083-a111-41ce-a20d-1ae7774f5f41/polling-district/a48c6a09-0014-484c-a49b-1a72de589ee5
Brønderslevkredsen,https://valg.dk/fv/847cec19-05ff-4eff-b433-f0e886b24b7d/nomination-district/9b10e083-a111-41ce-a20d-1ae7774f5f41,Ingstrup,https://valg.dk/fv/847cec19-05ff-4eff-b433-f0e886b24b7d/nomination-district/9b10e083-a111-41ce-a20d-1ae7774f5f41/polling-district/b72028cd-5162-4097-b7cf-7dba3950f804
Brønderslevkredsen,https://valg.dk/fv/847cec19-05ff-4eff-b433-f0e886b24b7d/nomination-district/9b10e083-a111-41ce-a20d-1ae7774f5f41,Jerslev,https://valg.dk/fv/847cec19-05ff-4eff-b433-f0e886b24b7d/nomination-district/9b10e083-a111-41ce-a20d-1ae7774f5f41/polling-district/797cdd4b-c8b9-4ee2-a0a5-906edf4f934c
Brønderslevkredsen,https://valg.dk/fv/847cec19-05ff-4eff-b433-f0e886b24b7d/nomination-district/9b10e083-a111-41ce-a20d-1ae7774f5f41,Kaas,https://valg.dk/fv/847cec19-05ff-4eff-b433-f0e886b24b7d/nomination-district/9b10e083-a111-41ce-a20d-1ae7774f5f41/polling-district/25164d08-6e4f-4cd3-a711-9aec2e69f61d
Brønderslevkredsen,https://valg.dk/fv/847cec19-05ff-4eff-b433-f0e886b24b7d/nomination-district/9b10e083-a111-41ce-a20d-1ae7774f5f41,Klokkerholm,https://valg.dk/fv/847cec19-05ff-4eff-b433-f0e886b24b7d/nomination-district/9b10e083-a111-41ce-a20d-1ae7774f5f41/polling-district/02cfb898-88d7-46c6-9965-c54d266a9db8
Brønderslevkredsen,https://valg.dk/fv/847cec19-05ff-4eff-b433-f0e886b24b7d/nomination-district/9b10e083-a111-41ce-a20d-1ae7774f5f41,Nørhalne,https://valg.dk/fv/847cec19-05ff-4eff-b433-f0e886b24b7d/nomination-district/9b10e083-a111-41ce-a20d-1ae7774f5f41/polling-district/010ca7e0-df51-4852-8155-49f44e321926
Brønderslevkredsen,https://valg.dk/fv/847cec19-05ff-4eff-b433-f0e886b24b7d/nomination-district/9b10e083-a111-41ce-a20d-1ae7774f5f41,Pandrup,https://valg.dk/fv/847cec19-05ff-4eff-b433-f0e886b24b7d/nomination-district/9b10e083-a111-41ce-a20d-1ae7774f5f41/polling-district/8fe8cd57-5757-4baa-acc4-8ea97f76ff82
Brønderslevkredsen,https://valg.dk/fv/847cec19-05ff-4eff-b433-f0e886b24b7d/nomination-district/9b10e083-a111-41ce-a20d-1ae7774f5f41,Saltum,https://valg.dk/fv/847cec19-05ff-4eff-b433-f0e886b24b7d/nomination-district/9b10e083-a111-41ce-a20d-1ae7774f5f41/polling-district/090b59a5-d504-4c42-b524-1ed032801262
Brønderslevkredsen,https://valg.dk/fv/847cec19-05ff-4eff-b433-f0e886b24b7d/nomination-district/9b10e083-a111-41ce-a20d-1ae7774f5f41,Serritslev,https://valg.dk/fv/847cec19-05ff-4eff-b433-f0e886b24b7d/nomination-district/9b10e083-a111-41ce-a20d-1ae7774f5f41/polling-district/bb8f47af-dffe-4464-b0c3-dada4251636e
Brønderslevkredsen,https://valg.dk/fv/847cec19-05ff-4eff-b433-f0e886b24b7d/nomination-district/9b10e083-a111-41ce-a20d-1ae7774f5f41,Skovsgård,https://valg.dk/fv/847cec19-05ff-4eff-b433-f0e886b24b7d/nomination-district/9b10e083-a111-41ce-a20d-1ae7774f5f41/polling-district/af496f0e-73a0-4f3a-989c-0b320ab40177
Brønderslevkredsen,https://valg.dk/fv/847cec19-05ff-4eff-b433-f0e886b24b7d/nomination-district/9b10e083-a111-41ce-a20d-1ae7774f5f41,Stenum,https://valg.dk/fv/847cec19-05ff-4eff-b433-f0e886b24b7d/nomination-district/9b10e083-a111-41ce-a20d-1ae7774f5f41/polling-district/d4771d08-fd65-4da3-b167-0edcd0285b23
Brønderslevkredsen,https://valg.dk/fv/847cec19-05ff-4eff-b433-f0e886b24b7d/nomination-district/9b10e083-a111-41ce-a20d-1ae7774f5f41,Thise,https://valg.dk/fv/847cec19-05ff-4eff-b433-f0e886b24b7d/nomination-district/9b10e083-a111-41ce-a20d-1ae7774f5f41/polling-district/ab8bb8a2-d029-4613-b71c-1e6a1470c7d2
Brønderslevkredsen,https://valg.dk/fv/847cec19-05ff-4eff-b433-f0e886b24b7d/nomination-district/9b10e083-a111-41ce-a20d-1ae7774f5f41,Thorup,https://valg.dk/fv/847cec19-05ff-4eff-b433-f0e886b24b7d/nomination-district/9b10e083-a111-41ce-a20d-1ae7774f5f41/polling-district/cc41cd3a-f261-4dd0-b177-e163af260249
Brønderslevkredsen,https://valg.dk/fv/847cec19-05ff-4eff-b433-f0e886b24b7d/nomination-district/9b10e083-a111-41ce-a20d-1ae7774f5f41,Tranum,https://valg.dk/fv/847cec19-05ff-4eff-b433-f0e886b24b7d/nomination-district/9b10e083-a111-41ce-a20d-1ae7774f5f41/polling-district/9cdaafb3-671b-456e-917a-353f768f7db1
Brønderslevkredsen,https://valg.dk/fv/847cec19-05ff-4eff-b433-f0e886b24b7d/nomination-district/9b10e083-a111-41ce-a20d-1ae7774f5f41,Trekroner,https://valg.dk/fv/847cec19-05ff-4eff-b433-f0e886b24b7d/nomination-district/9b10e083-a111-41ce-a20d-1ae7774f5f41/polling-district/d4d844ab-0600-4128-8ed3-90ecf8a0dcf2
Brønderslevkredsen,https://valg.dk/fv/847cec19-05ff-4eff-b433-f0e886b24b7d/nomination-district/9b10e083-a111-41ce-a20d-1ae7774f5f41,V. Hjermitslev,https://valg.dk/fv/847cec19-05ff-4eff-b433-f0e886b24b7d/nomination-district/9b10e083-a111-41ce-a20d-1ae7774f5f41/polling-district/da68c94a-0fe9-4cde-809b-627d221d308f
Brønderslevkredsen,https://valg.dk/fv/847cec19-05ff-4eff-b433-f0e886b24b7d/nomination-district/9b10e083-a111-41ce-a20d-1ae7774f5f41,Vedsted,https://valg.dk/fv/847cec19-05ff-4eff-b433-f0e886b24b7d/nomination-district/9b10e083-a111-41ce-a20d-1ae7774f5f41/polling-district/bd2373a1-b319-45fe-903f-0956e998570a
Brønderslevkredsen,https://valg.dk/fv/847cec19-05ff-4eff-b433-f0e886b24b7d/nomination-district/9b10e083-a111-41ce-a20d-1ae7774f5f41,Ø. Brønderslev,https://valg.dk/fv/847cec19-05ff-4eff-b433-f0e886b24b7d/nomination-district/9b10e083-a111-41ce-a20d-1ae7774f5f41/polling-district/59fe597a-e973-476a-96d6-41b6eb2785ae
Brønderslevkredsen,https://valg.dk/fv/847cec19-05ff-4eff-b433-f0e886b24b7d/nomination-district/9b10e083-a111-41ce-a20d-1ae7774f5f41,Ørebro,https://valg.dk/fv/847cec19-05ff-4eff-b433-f0e886b24b7d/nomination-district/9b10e083-a111-41ce-a20d-1ae7774f5f41/polling-district/785e8511-4b8f-43ba-859a-30a6e2523c57
Brønshøjkredsen,https://valg.dk/fv/847cec19-05ff-4eff-b433-f0e886b24b7d/nomination-district/104e5095-a223-4f23-bc76-a9000e7b6d66,7. Brønshøj,https://valg.dk/fv/847cec19-05ff-4eff-b433-f0e886b24b7d/nomination-district/104e5095-a223-4f23-bc76-a9000e7b6d66/polling-district/0343076f-f6e8-47e8-9f01-40901fb5af18
Brønshøjkredsen,https://valg.dk/fv/847cec19-05ff-4eff-b433-f0e886b24b7d/nomination-district/104e5095-a223-4f23-bc76-a9000e7b6d66,7. Katrinedal,https://valg.dk/fv/847cec19-05ff-4eff-b433-f0e886b24b7d/nomination-district/104e5095-a223-4f23-bc76-a9000e7b6d66/polling-district/5638abae-c9b5-49c1-a202-10633aa41398
Brønshøjkredsen,https://valg.dk/fv/847cec19-05ff-4eff-b433-f0e886b24b7d/nomination-district/104e5095-a223-4f23-bc76-a9000e7b6d66,7. Kirkebjerg,https://valg.dk/fv/847cec19-05ff-4eff-b433-f0e886b24b7d/nomination-district/104e5095-a223-4f23-bc76-a9000e7b6d66/polling-district/271f1619-21ef-4d3b-ab07-7c866054fa66
Brønshøjkredsen,https://valg.dk/fv/847cec19-05ff-4eff-b433-f0e886b24b7d/nomination-district/104e5095-a223-4f23-bc76-a9000e7b6d66,7. Nord,https://valg.dk/fv/847cec19-05ff-4eff-b433-f0e886b24b7d/nomination-district/104e5095-a223-4f23-bc76-a9000e7b6d66/polling-district/2e406306-f009-40b9-8335-9241c19ef6bb
Brønshøjkredsen,https://valg.dk/fv/847cec19-05ff-4eff-b433-f0e886b24b7d/nomination-district/104e5095-a223-4f23-bc76-a9000e7b6d66,7. Nordvest,https://valg.dk/fv/847cec19-05ff-4eff-b433-f0e886b24b7d/nomination-district/104e5095-a223-4f23-bc76-a9000e7b6d66/polling-district/7fd4879f-cc04-4112-bed9-4441eff7372e
Brønshøjkredsen,https://valg.dk/fv/847cec19-05ff-4eff-b433-f0e886b24b7d/nomination-district/104e5095-a223-4f23-bc76-a9000e7b6d66,7. Syd,https://valg.dk/fv/847cec19-05ff-4eff-b433-f0e886b24b7d/nomination-district/104e5095-a223-4f23-bc76-a9000e7b6d66/polling-district/1471a5e1-84f8-448b-898b-c5eed81c8a98
Brønshøjkredsen,https://valg.dk/fv/847cec19-05ff-4eff-b433-f0e886b24b7d/nomination-district/104e5095-a223-4f23-bc76-a9000e7b6d66,7. Vanløse,https://valg.dk/fv/847cec19-05ff-4eff-b433-f0e886b24b7d/nomination-district/104e5095-a223-4f23-bc76-a9000e7b6d66/polling-district/54af4544-2af6-4465-a866-0b6e9e08d2ce
Brønshøjkredsen,https://valg.dk/fv/847cec19-05ff-4eff-b433-f0e886b24b7d/nomination-district/104e5095-a223-4f23-bc76-a9000e7b6d66,7. Vest,https://valg.dk/fv/847cec19-05ff-4eff-b433-f0e886b24b7d/nomination-district/104e5095-a223-4f23-bc76-a9000e7b6d66/polling-district/4681ac6a-67fb-45cd-b2fa-d1ccea1b9209
Brønshøjkredsen,https://valg.dk/fv/847cec19-05ff-4eff-b433-f0e886b24b7d/nomination-district/104e5095-a223-4f23-bc76-a9000e7b6d66,7. Øst,https://valg.dk/fv/847cec19-05ff-4eff-b433-f0e886b24b7d/nomination-district/104e5095-a223-4f23-bc76-a9000e7b6d66/polling-district/c15fe937-3a95-471a-938a-1f0e46f84233
Djurskredsen,https://valg.dk/fv/847cec19-05ff-4eff-b433-f0e886b24b7d/nomination-district/d7cb7dad-38a0-4b0e-a06e-51b1b9a7cfa8,Allingåbro,https://valg.dk/fv/847cec19-05ff-4eff-b433-f0e886b24b7d/nomination-district/d7cb7dad-38a0-4b0e-a06e-51b1b9a7cfa8/polling-district/5405e216-c1eb-4c67-a44e-f280c392f952
Djurskredsen,https://valg.dk/fv/847cec19-05ff-4eff-b433-f0e886b24b7d/nomination-district/d7cb7dad-38a0-4b0e-a06e-51b1b9a7cfa8,Anholt Skole,https://valg.dk/fv/847cec19-05ff-4eff-b433-f0e886b24b7d/nomination-district/d7cb7dad-38a0-4b0e-a06e-51b1b9a7cfa8/polling-district/1c6e1f69-9d27-4d11-ab18-aeb38bdcbfda
Djurskredsen,https://valg.dk/fv/847cec19-05ff-4eff-b433-f0e886b24b7d/nomination-district/d7cb7dad-38a0-4b0e-a06e-51b1b9a7cfa8,Auning,https://valg.dk/fv/847cec19-05ff-4eff-b433-f0e886b24b7d/nomination-district/d7cb7dad-38a0-4b0e-a06e-51b1b9a7cfa8/polling-district/20fbdd30-f267-42c4-b00b-b5f797f98e42
Djurskredsen,https://valg.dk/fv/847cec19-05ff-4eff-b433-f0e886b24b7d/nomination-district/d7cb7dad-38a0-4b0e-a06e-51b1b9a7cfa8,Ebeltoft,https://valg.dk/fv/847cec19-05ff-4eff-b433-f0e886b24b7d/nomination-district/d7cb7dad-38a0-4b0e-a06e-51b1b9a7cfa8/polling-district/be16be34-76b5-4e24-8688-5e6b5e0eb30c
Djurskredsen,https://valg.dk/fv/847cec19-05ff-4eff-b433-f0e886b24b7d/nomination-district/d7cb7dad-38a0-4b0e-a06e-51b1b9a7cfa8,Glesborg,https://valg.dk/fv/847cec19-05ff-4eff-b433-f0e886b24b7d/nomination-district/d7cb7dad-38a0-4b0e-a06e-51b1b9a7cfa8/polling-district/127150ff-2b0a-4a80-8659-8d004e3b4738
Djurskredsen,https://valg.dk/fv/847cec19-05ff-4eff-b433-f0e886b24b7d/nomination-district/d7cb7dad-38a0-4b0e-a06e-51b1b9a7cfa8,Grenaa Idrætscenter,https://valg.dk/fv/847cec19-05ff-4eff-b433-f0e886b24b7d/nomination-district/d7cb7dad-38a0-4b0e-a06e-51b1b9a7cfa8/polling-district/aaedc33f-169c-4f2a-b95e-2167c5fb53cb
Djurskredsen,https://valg.dk/fv/847cec19-05ff-4eff-b433-f0e886b24b7d/nomination-district/d7cb7dad-38a0-4b0e-a06e-51b1b9a7cfa8,Hornslet,https://valg.dk/fv/847cec19-05ff-4eff-b433-f0e886b24b7d/nomination-district/d7cb7dad-38a0-4b0e-a06e-51b1b9a7cfa8/polling-district/7c46573a-726e-4775-b07a-ecca3ea79ec0
Djurskredsen,https://valg.dk/fv/847cec19-05ff-4eff-b433-f0e886b24b7d/nomination-district/d7cb7dad-38a0-4b0e-a06e-51b1b9a7cfa8,Kolind,https://valg.dk/fv/847cec19-05ff-4eff-b433-f0e886b24b7d/nomination-district/d7cb7dad-38a0-4b0e-a06e-51b1b9a7cfa8/polling-district/51a72be9-16d3-4d39-b1ee-10f1baed74ff
Djurskredsen,https://valg.dk/fv/847cec19-05ff-4eff-b433-f0e886b24b7d/nomination-district/d7cb7dad-38a0-4b0e-a06e-51b1b9a7cfa8,Kulturhuset Pavillonen,https://valg.dk/fv/847cec19-05ff-4eff-b433-f0e886b24b7d/nomination-district/d7cb7dad-38a0-4b0e-a06e-51b1b9a7cfa8/polling-district/fa44238f-21c3-4ece-96c1-038a767f1549
Djurskredsen,https://valg.dk/fv/847cec19-05ff-4eff-b433-f0e886b24b7d/nomination-district/d7cb7dad-38a0-4b0e-a06e-51b1b9a7cfa8,Kulturhuset Stationen,https://valg.dk/fv/847cec19-05ff-4eff-b433-f0e886b24b7d/nomination-district/d7cb7dad-38a0-4b0e-a06e-51b1b9a7cfa8/polling-district/e9328990-5783-4c83-8c67-98530c422282
Djurskredsen,https://valg.dk/fv/847cec19-05ff-4eff-b433-f0e886b24b7d/nomination-district/d7cb7dad-38a0-4b0e-a06e-51b1b9a7cfa8,Mols,https://valg.dk/fv/847cec19-05ff-4eff-b433-f0e886b24b7d/nomination-district/d7cb7dad-38a0-4b0e-a06e-51b1b9a7cfa8/polling-district/a8fa58ff-9d95-4b14-8ebe-bb360dfdcfaf
Djurskredsen,https://valg.dk/fv/847cec19-05ff-4eff-b433-f0e886b24b7d/nomination-district/d7cb7dad-38a0-4b0e-a06e-51b1b9a7cfa8,Mørke,https://valg.dk/fv/847cec19-05ff-4eff-b433-f0e886b24b7d/nomination-district/d7cb7dad-38a0-4b0e-a06e-51b1b9a7cfa8/polling-district/7d90e83b-e521-4898-9630-ebb60516fde7
Djurskredsen,https://valg.dk/fv/847cec19-05ff-4eff-b433-f0e886b24b7d/nomination-district/d7cb7dad-38a0-4b0e-a06e-51b1b9a7cfa8,Ryomgård,https://valg.dk/fv/847cec19-05ff-4eff-b433-f0e886b24b7d/nomination-district/d7cb7dad-38a0-4b0e-a06e-51b1b9a7cfa8/polling-district/26163c22-d25c-4f87-acfd-0605594c5d0f
Djurskredsen,https://valg.dk/fv/847cec19-05ff-4eff-b433-f0e886b24b7d/nomination-district/d7cb7dad-38a0-4b0e-a06e-51b1b9a7cfa8,Rønde,https://valg.dk/fv/847cec19-05ff-4eff-b433-f0e886b24b7d/nomination-district/d7cb7dad-38a0-4b0e-a06e-51b1b9a7cfa8/polling-district/a3d5bff4-0900-456c-836d-fc233126adb9
Djurskredsen,https://valg.dk/fv/847cec19-05ff-4eff-b433-f0e886b24b7d/nomination-district/d7cb7dad-38a0-4b0e-a06e-51b1b9a7cfa8,Tirstrup,https://valg.dk/fv/847cec19-05ff-4eff-b433-f0e886b24b7d/nomination-district/d7cb7dad-38a0-4b0e-a06e-51b1b9a7cfa8/polling-district/2664d74b-0ab6-4ce3-9b36-7177f754d914
Djurskredsen,https://valg.dk/fv/847cec19-05ff-4eff-b433-f0e886b24b7d/nomination-district/d7cb7dad-38a0-4b0e-a06e-51b1b9a7cfa8,Vivild,https://valg.dk/fv/847cec19-05ff-4eff-b433-f0e886b24b7d/nomination-district/d7cb7dad-38a0-4b0e-a06e-51b1b9a7cfa8/polling-district/b05ddcff-cea2-4c66-8ca5-760d37a7762b
Djurskredsen,https://valg.dk/fv/847cec19-05ff-4eff-b433-f0e886b24b7d/nomination-district/d7cb7dad-38a0-4b0e-a06e-51b1b9a7cfa8,Ørsted,https://valg.dk/fv/847cec19-05ff-4eff-b433-f0e886b24b7d/nomination-district/d7cb7dad-38a0-4b0e-a06e-51b1b9a7cfa8/polling-district/4b140da4-dc32-4064-91d5-04ed72fbc792
Djurskredsen,https://valg.dk/fv/847cec19-05ff-4eff-b433-f0e886b24b7d/nomination-district/d7cb7dad-38a0-4b0e-a06e-51b1b9a7cfa8,Ørum,https://valg.dk/fv/847cec19-05ff-4eff-b433-f0e886b24b7d/nomination-district/d7cb7dad-38a0-4b0e-a06e-51b1b9a7cfa8/polling-district/8b8c2fcf-082a-465c-b25d-4e638a1dc503
Egedalkredsen,https://valg.dk/fv/847cec19-05ff-4eff-b433-f0e886b24b7d/nomination-district/96ce4524-ac13-4f12-8772-bfb8ed628f86,Bækkegårdsskolen,https://valg.dk/fv/847cec19-05ff-4eff-b433-f0e886b24b7d/nomination-district/96ce4524-ac13-4f12-8772-bfb8ed628f86/polling-district/5a97fdd9-da81-43a9-9392-cb95e1308725
Egedalkredsen,https://valg.dk/fv/847cec19-05ff-4eff-b433-f0e886b24b7d/nomination-district/96ce4524-ac13-4f12-8772-bfb8ed628f86,Ganløse,https://valg.dk/fv/847cec19-05ff-4eff-b433-f0e886b24b7d/nomination-district/96ce4524-ac13-4f12-8772-bfb8ed628f86/polling-district/aa631213-2566-485d-81b2-6e91b1d5c2b3
Egedalkredsen,https://valg.dk/fv/847cec19-05ff-4eff-b433-f0e886b24b7d/nomination-district/96ce4524-ac13-4f12-8772-bfb8ed628f86,Hareskov,https://valg.dk/fv/847cec19-05ff-4eff-b433-f0e886b24b7d/nomination-district/96ce4524-ac13-4f12-8772-bfb8ed628f86/polling-district/77bce52b-33bb-4905-b107-6954ffb64220
Egedalkredsen,https://valg.dk/fv/847cec19-05ff-4eff-b433-f0e886b24b7d/nomination-district/96ce4524-ac13-4f12-8772-bfb8ed628f86,Jonstrup,https://valg.dk/fv/847cec19-05ff-4eff-b433-f0e886b24b7d/nomination-district/96ce4524-ac13-4f12-8772-bfb8ed628f86/polling-district/b2fe5d47-339c-4595-87e7-86142f0716a4
Egedalkredsen,https://valg.dk/fv/847cec19-05ff-4eff-b433-f0e886b24b7d/nomination-district/96ce4524-ac13-4f12-8772-bfb8ed628f86,Ledøje Forsamlingshus,https://valg.dk/fv/847cec19-05ff-4eff-b433-f0e886b24b7d/nomination-district/96ce4524-ac13-4f12-8772-bfb8ed628f86/polling-district/970e3ed6-1693-4560-b03e-1f0ece595163
Egedalkredsen,https://valg.dk/fv/847cec19-05ff-4eff-b433-f0e886b24b7d/nomination-district/96ce4524-ac13-4f12-8772-bfb8ed628f86,Ledøje-Smørum Idrætscenter,https://valg.dk/fv/847cec19-05ff-4eff-b433-f0e886b24b7d/nomination-district/96ce4524-ac13-4f12-8772-bfb8ed628f86/polling-district/a1b4cbc1-1556-440d-aabe-67c2b4d344e6
Egedalkredsen,https://valg.dk/fv/847cec19-05ff-4eff-b433-f0e886b24b7d/nomination-district/96ce4524-ac13-4f12-8772-bfb8ed628f86,Paltholm,https://valg.dk/fv/847cec19-05ff-4eff-b433-f0e886b24b7d/nomination-district/96ce4524-ac13-4f12-8772-bfb8ed628f86/polling-district/777f2a0f-73de-4979-9b54-638c10938607
Egedalkredsen,https://valg.dk/fv/847cec19-05ff-4eff-b433-f0e886b24b7d/nomination-district/96ce4524-ac13-4f12-8772-bfb8ed628f86,Slagslunde,https://valg.dk/fv/847cec19-05ff-4eff-b433-f0e886b24b7d/nomination-district/96ce4524-ac13-4f12-8772-bfb8ed628f86/polling-district/ee60548b-784f-4b7f-8309-f5b3bbcb57c4
Egedalkredsen,https://valg.dk/fv/847cec19-05ff-4eff-b433-f0e886b24b7d/nomination-district/96ce4524-ac13-4f12-8772-bfb8ed628f86,Solvang,https://valg.dk/fv/847cec19-05ff-4eff-b433-f0e886b24b7d/nomination-district/96ce4524-ac13-4f12-8772-bfb8ed628f86/polling-district/58e931bd-1961-4dc1-bd50-a4a87ad4e9e1
Egedalkredsen,https://valg.dk/fv/847cec19-05ff-4eff-b433-f0e886b24b7d/nomination-district/96ce4524-ac13-4f12-8772-bfb8ed628f86,Stavnsholt,https://valg.dk/fv/847cec19-05ff-4eff-b433-f0e886b24b7d/nomination-district/96ce4524-ac13-4f12-8772-bfb8ed628f86/polling-district/5f2af1af-6922-46a8-823e-53ab20e53bac
Egedalkredsen,https://valg.dk/fv/847cec19-05ff-4eff-b433-f0e886b24b7d/nomination-district/96ce4524-ac13-4f12-8772-bfb8ed628f86,Stengårdsskolen,https://valg.dk/fv/847cec19-05ff-4eff-b433-f0e886b24b7d/nomination-district/96ce4524-ac13-4f12-8772-bfb8ed628f86/polling-district/9b7b6f9d-cfd2-42d7-b1c8-8427d44c200d
Egedalkredsen,https://valg.dk/fv/847cec19-05ff-4eff-b433-f0e886b24b7d/nomination-district/96ce4524-ac13-4f12-8772-bfb8ed628f86,Stenløse,https://valg.dk/fv/847cec19-05ff-4eff-b433-f0e886b24b7d/nomination-district/96ce4524-ac13-4f12-8772-bfb8ed628f86/polling-district/c61034cb-aa95-42ba-853d-51e1d0f73ebf
Egedalkredsen,https://valg.dk/fv/847cec19-05ff-4eff-b433-f0e886b24b7d/nomination-district/96ce4524-ac13-4f12-8772-bfb8ed628f86,Søndersø,https://valg.dk/fv/847cec19-05ff-4eff-b433-f0e886b24b7d/nomination-district/96ce4524-ac13-4f12-8772-bfb8ed628f86/polling-district/af98140b-f0a9-46a0-b7c6-d68fcce76b5f
Egedalkredsen,https://valg.dk/fv/847cec19-05ff-4eff-b433-f0e886b24b7d/nomination-district/96ce4524-ac13-4f12-8772-bfb8ed628f86,Toftehøjskolen,https://valg.dk/fv/847cec19-05ff-4eff-b433-f0e886b24b7d/nomination-district/96ce4524-ac13-4f12-8772-bfb8ed628f86/polling-district/f100ceec-8b3d-458b-b3a5-15ba157e257c
Egedalkredsen,https://valg.dk/fv/847cec19-05ff-4eff-b433-f0e886b24b7d/nomination-district/96ce4524-ac13-4f12-8772-bfb8ed628f86,Veksø,https://valg.dk/fv/847cec19-05ff-4eff-b433-f0e886b24b7d/nomination-district/96ce4524-ac13-4f12-8772-bfb8ed628f86/polling-district/a87fac31-ac7a-4ec8-9ef3-e0935d7ba58b
Egedalkredsen,https://valg.dk/fv/847cec19-05ff-4eff-b433-f0e886b24b7d/nomination-district/96ce4524-ac13-4f12-8772-bfb8ed628f86,Værløse,https://valg.dk/fv/847cec19-05ff-4eff-b433-f0e886b24b7d/nomination-district/96ce4524-ac13-4f12-8772-bfb8ed628f86/polling-district/9b2728d4-50c5-4cdc-8c07-e54f19de2abf
Esbjerg Bykredsen,https://valg.dk/fv/847cec19-05ff-4eff-b433-f0e886b24b7d/nomination-district/a2993edd-04bd-4faf-8a98-5ef567b61fe7,Boldesager,https://valg.dk/fv/847cec19-05ff-4eff-b433-f0e886b24b7d/nomination-district/a2993edd-04bd-4faf-8a98-5ef567b61fe7/polling-district/10b0f5a1-9d97-49dd-a3e1-9b59b3c8b5ec
Esbjerg Bykredsen,https://valg.dk/fv/847cec19-05ff-4eff-b433-f0e886b24b7d/nomination-district/a2993edd-04bd-4faf-8a98-5ef567b61fe7,Esbjerg Rådhus,https://valg.dk/fv/847cec19-05ff-4eff-b433-f0e886b24b7d/nomination-district/a2993edd-04bd-4faf-8a98-5ef567b61fe7/polling-district/f352e0ec-f0ea-4226-8937-3c777b0cef42
Esbjerg Bykredsen,https://valg.dk/fv/847cec19-05ff-4eff-b433-f0e886b24b7d/nomination-district/a2993edd-04bd-4faf-8a98-5ef567b61fe7,Gjesing,https://valg.dk/fv/847cec19-05ff-4eff-b433-f0e886b24b7d/nomination-district/a2993edd-04bd-4faf-8a98-5ef567b61fe7/polling-district/412babb9-dc21-4d02-9433-aad937524303
Esbjerg Bykredsen,https://valg.dk/fv/847cec19-05ff-4eff-b433-f0e886b24b7d/nomination-district/a2993edd-04bd-4faf-8a98-5ef567b61fe7,Grønlandsparken,https://valg.dk/fv/847cec19-05ff-4eff-b433-f0e886b24b7d/nomination-district/a2993edd-04bd-4faf-8a98-5ef567b61fe7/polling-district/9f13fdd4-f68c-41a7-bc43-3fa0e8c9c1a6
Esbjerg Bykredsen,https://valg.dk/fv/847cec19-05ff-4eff-b433-f0e886b24b7d/nomination-district/a2993edd-04bd-4faf-8a98-5ef567b61fe7,Jerne,https://valg.dk/fv/847cec19-05ff-4eff-b433-f0e886b24b7d/nomination-district/a2993edd-04bd-4faf-8a98-5ef567b61fe7/polling-district/2933af13-4e4b-4487-af2c-a92644a2f333
Esbjerg Bykredsen,https://valg.dk/fv/847cec19-05ff-4eff-b433-f0e886b24b7d/nomination-district/a2993edd-04bd-4faf-8a98-5ef567b61fe7,Kvaglund,https://valg.dk/fv/847cec19-05ff-4eff-b433-f0e886b24b7d/nomination-district/a2993edd-04bd-4faf-8a98-5ef567b61fe7/polling-district/3d9f8226-e714-434a-9741-c8c676d6730f
Esbjerg Bykredsen,https://valg.dk/fv/847cec19-05ff-4eff-b433-f0e886b24b7d/nomination-district/a2993edd-04bd-4faf-8a98-5ef567b61fe7,Nordby,https://valg.dk/fv/847cec19-05ff-4eff-b433-f0e886b24b7d/nomination-district/a2993edd-04bd-4faf-8a98-5ef567b61fe7/polling-district/cb648ca3-9d47-4a9e-96d2-c0264c5025e2
Esbjerg Bykredsen,https://valg.dk/fv/847cec19-05ff-4eff-b433-f0e886b24b7d/nomination-district/a2993edd-04bd-4faf-8a98-5ef567b61fe7,Rørkjær,https://valg.dk/fv/847cec19-05ff-4eff-b433-f0e886b24b7d/nomination-district/a2993edd-04bd-4faf-8a98-5ef567b61fe7/polling-district/c72be679-8366-4bc3-9124-b9c219c5e27c
Esbjerg Bykredsen,https://valg.dk/fv/847cec19-05ff-4eff-b433-f0e886b24b7d/nomination-district/a2993edd-04bd-4faf-8a98-5ef567b61fe7,Skovbo,https://valg.dk/fv/847cec19-05ff-4eff-b433-f0e886b24b7d/nomination-district/a2993edd-04bd-4faf-8a98-5ef567b61fe7/polling-district/c023c64d-bb40-45f7-b6a8-538a24a0970f
Esbjerg Bykredsen,https://valg.dk/fv/847cec19-05ff-4eff-b433-f0e886b24b7d/nomination-district/a2993edd-04bd-4faf-8a98-5ef567b61fe7,Sædding,https://valg.dk/fv/847cec19-05ff-4eff-b433-f0e886b24b7d/nomination-district/a2993edd-04bd-4faf-8a98-5ef567b61fe7/polling-district/bd6958df-1bc0-40cc-9b20-680b2755d52b
Esbjerg Bykredsen,https://valg.dk/fv/847cec19-05ff-4eff-b433-f0e886b24b7d/nomination-district/a2993edd-04bd-4faf-8a98-5ef567b61fe7,Sønderho,https://valg.dk/fv/847cec19-05ff-4eff-b433-f0e886b24b7d/nomination-district/a2993edd-04bd-4faf-8a98-5ef567b61fe7/polling-district/e5d0596b-c6af-4b8f-8495-ac19df96fed5
Esbjerg Bykredsen,https://valg.dk/fv/847cec19-05ff-4eff-b433-f0e886b24b7d/nomination-district/a2993edd-04bd-4faf-8a98-5ef567b61fe7,Ådalen,https://valg.dk/fv/847cec19-05ff-4eff-b433-f0e886b24b7d/nomination-district/a2993edd-04bd-4faf-8a98-5ef567b61fe7/polling-district/d81bd2e3-9fc8-4a37-8d80-3e334b3f222c
Esbjerg Bykredsen,https://valg.dk/fv/847cec19-05ff-4eff-b433-f0e886b24b7d/nomination-district/a2993edd-04bd-4faf-8a98-5ef567b61fe7,Østerbyen,https://valg.dk/fv/847cec19-05ff-4eff-b433-f0e886b24b7d/nomination-district/a2993edd-04bd-4faf-8a98-5ef567b61fe7/polling-district/6977a290-6bdb-4e33-96d7-aac172cd1107
Esbjerg Omegnskredsen,https://valg.dk/fv/847cec19-05ff-4eff-b433-f0e886b24b7d/nomination-district/358388fc-d7e6-4b48-82b8-b56bffe2ef86,Bramming,https://valg.dk/fv/847cec19-05ff-4eff-b433-f0e886b24b7d/nomination-district/358388fc-d7e6-4b48-82b8-b56bffe2ef86/polling-district/10447e58-6b9d-46b3-9c29-f66711c5817a
Esbjerg Omegnskredsen,https://valg.dk/fv/847cec19-05ff-4eff-b433-f0e886b24b7d/nomination-district/358388fc-d7e6-4b48-82b8-b56bffe2ef86,Bryndum,https://valg.dk/fv/847cec19-05ff-4eff-b433-f0e886b24b7d/nomination-district/358388fc-d7e6-4b48-82b8-b56bffe2ef86/polling-district/6a25be3b-50ac-4761-9d18-8a534ec9077a
Esbjerg Omegnskredsen,https://valg.dk/fv/847cec19-05ff-4eff-b433-f0e886b24b7d/nomination-district/358388fc-d7e6-4b48-82b8-b56bffe2ef86,Egebæk-Hviding,https://valg.dk/fv/847cec19-05ff-4eff-b433-f0e886b24b7d/nomination-district/358388fc-d7e6-4b48-82b8-b56bffe2ef86/polling-district/c692ff23-590d-4466-bb1f-6f8094db60b3
Esbjerg Omegnskredsen,https://valg.dk/fv/847cec19-05ff-4eff-b433-f0e886b24b7d/nomination-district/358388fc-d7e6-4b48-82b8-b56bffe2ef86,Gredstedbro,https://valg.dk/fv/847cec19-05ff-4eff-b433-f0e886b24b7d/nomination-district/358388fc-d7e6-4b48-82b8-b56bffe2ef86/polling-district/e5950be9-f4bc-4e89-aabc-3cfbad6c62e6
Esbjerg Omegnskredsen,https://valg.dk/fv/847cec19-05ff-4eff-b433-f0e886b24b7d/nomination-district/358388fc-d7e6-4b48-82b8-b56bffe2ef86,Guldager,https://valg.dk/fv/847cec19-05ff-4eff-b433-f0e886b24b7d/nomination-district/358388fc-d7e6-4b48-82b8-b56bffe2ef86/polling-district/724bf870-7223-4348-af23-8627c25b8ff1
Esbjerg Omegnskredsen,https://valg.dk/fv/847cec19-05ff-4eff-b433-f0e886b24b7d/nomination-district/358388fc-d7e6-4b48-82b8-b56bffe2ef86,Gørding,https://valg.dk/fv/847cec19-05ff-4eff-b433-f0e886b24b7d/nomination-district/358388fc-d7e6-4b48-82b8-b56bffe2ef86/polling-district/78e8c255-a260-4e00-b55a-a3c97591149d
Esbjerg Omegnskredsen,https://valg.dk/fv/847cec19-05ff-4eff-b433-f0e886b24b7d/nomination-district/358388fc-d7e6-4b48-82b8-b56bffe2ef86,Hjerting,https://valg.dk/fv/847cec19-05ff-4eff-b433-f0e886b24b7d/nomination-district/358388fc-d7e6-4b48-82b8-b56bffe2ef86/polling-district/a145a9d1-ce04-4cf3-8001-63519a8ca928
Esbjerg Omegnskredsen,https://valg.dk/fv/847cec19-05ff-4eff-b433-f0e886b24b7d/nomination-district/358388fc-d7e6-4b48-82b8-b56bffe2ef86,Høm,https://valg.dk/fv/847cec19-05ff-4eff-b433-f0e886b24b7d/nomination-district/358388fc-d7e6-4b48-82b8-b56bffe2ef86/polling-district/668fa7f8-7647-4040-8868-7272db3664e2
Esbjerg Omegnskredsen,https://valg.dk/fv/847cec19-05ff-4eff-b433-f0e886b24b7d/nomination-district/358388fc-d7e6-4b48-82b8-b56bffe2ef86,Mandø,https://valg.dk/fv/847cec19-05ff-4eff-b433-f0e886b24b7d/nomination-district/358388fc-d7e6-4b48-82b8-b56bffe2ef86/polling-district/62b2537c-1245-417d-b9eb-46d4c73affdb
Esbjerg Omegnskredsen,https://valg.dk/fv/847cec19-05ff-4eff-b433-f0e886b24b7d/nomination-district/358388fc-d7e6-4b48-82b8-b56bffe2ef86,Ribe,https://valg.dk/fv/847cec19-05ff-4eff-b433-f0e886b24b7d/nomination-district/358388fc-d7e6-4b48-82b8-b56bffe2ef86/polling-district/6880df4c-7f93-475c-a784-370c1e39caf0
Esbjerg Omegnskredsen,https://valg.dk/fv/847cec19-05ff-4eff-b433-f0e886b24b7d/nomination-district/358388fc-d7e6-4b48-82b8-b56bffe2ef86,Skads,https://valg.dk/fv/847cec19-05ff-4eff-b433-f0e886b24b7d/nomination-district/358388fc-d7e6-4b48-82b8-b56bffe2ef86/polling-district/ecf22a6d-86ba-490c-adea-9517227cefa7
Esbjerg Omegnskredsen,https://valg.dk/fv/847cec19-05ff-4eff-b433-f0e886b24b7d/nomination-district/358388fc-d7e6-4b48-82b8-b56bffe2ef86,Sønderris,https://valg.dk/fv/847cec19-05ff-4eff-b433-f0e886b24b7d/nomination-district/358388fc-d7e6-4b48-82b8-b56bffe2ef86/polling-district/20357e2c-92c8-4775-a261-e525f4f5d926
Esbjerg Omegnskredsen,https://valg.dk/fv/847cec19-05ff-4eff-b433-f0e886b24b7d/nomination-district/358388fc-d7e6-4b48-82b8-b56bffe2ef86,Tjæreborg,https://valg.dk/fv/847cec19-05ff-4eff-b433-f0e886b24b7d/nomination-district/358388fc-d7e6-4b48-82b8-b56bffe2ef86/polling-district/67ad7064-4df6-445a-96ba-6f244328e3e6
Faaborgkredsen,https://valg.dk/fv/847cec19-05ff-4eff-b433-f0e886b24b7d/nomination-district/04b3b35c-4b9e-482b-a6d9-96275e7c0474,Allested-Vejle,https://valg.dk/fv/847cec19-05ff-4eff-b433-f0e886b24b7d/nomination-district/04b3b35c-4b9e-482b-a6d9-96275e7c0474/polling-district/0658da3a-5400-45fb-a94e-1250d5894491
Faaborgkredsen,https://valg.dk/fv/847cec19-05ff-4eff-b433-f0e886b24b7d/nomination-district/04b3b35c-4b9e-482b-a6d9-96275e7c0474,Avernakø,https://valg.dk/fv/847cec19-05ff-4eff-b433-f0e886b24b7d/nomination-district/04b3b35c-4b9e-482b-a6d9-96275e7c0474/polling-district/ccfdb4aa-cefc-40a7-97bd-85a323c4b525
Faaborgkredsen,https://valg.dk/fv/847cec19-05ff-4eff-b433-f0e886b24b7d/nomination-district/04b3b35c-4b9e-482b-a6d9-96275e7c0474,Brobyværk,https://valg.dk/fv/847cec19-05ff-4eff-b433-f0e886b24b7d/nomination-district/04b3b35c-4b9e-482b-a6d9-96275e7c0474/polling-district/7671eae4-32b3-4c46-948d-fad0fb6a20e0
Faaborgkredsen,https://valg.dk/fv/847cec19-05ff-4eff-b433-f0e886b24b7d/nomination-district/04b3b35c-4b9e-482b-a6d9-96275e7c0474,Espe,https://valg.dk/fv/847cec19-05ff-4eff-b433-f0e886b24b7d/nomination-district/04b3b35c-4b9e-482b-a6d9-96275e7c0474/polling-district/deaf3b21-3bb3-4107-a473-433598595ec1
Faaborgkredsen,https://valg.dk/fv/847cec19-05ff-4eff-b433-f0e886b24b7d/nomination-district/04b3b35c-4b9e-482b-a6d9-96275e7c0474,Faaborg,https://valg.dk/fv/847cec19-05ff-4eff-b433-f0e886b24b7d/nomination-district/04b3b35c-4b9e-482b-a6d9-96275e7c0474/polling-district/4a0159b8-274a-40bf-b8ec-74c76f512494
Faaborgkredsen,https://valg.dk/fv/847cec19-05ff-4eff-b433-f0e886b24b7d/nomination-district/04b3b35c-4b9e-482b-a6d9-96275e7c0474,Ferritslev,https://valg.dk/fv/847cec19-05ff-4eff-b433-f0e886b24b7d/nomination-district/04b3b35c-4b9e-482b-a6d9-96275e7c0474/polling-district/debfae06-c609-4b55-9761-c5094e07fcac
Faaborgkredsen,https://valg.dk/fv/847cec19-05ff-4eff-b433-f0e886b24b7d/nomination-district/04b3b35c-4b9e-482b-a6d9-96275e7c0474,Gislev,https://valg.dk/fv/847cec19-05ff-4eff-b433-f0e886b24b7d/nomination-district/04b3b35c-4b9e-482b-a6d9-96275e7c0474/polling-district/254ba647-ed3c-45e3-a0ac-caa8a75bdeb1
Faaborgkredsen,https://valg.dk/fv/847cec19-05ff-4eff-b433-f0e886b24b7d/nomination-district/04b3b35c-4b9e-482b-a6d9-96275e7c0474,Hillerslev,https://valg.dk/fv/847cec19-05ff-4eff-b433-f0e886b24b7d/nomination-district/04b3b35c-4b9e-482b-a6d9-96275e7c0474/polling-district/668a1b70-4d75-4a82-a34e-f62bbe40ef00
Faaborgkredsen,https://valg.dk/fv/847cec19-05ff-4eff-b433-f0e886b24b7d/nomination-district/04b3b35c-4b9e-482b-a6d9-96275e7c0474,Horne,https://valg.dk/fv/847cec19-05ff-4eff-b433-f0e886b24b7d/nomination-district/04b3b35c-4b9e-482b-a6d9-96275e7c0474/polling-district/24464c2e-6431-4888-8a70-abc37e92a4d9
Faaborgkredsen,https://valg.dk/fv/847cec19-05ff-4eff-b433-f0e886b24b7d/nomination-district/04b3b35c-4b9e-482b-a6d9-96275e7c0474,Korinth,https://valg.dk/fv/847cec19-05ff-4eff-b433-f0e886b24b7d/nomination-district/04b3b35c-4b9e-482b-a6d9-96275e7c0474/polling-district/bcbcb50b-cbb3-47cd-a221-0a16b7fdf2b0
Faaborgkredsen,https://valg.dk/fv/847cec19-05ff-4eff-b433-f0e886b24b7d/nomination-district/04b3b35c-4b9e-482b-a6d9-96275e7c0474,Kværndrup,https://valg.dk/fv/847cec19-05ff-4eff-b433-f0e886b24b7d/nomination-district/04b3b35c-4b9e-482b-a6d9-96275e7c0474/polling-district/58f5c2eb-f559-47e3-99c6-3ea2d5ae140b
Faaborgkredsen,https://valg.dk/fv/847cec19-05ff-4eff-b433-f0e886b24b7d/nomination-district/04b3b35c-4b9e-482b-a6d9-96275e7c0474,Lyø,https://valg.dk/fv/847cec19-05ff-4eff-b433-f0e886b24b7d/nomination-district/04b3b35c-4b9e-482b-a6d9-96275e7c0474/polling-district/2c113655-3a63-4732-a1b2-6d53bffbc50a
Faaborgkredsen,https://valg.dk/fv/847cec19-05ff-4eff-b433-f0e886b24b7d/nomination-district/04b3b35c-4b9e-482b-a6d9-96275e7c0474,Marstal,https://valg.dk/fv/847cec19-05ff-4eff-b433-f0e886b24b7d/nomination-district/04b3b35c-4b9e-482b-a6d9-96275e7c0474/polling-district/718c0f84-efb5-4e8a-8195-c7a3431d39b3
Faaborgkredsen,https://valg.dk/fv/847cec19-05ff-4eff-b433-f0e886b24b7d/nomination-district/04b3b35c-4b9e-482b-a6d9-96275e7c0474,Nr. Lyndelse,https://valg.dk/fv/847cec19-05ff-4eff-b433-f0e886b24b7d/nomination-district/04b3b35c-4b9e-482b-a6d9-96275e7c0474/polling-district/d2532e37-109c-49f6-a85e-1aa84bcdfe53
Faaborgkredsen,https://valg.dk/fv/847cec19-05ff-4eff-b433-f0e886b24b7d/nomination-district/04b3b35c-4b9e-482b-a6d9-96275e7c0474,Nørre Broby,https://valg.dk/fv/847cec19-05ff-4eff-b433-f0e886b24b7d/nomination-district/04b3b35c-4b9e-482b-a6d9-96275e7c0474/polling-district/fed4305b-f2cb-45e3-8d2c-23d24cc166fd
Faaborgkredsen,https://valg.dk/fv/847cec19-05ff-4eff-b433-f0e886b24b7d/nomination-district/04b3b35c-4b9e-482b-a6d9-96275e7c0474,Ringe,https://valg.dk/fv/847cec19-05ff-4eff-b433-f0e886b24b7d/nomination-district/04b3b35c-4b9e-482b-a6d9-96275e7c0474/polling-district/e9b29e85-e887-49e2-8cb8-0ef9ed778556
Faaborgkredsen,https://valg.dk/fv/847cec19-05ff-4eff-b433-f0e886b24b7d/nomination-district/04b3b35c-4b9e-482b-a6d9-96275e7c0474,Ryslinge,https://valg.dk/fv/847cec19-05ff-4eff-b433-f0e886b24b7d/nomination-district/04b3b35c-4b9e-482b-a6d9-96275e7c0474/polling-district/92118249-ec3b-4550-903e-e9ce21d413d5
Faaborgkredsen,https://valg.dk/fv/847cec19-05ff-4eff-b433-f0e886b24b7d/nomination-district/04b3b35c-4b9e-482b-a6d9-96275e7c0474,Svanninge,https://valg.dk/fv/847cec19-05ff-4eff-b433-f0e886b24b7d/nomination-district/04b3b35c-4b9e-482b-a6d9-96275e7c0474/polling-district/43a062d7-ccf2-46e5-aa14-f796a86f8e6d
Faaborgkredsen,https://valg.dk/fv/847cec19-05ff-4eff-b433-f0e886b24b7d/nomination-district/04b3b35c-4b9e-482b-a6d9-96275e7c0474,Søby,https://valg.dk/fv/847cec19-05ff-4eff-b433-f0e886b24b7d/nomination-district/04b3b35c-4b9e-482b-a6d9-96275e7c0474/polling-district/ebfd2a8d-1327-4d59-b269-fe5f9aecf9bf
Faaborgkredsen,https://valg.dk/fv/847cec19-05ff-4eff-b433-f0e886b24b7d/nomination-district/04b3b35c-4b9e-482b-a6d9-96275e7c0474,Søllinge,https://valg.dk/fv/847cec19-05ff-4eff-b433-f0e886b24b7d/nomination-district/04b3b35c-4b9e-482b-a6d9-96275e7c0474/polling-district/dd7779a0-8304-4e27-a1d0-508008259730
Faaborgkredsen,https://valg.dk/fv/847cec19-05ff-4eff-b433-f0e886b24b7d/nomination-district/04b3b35c-4b9e-482b-a6d9-96275e7c0474,Vester Aaby,https://valg.dk/fv/847cec19-05ff-4eff-b433-f0e886b24b7d/nomination-district/04b3b35c-4b9e-482b-a6d9-96275e7c0474/polling-district/987ec0e7-1e83-4312-a288-41f3f5a35105
Faaborgkredsen,https://valg.dk/fv/847cec19-05ff-4eff-b433-f0e886b24b7d/nomination-district/04b3b35c-4b9e-482b-a6d9-96275e7c0474,Vester Hæsinge,https://valg.dk/fv/847cec19-05ff-4eff-b433-f0e886b24b7d/nomination-district/04b3b35c-4b9e-482b-a6d9-96275e7c0474/polling-district/2a15f25d-1ece-482d-ac44-74aee6cf4867
Faaborgkredsen,https://valg.dk/fv/847cec19-05ff-4eff-b433-f0e886b24b7d/nomination-district/04b3b35c-4b9e-482b-a6d9-96275e7c0474,Årslev,https://valg.dk/fv/847cec19-05ff-4eff-b433-f0e886b24b7d/nomination-district/04b3b35c-4b9e-482b-a6d9-96275e7c0474/polling-district/5b4dab2a-6d1e-43e2-9987-cac34371e332
Faaborgkredsen,https://valg.dk/fv/847cec19-05ff-4eff-b433-f0e886b24b7d/nomination-district/04b3b35c-4b9e-482b-a6d9-96275e7c0474,Ærøskøbing,https://valg.dk/fv/847cec19-05ff-4eff-b433-f0e886b24b7d/nomination-district/04b3b35c-4b9e-482b-a6d9-96275e7c0474/polling-district/bd10be66-6c5f-4084-bef1-80d4c484364c
Falkonerkredsen,https://valg.dk/fv/847cec19-05ff-4eff-b433-f0e886b24b7d/nomination-district/6eaad909-d986-4a7f-9ff4-31bb1a92c63a,"10. Kreds, Bülowsvej",https://valg.dk/fv/847cec19-05ff-4eff-b433-f0e886b24b7d/nomination-district/6eaad909-d986-4a7f-9ff4-31bb1a92c63a/polling-district/7463a42b-d897-4a70-97f9-d5ac267f1036
Falkonerkredsen,https://valg.dk/fv/847cec19-05ff-4eff-b433-f0e886b24b7d/nomination-district/6eaad909-d986-4a7f-9ff4-31bb1a92c63a,"10. Kreds, Duevej",https://valg.dk/fv/847cec19-05ff-4eff-b433-f0e886b24b7d/nomination-district/6eaad909-d986-4a7f-9ff4-31bb1a92c63a/polling-district/0b33529a-001a-433f-b65c-dd5975fe4d95
Falkonerkredsen,https://valg.dk/fv/847cec19-05ff-4eff-b433-f0e886b24b7d/nomination-district/6eaad909-d986-4a7f-9ff4-31bb1a92c63a,"10. Kreds, Ny Hollænder",https://valg.dk/fv/847cec19-05ff-4eff-b433-f0e886b24b7d/nomination-district/6eaad909-d986-4a7f-9ff4-31bb1a92c63a/polling-district/21a5f87c-c41d-4a51-a449-aaaa8f690243
Falkonerkredsen,https://valg.dk/fv/847cec19-05ff-4eff-b433-f0e886b24b7d/nomination-district/6eaad909-d986-4a7f-9ff4-31bb1a92c63a,"10. Kreds, Søerne",https://valg.dk/fv/847cec19-05ff-4eff-b433-f0e886b24b7d/nomination-district/6eaad909-d986-4a7f-9ff4-31bb1a92c63a/polling-district/695f2b80-1c68-4092-9c00-048fb2bd0f6c
Favrskovkredsen,https://valg.dk/fv/847cec19-05ff-4eff-b433-f0e886b24b7d/nomination-district/d4780ec4-aeab-4745-8aca-25f80b9f8cd9,Foldby,https://valg.dk/fv/847cec19-05ff-4eff-b433-f0e886b24b7d/nomination-district/d4780ec4-aeab-4745-8aca-25f80b9f8cd9/polling-district/06a434a0-9cbb-46a2-ad34-dc335f57b420
Favrskovkredsen,https://valg.dk/fv/847cec19-05ff-4eff-b433-f0e886b24b7d/nomination-district/d4780ec4-aeab-4745-8aca-25f80b9f8cd9,Hadbjerg,https://valg.dk/fv/847cec19-05ff-4eff-b433-f0e886b24b7d/nomination-district/d4780ec4-aeab-4745-8aca-25f80b9f8cd9/polling-district/6605ab50-ed7e-4000-ae9e-61657e42b17f
Favrskovkredsen,https://valg.dk/fv/847cec19-05ff-4eff-b433-f0e886b24b7d/nomination-district/d4780ec4-aeab-4745-8aca-25f80b9f8cd9,Hadsten Nord,https://valg.dk/fv/847cec19-05ff-4eff-b433-f0e886b24b7d/nomination-district/d4780ec4-aeab-4745-8aca-25f80b9f8cd9/polling-district/12174cac-45b7-496b-ab43-fea724bfba8a
Favrskovkredsen,https://valg.dk/fv/847cec19-05ff-4eff-b433-f0e886b24b7d/nomination-district/d4780ec4-aeab-4745-8aca-25f80b9f8cd9,Hadsten Syd,https://valg.dk/fv/847cec19-05ff-4eff-b433-f0e886b24b7d/nomination-district/d4780ec4-aeab-4745-8aca-25f80b9f8cd9/polling-district/c5780283-21fb-41d9-a725-7fdeaa357395
Favrskovkredsen,https://valg.dk/fv/847cec19-05ff-4eff-b433-f0e886b24b7d/nomination-district/d4780ec4-aeab-4745-8aca-25f80b9f8cd9,Haldum-Hinnerup/Vitten,https://valg.dk/fv/847cec19-05ff-4eff-b433-f0e886b24b7d/nomination-district/d4780ec4-aeab-4745-8aca-25f80b9f8cd9/polling-district/acf3881b-5d25-411f-969f-e9cc54613402
Favrskovkredsen,https://valg.dk/fv/847cec19-05ff-4eff-b433-f0e886b24b7d/nomination-district/d4780ec4-aeab-4745-8aca-25f80b9f8cd9,Hammel Nord,https://valg.dk/fv/847cec19-05ff-4eff-b433-f0e886b24b7d/nomination-district/d4780ec4-aeab-4745-8aca-25f80b9f8cd9/polling-district/98b39dbb-6362-4450-b9f0-1af864561165
Favrskovkredsen,https://valg.dk/fv/847cec19-05ff-4eff-b433-f0e886b24b7d/nomination-district/d4780ec4-aeab-4745-8aca-25f80b9f8cd9,Hammel Syd,https://valg.dk/fv/847cec19-05ff-4eff-b433-f0e886b24b7d/nomination-district/d4780ec4-aeab-4745-8aca-25f80b9f8cd9/polling-district/9b17847d-24f4-4bf6-9a16-be8e8afcd7d0
Favrskovkredsen,https://valg.dk/fv/847cec19-05ff-4eff-b433-f0e886b24b7d/nomination-district/d4780ec4-aeab-4745-8aca-25f80b9f8cd9,Lading,https://valg.dk/fv/847cec19-05ff-4eff-b433-f0e886b24b7d/nomination-district/d4780ec4-aeab-4745-8aca-25f80b9f8cd9/polling-district/f0ae9dad-addb-4841-a984-c8e964a51e9c
Favrskovkredsen,https://valg.dk/fv/847cec19-05ff-4eff-b433-f0e886b24b7d/nomination-district/d4780ec4-aeab-4745-8aca-25f80b9f8cd9,Laurbjerg/Houlbjerg,https://valg.dk/fv/847cec19-05ff-4eff-b433-f0e886b24b7d/nomination-district/d4780ec4-aeab-4745-8aca-25f80b9f8cd9/polling-district/7e060e07-060c-4753-808f-e1329e9ee78c
Favrskovkredsen,https://valg.dk/fv/847cec19-05ff-4eff-b433-f0e886b24b7d/nomination-district/d4780ec4-aeab-4745-8aca-25f80b9f8cd9,Rønbæk/Grundfør,https://valg.dk/fv/847cec19-05ff-4eff-b433-f0e886b24b7d/nomination-district/d4780ec4-aeab-4745-8aca-25f80b9f8cd9/polling-district/62d95104-3ac5-4742-9ad9-2c8af0272250
Favrskovkredsen,https://valg.dk/fv/847cec19-05ff-4eff-b433-f0e886b24b7d/nomination-district/d4780ec4-aeab-4745-8aca-25f80b9f8cd9,Søften,https://valg.dk/fv/847cec19-05ff-4eff-b433-f0e886b24b7d/nomination-district/d4780ec4-aeab-4745-8aca-25f80b9f8cd9/polling-district/c24eb2b2-b707-4c01-b25c-6e88ac21a8e3
Favrskovkredsen,https://valg.dk/fv/847cec19-05ff-4eff-b433-f0e886b24b7d/nomination-district/d4780ec4-aeab-4745-8aca-25f80b9f8cd9,Thorsø/Haurum/Sall,https://valg.dk/fv/847cec19-05ff-4eff-b433-f0e886b24b7d/nomination-district/d4780ec4-aeab-4745-8aca-25f80b9f8cd9/polling-district/17b02a19-1d71-4f29-85fa-1caf00ddeb75
Favrskovkredsen,https://valg.dk/fv/847cec19-05ff-4eff-b433-f0e886b24b7d/nomination-district/d4780ec4-aeab-4745-8aca-25f80b9f8cd9,Ulstrup,https://valg.dk/fv/847cec19-05ff-4eff-b433-f0e886b24b7d/nomination-district/d4780ec4-aeab-4745-8aca-25f80b9f8cd9/polling-district/635b0d24-4341-4857-a4d1-7c90d85f3cb9
Favrskovkredsen,https://valg.dk/fv/847cec19-05ff-4eff-b433-f0e886b24b7d/nomination-district/d4780ec4-aeab-4745-8aca-25f80b9f8cd9,Voldum,https://valg.dk/fv/847cec19-05ff-4eff-b433-f0e886b24b7d/nomination-district/d4780ec4-aeab-4745-8aca-25f80b9f8cd9/polling-district/2066e8c9-4c0e-4c87-b983-44604f2361dd
Faxekredsen,https://valg.dk/fv/847cec19-05ff-4eff-b433-f0e886b24b7d/nomination-district/38df8d16-64a2-4ada-941b-7a5f14fb3fac,Dalby,https://valg.dk/fv/847cec19-05ff-4eff-b433-f0e886b24b7d/nomination-district/38df8d16-64a2-4ada-941b-7a5f14fb3fac/polling-district/c440be87-e7d9-4b88-8642-ee78b83b566d
Faxekredsen,https://valg.dk/fv/847cec19-05ff-4eff-b433-f0e886b24b7d/nomination-district/38df8d16-64a2-4ada-941b-7a5f14fb3fac,Faxe,https://valg.dk/fv/847cec19-05ff-4eff-b433-f0e886b24b7d/nomination-district/38df8d16-64a2-4ada-941b-7a5f14fb3fac/polling-district/d6317c2a-464a-4102-87be-908dba6acc95
Faxekredsen,https://valg.dk/fv/847cec19-05ff-4eff-b433-f0e886b24b7d/nomination-district/38df8d16-64a2-4ada-941b-7a5f14fb3fac,Haslev 01,https://valg.dk/fv/847cec19-05ff-4eff-b433-f0e886b24b7d/nomination-district/38df8d16-64a2-4ada-941b-7a5f14fb3fac/polling-district/b2abb9fc-6742-41f1-9d49-7518f7ea59b1
Faxekredsen,https://valg.dk/fv/847cec19-05ff-4eff-b433-f0e886b24b7d/nomination-district/38df8d16-64a2-4ada-941b-7a5f14fb3fac,Haslev 02,https://valg.dk/fv/847cec19-05ff-4eff-b433-f0e886b24b7d/nomination-district/38df8d16-64a2-4ada-941b-7a5f14fb3fac/polling-district/6ea6549a-a70c-49b6-afc3-b28a494aac61
Faxekredsen,https://valg.dk/fv/847cec19-05ff-4eff-b433-f0e886b24b7d/nomination-district/38df8d16-64a2-4ada-941b-7a5f14fb3fac,Hylleholt,https://valg.dk/fv/847cec19-05ff-4eff-b433-f0e886b24b7d/nomination-district/38df8d16-64a2-4ada-941b-7a5f14fb3fac/polling-district/40957598-e828-4087-9752-6721175d9c50
Faxekredsen,https://valg.dk/fv/847cec19-05ff-4eff-b433-f0e886b24b7d/nomination-district/38df8d16-64a2-4ada-941b-7a5f14fb3fac,Hårlevhallen,https://valg.dk/fv/847cec19-05ff-4eff-b433-f0e886b24b7d/nomination-district/38df8d16-64a2-4ada-941b-7a5f14fb3fac/polling-district/f4c1b83a-bf1a-45dc-8f70-ab9b4e0c0e58
Faxekredsen,https://valg.dk/fv/847cec19-05ff-4eff-b433-f0e886b24b7d/nomination-district/38df8d16-64a2-4ada-941b-7a5f14fb3fac,Karise,https://valg.dk/fv/847cec19-05ff-4eff-b433-f0e886b24b7d/nomination-district/38df8d16-64a2-4ada-941b-7a5f14fb3fac/polling-district/4a98b3b8-3801-4fcc-9e2c-42eeb137e017
Faxekredsen,https://valg.dk/fv/847cec19-05ff-4eff-b433-f0e886b24b7d/nomination-district/38df8d16-64a2-4ada-941b-7a5f14fb3fac,Rønnede,https://valg.dk/fv/847cec19-05ff-4eff-b433-f0e886b24b7d/nomination-district/38df8d16-64a2-4ada-941b-7a5f14fb3fac/polling-district/84f60dfc-e435-486e-9cda-96fdbaea8f54
Faxekredsen,https://valg.dk/fv/847cec19-05ff-4eff-b433-f0e886b24b7d/nomination-district/38df8d16-64a2-4ada-941b-7a5f14fb3fac,Stevnshallen,https://valg.dk/fv/847cec19-05ff-4eff-b433-f0e886b24b7d/nomination-district/38df8d16-64a2-4ada-941b-7a5f14fb3fac/polling-district/c0285e7c-c46e-4faf-b633-c1da7e2759a0
Faxekredsen,https://valg.dk/fv/847cec19-05ff-4eff-b433-f0e886b24b7d/nomination-district/38df8d16-64a2-4ada-941b-7a5f14fb3fac,Strøbyhallen,https://valg.dk/fv/847cec19-05ff-4eff-b433-f0e886b24b7d/nomination-district/38df8d16-64a2-4ada-941b-7a5f14fb3fac/polling-district/19adf349-a4c4-41d2-b264-5420e8a50e61
Faxekredsen,https://valg.dk/fv/847cec19-05ff-4eff-b433-f0e886b24b7d/nomination-district/38df8d16-64a2-4ada-941b-7a5f14fb3fac,Sydstevnshallen,https://valg.dk/fv/847cec19-05ff-4eff-b433-f0e886b24b7d/nomination-district/38df8d16-64a2-4ada-941b-7a5f14fb3fac/polling-district/26a34bd3-df73-44aa-975f-0477585eacf8
Fredensborgkredsen,https://valg.dk/fv/847cec19-05ff-4eff-b433-f0e886b24b7d/nomination-district/bc29f09f-20ec-4a51-8d7c-aa4802368c91,Asminderød,https://valg.dk/fv/847cec19-05ff-4eff-b433-f0e886b24b7d/nomination-district/bc29f09f-20ec-4a51-8d7c-aa4802368c91/polling-district/88df2e47-ae01-4827-87df-614a89a70ebf
Fredensborgkredsen,https://valg.dk/fv/847cec19-05ff-4eff-b433-f0e886b24b7d/nomination-district/bc29f09f-20ec-4a51-8d7c-aa4802368c91,Baunebjerg,https://valg.dk/fv/847cec19-05ff-4eff-b433-f0e886b24b7d/nomination-district/bc29f09f-20ec-4a51-8d7c-aa4802368c91/polling-district/55fb920b-edd9-41cb-9fa8-18d0e872076a
Fredensborgkredsen,https://valg.dk/fv/847cec19-05ff-4eff-b433-f0e886b24b7d/nomination-district/bc29f09f-20ec-4a51-8d7c-aa4802368c91,Fredensborg,https://valg.dk/fv/847cec19-05ff-4eff-b433-f0e886b24b7d/nomination-district/bc29f09f-20ec-4a51-8d7c-aa4802368c91/polling-district/e2a13c60-5d54-4df7-9676-22ae280ff40a
Fredensborgkredsen,https://valg.dk/fv/847cec19-05ff-4eff-b433-f0e886b24b7d/nomination-district/bc29f09f-20ec-4a51-8d7c-aa4802368c91,Grønnegade,https://valg.dk/fv/847cec19-05ff-4eff-b433-f0e886b24b7d/nomination-district/bc29f09f-20ec-4a51-8d7c-aa4802368c91/polling-district/3ada22c0-ba76-43a2-9a6e-b2d8fa05aac5
Fredensborgkredsen,https://valg.dk/fv/847cec19-05ff-4eff-b433-f0e886b24b7d/nomination-district/bc29f09f-20ec-4a51-8d7c-aa4802368c91,Humlebæk,https://valg.dk/fv/847cec19-05ff-4eff-b433-f0e886b24b7d/nomination-district/bc29f09f-20ec-4a51-8d7c-aa4802368c91/polling-district/90eae0c7-d246-4aff-9a14-37cd77c71732
Fredensborgkredsen,https://valg.dk/fv/847cec19-05ff-4eff-b433-f0e886b24b7d/nomination-district/bc29f09f-20ec-4a51-8d7c-aa4802368c91,Hørsholm,https://valg.dk/fv/847cec19-05ff-4eff-b433-f0e886b24b7d/nomination-district/bc29f09f-20ec-4a51-8d7c-aa4802368c91/polling-district/f75c1039-f28c-41b5-9e4e-4fab4bb265cc
Fredensborgkredsen,https://valg.dk/fv/847cec19-05ff-4eff-b433-f0e886b24b7d/nomination-district/bc29f09f-20ec-4a51-8d7c-aa4802368c91,Karlebo,https://valg.dk/fv/847cec19-05ff-4eff-b433-f0e886b24b7d/nomination-district/bc29f09f-20ec-4a51-8d7c-aa4802368c91/polling-district/a22e3c2d-f367-4549-8548-74dceb58fe36
Fredensborgkredsen,https://valg.dk/fv/847cec19-05ff-4eff-b433-f0e886b24b7d/nomination-district/bc29f09f-20ec-4a51-8d7c-aa4802368c91,Kokkedal,https://valg.dk/fv/847cec19-05ff-4eff-b433-f0e886b24b7d/nomination-district/bc29f09f-20ec-4a51-8d7c-aa4802368c91/polling-district/24d185f3-b7e0-48c7-838c-846ba32fbbe0
Fredensborgkredsen,https://valg.dk/fv/847cec19-05ff-4eff-b433-f0e886b24b7d/nomination-district/bc29f09f-20ec-4a51-8d7c-aa4802368c91,Niverød,https://valg.dk/fv/847cec19-05ff-4eff-b433-f0e886b24b7d/nomination-district/bc29f09f-20ec-4a51-8d7c-aa4802368c91/polling-district/7d38a3ec-d559-4f5d-a7aa-221a678d548c
Fredensborgkredsen,https://valg.dk/fv/847cec19-05ff-4eff-b433-f0e886b24b7d/nomination-district/bc29f09f-20ec-4a51-8d7c-aa4802368c91,Nivå,https://valg.dk/fv/847cec19-05ff-4eff-b433-f0e886b24b7d/nomination-district/bc29f09f-20ec-4a51-8d7c-aa4802368c91/polling-district/713b1f85-becc-445d-ae09-9b71bef89002
Fredensborgkredsen,https://valg.dk/fv/847cec19-05ff-4eff-b433-f0e886b24b7d/nomination-district/bc29f09f-20ec-4a51-8d7c-aa4802368c91,Rungsted,https://valg.dk/fv/847cec19-05ff-4eff-b433-f0e886b24b7d/nomination-district/bc29f09f-20ec-4a51-8d7c-aa4802368c91/polling-district/ef5d6733-c766-4c27-a667-0b62ffd76393
Fredensborgkredsen,https://valg.dk/fv/847cec19-05ff-4eff-b433-f0e886b24b7d/nomination-district/bc29f09f-20ec-4a51-8d7c-aa4802368c91,Usserød,https://valg.dk/fv/847cec19-05ff-4eff-b433-f0e886b24b7d/nomination-district/bc29f09f-20ec-4a51-8d7c-aa4802368c91/polling-district/8f095eea-cb71-4946-a862-e7956b70b678
Fredensborgkredsen,https://valg.dk/fv/847cec19-05ff-4eff-b433-f0e886b24b7d/nomination-district/bc29f09f-20ec-4a51-8d7c-aa4802368c91,Vallerød,https://valg.dk/fv/847cec19-05ff-4eff-b433-f0e886b24b7d/nomination-district/bc29f09f-20ec-4a51-8d7c-aa4802368c91/polling-district/0b8c2d17-67c3-4de1-8362-757fc1e57153
Fredericiakredsen,https://valg.dk/fv/847cec19-05ff-4eff-b433-f0e886b24b7d/nomination-district/097cdc1d-d90b-4435-bba2-1b2639924b44,Bredstrup-Pjedsted,https://valg.dk/fv/847cec19-05ff-4eff-b433-f0e886b24b7d/nomination-district/097cdc1d-d90b-4435-bba2-1b2639924b44/polling-district/dc903f09-61bc-4669-9bcd-3426ac18f4e9
Fredericiakredsen,https://valg.dk/fv/847cec19-05ff-4eff-b433-f0e886b24b7d/nomination-district/097cdc1d-d90b-4435-bba2-1b2639924b44,Bøgeskov,https://valg.dk/fv/847cec19-05ff-4eff-b433-f0e886b24b7d/nomination-district/097cdc1d-d90b-4435-bba2-1b2639924b44/polling-district/6109c78b-4f72-4512-8825-5130cf83dda1
Fredericiakredsen,https://valg.dk/fv/847cec19-05ff-4eff-b433-f0e886b24b7d/nomination-district/097cdc1d-d90b-4435-bba2-1b2639924b44,Erritsø,https://valg.dk/fv/847cec19-05ff-4eff-b433-f0e886b24b7d/nomination-district/097cdc1d-d90b-4435-bba2-1b2639924b44/polling-district/5ae5440e-1da2-4d9a-8900-f9219413d229
Fredericiakredsen,https://valg.dk/fv/847cec19-05ff-4eff-b433-f0e886b24b7d/nomination-district/097cdc1d-d90b-4435-bba2-1b2639924b44,Gymnasiet,https://valg.dk/fv/847cec19-05ff-4eff-b433-f0e886b24b7d/nomination-district/097cdc1d-d90b-4435-bba2-1b2639924b44/polling-district/5df9f8e0-0f02-4e91-9fa5-651398e80bd2
Fredericiakredsen,https://valg.dk/fv/847cec19-05ff-4eff-b433-f0e886b24b7d/nomination-district/097cdc1d-d90b-4435-bba2-1b2639924b44,Herslev,https://valg.dk/fv/847cec19-05ff-4eff-b433-f0e886b24b7d/nomination-district/097cdc1d-d90b-4435-bba2-1b2639924b44/polling-district/3b86857c-9076-4d48-bfd1-a4d06b63e494
Fredericiakredsen,https://valg.dk/fv/847cec19-05ff-4eff-b433-f0e886b24b7d/nomination-district/097cdc1d-d90b-4435-bba2-1b2639924b44,Indre By,https://valg.dk/fv/847cec19-05ff-4eff-b433-f0e886b24b7d/nomination-district/097cdc1d-d90b-4435-bba2-1b2639924b44/polling-district/78850940-4103-4e87-a5ea-fdb1cfa2c682
Fredericiakredsen,https://valg.dk/fv/847cec19-05ff-4eff-b433-f0e886b24b7d/nomination-district/097cdc1d-d90b-4435-bba2-1b2639924b44,Søndermarken,https://valg.dk/fv/847cec19-05ff-4eff-b433-f0e886b24b7d/nomination-district/097cdc1d-d90b-4435-bba2-1b2639924b44/polling-district/0cd34d81-227f-435c-a673-187198d4c419
Fredericiakredsen,https://valg.dk/fv/847cec19-05ff-4eff-b433-f0e886b24b7d/nomination-district/097cdc1d-d90b-4435-bba2-1b2639924b44,Taulov,https://valg.dk/fv/847cec19-05ff-4eff-b433-f0e886b24b7d/nomination-district/097cdc1d-d90b-4435-bba2-1b2639924b44/polling-district/3318243b-0bc5-43eb-b123-6b589638e3db
Frederikshavnkredsen,https://valg.dk/fv/847cec19-05ff-4eff-b433-f0e886b24b7d/nomination-district/b8034749-7785-464a-b654-2178f10cc98d,Brønden,https://valg.dk/fv/847cec19-05ff-4eff-b433-f0e886b24b7d/nomination-district/b8034749-7785-464a-b654-2178f10cc98d/polling-district/31644b1b-edcc-435a-b1e0-79d0d5de111d
Frederikshavnkredsen,https://valg.dk/fv/847cec19-05ff-4eff-b433-f0e886b24b7d/nomination-district/b8034749-7785-464a-b654-2178f10cc98d,Dybvad,https://valg.dk/fv/847cec19-05ff-4eff-b433-f0e886b24b7d/nomination-district/b8034749-7785-464a-b654-2178f10cc98d/polling-district/550bc29e-95fb-4742-b550-2ac178e13a4b
Frederikshavnkredsen,https://valg.dk/fv/847cec19-05ff-4eff-b433-f0e886b24b7d/nomination-district/b8034749-7785-464a-b654-2178f10cc98d,Elling,https://valg.dk/fv/847cec19-05ff-4eff-b433-f0e886b24b7d/nomination-district/b8034749-7785-464a-b654-2178f10cc98d/polling-district/e3e3a4ec-ec13-4d2e-b07c-005b13d41a8f
Frederikshavnkredsen,https://valg.dk/fv/847cec19-05ff-4eff-b433-f0e886b24b7d/nomination-district/b8034749-7785-464a-b654-2178f10cc98d,Frederikshavn Midt,https://valg.dk/fv/847cec19-05ff-4eff-b433-f0e886b24b7d/nomination-district/b8034749-7785-464a-b654-2178f10cc98d/polling-district/a61bdd39-8b21-42cf-8e05-3969c489a6ec
Frederikshavnkredsen,https://valg.dk/fv/847cec19-05ff-4eff-b433-f0e886b24b7d/nomination-district/b8034749-7785-464a-b654-2178f10cc98d,Frederikshavn Nord,https://valg.dk/fv/847cec19-05ff-4eff-b433-f0e886b24b7d/nomination-district/b8034749-7785-464a-b654-2178f10cc98d/polling-district/cec018aa-5f17-40fe-9dbc-af01cf53df8f
Frederikshavnkredsen,https://valg.dk/fv/847cec19-05ff-4eff-b433-f0e886b24b7d/nomination-district/b8034749-7785-464a-b654-2178f10cc98d,Frederikshavn Syd,https://valg.dk/fv/847cec19-05ff-4eff-b433-f0e886b24b7d/nomination-district/b8034749-7785-464a-b654-2178f10cc98d/polling-district/bcde6b47-aacc-455b-ae3a-ec076182d5d3
Frederikshavnkredsen,https://valg.dk/fv/847cec19-05ff-4eff-b433-f0e886b24b7d/nomination-district/b8034749-7785-464a-b654-2178f10cc98d,Gærum,https://valg.dk/fv/847cec19-05ff-4eff-b433-f0e886b24b7d/nomination-district/b8034749-7785-464a-b654-2178f10cc98d/polling-district/15c040d0-2f0b-41e1-9b7c-caf832979ae9
Frederikshavnkredsen,https://valg.dk/fv/847cec19-05ff-4eff-b433-f0e886b24b7d/nomination-district/b8034749-7785-464a-b654-2178f10cc98d,Hulsig,https://valg.dk/fv/847cec19-05ff-4eff-b433-f0e886b24b7d/nomination-district/b8034749-7785-464a-b654-2178f10cc98d/polling-district/34d1aa58-81dd-433e-8d27-e2135c6faeb4
Frederikshavnkredsen,https://valg.dk/fv/847cec19-05ff-4eff-b433-f0e886b24b7d/nomination-district/b8034749-7785-464a-b654-2178f10cc98d,Hørby,https://valg.dk/fv/847cec19-05ff-4eff-b433-f0e886b24b7d/nomination-district/b8034749-7785-464a-b654-2178f10cc98d/polling-district/240bdab3-20c5-4b61-8f7a-6efdca68a4da
Frederikshavnkredsen,https://valg.dk/fv/847cec19-05ff-4eff-b433-f0e886b24b7d/nomination-district/b8034749-7785-464a-b654-2178f10cc98d,Jerup,https://valg.dk/fv/847cec19-05ff-4eff-b433-f0e886b24b7d/nomination-district/b8034749-7785-464a-b654-2178f10cc98d/polling-district/6724ce10-977d-4f38-8b08-d0848cdd5c7c
Frederikshavnkredsen,https://valg.dk/fv/847cec19-05ff-4eff-b433-f0e886b24b7d/nomination-district/b8034749-7785-464a-b654-2178f10cc98d,Lyngså,https://valg.dk/fv/847cec19-05ff-4eff-b433-f0e886b24b7d/nomination-district/b8034749-7785-464a-b654-2178f10cc98d/polling-district/0e9b6c5e-26d7-472f-be37-10739d1efc80
Frederikshavnkredsen,https://valg.dk/fv/847cec19-05ff-4eff-b433-f0e886b24b7d/nomination-district/b8034749-7785-464a-b654-2178f10cc98d,Læsø,https://valg.dk/fv/847cec19-05ff-4eff-b433-f0e886b24b7d/nomination-district/b8034749-7785-464a-b654-2178f10cc98d/polling-district/35c29b37-d1bb-4f3f-af2c-ddd8d6d16b62
Frederikshavnkredsen,https://valg.dk/fv/847cec19-05ff-4eff-b433-f0e886b24b7d/nomination-district/b8034749-7785-464a-b654-2178f10cc98d,Præstbro,https://valg.dk/fv/847cec19-05ff-4eff-b433-f0e886b24b7d/nomination-district/b8034749-7785-464a-b654-2178f10cc98d/polling-district/30199eb8-14ee-4c86-ae32-f6aaeb34a70f
Frederikshavnkredsen,https://valg.dk/fv/847cec19-05ff-4eff-b433-f0e886b24b7d/nomination-district/b8034749-7785-464a-b654-2178f10cc98d,Ravnshøj,https://valg.dk/fv/847cec19-05ff-4eff-b433-f0e886b24b7d/nomination-district/b8034749-7785-464a-b654-2178f10cc98d/polling-district/64980f28-cc1c-4618-a599-29201d0cee5c
Frederikshavnkredsen,https://valg.dk/fv/847cec19-05ff-4eff-b433-f0e886b24b7d/nomination-district/b8034749-7785-464a-b654-2178f10cc98d,Skagen,https://valg.dk/fv/847cec19-05ff-4eff-b433-f0e886b24b7d/nomination-district/b8034749-7785-464a-b654-2178f10cc98d/polling-district/22f75bbb-2cd9-4f89-97da-13518921eda3
Frederikshavnkredsen,https://valg.dk/fv/847cec19-05ff-4eff-b433-f0e886b24b7d/nomination-district/b8034749-7785-464a-b654-2178f10cc98d,Strandby,https://valg.dk/fv/847cec19-05ff-4eff-b433-f0e886b24b7d/nomination-district/b8034749-7785-464a-b654-2178f10cc98d/polling-district/d68e6065-0103-46f1-a366-9bfecaeb4bd5
Frederikshavnkredsen,https://valg.dk/fv/847cec19-05ff-4eff-b433-f0e886b24b7d/nomination-district/b8034749-7785-464a-b654-2178f10cc98d,Sæby,https://valg.dk/fv/847cec19-05ff-4eff-b433-f0e886b24b7d/nomination-district/b8034749-7785-464a-b654-2178f10cc98d/polling-district/6f1e8651-60c9-434f-9b8b-33cef17c4375
Frederikshavnkredsen,https://valg.dk/fv/847cec19-05ff-4eff-b433-f0e886b24b7d/nomination-district/b8034749-7785-464a-b654-2178f10cc98d,Thorshøj,https://valg.dk/fv/847cec19-05ff-4eff-b433-f0e886b24b7d/nomination-district/b8034749-7785-464a-b654-2178f10cc98d/polling-district/9361f23f-2df7-4e71-b1d6-5c6cc7390611
Frederikshavnkredsen,https://valg.dk/fv/847cec19-05ff-4eff-b433-f0e886b24b7d/nomination-district/b8034749-7785-464a-b654-2178f10cc98d,Understed,https://valg.dk/fv/847cec19-05ff-4eff-b433-f0e886b24b7d/nomination-district/b8034749-7785-464a-b654-2178f10cc98d/polling-district/5ed2e4ae-1b4e-4ff8-a9b4-31a7d04bf0dd
Frederikshavnkredsen,https://valg.dk/fv/847cec19-05ff-4eff-b433-f0e886b24b7d/nomination-district/b8034749-7785-464a-b654-2178f10cc98d,Voerså,https://valg.dk/fv/847cec19-05ff-4eff-b433-f0e886b24b7d/nomination-district/b8034749-7785-464a-b654-2178f10cc98d/polling-district/140e8590-9c9b-40c1-8588-4b0a591c1cbc
Frederikshavnkredsen,https://valg.dk/fv/847cec19-05ff-4eff-b433-f0e886b24b7d/nomination-district/b8034749-7785-464a-b654-2178f10cc98d,Volstrup,https://valg.dk/fv/847cec19-05ff-4eff-b433-f0e886b24b7d/nomination-district/b8034749-7785-464a-b654-2178f10cc98d/polling-district/b12731d6-288d-47ae-b791-495774db0bd8
Frederikshavnkredsen,https://valg.dk/fv/847cec19-05ff-4eff-b433-f0e886b24b7d/nomination-district/b8034749-7785-464a-b654-2178f10cc98d,Ålbæk,https://valg.dk/fv/847cec19-05ff-4eff-b433-f0e886b24b7d/nomination-district/b8034749-7785-464a-b654-2178f10cc98d/polling-district/f2bb0741-81da-4b53-b840-58aad8287f7f
Frederikshavnkredsen,https://valg.dk/fv/847cec19-05ff-4eff-b433-f0e886b24b7d/nomination-district/b8034749-7785-464a-b654-2178f10cc98d,Østervrå,https://valg.dk/fv/847cec19-05ff-4eff-b433-f0e886b24b7d/nomination-district/b8034749-7785-464a-b654-2178f10cc98d/polling-district/2d35e9e4-7b94-444f-8b7b-9ecefa0d89de
Frederikssundkredsen,https://valg.dk/fv/847cec19-05ff-4eff-b433-f0e886b24b7d/nomination-district/c03b9195-af94-4dbd-8312-7394e9cb84f9,Enghaven,https://valg.dk/fv/847cec19-05ff-4eff-b433-f0e886b24b7d/nomination-district/c03b9195-af94-4dbd-8312-7394e9cb84f9/polling-district/1b1b6c39-325b-4079-a87d-bcbfa60206c1
Frederikssundkredsen,https://valg.dk/fv/847cec19-05ff-4eff-b433-f0e886b24b7d/nomination-district/c03b9195-af94-4dbd-8312-7394e9cb84f9,Frederikssund Midt,https://valg.dk/fv/847cec19-05ff-4eff-b433-f0e886b24b7d/nomination-district/c03b9195-af94-4dbd-8312-7394e9cb84f9/polling-district/00a4b642-3fb7-4aa1-af95-07613a60e336
Frederikssundkredsen,https://valg.dk/fv/847cec19-05ff-4eff-b433-f0e886b24b7d/nomination-district/c03b9195-af94-4dbd-8312-7394e9cb84f9,Frederikssund Nord,https://valg.dk/fv/847cec19-05ff-4eff-b433-f0e886b24b7d/nomination-district/c03b9195-af94-4dbd-8312-7394e9cb84f9/polling-district/fd6774c2-2f7d-427b-a855-5ee5e7c7d9c1
Frederikssundkredsen,https://valg.dk/fv/847cec19-05ff-4eff-b433-f0e886b24b7d/nomination-district/c03b9195-af94-4dbd-8312-7394e9cb84f9,Frederikssund Syd,https://valg.dk/fv/847cec19-05ff-4eff-b433-f0e886b24b7d/nomination-district/c03b9195-af94-4dbd-8312-7394e9cb84f9/polling-district/a92f86ed-961b-4f15-ac91-b5570a72f0b1
Frederikssundkredsen,https://valg.dk/fv/847cec19-05ff-4eff-b433-f0e886b24b7d/nomination-district/c03b9195-af94-4dbd-8312-7394e9cb84f9,Frederiksværk,https://valg.dk/fv/847cec19-05ff-4eff-b433-f0e886b24b7d/nomination-district/c03b9195-af94-4dbd-8312-7394e9cb84f9/polling-district/b92e5bd9-41c8-4c12-a803-87cf82ff01b2
Frederikssundkredsen,https://valg.dk/fv/847cec19-05ff-4eff-b433-f0e886b24b7d/nomination-district/c03b9195-af94-4dbd-8312-7394e9cb84f9,Hundested,https://valg.dk/fv/847cec19-05ff-4eff-b433-f0e886b24b7d/nomination-district/c03b9195-af94-4dbd-8312-7394e9cb84f9/polling-district/d360ebf7-5303-4aed-a75c-29e2d35bbf51
Frederikssundkredsen,https://valg.dk/fv/847cec19-05ff-4eff-b433-f0e886b24b7d/nomination-district/c03b9195-af94-4dbd-8312-7394e9cb84f9,Jægerspris,https://valg.dk/fv/847cec19-05ff-4eff-b433-f0e886b24b7d/nomination-district/c03b9195-af94-4dbd-8312-7394e9cb84f9/polling-district/8b53cba6-6bb2-4ef3-9732-18d722156b4b
Frederikssundkredsen,https://valg.dk/fv/847cec19-05ff-4eff-b433-f0e886b24b7d/nomination-district/c03b9195-af94-4dbd-8312-7394e9cb84f9,Melby,https://valg.dk/fv/847cec19-05ff-4eff-b433-f0e886b24b7d/nomination-district/c03b9195-af94-4dbd-8312-7394e9cb84f9/polling-district/6706de33-20ba-40cd-8c60-d5a14b9ebeb8
Frederikssundkredsen,https://valg.dk/fv/847cec19-05ff-4eff-b433-f0e886b24b7d/nomination-district/c03b9195-af94-4dbd-8312-7394e9cb84f9,Skibby,https://valg.dk/fv/847cec19-05ff-4eff-b433-f0e886b24b7d/nomination-district/c03b9195-af94-4dbd-8312-7394e9cb84f9/polling-district/d66e140d-96fd-44ef-9d42-6d99746964f3
Frederikssundkredsen,https://valg.dk/fv/847cec19-05ff-4eff-b433-f0e886b24b7d/nomination-district/c03b9195-af94-4dbd-8312-7394e9cb84f9,Slangerup,https://valg.dk/fv/847cec19-05ff-4eff-b433-f0e886b24b7d/nomination-district/c03b9195-af94-4dbd-8312-7394e9cb84f9/polling-district/216a5ab2-9d3b-4850-9024-790557cf1a1c
Frederikssundkredsen,https://valg.dk/fv/847cec19-05ff-4eff-b433-f0e886b24b7d/nomination-district/c03b9195-af94-4dbd-8312-7394e9cb84f9,Ølsted,https://valg.dk/fv/847cec19-05ff-4eff-b433-f0e886b24b7d/nomination-district/c03b9195-af94-4dbd-8312-7394e9cb84f9/polling-district/ad3a28ca-0539-4929-b13b-d07c71947ced
Gentoftekredsen,https://valg.dk/fv/847cec19-05ff-4eff-b433-f0e886b24b7d/nomination-district/cefb9930-d529-4460-85fb-6c98e1c563c4,Bakkegård,https://valg.dk/fv/847cec19-05ff-4eff-b433-f0e886b24b7d/nomination-district/cefb9930-d529-4460-85fb-6c98e1c563c4/polling-district/7622571a-db77-49d9-983f-37abf9ee98e7
Gentoftekredsen,https://valg.dk/fv/847cec19-05ff-4eff-b433-f0e886b24b7d/nomination-district/cefb9930-d529-4460-85fb-6c98e1c563c4,Dyssegård,https://valg.dk/fv/847cec19-05ff-4eff-b433-f0e886b24b7d/nomination-district/cefb9930-d529-4460-85fb-6c98e1c563c4/polling-district/b9ec873c-5163-4bfe-aee1-4326878454c9
Gentoftekredsen,https://valg.dk/fv/847cec19-05ff-4eff-b433-f0e886b24b7d/nomination-district/cefb9930-d529-4460-85fb-6c98e1c563c4,Hellerup,https://valg.dk/fv/847cec19-05ff-4eff-b433-f0e886b24b7d/nomination-district/cefb9930-d529-4460-85fb-6c98e1c563c4/polling-district/7b829b7d-b88f-4241-884b-518f6650c36e
Gentoftekredsen,https://valg.dk/fv/847cec19-05ff-4eff-b433-f0e886b24b7d/nomination-district/cefb9930-d529-4460-85fb-6c98e1c563c4,Jægersborg,https://valg.dk/fv/847cec19-05ff-4eff-b433-f0e886b24b7d/nomination-district/cefb9930-d529-4460-85fb-6c98e1c563c4/polling-district/2d4db99d-b57c-477a-9859-763c04fba496
Gentoftekredsen,https://valg.dk/fv/847cec19-05ff-4eff-b433-f0e886b24b7d/nomination-district/cefb9930-d529-4460-85fb-6c98e1c563c4,Maglegård,https://valg.dk/fv/847cec19-05ff-4eff-b433-f0e886b24b7d/nomination-district/cefb9930-d529-4460-85fb-6c98e1c563c4/polling-district/d9f48127-3c7b-4455-aa04-c824a9edc2db
Gentoftekredsen,https://valg.dk/fv/847cec19-05ff-4eff-b433-f0e886b24b7d/nomination-district/cefb9930-d529-4460-85fb-6c98e1c563c4,Munkegård,https://valg.dk/fv/847cec19-05ff-4eff-b433-f0e886b24b7d/nomination-district/cefb9930-d529-4460-85fb-6c98e1c563c4/polling-district/0b87f794-44c6-4285-a509-5e9149faaeaf
Gentoftekredsen,https://valg.dk/fv/847cec19-05ff-4eff-b433-f0e886b24b7d/nomination-district/cefb9930-d529-4460-85fb-6c98e1c563c4,Ordrup,https://valg.dk/fv/847cec19-05ff-4eff-b433-f0e886b24b7d/nomination-district/cefb9930-d529-4460-85fb-6c98e1c563c4/polling-district/6c95a597-b74b-4444-973d-0bf0b6b910f9
Gentoftekredsen,https://valg.dk/fv/847cec19-05ff-4eff-b433-f0e886b24b7d/nomination-district/cefb9930-d529-4460-85fb-6c98e1c563c4,Rådhuset,https://valg.dk/fv/847cec19-05ff-4eff-b433-f0e886b24b7d/nomination-district/cefb9930-d529-4460-85fb-6c98e1c563c4/polling-district/c6011631-7460-4e8a-8aa7-19d4b3a86888
Gentoftekredsen,https://valg.dk/fv/847cec19-05ff-4eff-b433-f0e886b24b7d/nomination-district/cefb9930-d529-4460-85fb-6c98e1c563c4,Skovgård,https://valg.dk/fv/847cec19-05ff-4eff-b433-f0e886b24b7d/nomination-district/cefb9930-d529-4460-85fb-6c98e1c563c4/polling-district/e0ee1fbb-0352-4caf-9b56-5f382099f7de
Gentoftekredsen,https://valg.dk/fv/847cec19-05ff-4eff-b433-f0e886b24b7d/nomination-district/cefb9930-d529-4460-85fb-6c98e1c563c4,Skovshoved,https://valg.dk/fv/847cec19-05ff-4eff-b433-f0e886b24b7d/nomination-district/cefb9930-d529-4460-85fb-6c98e1c563c4/polling-district/093063be-7313-4fa0-92e1-c00dae211148
Gladsaxekredsen,https://valg.dk/fv/847cec19-05ff-4eff-b433-f0e886b24b7d/nomination-district/3c0fe7bb-b6d7-4c94-9610-164ac0731645,Bagsværd,https://valg.dk/fv/847cec19-05ff-4eff-b433-f0e886b24b7d/nomination-district/3c0fe7bb-b6d7-4c94-9610-164ac0731645/polling-district/209b2466-ffc5-4aff-b725-83ee8e9dbb92
Gladsaxekredsen,https://valg.dk/fv/847cec19-05ff-4eff-b433-f0e886b24b7d/nomination-district/3c0fe7bb-b6d7-4c94-9610-164ac0731645,Egegård,https://valg.dk/fv/847cec19-05ff-4eff-b433-f0e886b24b7d/nomination-district/3c0fe7bb-b6d7-4c94-9610-164ac0731645/polling-district/476c70b8-7f09-4aae-a5ea-3177d929a616
Gladsaxekredsen,https://valg.dk/fv/847cec19-05ff-4eff-b433-f0e886b24b7d/nomination-district/3c0fe7bb-b6d7-4c94-9610-164ac0731645,Grønnemose,https://valg.dk/fv/847cec19-05ff-4eff-b433-f0e886b24b7d/nomination-district/3c0fe7bb-b6d7-4c94-9610-164ac0731645/polling-district/f3533e8d-2349-42f3-9c02-e97780b5da99
Gladsaxekredsen,https://valg.dk/fv/847cec19-05ff-4eff-b433-f0e886b24b7d/nomination-district/3c0fe7bb-b6d7-4c94-9610-164ac0731645,Hovedbiblioteket,https://valg.dk/fv/847cec19-05ff-4eff-b433-f0e886b24b7d/nomination-district/3c0fe7bb-b6d7-4c94-9610-164ac0731645/polling-district/7dce2c34-ade8-4e83-b59b-51dfd821bd62
Gladsaxekredsen,https://valg.dk/fv/847cec19-05ff-4eff-b433-f0e886b24b7d/nomination-district/3c0fe7bb-b6d7-4c94-9610-164ac0731645,Mørkhøj,https://valg.dk/fv/847cec19-05ff-4eff-b433-f0e886b24b7d/nomination-district/3c0fe7bb-b6d7-4c94-9610-164ac0731645/polling-district/eafdb1ea-1b4a-4046-ad26-a00983f8462e
Gladsaxekredsen,https://valg.dk/fv/847cec19-05ff-4eff-b433-f0e886b24b7d/nomination-district/3c0fe7bb-b6d7-4c94-9610-164ac0731645,Stengård,https://valg.dk/fv/847cec19-05ff-4eff-b433-f0e886b24b7d/nomination-district/3c0fe7bb-b6d7-4c94-9610-164ac0731645/polling-district/f86c9290-3328-4032-a122-22ffb8c5f46b
Gladsaxekredsen,https://valg.dk/fv/847cec19-05ff-4eff-b433-f0e886b24b7d/nomination-district/3c0fe7bb-b6d7-4c94-9610-164ac0731645,Søborg,https://valg.dk/fv/847cec19-05ff-4eff-b433-f0e886b24b7d/nomination-district/3c0fe7bb-b6d7-4c94-9610-164ac0731645/polling-district/959e7da7-5746-4fec-8a50-b63004aa8007
Gladsaxekredsen,https://valg.dk/fv/847cec19-05ff-4eff-b433-f0e886b24b7d/nomination-district/3c0fe7bb-b6d7-4c94-9610-164ac0731645,Vadgård,https://valg.dk/fv/847cec19-05ff-4eff-b433-f0e886b24b7d/nomination-district/3c0fe7bb-b6d7-4c94-9610-164ac0731645/polling-district/02367632-ce6b-4d5d-9b19-00c0f17bb9af
Gladsaxekredsen,https://valg.dk/fv/847cec19-05ff-4eff-b433-f0e886b24b7d/nomination-district/3c0fe7bb-b6d7-4c94-9610-164ac0731645,Værebro,https://valg.dk/fv/847cec19-05ff-4eff-b433-f0e886b24b7d/nomination-district/3c0fe7bb-b6d7-4c94-9610-164ac0731645/polling-district/6ea8e665-a737-4ee0-94aa-96e1ffcc5ee6
Grevekredsen,https://valg.dk/fv/847cec19-05ff-4eff-b433-f0e886b24b7d/nomination-district/08e2ff9b-dca7-48ed-af49-b22967885c2d,Arenaskolen,https://valg.dk/fv/847cec19-05ff-4eff-b433-f0e886b24b7d/nomination-district/08e2ff9b-dca7-48ed-af49-b22967885c2d/polling-district/7e1f87c8-82c2-4cd1-b751-e047209f68ff
Grevekredsen,https://valg.dk/fv/847cec19-05ff-4eff-b433-f0e886b24b7d/nomination-district/08e2ff9b-dca7-48ed-af49-b22967885c2d,Havdrup Idrætscenter,https://valg.dk/fv/847cec19-05ff-4eff-b433-f0e886b24b7d/nomination-district/08e2ff9b-dca7-48ed-af49-b22967885c2d/polling-district/4773a0dc-4fbb-44e4-8e08-9bfb84a78729
Grevekredsen,https://valg.dk/fv/847cec19-05ff-4eff-b433-f0e886b24b7d/nomination-district/08e2ff9b-dca7-48ed-af49-b22967885c2d,Holmeagerskolen,https://valg.dk/fv/847cec19-05ff-4eff-b433-f0e886b24b7d/nomination-district/08e2ff9b-dca7-48ed-af49-b22967885c2d/polling-district/387178f2-5f75-40da-a403-55c151a2a7a8
Grevekredsen,https://valg.dk/fv/847cec19-05ff-4eff-b433-f0e886b24b7d/nomination-district/08e2ff9b-dca7-48ed-af49-b22967885c2d,Hundige Hallen,https://valg.dk/fv/847cec19-05ff-4eff-b433-f0e886b24b7d/nomination-district/08e2ff9b-dca7-48ed-af49-b22967885c2d/polling-district/35336ac1-a572-4e33-9e03-12b04878553b
Grevekredsen,https://valg.dk/fv/847cec19-05ff-4eff-b433-f0e886b24b7d/nomination-district/08e2ff9b-dca7-48ed-af49-b22967885c2d,Karlslunde Hallerne,https://valg.dk/fv/847cec19-05ff-4eff-b433-f0e886b24b7d/nomination-district/08e2ff9b-dca7-48ed-af49-b22967885c2d/polling-district/dbdfd0ae-7580-4281-b175-eeb5337b79d5
Grevekredsen,https://valg.dk/fv/847cec19-05ff-4eff-b433-f0e886b24b7d/nomination-district/08e2ff9b-dca7-48ed-af49-b22967885c2d,Krogårdskolen,https://valg.dk/fv/847cec19-05ff-4eff-b433-f0e886b24b7d/nomination-district/08e2ff9b-dca7-48ed-af49-b22967885c2d/polling-district/65a1017b-e6ec-4ea9-9525-ccc14b40dea5
Grevekredsen,https://valg.dk/fv/847cec19-05ff-4eff-b433-f0e886b24b7d/nomination-district/08e2ff9b-dca7-48ed-af49-b22967885c2d,Mosedeskolen,https://valg.dk/fv/847cec19-05ff-4eff-b433-f0e886b24b7d/nomination-district/08e2ff9b-dca7-48ed-af49-b22967885c2d/polling-district/7f1cb724-2397-4161-9165-7208e54ddc66
Grevekredsen,https://valg.dk/fv/847cec19-05ff-4eff-b433-f0e886b24b7d/nomination-district/08e2ff9b-dca7-48ed-af49-b22967885c2d,Munkekærhallen,https://valg.dk/fv/847cec19-05ff-4eff-b433-f0e886b24b7d/nomination-district/08e2ff9b-dca7-48ed-af49-b22967885c2d/polling-district/537be61d-372b-4ce6-b0d3-e7c1cd04fe36
Grevekredsen,https://valg.dk/fv/847cec19-05ff-4eff-b433-f0e886b24b7d/nomination-district/08e2ff9b-dca7-48ed-af49-b22967885c2d,Solrød Idrætscenter,https://valg.dk/fv/847cec19-05ff-4eff-b433-f0e886b24b7d/nomination-district/08e2ff9b-dca7-48ed-af49-b22967885c2d/polling-district/6e49f2b6-c985-42e9-806e-cb8dd3c60db5
Grevekredsen,https://valg.dk/fv/847cec19-05ff-4eff-b433-f0e886b24b7d/nomination-district/08e2ff9b-dca7-48ed-af49-b22967885c2d,Tune Hallerne,https://valg.dk/fv/847cec19-05ff-4eff-b433-f0e886b24b7d/nomination-district/08e2ff9b-dca7-48ed-af49-b22967885c2d/polling-district/8f55c806-0b5b-42f8-b6ac-da111ad3dd43
Guldborgsundkredsen,https://valg.dk/fv/847cec19-05ff-4eff-b433-f0e886b24b7d/nomination-district/fb8057c9-3f5c-4e20-b123-c4e782f6dfe4,Byen,https://valg.dk/fv/847cec19-05ff-4eff-b433-f0e886b24b7d/nomination-district/fb8057c9-3f5c-4e20-b123-c4e782f6dfe4/polling-district/4a78e96d-08e0-4ad5-9b8c-0761ac610f45
Guldborgsundkredsen,https://valg.dk/fv/847cec19-05ff-4eff-b433-f0e886b24b7d/nomination-district/fb8057c9-3f5c-4e20-b123-c4e782f6dfe4,Ejegod,https://valg.dk/fv/847cec19-05ff-4eff-b433-f0e886b24b7d/nomination-district/fb8057c9-3f5c-4e20-b123-c4e782f6dfe4/polling-district/795f7483-10db-4cfe-877e-4420a41f0b0d
Guldborgsundkredsen,https://valg.dk/fv/847cec19-05ff-4eff-b433-f0e886b24b7d/nomination-district/fb8057c9-3f5c-4e20-b123-c4e782f6dfe4,Eskilstrup,https://valg.dk/fv/847cec19-05ff-4eff-b433-f0e886b24b7d/nomination-district/fb8057c9-3f5c-4e20-b123-c4e782f6dfe4/polling-district/89f10751-99bb-4c77-9bdf-01a76ef5fb49
Guldborgsundkredsen,https://valg.dk/fv/847cec19-05ff-4eff-b433-f0e886b24b7d/nomination-district/fb8057c9-3f5c-4e20-b123-c4e782f6dfe4,Gedser,https://valg.dk/fv/847cec19-05ff-4eff-b433-f0e886b24b7d/nomination-district/fb8057c9-3f5c-4e20-b123-c4e782f6dfe4/polling-district/e9dc3126-5d9e-4821-941a-084c74d18647
Guldborgsundkredsen,https://valg.dk/fv/847cec19-05ff-4eff-b433-f0e886b24b7d/nomination-district/fb8057c9-3f5c-4e20-b123-c4e782f6dfe4,Horreby,https://valg.dk/fv/847cec19-05ff-4eff-b433-f0e886b24b7d/nomination-district/fb8057c9-3f5c-4e20-b123-c4e782f6dfe4/polling-district/847df008-3edb-4ff5-83b3-e38d2f40b7d0
Guldborgsundkredsen,https://valg.dk/fv/847cec19-05ff-4eff-b433-f0e886b24b7d/nomination-district/fb8057c9-3f5c-4e20-b123-c4e782f6dfe4,Idestrup,https://valg.dk/fv/847cec19-05ff-4eff-b433-f0e886b24b7d/nomination-district/fb8057c9-3f5c-4e20-b123-c4e782f6dfe4/polling-district/8c78bc71-1515-40c3-8146-40b4068b58d9
Guldborgsundkredsen,https://valg.dk/fv/847cec19-05ff-4eff-b433-f0e886b24b7d/nomination-district/fb8057c9-3f5c-4e20-b123-c4e782f6dfe4,Kraghave,https://valg.dk/fv/847cec19-05ff-4eff-b433-f0e886b24b7d/nomination-district/fb8057c9-3f5c-4e20-b123-c4e782f6dfe4/polling-district/a42225ed-b016-4427-8178-364a775acbc0
Guldborgsundkredsen,https://valg.dk/fv/847cec19-05ff-4eff-b433-f0e886b24b7d/nomination-district/fb8057c9-3f5c-4e20-b123-c4e782f6dfe4,Lindeskov,https://valg.dk/fv/847cec19-05ff-4eff-b433-f0e886b24b7d/nomination-district/fb8057c9-3f5c-4e20-b123-c4e782f6dfe4/polling-district/0a38b9b8-cc7f-435f-922e-b1d1ce8bb42e
Guldborgsundkredsen,https://valg.dk/fv/847cec19-05ff-4eff-b433-f0e886b24b7d/nomination-district/fb8057c9-3f5c-4e20-b123-c4e782f6dfe4,Majbølle,https://valg.dk/fv/847cec19-05ff-4eff-b433-f0e886b24b7d/nomination-district/fb8057c9-3f5c-4e20-b123-c4e782f6dfe4/polling-district/e472498c-f7ad-4f89-bb34-543660ff7af4
Guldborgsundkredsen,https://valg.dk/fv/847cec19-05ff-4eff-b433-f0e886b24b7d/nomination-district/fb8057c9-3f5c-4e20-b123-c4e782f6dfe4,Nysted,https://valg.dk/fv/847cec19-05ff-4eff-b433-f0e886b24b7d/nomination-district/fb8057c9-3f5c-4e20-b123-c4e782f6dfe4/polling-district/d352a8b0-ba7f-4140-9487-31912a2fdeb6
Guldborgsundkredsen,https://valg.dk/fv/847cec19-05ff-4eff-b433-f0e886b24b7d/nomination-district/fb8057c9-3f5c-4e20-b123-c4e782f6dfe4,Nørre Alslev,https://valg.dk/fv/847cec19-05ff-4eff-b433-f0e886b24b7d/nomination-district/fb8057c9-3f5c-4e20-b123-c4e782f6dfe4/polling-district/3f68a8db-0402-4372-ae3b-e5e4fe380d6c
Guldborgsundkredsen,https://valg.dk/fv/847cec19-05ff-4eff-b433-f0e886b24b7d/nomination-district/fb8057c9-3f5c-4e20-b123-c4e782f6dfe4,Nørre Vedby,https://valg.dk/fv/847cec19-05ff-4eff-b433-f0e886b24b7d/nomination-district/fb8057c9-3f5c-4e20-b123-c4e782f6dfe4/polling-district/6b18d274-ce0f-49e8-9d19-4ac47fc4b6b6
Guldborgsundkredsen,https://valg.dk/fv/847cec19-05ff-4eff-b433-f0e886b24b7d/nomination-district/fb8057c9-3f5c-4e20-b123-c4e782f6dfe4,Sakskøbing,https://valg.dk/fv/847cec19-05ff-4eff-b433-f0e886b24b7d/nomination-district/fb8057c9-3f5c-4e20-b123-c4e782f6dfe4/polling-district/9851fcb1-ba01-4ba7-b29f-a4ac4421e63d
Guldborgsundkredsen,https://valg.dk/fv/847cec19-05ff-4eff-b433-f0e886b24b7d/nomination-district/fb8057c9-3f5c-4e20-b123-c4e782f6dfe4,Stubbekøbing,https://valg.dk/fv/847cec19-05ff-4eff-b433-f0e886b24b7d/nomination-district/fb8057c9-3f5c-4e20-b123-c4e782f6dfe4/polling-district/22703b4a-abb3-4889-8b20-aa7dfc5a6570
Guldborgsundkredsen,https://valg.dk/fv/847cec19-05ff-4eff-b433-f0e886b24b7d/nomination-district/fb8057c9-3f5c-4e20-b123-c4e782f6dfe4,Sundby,https://valg.dk/fv/847cec19-05ff-4eff-b433-f0e886b24b7d/nomination-district/fb8057c9-3f5c-4e20-b123-c4e782f6dfe4/polling-district/5a0a0a54-1db3-46da-acf3-7af6ff1a9931
Guldborgsundkredsen,https://valg.dk/fv/847cec19-05ff-4eff-b433-f0e886b24b7d/nomination-district/fb8057c9-3f5c-4e20-b123-c4e782f6dfe4,Toreby,https://valg.dk/fv/847cec19-05ff-4eff-b433-f0e886b24b7d/nomination-district/fb8057c9-3f5c-4e20-b123-c4e782f6dfe4/polling-district/d99efb40-04cb-472b-858c-1500a9676c45
Guldborgsundkredsen,https://valg.dk/fv/847cec19-05ff-4eff-b433-f0e886b24b7d/nomination-district/fb8057c9-3f5c-4e20-b123-c4e782f6dfe4,Våbensted,https://valg.dk/fv/847cec19-05ff-4eff-b433-f0e886b24b7d/nomination-district/fb8057c9-3f5c-4e20-b123-c4e782f6dfe4/polling-district/f6f644f6-6fed-4aa9-8cf6-053903e63383
Guldborgsundkredsen,https://valg.dk/fv/847cec19-05ff-4eff-b433-f0e886b24b7d/nomination-district/fb8057c9-3f5c-4e20-b123-c4e782f6dfe4,Væggerløse,https://valg.dk/fv/847cec19-05ff-4eff-b433-f0e886b24b7d/nomination-district/fb8057c9-3f5c-4e20-b123-c4e782f6dfe4/polling-district/e70dd9d0-4422-4183-8886-6830835e8656
Guldborgsundkredsen,https://valg.dk/fv/847cec19-05ff-4eff-b433-f0e886b24b7d/nomination-district/fb8057c9-3f5c-4e20-b123-c4e782f6dfe4,Øster Ulslev,https://valg.dk/fv/847cec19-05ff-4eff-b433-f0e886b24b7d/nomination-district/fb8057c9-3f5c-4e20-b123-c4e782f6dfe4/polling-district/1d1ee8f7-091a-4e8d-9762-cf4d078c05c1
Guldborgsundkredsen,https://valg.dk/fv/847cec19-05ff-4eff-b433-f0e886b24b7d/nomination-district/fb8057c9-3f5c-4e20-b123-c4e782f6dfe4,Østerbro,https://valg.dk/fv/847cec19-05ff-4eff-b433-f0e886b24b7d/nomination-district/fb8057c9-3f5c-4e20-b123-c4e782f6dfe4/polling-district/05b2c0c6-c3ad-4dbe-b178-a400dc3ca461
Haderslevkredsen,https://valg.dk/fv/847cec19-05ff-4eff-b433-f0e886b24b7d/nomination-district/282a07d6-5aca-4884-b571-828bf081098f,Aarø,https://valg.dk/fv/847cec19-05ff-4eff-b433-f0e886b24b7d/nomination-district/282a07d6-5aca-4884-b571-828bf081098f/polling-district/4ad870a7-d9dc-4df2-a7ea-0a8f6e5a1e1e
Haderslevkredsen,https://valg.dk/fv/847cec19-05ff-4eff-b433-f0e886b24b7d/nomination-district/282a07d6-5aca-4884-b571-828bf081098f,Aastrup,https://valg.dk/fv/847cec19-05ff-4eff-b433-f0e886b24b7d/nomination-district/282a07d6-5aca-4884-b571-828bf081098f/polling-district/2069c09f-a2c0-4967-9376-69b4ded48e55
Haderslevkredsen,https://valg.dk/fv/847cec19-05ff-4eff-b433-f0e886b24b7d/nomination-district/282a07d6-5aca-4884-b571-828bf081098f,Arnum,https://valg.dk/fv/847cec19-05ff-4eff-b433-f0e886b24b7d/nomination-district/282a07d6-5aca-4884-b571-828bf081098f/polling-district/fef2e52b-5ee5-47dc-8097-6ea02ecdd94d
Haderslevkredsen,https://valg.dk/fv/847cec19-05ff-4eff-b433-f0e886b24b7d/nomination-district/282a07d6-5aca-4884-b571-828bf081098f,Bevtoft,https://valg.dk/fv/847cec19-05ff-4eff-b433-f0e886b24b7d/nomination-district/282a07d6-5aca-4884-b571-828bf081098f/polling-district/505342b9-87cc-4683-9353-42b108bba219
Haderslevkredsen,https://valg.dk/fv/847cec19-05ff-4eff-b433-f0e886b24b7d/nomination-district/282a07d6-5aca-4884-b571-828bf081098f,Fjelstrup,https://valg.dk/fv/847cec19-05ff-4eff-b433-f0e886b24b7d/nomination-district/282a07d6-5aca-4884-b571-828bf081098f/polling-district/fbcc08e6-4cb8-458d-a88d-ca8e713000a9
Haderslevkredsen,https://valg.dk/fv/847cec19-05ff-4eff-b433-f0e886b24b7d/nomination-district/282a07d6-5aca-4884-b571-828bf081098f,Fole,https://valg.dk/fv/847cec19-05ff-4eff-b433-f0e886b24b7d/nomination-district/282a07d6-5aca-4884-b571-828bf081098f/polling-district/111bd532-779a-4cab-b444-34d49a98d5f6
Haderslevkredsen,https://valg.dk/fv/847cec19-05ff-4eff-b433-f0e886b24b7d/nomination-district/282a07d6-5aca-4884-b571-828bf081098f,Gram,https://valg.dk/fv/847cec19-05ff-4eff-b433-f0e886b24b7d/nomination-district/282a07d6-5aca-4884-b571-828bf081098f/polling-district/65c69262-b70c-48c6-aea0-9f4b4b506dfe
Haderslevkredsen,https://valg.dk/fv/847cec19-05ff-4eff-b433-f0e886b24b7d/nomination-district/282a07d6-5aca-4884-b571-828bf081098f,Haderslev Midtby,https://valg.dk/fv/847cec19-05ff-4eff-b433-f0e886b24b7d/nomination-district/282a07d6-5aca-4884-b571-828bf081098f/polling-district/2faebcae-aa80-4725-927a-4240bef3deff
Haderslevkredsen,https://valg.dk/fv/847cec19-05ff-4eff-b433-f0e886b24b7d/nomination-district/282a07d6-5aca-4884-b571-828bf081098f,Haderslev Nord,https://valg.dk/fv/847cec19-05ff-4eff-b433-f0e886b24b7d/nomination-district/282a07d6-5aca-4884-b571-828bf081098f/polling-district/7c629e3c-74a8-48f2-b3c3-9b0fa8ca3171
Haderslevkredsen,https://valg.dk/fv/847cec19-05ff-4eff-b433-f0e886b24b7d/nomination-district/282a07d6-5aca-4884-b571-828bf081098f,Haderslev Syd,https://valg.dk/fv/847cec19-05ff-4eff-b433-f0e886b24b7d/nomination-district/282a07d6-5aca-4884-b571-828bf081098f/polling-district/9909f40a-26a7-440f-9e15-3c4029e30a72
Haderslevkredsen,https://valg.dk/fv/847cec19-05ff-4eff-b433-f0e886b24b7d/nomination-district/282a07d6-5aca-4884-b571-828bf081098f,Haderslev Syd-Vest,https://valg.dk/fv/847cec19-05ff-4eff-b433-f0e886b24b7d/nomination-district/282a07d6-5aca-4884-b571-828bf081098f/polling-district/6620362c-1bdb-4f86-a312-46b31ea086e1
Haderslevkredsen,https://valg.dk/fv/847cec19-05ff-4eff-b433-f0e886b24b7d/nomination-district/282a07d6-5aca-4884-b571-828bf081098f,Haderslev Vest,https://valg.dk/fv/847cec19-05ff-4eff-b433-f0e886b24b7d/nomination-district/282a07d6-5aca-4884-b571-828bf081098f/polling-district/e578dc7d-3598-41e4-92a8-255c899f5018
Haderslevkredsen,https://valg.dk/fv/847cec19-05ff-4eff-b433-f0e886b24b7d/nomination-district/282a07d6-5aca-4884-b571-828bf081098f,Haderslev Øst,https://valg.dk/fv/847cec19-05ff-4eff-b433-f0e886b24b7d/nomination-district/282a07d6-5aca-4884-b571-828bf081098f/polling-district/a50da93b-7a38-4db8-8e99-e80844883ac6
Haderslevkredsen,https://valg.dk/fv/847cec19-05ff-4eff-b433-f0e886b24b7d/nomination-district/282a07d6-5aca-4884-b571-828bf081098f,Halk,https://valg.dk/fv/847cec19-05ff-4eff-b433-f0e886b24b7d/nomination-district/282a07d6-5aca-4884-b571-828bf081098f/polling-district/5054b4cc-94d6-4851-9ecd-2d00d147f64f
Haderslevkredsen,https://valg.dk/fv/847cec19-05ff-4eff-b433-f0e886b24b7d/nomination-district/282a07d6-5aca-4884-b571-828bf081098f,Hammelev,https://valg.dk/fv/847cec19-05ff-4eff-b433-f0e886b24b7d/nomination-district/282a07d6-5aca-4884-b571-828bf081098f/polling-district/83dcfdb7-dd7b-44d8-aee8-9b0c6eb32a3b
Haderslevkredsen,https://valg.dk/fv/847cec19-05ff-4eff-b433-f0e886b24b7d/nomination-district/282a07d6-5aca-4884-b571-828bf081098f,Hoptrup,https://valg.dk/fv/847cec19-05ff-4eff-b433-f0e886b24b7d/nomination-district/282a07d6-5aca-4884-b571-828bf081098f/polling-district/1e979d7d-3855-4a94-ae33-1686c9a84c6a
Haderslevkredsen,https://valg.dk/fv/847cec19-05ff-4eff-b433-f0e886b24b7d/nomination-district/282a07d6-5aca-4884-b571-828bf081098f,Jegerup,https://valg.dk/fv/847cec19-05ff-4eff-b433-f0e886b24b7d/nomination-district/282a07d6-5aca-4884-b571-828bf081098f/polling-district/b87d0225-b834-4d4f-8641-e9e1da14e4de
Haderslevkredsen,https://valg.dk/fv/847cec19-05ff-4eff-b433-f0e886b24b7d/nomination-district/282a07d6-5aca-4884-b571-828bf081098f,Kelstrup,https://valg.dk/fv/847cec19-05ff-4eff-b433-f0e886b24b7d/nomination-district/282a07d6-5aca-4884-b571-828bf081098f/polling-district/7a5a13f0-34e4-4b86-9909-a278c934cf9d
Haderslevkredsen,https://valg.dk/fv/847cec19-05ff-4eff-b433-f0e886b24b7d/nomination-district/282a07d6-5aca-4884-b571-828bf081098f,Marstrup,https://valg.dk/fv/847cec19-05ff-4eff-b433-f0e886b24b7d/nomination-district/282a07d6-5aca-4884-b571-828bf081098f/polling-district/30bd0086-da9f-4e16-ad0c-e2a1f4f0286c
Haderslevkredsen,https://valg.dk/fv/847cec19-05ff-4eff-b433-f0e886b24b7d/nomination-district/282a07d6-5aca-4884-b571-828bf081098f,Moltrup,https://valg.dk/fv/847cec19-05ff-4eff-b433-f0e886b24b7d/nomination-district/282a07d6-5aca-4884-b571-828bf081098f/polling-district/76f96a7c-0947-4a9f-98b6-3ea55a59fe02
Haderslevkredsen,https://valg.dk/fv/847cec19-05ff-4eff-b433-f0e886b24b7d/nomination-district/282a07d6-5aca-4884-b571-828bf081098f,Nustrup,https://valg.dk/fv/847cec19-05ff-4eff-b433-f0e886b24b7d/nomination-district/282a07d6-5aca-4884-b571-828bf081098f/polling-district/0ca6998e-0a65-4c86-b13d-17aed94418f8
Haderslevkredsen,https://valg.dk/fv/847cec19-05ff-4eff-b433-f0e886b24b7d/nomination-district/282a07d6-5aca-4884-b571-828bf081098f,Oksenvad,https://valg.dk/fv/847cec19-05ff-4eff-b433-f0e886b24b7d/nomination-district/282a07d6-5aca-4884-b571-828bf081098f/polling-district/f1c659fc-b6c0-469c-9ac9-9a9e6f23a287
Haderslevkredsen,https://valg.dk/fv/847cec19-05ff-4eff-b433-f0e886b24b7d/nomination-district/282a07d6-5aca-4884-b571-828bf081098f,Over Jerstal,https://valg.dk/fv/847cec19-05ff-4eff-b433-f0e886b24b7d/nomination-district/282a07d6-5aca-4884-b571-828bf081098f/polling-district/eca3183f-1135-46f6-bbf4-48d7129220ac
Haderslevkredsen,https://valg.dk/fv/847cec19-05ff-4eff-b433-f0e886b24b7d/nomination-district/282a07d6-5aca-4884-b571-828bf081098f,Simmersted,https://valg.dk/fv/847cec19-05ff-4eff-b433-f0e886b24b7d/nomination-district/282a07d6-5aca-4884-b571-828bf081098f/polling-district/5e8c23d3-4384-40d2-9fc1-b3e25098ccb0
Haderslevkredsen,https://valg.dk/fv/847cec19-05ff-4eff-b433-f0e886b24b7d/nomination-district/282a07d6-5aca-4884-b571-828bf081098f,Skrydstrup,https://valg.dk/fv/847cec19-05ff-4eff-b433-f0e886b24b7d/nomination-district/282a07d6-5aca-4884-b571-828bf081098f/polling-district/8644d53e-8b98-4823-bf26-2d8194da64b2
Haderslevkredsen,https://valg.dk/fv/847cec19-05ff-4eff-b433-f0e886b24b7d/nomination-district/282a07d6-5aca-4884-b571-828bf081098f,Sommersted,https://valg.dk/fv/847cec19-05ff-4eff-b433-f0e886b24b7d/nomination-district/282a07d6-5aca-4884-b571-828bf081098f/polling-district/5bfdc1d2-19e4-47ee-b882-d820d690f955
Haderslevkredsen,https://valg.dk/fv/847cec19-05ff-4eff-b433-f0e886b24b7d/nomination-district/282a07d6-5aca-4884-b571-828bf081098f,Starup,https://valg.dk/fv/847cec19-05ff-4eff-b433-f0e886b24b7d/nomination-district/282a07d6-5aca-4884-b571-828bf081098f/polling-district/79b09b8e-27cc-4d52-8b5b-aca4d8726b30
Haderslevkredsen,https://valg.dk/fv/847cec19-05ff-4eff-b433-f0e886b24b7d/nomination-district/282a07d6-5aca-4884-b571-828bf081098f,Tiset,https://valg.dk/fv/847cec19-05ff-4eff-b433-f0e886b24b7d/nomination-district/282a07d6-5aca-4884-b571-828bf081098f/polling-district/ea960fcd-99c6-4325-ab61-463fe19946c8
Haderslevkredsen,https://valg.dk/fv/847cec19-05ff-4eff-b433-f0e886b24b7d/nomination-district/282a07d6-5aca-4884-b571-828bf081098f,Vedsted,https://valg.dk/fv/847cec19-05ff-4eff-b433-f0e886b24b7d/nomination-district/282a07d6-5aca-4884-b571-828bf081098f/polling-district/a4f4fcab-3133-418e-a460-cf4d57323e39
Haderslevkredsen,https://valg.dk/fv/847cec19-05ff-4eff-b433-f0e886b24b7d/nomination-district/282a07d6-5aca-4884-b571-828bf081098f,Vilstrup,https://valg.dk/fv/847cec19-05ff-4eff-b433-f0e886b24b7d/nomination-district/282a07d6-5aca-4884-b571-828bf081098f/polling-district/ed6c2da2-6c61-41e5-94fd-f4399c59c0d4
Haderslevkredsen,https://valg.dk/fv/847cec19-05ff-4eff-b433-f0e886b24b7d/nomination-district/282a07d6-5aca-4884-b571-828bf081098f,Vojens Vest,https://valg.dk/fv/847cec19-05ff-4eff-b433-f0e886b24b7d/nomination-district/282a07d6-5aca-4884-b571-828bf081098f/polling-district/14af684c-2d85-4c43-992c-5c676fc11de0
Haderslevkredsen,https://valg.dk/fv/847cec19-05ff-4eff-b433-f0e886b24b7d/nomination-district/282a07d6-5aca-4884-b571-828bf081098f,Vojens Øst,https://valg.dk/fv/847cec19-05ff-4eff-b433-f0e886b24b7d/nomination-district/282a07d6-5aca-4884-b571-828bf081098f/polling-district/f55a2a0f-6438-4871-aca0-fbbe0c5ccdb3
Haderslevkredsen,https://valg.dk/fv/847cec19-05ff-4eff-b433-f0e886b24b7d/nomination-district/282a07d6-5aca-4884-b571-828bf081098f,Vonsbæk,https://valg.dk/fv/847cec19-05ff-4eff-b433-f0e886b24b7d/nomination-district/282a07d6-5aca-4884-b571-828bf081098f/polling-district/edd8c450-bc19-45f7-87cd-c67b8feb7953
Haderslevkredsen,https://valg.dk/fv/847cec19-05ff-4eff-b433-f0e886b24b7d/nomination-district/282a07d6-5aca-4884-b571-828bf081098f,Øsby,https://valg.dk/fv/847cec19-05ff-4eff-b433-f0e886b24b7d/nomination-district/282a07d6-5aca-4884-b571-828bf081098f/polling-district/184f1e6b-6fd8-4c76-b513-8bcb0abe4843
Hedenstedkredsen,https://valg.dk/fv/847cec19-05ff-4eff-b433-f0e886b24b7d/nomination-district/2b79b2c8-29ac-4d59-bd21-9f68ed7e746e,Aale,https://valg.dk/fv/847cec19-05ff-4eff-b433-f0e886b24b7d/nomination-district/2b79b2c8-29ac-4d59-bd21-9f68ed7e746e/polling-district/1eabcfe5-9b82-4b85-bc78-5f5578f1938a
Hedenstedkredsen,https://valg.dk/fv/847cec19-05ff-4eff-b433-f0e886b24b7d/nomination-district/2b79b2c8-29ac-4d59-bd21-9f68ed7e746e,As,https://valg.dk/fv/847cec19-05ff-4eff-b433-f0e886b24b7d/nomination-district/2b79b2c8-29ac-4d59-bd21-9f68ed7e746e/polling-district/c98cd478-c9f6-498f-a14c-e459a025915d
Hedenstedkredsen,https://valg.dk/fv/847cec19-05ff-4eff-b433-f0e886b24b7d/nomination-district/2b79b2c8-29ac-4d59-bd21-9f68ed7e746e,Barrit,https://valg.dk/fv/847cec19-05ff-4eff-b433-f0e886b24b7d/nomination-district/2b79b2c8-29ac-4d59-bd21-9f68ed7e746e/polling-district/d64475cf-9b7c-4b2c-b04e-04cb4076b0d4
Hedenstedkredsen,https://valg.dk/fv/847cec19-05ff-4eff-b433-f0e886b24b7d/nomination-district/2b79b2c8-29ac-4d59-bd21-9f68ed7e746e,Bjerre,https://valg.dk/fv/847cec19-05ff-4eff-b433-f0e886b24b7d/nomination-district/2b79b2c8-29ac-4d59-bd21-9f68ed7e746e/polling-district/f7a50dc9-fb6a-443b-a0ea-232fbaf39ea1
Hedenstedkredsen,https://valg.dk/fv/847cec19-05ff-4eff-b433-f0e886b24b7d/nomination-district/2b79b2c8-29ac-4d59-bd21-9f68ed7e746e,Daugård Og Ørum Sogne,https://valg.dk/fv/847cec19-05ff-4eff-b433-f0e886b24b7d/nomination-district/2b79b2c8-29ac-4d59-bd21-9f68ed7e746e/polling-district/29feae82-29fb-4fc0-8ac8-cc453ecb65a9
Hedenstedkredsen,https://valg.dk/fv/847cec19-05ff-4eff-b433-f0e886b24b7d/nomination-district/2b79b2c8-29ac-4d59-bd21-9f68ed7e746e,Glud,https://valg.dk/fv/847cec19-05ff-4eff-b433-f0e886b24b7d/nomination-district/2b79b2c8-29ac-4d59-bd21-9f68ed7e746e/polling-district/0630fb4e-dd97-4d76-918f-314086356cae
Hedenstedkredsen,https://valg.dk/fv/847cec19-05ff-4eff-b433-f0e886b24b7d/nomination-district/2b79b2c8-29ac-4d59-bd21-9f68ed7e746e,"Hedensted, St.Dalby Og Urlev",https://valg.dk/fv/847cec19-05ff-4eff-b433-f0e886b24b7d/nomination-district/2b79b2c8-29ac-4d59-bd21-9f68ed7e746e/polling-district/04a3788a-251b-45ef-a8e3-f0de1a6ac4d7
Hedenstedkredsen,https://valg.dk/fv/847cec19-05ff-4eff-b433-f0e886b24b7d/nomination-district/2b79b2c8-29ac-4d59-bd21-9f68ed7e746e,Hjarnø,https://valg.dk/fv/847cec19-05ff-4eff-b433-f0e886b24b7d/nomination-district/2b79b2c8-29ac-4d59-bd21-9f68ed7e746e/polling-district/e9a8233e-9670-4e66-9ca8-86b2ad3591ce
Hedenstedkredsen,https://valg.dk/fv/847cec19-05ff-4eff-b433-f0e886b24b7d/nomination-district/2b79b2c8-29ac-4d59-bd21-9f68ed7e746e,Hjortsvang,https://valg.dk/fv/847cec19-05ff-4eff-b433-f0e886b24b7d/nomination-district/2b79b2c8-29ac-4d59-bd21-9f68ed7e746e/polling-district/566f74d4-61dc-40fd-bdfa-2d20f1b5fcc2
Hedenstedkredsen,https://valg.dk/fv/847cec19-05ff-4eff-b433-f0e886b24b7d/nomination-district/2b79b2c8-29ac-4d59-bd21-9f68ed7e746e,Hornborg,https://valg.dk/fv/847cec19-05ff-4eff-b433-f0e886b24b7d/nomination-district/2b79b2c8-29ac-4d59-bd21-9f68ed7e746e/polling-district/050bf93b-65dd-493d-aa8f-c1210a5f2f47
Hedenstedkredsen,https://valg.dk/fv/847cec19-05ff-4eff-b433-f0e886b24b7d/nomination-district/2b79b2c8-29ac-4d59-bd21-9f68ed7e746e,Hornsyld,https://valg.dk/fv/847cec19-05ff-4eff-b433-f0e886b24b7d/nomination-district/2b79b2c8-29ac-4d59-bd21-9f68ed7e746e/polling-district/79653143-6b65-4d9c-b08b-3cb754a4e146
Hedenstedkredsen,https://valg.dk/fv/847cec19-05ff-4eff-b433-f0e886b24b7d/nomination-district/2b79b2c8-29ac-4d59-bd21-9f68ed7e746e,Hvirring,https://valg.dk/fv/847cec19-05ff-4eff-b433-f0e886b24b7d/nomination-district/2b79b2c8-29ac-4d59-bd21-9f68ed7e746e/polling-district/78bd9bda-177d-43fd-9c16-20a8ccf6cbc8
Hedenstedkredsen,https://valg.dk/fv/847cec19-05ff-4eff-b433-f0e886b24b7d/nomination-district/2b79b2c8-29ac-4d59-bd21-9f68ed7e746e,Juelsminde/Klakring,https://valg.dk/fv/847cec19-05ff-4eff-b433-f0e886b24b7d/nomination-district/2b79b2c8-29ac-4d59-bd21-9f68ed7e746e/polling-district/89f13765-c38b-4243-ad30-1bda24acd253
Hedenstedkredsen,https://valg.dk/fv/847cec19-05ff-4eff-b433-f0e886b24b7d/nomination-district/2b79b2c8-29ac-4d59-bd21-9f68ed7e746e,Korning Sogn,https://valg.dk/fv/847cec19-05ff-4eff-b433-f0e886b24b7d/nomination-district/2b79b2c8-29ac-4d59-bd21-9f68ed7e746e/polling-district/67fda1b0-3b10-4814-bca5-2704b839866f
Hedenstedkredsen,https://valg.dk/fv/847cec19-05ff-4eff-b433-f0e886b24b7d/nomination-district/2b79b2c8-29ac-4d59-bd21-9f68ed7e746e,Lindved,https://valg.dk/fv/847cec19-05ff-4eff-b433-f0e886b24b7d/nomination-district/2b79b2c8-29ac-4d59-bd21-9f68ed7e746e/polling-district/12dbb736-cd7b-439e-b5d6-31ad26a06eb3
Hedenstedkredsen,https://valg.dk/fv/847cec19-05ff-4eff-b433-f0e886b24b7d/nomination-district/2b79b2c8-29ac-4d59-bd21-9f68ed7e746e,Løsning Sogn,https://valg.dk/fv/847cec19-05ff-4eff-b433-f0e886b24b7d/nomination-district/2b79b2c8-29ac-4d59-bd21-9f68ed7e746e/polling-district/31740fa1-f1b7-4ad9-bd2c-a8e3f503a84b
Hedenstedkredsen,https://valg.dk/fv/847cec19-05ff-4eff-b433-f0e886b24b7d/nomination-district/2b79b2c8-29ac-4d59-bd21-9f68ed7e746e,Rask Mølle,https://valg.dk/fv/847cec19-05ff-4eff-b433-f0e886b24b7d/nomination-district/2b79b2c8-29ac-4d59-bd21-9f68ed7e746e/polling-district/bf74d3dc-9217-4fb9-8618-8fa65494f9dc
Hedenstedkredsen,https://valg.dk/fv/847cec19-05ff-4eff-b433-f0e886b24b7d/nomination-district/2b79b2c8-29ac-4d59-bd21-9f68ed7e746e,Rårup,https://valg.dk/fv/847cec19-05ff-4eff-b433-f0e886b24b7d/nomination-district/2b79b2c8-29ac-4d59-bd21-9f68ed7e746e/polling-district/08f33817-8838-4670-ae07-fc22608753c6
Hedenstedkredsen,https://valg.dk/fv/847cec19-05ff-4eff-b433-f0e886b24b7d/nomination-district/2b79b2c8-29ac-4d59-bd21-9f68ed7e746e,Stouby,https://valg.dk/fv/847cec19-05ff-4eff-b433-f0e886b24b7d/nomination-district/2b79b2c8-29ac-4d59-bd21-9f68ed7e746e/polling-district/8be73b9d-454c-4fec-9adf-fb1b8640783e
Hedenstedkredsen,https://valg.dk/fv/847cec19-05ff-4eff-b433-f0e886b24b7d/nomination-district/2b79b2c8-29ac-4d59-bd21-9f68ed7e746e,Tørring,https://valg.dk/fv/847cec19-05ff-4eff-b433-f0e886b24b7d/nomination-district/2b79b2c8-29ac-4d59-bd21-9f68ed7e746e/polling-district/963a836b-a5fe-4db4-a566-d3ebecb6e2eb
Hedenstedkredsen,https://valg.dk/fv/847cec19-05ff-4eff-b433-f0e886b24b7d/nomination-district/2b79b2c8-29ac-4d59-bd21-9f68ed7e746e,Uldum,https://valg.dk/fv/847cec19-05ff-4eff-b433-f0e886b24b7d/nomination-district/2b79b2c8-29ac-4d59-bd21-9f68ed7e746e/polling-district/3e646827-9f80-4db6-8dc2-4a6adbc607f1
Hedenstedkredsen,https://valg.dk/fv/847cec19-05ff-4eff-b433-f0e886b24b7d/nomination-district/2b79b2c8-29ac-4d59-bd21-9f68ed7e746e,Ø. Snede Sogn,https://valg.dk/fv/847cec19-05ff-4eff-b433-f0e886b24b7d/nomination-district/2b79b2c8-29ac-4d59-bd21-9f68ed7e746e/polling-district/93365c81-8132-4d2c-8b9e-a4bb054b09f2
Hedenstedkredsen,https://valg.dk/fv/847cec19-05ff-4eff-b433-f0e886b24b7d/nomination-district/2b79b2c8-29ac-4d59-bd21-9f68ed7e746e,Ølholm,https://valg.dk/fv/847cec19-05ff-4eff-b433-f0e886b24b7d/nomination-district/2b79b2c8-29ac-4d59-bd21-9f68ed7e746e/polling-district/3186bcbb-2cda-4de0-a357-4e0fd86eb3ab
Hedenstedkredsen,https://valg.dk/fv/847cec19-05ff-4eff-b433-f0e886b24b7d/nomination-district/2b79b2c8-29ac-4d59-bd21-9f68ed7e746e,Ølsted Og Eriknauer-Området,https://valg.dk/fv/847cec19-05ff-4eff-b433-f0e886b24b7d/nomination-district/2b79b2c8-29ac-4d59-bd21-9f68ed7e746e/polling-district/0e0480d9-915f-4752-ab1b-8f1a0b39c4f7
Helsingørkredsen,https://valg.dk/fv/847cec19-05ff-4eff-b433-f0e886b24b7d/nomination-district/a61d6c57-373b-4581-ace3-4d8a8ae25d8d,Bølgen,https://valg.dk/fv/847cec19-05ff-4eff-b433-f0e886b24b7d/nomination-district/a61d6c57-373b-4581-ace3-4d8a8ae25d8d/polling-district/7ef4895c-80b5-45d2-85f2-046c5991b06b
Helsingørkredsen,https://valg.dk/fv/847cec19-05ff-4eff-b433-f0e886b24b7d/nomination-district/a61d6c57-373b-4581-ace3-4d8a8ae25d8d,Espergærde Bibliotek,https://valg.dk/fv/847cec19-05ff-4eff-b433-f0e886b24b7d/nomination-district/a61d6c57-373b-4581-ace3-4d8a8ae25d8d/polling-district/dee16d4a-a9f9-4c10-8964-3be413c88a05
Helsingørkredsen,https://valg.dk/fv/847cec19-05ff-4eff-b433-f0e886b24b7d/nomination-district/a61d6c57-373b-4581-ace3-4d8a8ae25d8d,Helsingør Hallen,https://valg.dk/fv/847cec19-05ff-4eff-b433-f0e886b24b7d/nomination-district/a61d6c57-373b-4581-ace3-4d8a8ae25d8d/polling-district/3d4968ed-9af9-49a8-bce3-949af45eb0af
Helsingørkredsen,https://valg.dk/fv/847cec19-05ff-4eff-b433-f0e886b24b7d/nomination-district/a61d6c57-373b-4581-ace3-4d8a8ae25d8d,Hornbæk Skole,https://valg.dk/fv/847cec19-05ff-4eff-b433-f0e886b24b7d/nomination-district/a61d6c57-373b-4581-ace3-4d8a8ae25d8d/polling-district/5b33bab1-40af-402d-9a0c-0aae5ab9e498
Helsingørkredsen,https://valg.dk/fv/847cec19-05ff-4eff-b433-f0e886b24b7d/nomination-district/a61d6c57-373b-4581-ace3-4d8a8ae25d8d,Kvistgård Idrætsanlæg,https://valg.dk/fv/847cec19-05ff-4eff-b433-f0e886b24b7d/nomination-district/a61d6c57-373b-4581-ace3-4d8a8ae25d8d/polling-district/cb16386f-2f65-428d-9d7e-de5cb9ca0e02
Helsingørkredsen,https://valg.dk/fv/847cec19-05ff-4eff-b433-f0e886b24b7d/nomination-district/a61d6c57-373b-4581-ace3-4d8a8ae25d8d,"Laden, Gl. Vapnagård",https://valg.dk/fv/847cec19-05ff-4eff-b433-f0e886b24b7d/nomination-district/a61d6c57-373b-4581-ace3-4d8a8ae25d8d/polling-district/0070b4ab-583b-4582-b1a9-51c02ab51ed5
Helsingørkredsen,https://valg.dk/fv/847cec19-05ff-4eff-b433-f0e886b24b7d/nomination-district/a61d6c57-373b-4581-ace3-4d8a8ae25d8d,Mørdrupskolen,https://valg.dk/fv/847cec19-05ff-4eff-b433-f0e886b24b7d/nomination-district/a61d6c57-373b-4581-ace3-4d8a8ae25d8d/polling-district/0fc17ce5-16ee-45f0-a980-543677395e5f
Helsingørkredsen,https://valg.dk/fv/847cec19-05ff-4eff-b433-f0e886b24b7d/nomination-district/a61d6c57-373b-4581-ace3-4d8a8ae25d8d,Nygård Skole,https://valg.dk/fv/847cec19-05ff-4eff-b433-f0e886b24b7d/nomination-district/a61d6c57-373b-4581-ace3-4d8a8ae25d8d/polling-district/61a2afcd-c1c0-4e92-ab65-fad90093e65e
Helsingørkredsen,https://valg.dk/fv/847cec19-05ff-4eff-b433-f0e886b24b7d/nomination-district/a61d6c57-373b-4581-ace3-4d8a8ae25d8d,Skolen ved Gurrevej,https://valg.dk/fv/847cec19-05ff-4eff-b433-f0e886b24b7d/nomination-district/a61d6c57-373b-4581-ace3-4d8a8ae25d8d/polling-district/db3b1493-ce56-4dfd-b806-49008bf0b00c
Helsingørkredsen,https://valg.dk/fv/847cec19-05ff-4eff-b433-f0e886b24b7d/nomination-district/a61d6c57-373b-4581-ace3-4d8a8ae25d8d,Snekkersten Hallen,https://valg.dk/fv/847cec19-05ff-4eff-b433-f0e886b24b7d/nomination-district/a61d6c57-373b-4581-ace3-4d8a8ae25d8d/polling-district/251e85f1-580c-4ea1-8c15-2c53381108ab
Helsingørkredsen,https://valg.dk/fv/847cec19-05ff-4eff-b433-f0e886b24b7d/nomination-district/a61d6c57-373b-4581-ace3-4d8a8ae25d8d,Tikøb Skole,https://valg.dk/fv/847cec19-05ff-4eff-b433-f0e886b24b7d/nomination-district/a61d6c57-373b-4581-ace3-4d8a8ae25d8d/polling-district/619a4f4d-aafb-4e31-8313-f0508cea9d61
Herning Nordkredsen,https://valg.dk/fv/847cec19-05ff-4eff-b433-f0e886b24b7d/nomination-district/c1a4c878-3c27-4816-af6d-6c674f6b3442,Aulum,https://valg.dk/fv/847cec19-05ff-4eff-b433-f0e886b24b7d/nomination-district/c1a4c878-3c27-4816-af6d-6c674f6b3442/polling-district/61e923bc-7cfe-4657-add9-2b13b3090c91
Herning Nordkredsen,https://valg.dk/fv/847cec19-05ff-4eff-b433-f0e886b24b7d/nomination-district/c1a4c878-3c27-4816-af6d-6c674f6b3442,Feldborg,https://valg.dk/fv/847cec19-05ff-4eff-b433-f0e886b24b7d/nomination-district/c1a4c878-3c27-4816-af6d-6c674f6b3442/polling-district/7a8e4bdd-c337-41b0-a368-7b18f3b6fc7b
Herning Nordkredsen,https://valg.dk/fv/847cec19-05ff-4eff-b433-f0e886b24b7d/nomination-district/c1a4c878-3c27-4816-af6d-6c674f6b3442,Gullestrup,https://valg.dk/fv/847cec19-05ff-4eff-b433-f0e886b24b7d/nomination-district/c1a4c878-3c27-4816-af6d-6c674f6b3442/polling-district/c5446b44-0bac-401d-8738-4b7f3edcfa08
Herning Nordkredsen,https://valg.dk/fv/847cec19-05ff-4eff-b433-f0e886b24b7d/nomination-district/c1a4c878-3c27-4816-af6d-6c674f6b3442,Haderup,https://valg.dk/fv/847cec19-05ff-4eff-b433-f0e886b24b7d/nomination-district/c1a4c878-3c27-4816-af6d-6c674f6b3442/polling-district/1a15d4ce-3904-46bf-99b1-6dc91b54f160
Herning Nordkredsen,https://valg.dk/fv/847cec19-05ff-4eff-b433-f0e886b24b7d/nomination-district/c1a4c878-3c27-4816-af6d-6c674f6b3442,Hammerum,https://valg.dk/fv/847cec19-05ff-4eff-b433-f0e886b24b7d/nomination-district/c1a4c878-3c27-4816-af6d-6c674f6b3442/polling-district/64361a59-e626-4bad-951c-2ae0105d48f9
Herning Nordkredsen,https://valg.dk/fv/847cec19-05ff-4eff-b433-f0e886b24b7d/nomination-district/c1a4c878-3c27-4816-af6d-6c674f6b3442,Hodsager,https://valg.dk/fv/847cec19-05ff-4eff-b433-f0e886b24b7d/nomination-district/c1a4c878-3c27-4816-af6d-6c674f6b3442/polling-district/a128efdd-e52a-463c-b1d7-f4ae576e0440
Herning Nordkredsen,https://valg.dk/fv/847cec19-05ff-4eff-b433-f0e886b24b7d/nomination-district/c1a4c878-3c27-4816-af6d-6c674f6b3442,Ilskov,https://valg.dk/fv/847cec19-05ff-4eff-b433-f0e886b24b7d/nomination-district/c1a4c878-3c27-4816-af6d-6c674f6b3442/polling-district/c310f778-c01c-43e9-b3e7-9ec2b17815e1
Herning Nordkredsen,https://valg.dk/fv/847cec19-05ff-4eff-b433-f0e886b24b7d/nomination-district/c1a4c878-3c27-4816-af6d-6c674f6b3442,Simmelkær,https://valg.dk/fv/847cec19-05ff-4eff-b433-f0e886b24b7d/nomination-district/c1a4c878-3c27-4816-af6d-6c674f6b3442/polling-district/7d3d9bb3-8452-4f17-a3da-bb5e52c38590
Herning Nordkredsen,https://valg.dk/fv/847cec19-05ff-4eff-b433-f0e886b24b7d/nomination-district/c1a4c878-3c27-4816-af6d-6c674f6b3442,Sinding,https://valg.dk/fv/847cec19-05ff-4eff-b433-f0e886b24b7d/nomination-district/c1a4c878-3c27-4816-af6d-6c674f6b3442/polling-district/1bfd9f95-ca98-4915-8668-9d08793ec19a
Herning Nordkredsen,https://valg.dk/fv/847cec19-05ff-4eff-b433-f0e886b24b7d/nomination-district/c1a4c878-3c27-4816-af6d-6c674f6b3442,Skibbild/Nøvling,https://valg.dk/fv/847cec19-05ff-4eff-b433-f0e886b24b7d/nomination-district/c1a4c878-3c27-4816-af6d-6c674f6b3442/polling-district/ecbfa199-c52d-45d4-ad17-380a9d6842dd
Herning Nordkredsen,https://valg.dk/fv/847cec19-05ff-4eff-b433-f0e886b24b7d/nomination-district/c1a4c878-3c27-4816-af6d-6c674f6b3442,Snejbjerg,https://valg.dk/fv/847cec19-05ff-4eff-b433-f0e886b24b7d/nomination-district/c1a4c878-3c27-4816-af6d-6c674f6b3442/polling-district/22f82691-dc5e-48ab-aa75-5245bacd0a59
Herning Nordkredsen,https://valg.dk/fv/847cec19-05ff-4eff-b433-f0e886b24b7d/nomination-district/c1a4c878-3c27-4816-af6d-6c674f6b3442,Sunds,https://valg.dk/fv/847cec19-05ff-4eff-b433-f0e886b24b7d/nomination-district/c1a4c878-3c27-4816-af6d-6c674f6b3442/polling-district/ae461456-5f5c-4d00-9ffd-26d1ef9c8c8c
Herning Nordkredsen,https://valg.dk/fv/847cec19-05ff-4eff-b433-f0e886b24b7d/nomination-district/c1a4c878-3c27-4816-af6d-6c674f6b3442,Timring,https://valg.dk/fv/847cec19-05ff-4eff-b433-f0e886b24b7d/nomination-district/c1a4c878-3c27-4816-af6d-6c674f6b3442/polling-district/21433273-a437-4b78-9a5b-d8ef946522b8
Herning Nordkredsen,https://valg.dk/fv/847cec19-05ff-4eff-b433-f0e886b24b7d/nomination-district/c1a4c878-3c27-4816-af6d-6c674f6b3442,Tjørring,https://valg.dk/fv/847cec19-05ff-4eff-b433-f0e886b24b7d/nomination-district/c1a4c878-3c27-4816-af6d-6c674f6b3442/polling-district/7e717387-c3b5-4b2c-bbfb-780d579c28bc
Herning Nordkredsen,https://valg.dk/fv/847cec19-05ff-4eff-b433-f0e886b24b7d/nomination-district/c1a4c878-3c27-4816-af6d-6c674f6b3442,Vildbjerg,https://valg.dk/fv/847cec19-05ff-4eff-b433-f0e886b24b7d/nomination-district/c1a4c878-3c27-4816-af6d-6c674f6b3442/polling-district/38e25f77-25e8-4b00-83f0-a2b92b9d0e8f
Herning Nordkredsen,https://valg.dk/fv/847cec19-05ff-4eff-b433-f0e886b24b7d/nomination-district/c1a4c878-3c27-4816-af6d-6c674f6b3442,Vind,https://valg.dk/fv/847cec19-05ff-4eff-b433-f0e886b24b7d/nomination-district/c1a4c878-3c27-4816-af6d-6c674f6b3442/polling-district/3adaa32d-ba56-4822-a820-9ca85f277278
Herning Nordkredsen,https://valg.dk/fv/847cec19-05ff-4eff-b433-f0e886b24b7d/nomination-district/c1a4c878-3c27-4816-af6d-6c674f6b3442,Vinding,https://valg.dk/fv/847cec19-05ff-4eff-b433-f0e886b24b7d/nomination-district/c1a4c878-3c27-4816-af6d-6c674f6b3442/polling-district/5de116c1-fc8f-4d42-a3a3-63a962a816a1
Herning Nordkredsen,https://valg.dk/fv/847cec19-05ff-4eff-b433-f0e886b24b7d/nomination-district/c1a4c878-3c27-4816-af6d-6c674f6b3442,Ørnhøj,https://valg.dk/fv/847cec19-05ff-4eff-b433-f0e886b24b7d/nomination-district/c1a4c878-3c27-4816-af6d-6c674f6b3442/polling-district/8654ef6c-0cb8-4bd4-9a7e-358943e86cd7
Herning Sydkredsen,https://valg.dk/fv/847cec19-05ff-4eff-b433-f0e886b24b7d/nomination-district/609ea9c0-d13f-4129-b80f-3a131d1bf55b,Arnborg,https://valg.dk/fv/847cec19-05ff-4eff-b433-f0e886b24b7d/nomination-district/609ea9c0-d13f-4129-b80f-3a131d1bf55b/polling-district/c6dca036-3cbf-4f00-a531-72e4b764f077
Herning Sydkredsen,https://valg.dk/fv/847cec19-05ff-4eff-b433-f0e886b24b7d/nomination-district/609ea9c0-d13f-4129-b80f-3a131d1bf55b,Herning,https://valg.dk/fv/847cec19-05ff-4eff-b433-f0e886b24b7d/nomination-district/609ea9c0-d13f-4129-b80f-3a131d1bf55b/polling-district/c7e2d067-02e3-4441-923c-7c17523d6acb
Herning Sydkredsen,https://valg.dk/fv/847cec19-05ff-4eff-b433-f0e886b24b7d/nomination-district/609ea9c0-d13f-4129-b80f-3a131d1bf55b,Kibæk,https://valg.dk/fv/847cec19-05ff-4eff-b433-f0e886b24b7d/nomination-district/609ea9c0-d13f-4129-b80f-3a131d1bf55b/polling-district/d3ec1f21-8087-45bd-8ae2-f1c737b3d203
Herning Sydkredsen,https://valg.dk/fv/847cec19-05ff-4eff-b433-f0e886b24b7d/nomination-district/609ea9c0-d13f-4129-b80f-3a131d1bf55b,Kølkær,https://valg.dk/fv/847cec19-05ff-4eff-b433-f0e886b24b7d/nomination-district/609ea9c0-d13f-4129-b80f-3a131d1bf55b/polling-district/16590df4-c0fd-4b4e-86d3-ddc4e003492c
Herning Sydkredsen,https://valg.dk/fv/847cec19-05ff-4eff-b433-f0e886b24b7d/nomination-district/609ea9c0-d13f-4129-b80f-3a131d1bf55b,Lind,https://valg.dk/fv/847cec19-05ff-4eff-b433-f0e886b24b7d/nomination-district/609ea9c0-d13f-4129-b80f-3a131d1bf55b/polling-district/04e9ef84-203e-45da-bb6c-c4887be2a6b9
Herning Sydkredsen,https://valg.dk/fv/847cec19-05ff-4eff-b433-f0e886b24b7d/nomination-district/609ea9c0-d13f-4129-b80f-3a131d1bf55b,Sdr. Felding,https://valg.dk/fv/847cec19-05ff-4eff-b433-f0e886b24b7d/nomination-district/609ea9c0-d13f-4129-b80f-3a131d1bf55b/polling-district/d04c7f0c-d34e-4f21-82bc-aa596b2ff4d5
Herning Sydkredsen,https://valg.dk/fv/847cec19-05ff-4eff-b433-f0e886b24b7d/nomination-district/609ea9c0-d13f-4129-b80f-3a131d1bf55b,Skarrild,https://valg.dk/fv/847cec19-05ff-4eff-b433-f0e886b24b7d/nomination-district/609ea9c0-d13f-4129-b80f-3a131d1bf55b/polling-district/e47b9c2e-0bf1-4636-9ba8-2ea7863cda9e
Herning Sydkredsen,https://valg.dk/fv/847cec19-05ff-4eff-b433-f0e886b24b7d/nomination-district/609ea9c0-d13f-4129-b80f-3a131d1bf55b,Studsgård,https://valg.dk/fv/847cec19-05ff-4eff-b433-f0e886b24b7d/nomination-district/609ea9c0-d13f-4129-b80f-3a131d1bf55b/polling-district/56727cbf-64ca-4c6a-bdb8-c82a9f7ea3cc
Hillerødkredsen,https://valg.dk/fv/847cec19-05ff-4eff-b433-f0e886b24b7d/nomination-district/92b955ac-d0fa-42c4-bf67-b9709e5cb598,Alsønderup,https://valg.dk/fv/847cec19-05ff-4eff-b433-f0e886b24b7d/nomination-district/92b955ac-d0fa-42c4-bf67-b9709e5cb598/polling-district/86760896-d5b1-46a3-8f31-29018004ca95
Hillerødkredsen,https://valg.dk/fv/847cec19-05ff-4eff-b433-f0e886b24b7d/nomination-district/92b955ac-d0fa-42c4-bf67-b9709e5cb598,Annisse,https://valg.dk/fv/847cec19-05ff-4eff-b433-f0e886b24b7d/nomination-district/92b955ac-d0fa-42c4-bf67-b9709e5cb598/polling-district/f23a0748-1a7d-4793-ad0f-34d9b7f7156e
Hillerødkredsen,https://valg.dk/fv/847cec19-05ff-4eff-b433-f0e886b24b7d/nomination-district/92b955ac-d0fa-42c4-bf67-b9709e5cb598,Blistrup,https://valg.dk/fv/847cec19-05ff-4eff-b433-f0e886b24b7d/nomination-district/92b955ac-d0fa-42c4-bf67-b9709e5cb598/polling-district/bbec051a-ae00-47af-9259-08451e3c6ea2
Hillerødkredsen,https://valg.dk/fv/847cec19-05ff-4eff-b433-f0e886b24b7d/nomination-district/92b955ac-d0fa-42c4-bf67-b9709e5cb598,Brødeskov,https://valg.dk/fv/847cec19-05ff-4eff-b433-f0e886b24b7d/nomination-district/92b955ac-d0fa-42c4-bf67-b9709e5cb598/polling-district/f44898e4-7a7e-45da-bab1-4bb60c63798f
Hillerødkredsen,https://valg.dk/fv/847cec19-05ff-4eff-b433-f0e886b24b7d/nomination-district/92b955ac-d0fa-42c4-bf67-b9709e5cb598,Esbønderup,https://valg.dk/fv/847cec19-05ff-4eff-b433-f0e886b24b7d/nomination-district/92b955ac-d0fa-42c4-bf67-b9709e5cb598/polling-district/5aabfae3-a0ac-408a-bc3e-4e9eab4b6a30
Hillerødkredsen,https://valg.dk/fv/847cec19-05ff-4eff-b433-f0e886b24b7d/nomination-district/92b955ac-d0fa-42c4-bf67-b9709e5cb598,Frederiksborgcentret,https://valg.dk/fv/847cec19-05ff-4eff-b433-f0e886b24b7d/nomination-district/92b955ac-d0fa-42c4-bf67-b9709e5cb598/polling-district/2b62c933-9be5-4595-a6f2-d90bcc37d1ce
Hillerødkredsen,https://valg.dk/fv/847cec19-05ff-4eff-b433-f0e886b24b7d/nomination-district/92b955ac-d0fa-42c4-bf67-b9709e5cb598,Gadevang,https://valg.dk/fv/847cec19-05ff-4eff-b433-f0e886b24b7d/nomination-district/92b955ac-d0fa-42c4-bf67-b9709e5cb598/polling-district/4bc156f7-828c-4dbc-81a0-806dfb3c27e6
Hillerødkredsen,https://valg.dk/fv/847cec19-05ff-4eff-b433-f0e886b24b7d/nomination-district/92b955ac-d0fa-42c4-bf67-b9709e5cb598,Gilleleje,https://valg.dk/fv/847cec19-05ff-4eff-b433-f0e886b24b7d/nomination-district/92b955ac-d0fa-42c4-bf67-b9709e5cb598/polling-district/bac6ca09-8ec3-424b-abec-9aa17de780f1
Hillerødkredsen,https://valg.dk/fv/847cec19-05ff-4eff-b433-f0e886b24b7d/nomination-district/92b955ac-d0fa-42c4-bf67-b9709e5cb598,Græsted,https://valg.dk/fv/847cec19-05ff-4eff-b433-f0e886b24b7d/nomination-district/92b955ac-d0fa-42c4-bf67-b9709e5cb598/polling-district/66d25bfd-aa40-4d5f-ba5a-fdc944dfe649
Hillerødkredsen,https://valg.dk/fv/847cec19-05ff-4eff-b433-f0e886b24b7d/nomination-district/92b955ac-d0fa-42c4-bf67-b9709e5cb598,"Grønnevang Skole, Jespervej",https://valg.dk/fv/847cec19-05ff-4eff-b433-f0e886b24b7d/nomination-district/92b955ac-d0fa-42c4-bf67-b9709e5cb598/polling-district/5530258b-af5f-4706-b45c-f5125527f5d6
Hillerødkredsen,https://valg.dk/fv/847cec19-05ff-4eff-b433-f0e886b24b7d/nomination-district/92b955ac-d0fa-42c4-bf67-b9709e5cb598,"Grønnevang Skole, Østervang",https://valg.dk/fv/847cec19-05ff-4eff-b433-f0e886b24b7d/nomination-district/92b955ac-d0fa-42c4-bf67-b9709e5cb598/polling-district/9b3b5f9e-1e93-4dcb-bd4b-5b28f07a5fa0
Hillerødkredsen,https://valg.dk/fv/847cec19-05ff-4eff-b433-f0e886b24b7d/nomination-district/92b955ac-d0fa-42c4-bf67-b9709e5cb598,Gørløse,https://valg.dk/fv/847cec19-05ff-4eff-b433-f0e886b24b7d/nomination-district/92b955ac-d0fa-42c4-bf67-b9709e5cb598/polling-district/df440b27-13c2-4828-8b5a-488a01e6ef23
Hillerødkredsen,https://valg.dk/fv/847cec19-05ff-4eff-b433-f0e886b24b7d/nomination-district/92b955ac-d0fa-42c4-bf67-b9709e5cb598,Hammersholt,https://valg.dk/fv/847cec19-05ff-4eff-b433-f0e886b24b7d/nomination-district/92b955ac-d0fa-42c4-bf67-b9709e5cb598/polling-district/add7433f-152c-44ff-942d-1e5b6ba981cc
Hillerødkredsen,https://valg.dk/fv/847cec19-05ff-4eff-b433-f0e886b24b7d/nomination-district/92b955ac-d0fa-42c4-bf67-b9709e5cb598,Helsinge,https://valg.dk/fv/847cec19-05ff-4eff-b433-f0e886b24b7d/nomination-district/92b955ac-d0fa-42c4-bf67-b9709e5cb598/polling-district/76eb5975-2eb8-490c-a6db-025103c00e6c
Hillerødkredsen,https://valg.dk/fv/847cec19-05ff-4eff-b433-f0e886b24b7d/nomination-district/92b955ac-d0fa-42c4-bf67-b9709e5cb598,Hillerødsholmsskolen,https://valg.dk/fv/847cec19-05ff-4eff-b433-f0e886b24b7d/nomination-district/92b955ac-d0fa-42c4-bf67-b9709e5cb598/polling-district/99ef1b51-1cb1-40eb-94a8-ea6195382915
Hillerødkredsen,https://valg.dk/fv/847cec19-05ff-4eff-b433-f0e886b24b7d/nomination-district/92b955ac-d0fa-42c4-bf67-b9709e5cb598,Lille Lyngby,https://valg.dk/fv/847cec19-05ff-4eff-b433-f0e886b24b7d/nomination-district/92b955ac-d0fa-42c4-bf67-b9709e5cb598/polling-district/c504b74e-6ae7-479c-b998-a1bb69e7bb5c
Hillerødkredsen,https://valg.dk/fv/847cec19-05ff-4eff-b433-f0e886b24b7d/nomination-district/92b955ac-d0fa-42c4-bf67-b9709e5cb598,Mårum,https://valg.dk/fv/847cec19-05ff-4eff-b433-f0e886b24b7d/nomination-district/92b955ac-d0fa-42c4-bf67-b9709e5cb598/polling-district/95d43bf3-3323-43ef-aeb8-d229952489b1
Hillerødkredsen,https://valg.dk/fv/847cec19-05ff-4eff-b433-f0e886b24b7d/nomination-district/92b955ac-d0fa-42c4-bf67-b9709e5cb598,Nødebo,https://valg.dk/fv/847cec19-05ff-4eff-b433-f0e886b24b7d/nomination-district/92b955ac-d0fa-42c4-bf67-b9709e5cb598/polling-district/4aabab3c-9376-46f4-a2e3-bea7cab3d95b
Hillerødkredsen,https://valg.dk/fv/847cec19-05ff-4eff-b433-f0e886b24b7d/nomination-district/92b955ac-d0fa-42c4-bf67-b9709e5cb598,Ramløse,https://valg.dk/fv/847cec19-05ff-4eff-b433-f0e886b24b7d/nomination-district/92b955ac-d0fa-42c4-bf67-b9709e5cb598/polling-district/9a6fb5fb-0966-49d1-ac44-6bcfc9187883
Hillerødkredsen,https://valg.dk/fv/847cec19-05ff-4eff-b433-f0e886b24b7d/nomination-district/92b955ac-d0fa-42c4-bf67-b9709e5cb598,"Skævinge, Harløse, Strø",https://valg.dk/fv/847cec19-05ff-4eff-b433-f0e886b24b7d/nomination-district/92b955ac-d0fa-42c4-bf67-b9709e5cb598/polling-district/896cce33-739f-4044-b810-11da133b0390
Hillerødkredsen,https://valg.dk/fv/847cec19-05ff-4eff-b433-f0e886b24b7d/nomination-district/92b955ac-d0fa-42c4-bf67-b9709e5cb598,Søborg,https://valg.dk/fv/847cec19-05ff-4eff-b433-f0e886b24b7d/nomination-district/92b955ac-d0fa-42c4-bf67-b9709e5cb598/polling-district/e337d6c0-1ea1-47f2-9a42-1dea047cb21c
Hillerødkredsen,https://valg.dk/fv/847cec19-05ff-4eff-b433-f0e886b24b7d/nomination-district/92b955ac-d0fa-42c4-bf67-b9709e5cb598,Tibirke,https://valg.dk/fv/847cec19-05ff-4eff-b433-f0e886b24b7d/nomination-district/92b955ac-d0fa-42c4-bf67-b9709e5cb598/polling-district/9f988754-8fec-4b97-ac7b-073f8daa8fcf
Hillerødkredsen,https://valg.dk/fv/847cec19-05ff-4eff-b433-f0e886b24b7d/nomination-district/92b955ac-d0fa-42c4-bf67-b9709e5cb598,Ullerød,https://valg.dk/fv/847cec19-05ff-4eff-b433-f0e886b24b7d/nomination-district/92b955ac-d0fa-42c4-bf67-b9709e5cb598/polling-district/1bf36364-e83b-4ed5-8ec9-4bf350fd833f
Hillerødkredsen,https://valg.dk/fv/847cec19-05ff-4eff-b433-f0e886b24b7d/nomination-district/92b955ac-d0fa-42c4-bf67-b9709e5cb598,Uvelse,https://valg.dk/fv/847cec19-05ff-4eff-b433-f0e886b24b7d/nomination-district/92b955ac-d0fa-42c4-bf67-b9709e5cb598/polling-district/6d32bbe6-abcb-4406-9f1c-cf4b1c73f337
Hillerødkredsen,https://valg.dk/fv/847cec19-05ff-4eff-b433-f0e886b24b7d/nomination-district/92b955ac-d0fa-42c4-bf67-b9709e5cb598,Valby,https://valg.dk/fv/847cec19-05ff-4eff-b433-f0e886b24b7d/nomination-district/92b955ac-d0fa-42c4-bf67-b9709e5cb598/polling-district/fd032e0a-ea19-44d2-bb37-aedbff61c93a
Hillerødkredsen,https://valg.dk/fv/847cec19-05ff-4eff-b433-f0e886b24b7d/nomination-district/92b955ac-d0fa-42c4-bf67-b9709e5cb598,Vejby,https://valg.dk/fv/847cec19-05ff-4eff-b433-f0e886b24b7d/nomination-district/92b955ac-d0fa-42c4-bf67-b9709e5cb598/polling-district/37c4a8e1-b68b-4940-8214-bab508aade10
Himmerlandkredsen,https://valg.dk/fv/847cec19-05ff-4eff-b433-f0e886b24b7d/nomination-district/0628bbcb-33b4-43a0-9de8-4395aa1d5047,Aalestrup,https://valg.dk/fv/847cec19-05ff-4eff-b433-f0e886b24b7d/nomination-district/0628bbcb-33b4-43a0-9de8-4395aa1d5047/polling-district/7bf71058-2fdc-4e1a-99c7-c36babbc8524
Himmerlandkredsen,https://valg.dk/fv/847cec19-05ff-4eff-b433-f0e886b24b7d/nomination-district/0628bbcb-33b4-43a0-9de8-4395aa1d5047,Aars,https://valg.dk/fv/847cec19-05ff-4eff-b433-f0e886b24b7d/nomination-district/0628bbcb-33b4-43a0-9de8-4395aa1d5047/polling-district/ce67282b-59d4-4446-b5d9-a6669757ddb0
Himmerlandkredsen,https://valg.dk/fv/847cec19-05ff-4eff-b433-f0e886b24b7d/nomination-district/0628bbcb-33b4-43a0-9de8-4395aa1d5047,Blenstrup,https://valg.dk/fv/847cec19-05ff-4eff-b433-f0e886b24b7d/nomination-district/0628bbcb-33b4-43a0-9de8-4395aa1d5047/polling-district/424d2feb-c17f-4a30-9d49-521ee43e04a2
Himmerlandkredsen,https://valg.dk/fv/847cec19-05ff-4eff-b433-f0e886b24b7d/nomination-district/0628bbcb-33b4-43a0-9de8-4395aa1d5047,Bælum,https://valg.dk/fv/847cec19-05ff-4eff-b433-f0e886b24b7d/nomination-district/0628bbcb-33b4-43a0-9de8-4395aa1d5047/polling-district/275a731c-12e1-4a08-ae8c-9f153310c3eb
Himmerlandkredsen,https://valg.dk/fv/847cec19-05ff-4eff-b433-f0e886b24b7d/nomination-district/0628bbcb-33b4-43a0-9de8-4395aa1d5047,Farsø,https://valg.dk/fv/847cec19-05ff-4eff-b433-f0e886b24b7d/nomination-district/0628bbcb-33b4-43a0-9de8-4395aa1d5047/polling-district/639197b1-2fc8-481d-bb88-e87a61cac393
Himmerlandkredsen,https://valg.dk/fv/847cec19-05ff-4eff-b433-f0e886b24b7d/nomination-district/0628bbcb-33b4-43a0-9de8-4395aa1d5047,Gedsted,https://valg.dk/fv/847cec19-05ff-4eff-b433-f0e886b24b7d/nomination-district/0628bbcb-33b4-43a0-9de8-4395aa1d5047/polling-district/cd6b5b60-c757-47da-ab9d-c68786c96c53
Himmerlandkredsen,https://valg.dk/fv/847cec19-05ff-4eff-b433-f0e886b24b7d/nomination-district/0628bbcb-33b4-43a0-9de8-4395aa1d5047,Gislum-Vognsild,https://valg.dk/fv/847cec19-05ff-4eff-b433-f0e886b24b7d/nomination-district/0628bbcb-33b4-43a0-9de8-4395aa1d5047/polling-district/f4489938-735e-416e-8f95-3a4d587b6e00
Himmerlandkredsen,https://valg.dk/fv/847cec19-05ff-4eff-b433-f0e886b24b7d/nomination-district/0628bbcb-33b4-43a0-9de8-4395aa1d5047,Haverslev,https://valg.dk/fv/847cec19-05ff-4eff-b433-f0e886b24b7d/nomination-district/0628bbcb-33b4-43a0-9de8-4395aa1d5047/polling-district/6333488b-28cf-4a25-ac59-0a5ca2594e06
Himmerlandkredsen,https://valg.dk/fv/847cec19-05ff-4eff-b433-f0e886b24b7d/nomination-district/0628bbcb-33b4-43a0-9de8-4395aa1d5047,Hornum-Ulstrup,https://valg.dk/fv/847cec19-05ff-4eff-b433-f0e886b24b7d/nomination-district/0628bbcb-33b4-43a0-9de8-4395aa1d5047/polling-district/dab123f0-df9f-4f37-92f5-b72e953fd2b3
Himmerlandkredsen,https://valg.dk/fv/847cec19-05ff-4eff-b433-f0e886b24b7d/nomination-district/0628bbcb-33b4-43a0-9de8-4395aa1d5047,Hvalpsund,https://valg.dk/fv/847cec19-05ff-4eff-b433-f0e886b24b7d/nomination-district/0628bbcb-33b4-43a0-9de8-4395aa1d5047/polling-district/cf4cde9d-68fc-490f-ba31-e969aa5300a7
Himmerlandkredsen,https://valg.dk/fv/847cec19-05ff-4eff-b433-f0e886b24b7d/nomination-district/0628bbcb-33b4-43a0-9de8-4395aa1d5047,Løgstør,https://valg.dk/fv/847cec19-05ff-4eff-b433-f0e886b24b7d/nomination-district/0628bbcb-33b4-43a0-9de8-4395aa1d5047/polling-district/1e2ea3bc-fa03-492b-a6de-82623712e6c7
Himmerlandkredsen,https://valg.dk/fv/847cec19-05ff-4eff-b433-f0e886b24b7d/nomination-district/0628bbcb-33b4-43a0-9de8-4395aa1d5047,Nørager,https://valg.dk/fv/847cec19-05ff-4eff-b433-f0e886b24b7d/nomination-district/0628bbcb-33b4-43a0-9de8-4395aa1d5047/polling-district/f69d9898-ae6c-4843-9b74-4286f8159cc0
Himmerlandkredsen,https://valg.dk/fv/847cec19-05ff-4eff-b433-f0e886b24b7d/nomination-district/0628bbcb-33b4-43a0-9de8-4395aa1d5047,Overlade,https://valg.dk/fv/847cec19-05ff-4eff-b433-f0e886b24b7d/nomination-district/0628bbcb-33b4-43a0-9de8-4395aa1d5047/polling-district/656039fe-4d05-4464-93a4-b48aa89ec6ba
Himmerlandkredsen,https://valg.dk/fv/847cec19-05ff-4eff-b433-f0e886b24b7d/nomination-district/0628bbcb-33b4-43a0-9de8-4395aa1d5047,Ranum,https://valg.dk/fv/847cec19-05ff-4eff-b433-f0e886b24b7d/nomination-district/0628bbcb-33b4-43a0-9de8-4395aa1d5047/polling-district/6f198bfe-210e-4fdc-b6d2-8d646e0f8182
Himmerlandkredsen,https://valg.dk/fv/847cec19-05ff-4eff-b433-f0e886b24b7d/nomination-district/0628bbcb-33b4-43a0-9de8-4395aa1d5047,Ravnkilde,https://valg.dk/fv/847cec19-05ff-4eff-b433-f0e886b24b7d/nomination-district/0628bbcb-33b4-43a0-9de8-4395aa1d5047/polling-district/3f9ac252-ae27-47ce-9756-0a7b2bdee76e
Himmerlandkredsen,https://valg.dk/fv/847cec19-05ff-4eff-b433-f0e886b24b7d/nomination-district/0628bbcb-33b4-43a0-9de8-4395aa1d5047,Salling,https://valg.dk/fv/847cec19-05ff-4eff-b433-f0e886b24b7d/nomination-district/0628bbcb-33b4-43a0-9de8-4395aa1d5047/polling-district/2d0f1a6d-25e0-402d-9a4e-5428f2e5aa09
Himmerlandkredsen,https://valg.dk/fv/847cec19-05ff-4eff-b433-f0e886b24b7d/nomination-district/0628bbcb-33b4-43a0-9de8-4395aa1d5047,Skivum-Giver,https://valg.dk/fv/847cec19-05ff-4eff-b433-f0e886b24b7d/nomination-district/0628bbcb-33b4-43a0-9de8-4395aa1d5047/polling-district/f5b3bb9e-dda9-4d2a-91b3-d71ff7759f6d
Himmerlandkredsen,https://valg.dk/fv/847cec19-05ff-4eff-b433-f0e886b24b7d/nomination-district/0628bbcb-33b4-43a0-9de8-4395aa1d5047,Skørping,https://valg.dk/fv/847cec19-05ff-4eff-b433-f0e886b24b7d/nomination-district/0628bbcb-33b4-43a0-9de8-4395aa1d5047/polling-district/9f964d3d-e2b3-4bf4-96a1-c81349a16562
Himmerlandkredsen,https://valg.dk/fv/847cec19-05ff-4eff-b433-f0e886b24b7d/nomination-district/0628bbcb-33b4-43a0-9de8-4395aa1d5047,Strandby,https://valg.dk/fv/847cec19-05ff-4eff-b433-f0e886b24b7d/nomination-district/0628bbcb-33b4-43a0-9de8-4395aa1d5047/polling-district/a99d8b2a-3dce-4dff-b14d-0646559cdc91
Himmerlandkredsen,https://valg.dk/fv/847cec19-05ff-4eff-b433-f0e886b24b7d/nomination-district/0628bbcb-33b4-43a0-9de8-4395aa1d5047,Støvring,https://valg.dk/fv/847cec19-05ff-4eff-b433-f0e886b24b7d/nomination-district/0628bbcb-33b4-43a0-9de8-4395aa1d5047/polling-district/90640923-953a-44ff-8d8a-790bf56c705c
Himmerlandkredsen,https://valg.dk/fv/847cec19-05ff-4eff-b433-f0e886b24b7d/nomination-district/0628bbcb-33b4-43a0-9de8-4395aa1d5047,Suldrup,https://valg.dk/fv/847cec19-05ff-4eff-b433-f0e886b24b7d/nomination-district/0628bbcb-33b4-43a0-9de8-4395aa1d5047/polling-district/5060c26f-f691-4427-a49c-c7304a60abad
Himmerlandkredsen,https://valg.dk/fv/847cec19-05ff-4eff-b433-f0e886b24b7d/nomination-district/0628bbcb-33b4-43a0-9de8-4395aa1d5047,Terndrup,https://valg.dk/fv/847cec19-05ff-4eff-b433-f0e886b24b7d/nomination-district/0628bbcb-33b4-43a0-9de8-4395aa1d5047/polling-district/b0e8f7e7-a686-4a2e-8588-b7597c138030
Himmerlandkredsen,https://valg.dk/fv/847cec19-05ff-4eff-b433-f0e886b24b7d/nomination-district/0628bbcb-33b4-43a0-9de8-4395aa1d5047,Veggerby,https://valg.dk/fv/847cec19-05ff-4eff-b433-f0e886b24b7d/nomination-district/0628bbcb-33b4-43a0-9de8-4395aa1d5047/polling-district/9d2cc3de-3d3e-49ad-9727-3b7a9c45bbe9
Himmerlandkredsen,https://valg.dk/fv/847cec19-05ff-4eff-b433-f0e886b24b7d/nomination-district/0628bbcb-33b4-43a0-9de8-4395aa1d5047,Vester Hornum,https://valg.dk/fv/847cec19-05ff-4eff-b433-f0e886b24b7d/nomination-district/0628bbcb-33b4-43a0-9de8-4395aa1d5047/polling-district/6298906f-0c2f-4b31-b039-ed91c195fc1b
Himmerlandkredsen,https://valg.dk/fv/847cec19-05ff-4eff-b433-f0e886b24b7d/nomination-district/0628bbcb-33b4-43a0-9de8-4395aa1d5047,Øster Hornum,https://valg.dk/fv/847cec19-05ff-4eff-b433-f0e886b24b7d/nomination-district/0628bbcb-33b4-43a0-9de8-4395aa1d5047/polling-district/8b79d78c-288b-45ec-9d71-b4f5b10dbad9
Hjørringkredsen,https://valg.dk/fv/847cec19-05ff-4eff-b433-f0e886b24b7d/nomination-district/bbbcab96-ace3-400a-a85c-1192477dea99,Astrup,https://valg.dk/fv/847cec19-05ff-4eff-b433-f0e886b24b7d/nomination-district/bbbcab96-ace3-400a-a85c-1192477dea99/polling-district/e5a3b9e1-98ba-4f6a-a9b1-9932a6548493
Hjørringkredsen,https://valg.dk/fv/847cec19-05ff-4eff-b433-f0e886b24b7d/nomination-district/bbbcab96-ace3-400a-a85c-1192477dea99,Bindslev,https://valg.dk/fv/847cec19-05ff-4eff-b433-f0e886b24b7d/nomination-district/bbbcab96-ace3-400a-a85c-1192477dea99/polling-district/7187be2c-cf3e-405c-b1fa-9f80ca21f539
Hjørringkredsen,https://valg.dk/fv/847cec19-05ff-4eff-b433-f0e886b24b7d/nomination-district/bbbcab96-ace3-400a-a85c-1192477dea99,Bjergby-Mygdal,https://valg.dk/fv/847cec19-05ff-4eff-b433-f0e886b24b7d/nomination-district/bbbcab96-ace3-400a-a85c-1192477dea99/polling-district/f34b43bf-4749-4036-b8b4-1cbc95dda869
Hjørringkredsen,https://valg.dk/fv/847cec19-05ff-4eff-b433-f0e886b24b7d/nomination-district/bbbcab96-ace3-400a-a85c-1192477dea99,Hirtshals,https://valg.dk/fv/847cec19-05ff-4eff-b433-f0e886b24b7d/nomination-district/bbbcab96-ace3-400a-a85c-1192477dea99/polling-district/6a0fce27-d463-41b9-bbaa-469d2c9cc360
Hjørringkredsen,https://valg.dk/fv/847cec19-05ff-4eff-b433-f0e886b24b7d/nomination-district/bbbcab96-ace3-400a-a85c-1192477dea99,Hjørring - Centrum,https://valg.dk/fv/847cec19-05ff-4eff-b433-f0e886b24b7d/nomination-district/bbbcab96-ace3-400a-a85c-1192477dea99/polling-district/ced0fea4-1168-4181-963b-aecd787ba052
Hjørringkredsen,https://valg.dk/fv/847cec19-05ff-4eff-b433-f0e886b24b7d/nomination-district/bbbcab96-ace3-400a-a85c-1192477dea99,Hjørring - Nord,https://valg.dk/fv/847cec19-05ff-4eff-b433-f0e886b24b7d/nomination-district/bbbcab96-ace3-400a-a85c-1192477dea99/polling-district/17a3f464-448e-4d48-af40-9e395045b2da
Hjørringkredsen,https://valg.dk/fv/847cec19-05ff-4eff-b433-f0e886b24b7d/nomination-district/bbbcab96-ace3-400a-a85c-1192477dea99,Hjørring - Syd,https://valg.dk/fv/847cec19-05ff-4eff-b433-f0e886b24b7d/nomination-district/bbbcab96-ace3-400a-a85c-1192477dea99/polling-district/ed8f7a41-6ce5-455b-9931-dd6a84f5b101
Hjørringkredsen,https://valg.dk/fv/847cec19-05ff-4eff-b433-f0e886b24b7d/nomination-district/bbbcab96-ace3-400a-a85c-1192477dea99,Hjørring - Vest,https://valg.dk/fv/847cec19-05ff-4eff-b433-f0e886b24b7d/nomination-district/bbbcab96-ace3-400a-a85c-1192477dea99/polling-district/a9187f4f-129a-44d0-b366-8f1b5888b21f
Hjørringkredsen,https://valg.dk/fv/847cec19-05ff-4eff-b433-f0e886b24b7d/nomination-district/bbbcab96-ace3-400a-a85c-1192477dea99,Horne,https://valg.dk/fv/847cec19-05ff-4eff-b433-f0e886b24b7d/nomination-district/bbbcab96-ace3-400a-a85c-1192477dea99/polling-district/ed84af51-e249-47d6-b35c-e40eba5e52dd
Hjørringkredsen,https://valg.dk/fv/847cec19-05ff-4eff-b433-f0e886b24b7d/nomination-district/bbbcab96-ace3-400a-a85c-1192477dea99,Hundelev,https://valg.dk/fv/847cec19-05ff-4eff-b433-f0e886b24b7d/nomination-district/bbbcab96-ace3-400a-a85c-1192477dea99/polling-district/671f4798-4f57-4274-9dcd-488d96b3d6e3
Hjørringkredsen,https://valg.dk/fv/847cec19-05ff-4eff-b433-f0e886b24b7d/nomination-district/bbbcab96-ace3-400a-a85c-1192477dea99,Lendum,https://valg.dk/fv/847cec19-05ff-4eff-b433-f0e886b24b7d/nomination-district/bbbcab96-ace3-400a-a85c-1192477dea99/polling-district/5a55b3b4-87b8-4f28-a051-5325abb8c17e
Hjørringkredsen,https://valg.dk/fv/847cec19-05ff-4eff-b433-f0e886b24b7d/nomination-district/bbbcab96-ace3-400a-a85c-1192477dea99,Løkken,https://valg.dk/fv/847cec19-05ff-4eff-b433-f0e886b24b7d/nomination-district/bbbcab96-ace3-400a-a85c-1192477dea99/polling-district/9f6983ae-adcd-4a45-b5e8-0bdad46b4185
Hjørringkredsen,https://valg.dk/fv/847cec19-05ff-4eff-b433-f0e886b24b7d/nomination-district/bbbcab96-ace3-400a-a85c-1192477dea99,Sindal,https://valg.dk/fv/847cec19-05ff-4eff-b433-f0e886b24b7d/nomination-district/bbbcab96-ace3-400a-a85c-1192477dea99/polling-district/03e6d07d-3b57-44ee-bebc-f2bcab7449e3
Hjørringkredsen,https://valg.dk/fv/847cec19-05ff-4eff-b433-f0e886b24b7d/nomination-district/bbbcab96-ace3-400a-a85c-1192477dea99,Skallerup,https://valg.dk/fv/847cec19-05ff-4eff-b433-f0e886b24b7d/nomination-district/bbbcab96-ace3-400a-a85c-1192477dea99/polling-district/ebe90c0a-bd76-4a84-be8a-86f0bfa39270
Hjørringkredsen,https://valg.dk/fv/847cec19-05ff-4eff-b433-f0e886b24b7d/nomination-district/bbbcab96-ace3-400a-a85c-1192477dea99,Taars,https://valg.dk/fv/847cec19-05ff-4eff-b433-f0e886b24b7d/nomination-district/bbbcab96-ace3-400a-a85c-1192477dea99/polling-district/7317e752-5fed-46d6-9d76-b5f37adb36ce
Hjørringkredsen,https://valg.dk/fv/847cec19-05ff-4eff-b433-f0e886b24b7d/nomination-district/bbbcab96-ace3-400a-a85c-1192477dea99,Tolne,https://valg.dk/fv/847cec19-05ff-4eff-b433-f0e886b24b7d/nomination-district/bbbcab96-ace3-400a-a85c-1192477dea99/polling-district/9e058545-efd4-49b4-9800-bd48a58993cc
Hjørringkredsen,https://valg.dk/fv/847cec19-05ff-4eff-b433-f0e886b24b7d/nomination-district/bbbcab96-ace3-400a-a85c-1192477dea99,Tornby,https://valg.dk/fv/847cec19-05ff-4eff-b433-f0e886b24b7d/nomination-district/bbbcab96-ace3-400a-a85c-1192477dea99/polling-district/30453755-b1a8-4ef5-a0af-dc29336393a3
Hjørringkredsen,https://valg.dk/fv/847cec19-05ff-4eff-b433-f0e886b24b7d/nomination-district/bbbcab96-ace3-400a-a85c-1192477dea99,Tversted,https://valg.dk/fv/847cec19-05ff-4eff-b433-f0e886b24b7d/nomination-district/bbbcab96-ace3-400a-a85c-1192477dea99/polling-district/2875207e-90cf-4f22-bebd-a59452c5ca1e
Hjørringkredsen,https://valg.dk/fv/847cec19-05ff-4eff-b433-f0e886b24b7d/nomination-district/bbbcab96-ace3-400a-a85c-1192477dea99,Ugilt,https://valg.dk/fv/847cec19-05ff-4eff-b433-f0e886b24b7d/nomination-district/bbbcab96-ace3-400a-a85c-1192477dea99/polling-district/07a7d8e2-6e5e-4790-9244-d00798f174e7
Hjørringkredsen,https://valg.dk/fv/847cec19-05ff-4eff-b433-f0e886b24b7d/nomination-district/bbbcab96-ace3-400a-a85c-1192477dea99,Vrejlev-Hæstrup,https://valg.dk/fv/847cec19-05ff-4eff-b433-f0e886b24b7d/nomination-district/bbbcab96-ace3-400a-a85c-1192477dea99/polling-district/792c2bb8-2c19-4c72-bc29-8f2daa692be4
Hjørringkredsen,https://valg.dk/fv/847cec19-05ff-4eff-b433-f0e886b24b7d/nomination-district/bbbcab96-ace3-400a-a85c-1192477dea99,Vrå,https://valg.dk/fv/847cec19-05ff-4eff-b433-f0e886b24b7d/nomination-district/bbbcab96-ace3-400a-a85c-1192477dea99/polling-district/18c41a18-b4bc-431f-bcb9-75fb9841dc1c
Holbækkredsen,https://valg.dk/fv/847cec19-05ff-4eff-b433-f0e886b24b7d/nomination-district/db43d0cc-f076-4b82-aeff-3a7b5efb70eb,Gislinge,https://valg.dk/fv/847cec19-05ff-4eff-b433-f0e886b24b7d/nomination-district/db43d0cc-f076-4b82-aeff-3a7b5efb70eb/polling-district/63410795-7079-4002-ad41-0213a97c26fc
Holbækkredsen,https://valg.dk/fv/847cec19-05ff-4eff-b433-f0e886b24b7d/nomination-district/db43d0cc-f076-4b82-aeff-3a7b5efb70eb,Holbæk Midt,https://valg.dk/fv/847cec19-05ff-4eff-b433-f0e886b24b7d/nomination-district/db43d0cc-f076-4b82-aeff-3a7b5efb70eb/polling-district/0db11383-1b8c-43c3-bf0c-3bfa98a47f95
Holbækkredsen,https://valg.dk/fv/847cec19-05ff-4eff-b433-f0e886b24b7d/nomination-district/db43d0cc-f076-4b82-aeff-3a7b5efb70eb,Holbæk Vest,https://valg.dk/fv/847cec19-05ff-4eff-b433-f0e886b24b7d/nomination-district/db43d0cc-f076-4b82-aeff-3a7b5efb70eb/polling-district/69ab9fe4-a113-42d9-937b-6c2b1a29a5da
Holbækkredsen,https://valg.dk/fv/847cec19-05ff-4eff-b433-f0e886b24b7d/nomination-district/db43d0cc-f076-4b82-aeff-3a7b5efb70eb,Holbæk Øst,https://valg.dk/fv/847cec19-05ff-4eff-b433-f0e886b24b7d/nomination-district/db43d0cc-f076-4b82-aeff-3a7b5efb70eb/polling-district/94e799de-0ea3-4164-bcad-0b25b1c4fe50
Holbækkredsen,https://valg.dk/fv/847cec19-05ff-4eff-b433-f0e886b24b7d/nomination-district/db43d0cc-f076-4b82-aeff-3a7b5efb70eb,Jyderup,https://valg.dk/fv/847cec19-05ff-4eff-b433-f0e886b24b7d/nomination-district/db43d0cc-f076-4b82-aeff-3a7b5efb70eb/polling-district/c6a59fc9-4aab-4439-9cf0-3445e2eacca3
Holbækkredsen,https://valg.dk/fv/847cec19-05ff-4eff-b433-f0e886b24b7d/nomination-district/db43d0cc-f076-4b82-aeff-3a7b5efb70eb,Mørkøv,https://valg.dk/fv/847cec19-05ff-4eff-b433-f0e886b24b7d/nomination-district/db43d0cc-f076-4b82-aeff-3a7b5efb70eb/polling-district/be294c9b-bc81-433c-8ec4-b62e1d263906
Holbækkredsen,https://valg.dk/fv/847cec19-05ff-4eff-b433-f0e886b24b7d/nomination-district/db43d0cc-f076-4b82-aeff-3a7b5efb70eb,Orø,https://valg.dk/fv/847cec19-05ff-4eff-b433-f0e886b24b7d/nomination-district/db43d0cc-f076-4b82-aeff-3a7b5efb70eb/polling-district/d1b2c7ea-1bef-496a-8928-339ab6f2707f
Holbækkredsen,https://valg.dk/fv/847cec19-05ff-4eff-b433-f0e886b24b7d/nomination-district/db43d0cc-f076-4b82-aeff-3a7b5efb70eb,Regstrup,https://valg.dk/fv/847cec19-05ff-4eff-b433-f0e886b24b7d/nomination-district/db43d0cc-f076-4b82-aeff-3a7b5efb70eb/polling-district/7a4d5105-7599-4830-a3cc-f102f629624f
Holbækkredsen,https://valg.dk/fv/847cec19-05ff-4eff-b433-f0e886b24b7d/nomination-district/db43d0cc-f076-4b82-aeff-3a7b5efb70eb,St. Merløse,https://valg.dk/fv/847cec19-05ff-4eff-b433-f0e886b24b7d/nomination-district/db43d0cc-f076-4b82-aeff-3a7b5efb70eb/polling-district/1d774e94-123f-4dce-91df-8a0c30655955
Holbækkredsen,https://valg.dk/fv/847cec19-05ff-4eff-b433-f0e886b24b7d/nomination-district/db43d0cc-f076-4b82-aeff-3a7b5efb70eb,Svinninge,https://valg.dk/fv/847cec19-05ff-4eff-b433-f0e886b24b7d/nomination-district/db43d0cc-f076-4b82-aeff-3a7b5efb70eb/polling-district/01234233-bb2f-496d-86ec-723576521ccc
Holbækkredsen,https://valg.dk/fv/847cec19-05ff-4eff-b433-f0e886b24b7d/nomination-district/db43d0cc-f076-4b82-aeff-3a7b5efb70eb,Tuse,https://valg.dk/fv/847cec19-05ff-4eff-b433-f0e886b24b7d/nomination-district/db43d0cc-f076-4b82-aeff-3a7b5efb70eb/polling-district/888bf606-8320-4797-a562-2dd39d2ba6df
Holbækkredsen,https://valg.dk/fv/847cec19-05ff-4eff-b433-f0e886b24b7d/nomination-district/db43d0cc-f076-4b82-aeff-3a7b5efb70eb,Tølløse,https://valg.dk/fv/847cec19-05ff-4eff-b433-f0e886b24b7d/nomination-district/db43d0cc-f076-4b82-aeff-3a7b5efb70eb/polling-district/6edf3ce2-0a41-4cf6-aa39-c9b6f96f424f
Holbækkredsen,https://valg.dk/fv/847cec19-05ff-4eff-b433-f0e886b24b7d/nomination-district/db43d0cc-f076-4b82-aeff-3a7b5efb70eb,Udby,https://valg.dk/fv/847cec19-05ff-4eff-b433-f0e886b24b7d/nomination-district/db43d0cc-f076-4b82-aeff-3a7b5efb70eb/polling-district/e50349ad-c63f-4b7b-8c8a-394a0346b661
Holbækkredsen,https://valg.dk/fv/847cec19-05ff-4eff-b433-f0e886b24b7d/nomination-district/db43d0cc-f076-4b82-aeff-3a7b5efb70eb,Undløse,https://valg.dk/fv/847cec19-05ff-4eff-b433-f0e886b24b7d/nomination-district/db43d0cc-f076-4b82-aeff-3a7b5efb70eb/polling-district/46cb5842-2bc6-4a46-ba52-9872dea21463
Holbækkredsen,https://valg.dk/fv/847cec19-05ff-4eff-b433-f0e886b24b7d/nomination-district/db43d0cc-f076-4b82-aeff-3a7b5efb70eb,Vipperød,https://valg.dk/fv/847cec19-05ff-4eff-b433-f0e886b24b7d/nomination-district/db43d0cc-f076-4b82-aeff-3a7b5efb70eb/polling-district/4223a8a8-6fb8-4fe8-86a6-ffabc47c61d5
Holstebrokredsen,https://valg.dk/fv/847cec19-05ff-4eff-b433-f0e886b24b7d/nomination-district/6c0f1d73-557c-4d47-bd4a-c1ba4718d99e,Mejdal,https://valg.dk/fv/847cec19-05ff-4eff-b433-f0e886b24b7d/nomination-district/6c0f1d73-557c-4d47-bd4a-c1ba4718d99e/polling-district/9756b147-036c-46fd-b08f-944a4dc1f61b
Holstebrokredsen,https://valg.dk/fv/847cec19-05ff-4eff-b433-f0e886b24b7d/nomination-district/6c0f1d73-557c-4d47-bd4a-c1ba4718d99e,Mejrup,https://valg.dk/fv/847cec19-05ff-4eff-b433-f0e886b24b7d/nomination-district/6c0f1d73-557c-4d47-bd4a-c1ba4718d99e/polling-district/f0096de6-05f3-4a97-b1a3-da4968b4d5a2
Holstebrokredsen,https://valg.dk/fv/847cec19-05ff-4eff-b433-f0e886b24b7d/nomination-district/6c0f1d73-557c-4d47-bd4a-c1ba4718d99e,Musikteatret,https://valg.dk/fv/847cec19-05ff-4eff-b433-f0e886b24b7d/nomination-district/6c0f1d73-557c-4d47-bd4a-c1ba4718d99e/polling-district/9286dcec-47b5-4e9a-bf3b-0b74d2ca3b95
Holstebrokredsen,https://valg.dk/fv/847cec19-05ff-4eff-b433-f0e886b24b7d/nomination-district/6c0f1d73-557c-4d47-bd4a-c1ba4718d99e,Nørreboulevardskolen,https://valg.dk/fv/847cec19-05ff-4eff-b433-f0e886b24b7d/nomination-district/6c0f1d73-557c-4d47-bd4a-c1ba4718d99e/polling-district/66e0a9ad-21a1-4539-8b44-ce40c0c0a360
Holstebrokredsen,https://valg.dk/fv/847cec19-05ff-4eff-b433-f0e886b24b7d/nomination-district/6c0f1d73-557c-4d47-bd4a-c1ba4718d99e,Sdr. Nissum,https://valg.dk/fv/847cec19-05ff-4eff-b433-f0e886b24b7d/nomination-district/6c0f1d73-557c-4d47-bd4a-c1ba4718d99e/polling-district/971b5172-a2c6-4bfb-b8b4-f0aa69f661c0
Holstebrokredsen,https://valg.dk/fv/847cec19-05ff-4eff-b433-f0e886b24b7d/nomination-district/6c0f1d73-557c-4d47-bd4a-c1ba4718d99e,Sevel,https://valg.dk/fv/847cec19-05ff-4eff-b433-f0e886b24b7d/nomination-district/6c0f1d73-557c-4d47-bd4a-c1ba4718d99e/polling-district/ca893f38-c5c5-47c1-9e2b-bdd441e8feb8
Holstebrokredsen,https://valg.dk/fv/847cec19-05ff-4eff-b433-f0e886b24b7d/nomination-district/6c0f1d73-557c-4d47-bd4a-c1ba4718d99e,Skave,https://valg.dk/fv/847cec19-05ff-4eff-b433-f0e886b24b7d/nomination-district/6c0f1d73-557c-4d47-bd4a-c1ba4718d99e/polling-district/a3037517-65fc-4c55-a5b3-64503ee35f78
Holstebrokredsen,https://valg.dk/fv/847cec19-05ff-4eff-b433-f0e886b24b7d/nomination-district/6c0f1d73-557c-4d47-bd4a-c1ba4718d99e,Ulfborg,https://valg.dk/fv/847cec19-05ff-4eff-b433-f0e886b24b7d/nomination-district/6c0f1d73-557c-4d47-bd4a-c1ba4718d99e/polling-district/0569e587-971c-4ff4-9ee1-056aa218e671
Holstebrokredsen,https://valg.dk/fv/847cec19-05ff-4eff-b433-f0e886b24b7d/nomination-district/6c0f1d73-557c-4d47-bd4a-c1ba4718d99e,Vemb,https://valg.dk/fv/847cec19-05ff-4eff-b433-f0e886b24b7d/nomination-district/6c0f1d73-557c-4d47-bd4a-c1ba4718d99e/polling-district/ef04b5e1-2860-4505-987a-b0f66fdb5094
Holstebrokredsen,https://valg.dk/fv/847cec19-05ff-4eff-b433-f0e886b24b7d/nomination-district/6c0f1d73-557c-4d47-bd4a-c1ba4718d99e,Vinderup,https://valg.dk/fv/847cec19-05ff-4eff-b433-f0e886b24b7d/nomination-district/6c0f1d73-557c-4d47-bd4a-c1ba4718d99e/polling-district/b207ac9d-fa5d-405b-96a6-140a4ec2fede
Horsenskredsen,https://valg.dk/fv/847cec19-05ff-4eff-b433-f0e886b24b7d/nomination-district/3aa6865a-72ad-4551-ac1e-dd51d5850e31,Brædstrup,https://valg.dk/fv/847cec19-05ff-4eff-b433-f0e886b24b7d/nomination-district/3aa6865a-72ad-4551-ac1e-dd51d5850e31/polling-district/8abe42c7-d23b-421a-97de-8bc1a7ce7e14
Horsenskredsen,https://valg.dk/fv/847cec19-05ff-4eff-b433-f0e886b24b7d/nomination-district/3aa6865a-72ad-4551-ac1e-dd51d5850e31,Dagnæs,https://valg.dk/fv/847cec19-05ff-4eff-b433-f0e886b24b7d/nomination-district/3aa6865a-72ad-4551-ac1e-dd51d5850e31/polling-district/46e3d5c0-a2a6-42b1-a330-639c55dcf1ca
Horsenskredsen,https://valg.dk/fv/847cec19-05ff-4eff-b433-f0e886b24b7d/nomination-district/3aa6865a-72ad-4551-ac1e-dd51d5850e31,Egebjerg,https://valg.dk/fv/847cec19-05ff-4eff-b433-f0e886b24b7d/nomination-district/3aa6865a-72ad-4551-ac1e-dd51d5850e31/polling-district/13e0c91b-23b3-45ca-8c36-4827f036586b
Horsenskredsen,https://valg.dk/fv/847cec19-05ff-4eff-b433-f0e886b24b7d/nomination-district/3aa6865a-72ad-4551-ac1e-dd51d5850e31,Endelave,https://valg.dk/fv/847cec19-05ff-4eff-b433-f0e886b24b7d/nomination-district/3aa6865a-72ad-4551-ac1e-dd51d5850e31/polling-district/68a2ba53-d83b-40c6-8bad-52b78daab200
Horsenskredsen,https://valg.dk/fv/847cec19-05ff-4eff-b433-f0e886b24b7d/nomination-district/3aa6865a-72ad-4551-ac1e-dd51d5850e31,Forum,https://valg.dk/fv/847cec19-05ff-4eff-b433-f0e886b24b7d/nomination-district/3aa6865a-72ad-4551-ac1e-dd51d5850e31/polling-district/af0595fb-7fa6-4bba-9244-1e69578245d5
Horsenskredsen,https://valg.dk/fv/847cec19-05ff-4eff-b433-f0e886b24b7d/nomination-district/3aa6865a-72ad-4551-ac1e-dd51d5850e31,Gedved,https://valg.dk/fv/847cec19-05ff-4eff-b433-f0e886b24b7d/nomination-district/3aa6865a-72ad-4551-ac1e-dd51d5850e31/polling-district/44c1e1bd-23d0-4171-934c-57029a8003fc
Horsenskredsen,https://valg.dk/fv/847cec19-05ff-4eff-b433-f0e886b24b7d/nomination-district/3aa6865a-72ad-4551-ac1e-dd51d5850e31,Hatting,https://valg.dk/fv/847cec19-05ff-4eff-b433-f0e886b24b7d/nomination-district/3aa6865a-72ad-4551-ac1e-dd51d5850e31/polling-district/5548a59b-b0e4-4a46-a697-19fc02aa96d0
Horsenskredsen,https://valg.dk/fv/847cec19-05ff-4eff-b433-f0e886b24b7d/nomination-district/3aa6865a-72ad-4551-ac1e-dd51d5850e31,Hovedgård,https://valg.dk/fv/847cec19-05ff-4eff-b433-f0e886b24b7d/nomination-district/3aa6865a-72ad-4551-ac1e-dd51d5850e31/polling-district/19a371e9-a26e-499a-b1b0-1a99a359a957
Horsenskredsen,https://valg.dk/fv/847cec19-05ff-4eff-b433-f0e886b24b7d/nomination-district/3aa6865a-72ad-4551-ac1e-dd51d5850e31,Højvangen,https://valg.dk/fv/847cec19-05ff-4eff-b433-f0e886b24b7d/nomination-district/3aa6865a-72ad-4551-ac1e-dd51d5850e31/polling-district/bb4e928e-c615-4544-9e31-a47281a8747f
Horsenskredsen,https://valg.dk/fv/847cec19-05ff-4eff-b433-f0e886b24b7d/nomination-district/3aa6865a-72ad-4551-ac1e-dd51d5850e31,Lund,https://valg.dk/fv/847cec19-05ff-4eff-b433-f0e886b24b7d/nomination-district/3aa6865a-72ad-4551-ac1e-dd51d5850e31/polling-district/5bc33374-a7c0-4c2b-912f-3f7529e27802
Horsenskredsen,https://valg.dk/fv/847cec19-05ff-4eff-b433-f0e886b24b7d/nomination-district/3aa6865a-72ad-4551-ac1e-dd51d5850e31,Midtbyen,https://valg.dk/fv/847cec19-05ff-4eff-b433-f0e886b24b7d/nomination-district/3aa6865a-72ad-4551-ac1e-dd51d5850e31/polling-district/18fb7886-f6f7-4453-9626-c3dda7dfa03b
Horsenskredsen,https://valg.dk/fv/847cec19-05ff-4eff-b433-f0e886b24b7d/nomination-district/3aa6865a-72ad-4551-ac1e-dd51d5850e31,Nim,https://valg.dk/fv/847cec19-05ff-4eff-b433-f0e886b24b7d/nomination-district/3aa6865a-72ad-4551-ac1e-dd51d5850e31/polling-district/feea903f-d6de-40aa-a3cc-f4a29cd71bc9
Horsenskredsen,https://valg.dk/fv/847cec19-05ff-4eff-b433-f0e886b24b7d/nomination-district/3aa6865a-72ad-4551-ac1e-dd51d5850e31,Sdr.Vissing,https://valg.dk/fv/847cec19-05ff-4eff-b433-f0e886b24b7d/nomination-district/3aa6865a-72ad-4551-ac1e-dd51d5850e31/polling-district/8055dfb6-5b0b-45df-85b1-8ebff705ebb5
Horsenskredsen,https://valg.dk/fv/847cec19-05ff-4eff-b433-f0e886b24b7d/nomination-district/3aa6865a-72ad-4551-ac1e-dd51d5850e31,Sejet,https://valg.dk/fv/847cec19-05ff-4eff-b433-f0e886b24b7d/nomination-district/3aa6865a-72ad-4551-ac1e-dd51d5850e31/polling-district/ef7f36d0-796c-45d0-ade7-52c327824180
Horsenskredsen,https://valg.dk/fv/847cec19-05ff-4eff-b433-f0e886b24b7d/nomination-district/3aa6865a-72ad-4551-ac1e-dd51d5850e31,Stensballe,https://valg.dk/fv/847cec19-05ff-4eff-b433-f0e886b24b7d/nomination-district/3aa6865a-72ad-4551-ac1e-dd51d5850e31/polling-district/9a7851d4-dec5-4dd2-a82e-cc018e97d666
Horsenskredsen,https://valg.dk/fv/847cec19-05ff-4eff-b433-f0e886b24b7d/nomination-district/3aa6865a-72ad-4551-ac1e-dd51d5850e31,Sundparken,https://valg.dk/fv/847cec19-05ff-4eff-b433-f0e886b24b7d/nomination-district/3aa6865a-72ad-4551-ac1e-dd51d5850e31/polling-district/85aa6e3d-e84c-43f9-8593-eb43736e0e9b
Horsenskredsen,https://valg.dk/fv/847cec19-05ff-4eff-b433-f0e886b24b7d/nomination-district/3aa6865a-72ad-4551-ac1e-dd51d5850e31,Sønderbro,https://valg.dk/fv/847cec19-05ff-4eff-b433-f0e886b24b7d/nomination-district/3aa6865a-72ad-4551-ac1e-dd51d5850e31/polling-district/e69528ef-fa76-4ee8-baf8-8d7df068841d
Horsenskredsen,https://valg.dk/fv/847cec19-05ff-4eff-b433-f0e886b24b7d/nomination-district/3aa6865a-72ad-4551-ac1e-dd51d5850e31,Søvind,https://valg.dk/fv/847cec19-05ff-4eff-b433-f0e886b24b7d/nomination-district/3aa6865a-72ad-4551-ac1e-dd51d5850e31/polling-district/bf3f3b61-03b8-430d-90bb-35925ba0226f
Horsenskredsen,https://valg.dk/fv/847cec19-05ff-4eff-b433-f0e886b24b7d/nomination-district/3aa6865a-72ad-4551-ac1e-dd51d5850e31,Torsted,https://valg.dk/fv/847cec19-05ff-4eff-b433-f0e886b24b7d/nomination-district/3aa6865a-72ad-4551-ac1e-dd51d5850e31/polling-district/3954dece-f2c7-484f-b1d2-b9062ecb1e08
Horsenskredsen,https://valg.dk/fv/847cec19-05ff-4eff-b433-f0e886b24b7d/nomination-district/3aa6865a-72ad-4551-ac1e-dd51d5850e31,Tønning-Træden,https://valg.dk/fv/847cec19-05ff-4eff-b433-f0e886b24b7d/nomination-district/3aa6865a-72ad-4551-ac1e-dd51d5850e31/polling-district/eabdb59e-91dd-426b-b135-1f9e4a1f1163
Horsenskredsen,https://valg.dk/fv/847cec19-05ff-4eff-b433-f0e886b24b7d/nomination-district/3aa6865a-72ad-4551-ac1e-dd51d5850e31,Vestbyen,https://valg.dk/fv/847cec19-05ff-4eff-b433-f0e886b24b7d/nomination-district/3aa6865a-72ad-4551-ac1e-dd51d5850e31/polling-district/1716caeb-b748-4c36-801f-7dba670d52ee
Horsenskredsen,https://valg.dk/fv/847cec19-05ff-4eff-b433-f0e886b24b7d/nomination-district/3aa6865a-72ad-4551-ac1e-dd51d5850e31,Østbirk,https://valg.dk/fv/847cec19-05ff-4eff-b433-f0e886b24b7d/nomination-district/3aa6865a-72ad-4551-ac1e-dd51d5850e31/polling-district/38173e24-80c4-4c99-ad2a-8c7f9e67b80f
Hvidovrekredsen,https://valg.dk/fv/847cec19-05ff-4eff-b433-f0e886b24b7d/nomination-district/c792337d-3f67-4024-bcfb-298e2591b39a,Avedøre Idrætscenter,https://valg.dk/fv/847cec19-05ff-4eff-b433-f0e886b24b7d/nomination-district/c792337d-3f67-4024-bcfb-298e2591b39a/polling-district/2a246492-aaa3-45d6-8ead-0b5e33e14484
Hvidovrekredsen,https://valg.dk/fv/847cec19-05ff-4eff-b433-f0e886b24b7d/nomination-district/c792337d-3f67-4024-bcfb-298e2591b39a,Avedøre Skole,https://valg.dk/fv/847cec19-05ff-4eff-b433-f0e886b24b7d/nomination-district/c792337d-3f67-4024-bcfb-298e2591b39a/polling-district/37bc2eb8-69a8-4968-975b-845219a6d4ab
Hvidovrekredsen,https://valg.dk/fv/847cec19-05ff-4eff-b433-f0e886b24b7d/nomination-district/c792337d-3f67-4024-bcfb-298e2591b39a,Dansborghallen,https://valg.dk/fv/847cec19-05ff-4eff-b433-f0e886b24b7d/nomination-district/c792337d-3f67-4024-bcfb-298e2591b39a/polling-district/ef0f7da1-c2dc-4634-a238-7c3a1db33f40
Hvidovrekredsen,https://valg.dk/fv/847cec19-05ff-4eff-b433-f0e886b24b7d/nomination-district/c792337d-3f67-4024-bcfb-298e2591b39a,Frihedens Idrætscenter,https://valg.dk/fv/847cec19-05ff-4eff-b433-f0e886b24b7d/nomination-district/c792337d-3f67-4024-bcfb-298e2591b39a/polling-district/e116ae8c-b1b8-466d-a68b-271ca5b2992b
Hvidovrekredsen,https://valg.dk/fv/847cec19-05ff-4eff-b433-f0e886b24b7d/nomination-district/c792337d-3f67-4024-bcfb-298e2591b39a,Holmegårdshallen,https://valg.dk/fv/847cec19-05ff-4eff-b433-f0e886b24b7d/nomination-district/c792337d-3f67-4024-bcfb-298e2591b39a/polling-district/9124378e-4b39-4491-b099-a7810554f5b9
Hvidovrekredsen,https://valg.dk/fv/847cec19-05ff-4eff-b433-f0e886b24b7d/nomination-district/c792337d-3f67-4024-bcfb-298e2591b39a,Medborgerhuset,https://valg.dk/fv/847cec19-05ff-4eff-b433-f0e886b24b7d/nomination-district/c792337d-3f67-4024-bcfb-298e2591b39a/polling-district/cc08e323-4686-43a2-b9f0-9bf5cd3934d0
Hvidovrekredsen,https://valg.dk/fv/847cec19-05ff-4eff-b433-f0e886b24b7d/nomination-district/c792337d-3f67-4024-bcfb-298e2591b39a,Præstemoseskolen,https://valg.dk/fv/847cec19-05ff-4eff-b433-f0e886b24b7d/nomination-district/c792337d-3f67-4024-bcfb-298e2591b39a/polling-district/611d0829-8287-4c53-b848-dfb68eee5cc6
Hvidovrekredsen,https://valg.dk/fv/847cec19-05ff-4eff-b433-f0e886b24b7d/nomination-district/c792337d-3f67-4024-bcfb-298e2591b39a,Sønderkærskolen,https://valg.dk/fv/847cec19-05ff-4eff-b433-f0e886b24b7d/nomination-district/c792337d-3f67-4024-bcfb-298e2591b39a/polling-district/51e5db10-6f30-44d8-bcde-f7434dc40e2a
Ikastkredsen,https://valg.dk/fv/847cec19-05ff-4eff-b433-f0e886b24b7d/nomination-district/0a344769-0971-4d9f-9212-36e2122438f1,Blåhøj,https://valg.dk/fv/847cec19-05ff-4eff-b433-f0e886b24b7d/nomination-district/0a344769-0971-4d9f-9212-36e2122438f1/polling-district/1f57c8e9-c07c-49a7-b52b-b0355f81a562
Ikastkredsen,https://valg.dk/fv/847cec19-05ff-4eff-b433-f0e886b24b7d/nomination-district/0a344769-0971-4d9f-9212-36e2122438f1,Bording,https://valg.dk/fv/847cec19-05ff-4eff-b433-f0e886b24b7d/nomination-district/0a344769-0971-4d9f-9212-36e2122438f1/polling-district/3e5da65c-a26f-4d6b-b200-abc9610a1fbe
Ikastkredsen,https://valg.dk/fv/847cec19-05ff-4eff-b433-f0e886b24b7d/nomination-district/0a344769-0971-4d9f-9212-36e2122438f1,Brande By,https://valg.dk/fv/847cec19-05ff-4eff-b433-f0e886b24b7d/nomination-district/0a344769-0971-4d9f-9212-36e2122438f1/polling-district/7bd75f42-5e9e-4b72-b375-584293fb6f47
Ikastkredsen,https://valg.dk/fv/847cec19-05ff-4eff-b433-f0e886b24b7d/nomination-district/0a344769-0971-4d9f-9212-36e2122438f1,Ejstrup,https://valg.dk/fv/847cec19-05ff-4eff-b433-f0e886b24b7d/nomination-district/0a344769-0971-4d9f-9212-36e2122438f1/polling-district/0c50f594-2974-48bd-8ab2-6c66e9446ee2
Ikastkredsen,https://valg.dk/fv/847cec19-05ff-4eff-b433-f0e886b24b7d/nomination-district/0a344769-0971-4d9f-9212-36e2122438f1,Engesvang,https://valg.dk/fv/847cec19-05ff-4eff-b433-f0e886b24b7d/nomination-district/0a344769-0971-4d9f-9212-36e2122438f1/polling-district/c6191353-5e54-467c-b7e0-256eda65a3f5
Ikastkredsen,https://valg.dk/fv/847cec19-05ff-4eff-b433-f0e886b24b7d/nomination-district/0a344769-0971-4d9f-9212-36e2122438f1,Gludsted,https://valg.dk/fv/847cec19-05ff-4eff-b433-f0e886b24b7d/nomination-district/0a344769-0971-4d9f-9212-36e2122438f1/polling-district/02e4f725-5f05-4464-a177-ea502f316b56
Ikastkredsen,https://valg.dk/fv/847cec19-05ff-4eff-b433-f0e886b24b7d/nomination-district/0a344769-0971-4d9f-9212-36e2122438f1,Ikast,https://valg.dk/fv/847cec19-05ff-4eff-b433-f0e886b24b7d/nomination-district/0a344769-0971-4d9f-9212-36e2122438f1/polling-district/6341c21c-3ddc-4f65-9aeb-66a26cd0d853
Ikastkredsen,https://valg.dk/fv/847cec19-05ff-4eff-b433-f0e886b24b7d/nomination-district/0a344769-0971-4d9f-9212-36e2122438f1,Isenvad,https://valg.dk/fv/847cec19-05ff-4eff-b433-f0e886b24b7d/nomination-district/0a344769-0971-4d9f-9212-36e2122438f1/polling-district/a68edc1d-7fd7-4cf6-a509-c988a8fdf272
Ikastkredsen,https://valg.dk/fv/847cec19-05ff-4eff-b433-f0e886b24b7d/nomination-district/0a344769-0971-4d9f-9212-36e2122438f1,Klovborg,https://valg.dk/fv/847cec19-05ff-4eff-b433-f0e886b24b7d/nomination-district/0a344769-0971-4d9f-9212-36e2122438f1/polling-district/3561882c-1d5c-45c8-ac0b-048b29ea29c0
Ikastkredsen,https://valg.dk/fv/847cec19-05ff-4eff-b433-f0e886b24b7d/nomination-district/0a344769-0971-4d9f-9212-36e2122438f1,Nørre-Snede,https://valg.dk/fv/847cec19-05ff-4eff-b433-f0e886b24b7d/nomination-district/0a344769-0971-4d9f-9212-36e2122438f1/polling-district/0f4c8c54-a179-445d-a06a-796df60c7e37
Indre Bykredsen,https://valg.dk/fv/847cec19-05ff-4eff-b433-f0e886b24b7d/nomination-district/b828bd5e-04c1-4aef-94b6-d15cb49ab9f6,3. Indre By,https://valg.dk/fv/847cec19-05ff-4eff-b433-f0e886b24b7d/nomination-district/b828bd5e-04c1-4aef-94b6-d15cb49ab9f6/polling-district/76deba64-7e8d-44be-913e-feea94192fd9
Indre Bykredsen,https://valg.dk/fv/847cec19-05ff-4eff-b433-f0e886b24b7d/nomination-district/b828bd5e-04c1-4aef-94b6-d15cb49ab9f6,3. Nord,https://valg.dk/fv/847cec19-05ff-4eff-b433-f0e886b24b7d/nomination-district/b828bd5e-04c1-4aef-94b6-d15cb49ab9f6/polling-district/9b5d435b-2488-437f-8894-a246fb1fd6eb
Indre Bykredsen,https://valg.dk/fv/847cec19-05ff-4eff-b433-f0e886b24b7d/nomination-district/b828bd5e-04c1-4aef-94b6-d15cb49ab9f6,3. Syd,https://valg.dk/fv/847cec19-05ff-4eff-b433-f0e886b24b7d/nomination-district/b828bd5e-04c1-4aef-94b6-d15cb49ab9f6/polling-district/9ff8e996-1767-4301-93c5-4b7d25c507d0
Indre Bykredsen,https://valg.dk/fv/847cec19-05ff-4eff-b433-f0e886b24b7d/nomination-district/b828bd5e-04c1-4aef-94b6-d15cb49ab9f6,3. Øst,https://valg.dk/fv/847cec19-05ff-4eff-b433-f0e886b24b7d/nomination-district/b828bd5e-04c1-4aef-94b6-d15cb49ab9f6/polling-district/21d6b611-4a2f-411b-993a-594255aa9ec5
Kalundborgkredsen,https://valg.dk/fv/847cec19-05ff-4eff-b433-f0e886b24b7d/nomination-district/659e4710-c08b-4f3f-8457-e58e9bf56306,Asnæs,https://valg.dk/fv/847cec19-05ff-4eff-b433-f0e886b24b7d/nomination-district/659e4710-c08b-4f3f-8457-e58e9bf56306/polling-district/d1130157-4025-4746-bf91-9a7697eb3190
Kalundborgkredsen,https://valg.dk/fv/847cec19-05ff-4eff-b433-f0e886b24b7d/nomination-district/659e4710-c08b-4f3f-8457-e58e9bf56306,Buerup,https://valg.dk/fv/847cec19-05ff-4eff-b433-f0e886b24b7d/nomination-district/659e4710-c08b-4f3f-8457-e58e9bf56306/polling-district/d8aaa072-d78a-4d8f-9c31-50633d59676a
Kalundborgkredsen,https://valg.dk/fv/847cec19-05ff-4eff-b433-f0e886b24b7d/nomination-district/659e4710-c08b-4f3f-8457-e58e9bf56306,Egebjerg,https://valg.dk/fv/847cec19-05ff-4eff-b433-f0e886b24b7d/nomination-district/659e4710-c08b-4f3f-8457-e58e9bf56306/polling-district/e09d7189-7814-4249-93b0-cad9b2ffe21e
Kalundborgkredsen,https://valg.dk/fv/847cec19-05ff-4eff-b433-f0e886b24b7d/nomination-district/659e4710-c08b-4f3f-8457-e58e9bf56306,Fårevejle,https://valg.dk/fv/847cec19-05ff-4eff-b433-f0e886b24b7d/nomination-district/659e4710-c08b-4f3f-8457-e58e9bf56306/polling-district/d5b94f80-20ba-4281-be05-f198cae7119a
Kalundborgkredsen,https://valg.dk/fv/847cec19-05ff-4eff-b433-f0e886b24b7d/nomination-district/659e4710-c08b-4f3f-8457-e58e9bf56306,Gierslev,https://valg.dk/fv/847cec19-05ff-4eff-b433-f0e886b24b7d/nomination-district/659e4710-c08b-4f3f-8457-e58e9bf56306/polling-district/57a6795d-2cff-4bf4-b7c6-c2ba2272db30
Kalundborgkredsen,https://valg.dk/fv/847cec19-05ff-4eff-b433-f0e886b24b7d/nomination-district/659e4710-c08b-4f3f-8457-e58e9bf56306,Grevinge,https://valg.dk/fv/847cec19-05ff-4eff-b433-f0e886b24b7d/nomination-district/659e4710-c08b-4f3f-8457-e58e9bf56306/polling-district/389c0067-8577-43c1-9563-7edfd2a9eb80
Kalundborgkredsen,https://valg.dk/fv/847cec19-05ff-4eff-b433-f0e886b24b7d/nomination-district/659e4710-c08b-4f3f-8457-e58e9bf56306,Gørlev,https://valg.dk/fv/847cec19-05ff-4eff-b433-f0e886b24b7d/nomination-district/659e4710-c08b-4f3f-8457-e58e9bf56306/polling-district/3fe4eed7-8603-40e4-a0ff-8dfc1febe958
Kalundborgkredsen,https://valg.dk/fv/847cec19-05ff-4eff-b433-f0e886b24b7d/nomination-district/659e4710-c08b-4f3f-8457-e58e9bf56306,Højby,https://valg.dk/fv/847cec19-05ff-4eff-b433-f0e886b24b7d/nomination-district/659e4710-c08b-4f3f-8457-e58e9bf56306/polling-district/15a62b9e-b0b3-4f39-914b-2e476017251a
Kalundborgkredsen,https://valg.dk/fv/847cec19-05ff-4eff-b433-f0e886b24b7d/nomination-district/659e4710-c08b-4f3f-8457-e58e9bf56306,Høng,https://valg.dk/fv/847cec19-05ff-4eff-b433-f0e886b24b7d/nomination-district/659e4710-c08b-4f3f-8457-e58e9bf56306/polling-district/a040d93e-8d5c-4202-8508-5846c378df75
Kalundborgkredsen,https://valg.dk/fv/847cec19-05ff-4eff-b433-f0e886b24b7d/nomination-district/659e4710-c08b-4f3f-8457-e58e9bf56306,Hørve,https://valg.dk/fv/847cec19-05ff-4eff-b433-f0e886b24b7d/nomination-district/659e4710-c08b-4f3f-8457-e58e9bf56306/polling-district/7f7449aa-32a0-4241-966f-e6bdee7579d8
Kalundborgkredsen,https://valg.dk/fv/847cec19-05ff-4eff-b433-f0e886b24b7d/nomination-district/659e4710-c08b-4f3f-8457-e58e9bf56306,Kalundborghallen,https://valg.dk/fv/847cec19-05ff-4eff-b433-f0e886b24b7d/nomination-district/659e4710-c08b-4f3f-8457-e58e9bf56306/polling-district/669019fd-45af-45ce-85b7-b1c8cefbd5a9
Kalundborgkredsen,https://valg.dk/fv/847cec19-05ff-4eff-b433-f0e886b24b7d/nomination-district/659e4710-c08b-4f3f-8457-e58e9bf56306,Kr. Helsinge,https://valg.dk/fv/847cec19-05ff-4eff-b433-f0e886b24b7d/nomination-district/659e4710-c08b-4f3f-8457-e58e9bf56306/polling-district/2bf46302-8d64-4bd6-ba44-f8ca00d50c95
Kalundborgkredsen,https://valg.dk/fv/847cec19-05ff-4eff-b433-f0e886b24b7d/nomination-district/659e4710-c08b-4f3f-8457-e58e9bf56306,Lumsås,https://valg.dk/fv/847cec19-05ff-4eff-b433-f0e886b24b7d/nomination-district/659e4710-c08b-4f3f-8457-e58e9bf56306/polling-district/43334036-91da-44b3-bbfa-60ddf4dd71ec
Kalundborgkredsen,https://valg.dk/fv/847cec19-05ff-4eff-b433-f0e886b24b7d/nomination-district/659e4710-c08b-4f3f-8457-e58e9bf56306,Nr. Asmindrup,https://valg.dk/fv/847cec19-05ff-4eff-b433-f0e886b24b7d/nomination-district/659e4710-c08b-4f3f-8457-e58e9bf56306/polling-district/f1dea349-895d-4cda-9cb7-f8c5c9215249
Kalundborgkredsen,https://valg.dk/fv/847cec19-05ff-4eff-b433-f0e886b24b7d/nomination-district/659e4710-c08b-4f3f-8457-e58e9bf56306,Nykøbing,https://valg.dk/fv/847cec19-05ff-4eff-b433-f0e886b24b7d/nomination-district/659e4710-c08b-4f3f-8457-e58e9bf56306/polling-district/d909bff5-4ccb-4c77-9ad2-26acb7b09a92
Kalundborgkredsen,https://valg.dk/fv/847cec19-05ff-4eff-b433-f0e886b24b7d/nomination-district/659e4710-c08b-4f3f-8457-e58e9bf56306,Odden,https://valg.dk/fv/847cec19-05ff-4eff-b433-f0e886b24b7d/nomination-district/659e4710-c08b-4f3f-8457-e58e9bf56306/polling-district/96c49e94-6809-4d8a-8631-b72f45ce4dad
Kalundborgkredsen,https://valg.dk/fv/847cec19-05ff-4eff-b433-f0e886b24b7d/nomination-district/659e4710-c08b-4f3f-8457-e58e9bf56306,Raklev,https://valg.dk/fv/847cec19-05ff-4eff-b433-f0e886b24b7d/nomination-district/659e4710-c08b-4f3f-8457-e58e9bf56306/polling-district/c010518f-216c-4c49-b601-e1eaec6ef463
Kalundborgkredsen,https://valg.dk/fv/847cec19-05ff-4eff-b433-f0e886b24b7d/nomination-district/659e4710-c08b-4f3f-8457-e58e9bf56306,Reersø,https://valg.dk/fv/847cec19-05ff-4eff-b433-f0e886b24b7d/nomination-district/659e4710-c08b-4f3f-8457-e58e9bf56306/polling-district/1e06bb4d-4abc-490a-adaa-994da37183fc
Kalundborgkredsen,https://valg.dk/fv/847cec19-05ff-4eff-b433-f0e886b24b7d/nomination-district/659e4710-c08b-4f3f-8457-e58e9bf56306,Rynkevang,https://valg.dk/fv/847cec19-05ff-4eff-b433-f0e886b24b7d/nomination-district/659e4710-c08b-4f3f-8457-e58e9bf56306/polling-district/70e9fc81-687b-4d1b-b5f3-7aff7e8a3aec
Kalundborgkredsen,https://valg.dk/fv/847cec19-05ff-4eff-b433-f0e886b24b7d/nomination-district/659e4710-c08b-4f3f-8457-e58e9bf56306,Rørvig,https://valg.dk/fv/847cec19-05ff-4eff-b433-f0e886b24b7d/nomination-district/659e4710-c08b-4f3f-8457-e58e9bf56306/polling-district/9308048f-521c-4f03-be41-c312f032b58d
Kalundborgkredsen,https://valg.dk/fv/847cec19-05ff-4eff-b433-f0e886b24b7d/nomination-district/659e4710-c08b-4f3f-8457-e58e9bf56306,Røsnæs,https://valg.dk/fv/847cec19-05ff-4eff-b433-f0e886b24b7d/nomination-district/659e4710-c08b-4f3f-8457-e58e9bf56306/polling-district/cf789274-f636-4b97-a77d-4291e6dbb538
Kalundborgkredsen,https://valg.dk/fv/847cec19-05ff-4eff-b433-f0e886b24b7d/nomination-district/659e4710-c08b-4f3f-8457-e58e9bf56306,Sejerø,https://valg.dk/fv/847cec19-05ff-4eff-b433-f0e886b24b7d/nomination-district/659e4710-c08b-4f3f-8457-e58e9bf56306/polling-district/a3ec2a45-fc82-45e0-868e-965cd9b1970d
Kalundborgkredsen,https://valg.dk/fv/847cec19-05ff-4eff-b433-f0e886b24b7d/nomination-district/659e4710-c08b-4f3f-8457-e58e9bf56306,Snertinge,https://valg.dk/fv/847cec19-05ff-4eff-b433-f0e886b24b7d/nomination-district/659e4710-c08b-4f3f-8457-e58e9bf56306/polling-district/b1085495-92fd-45c6-bcf2-4d9836e4b333
Kalundborgkredsen,https://valg.dk/fv/847cec19-05ff-4eff-b433-f0e886b24b7d/nomination-district/659e4710-c08b-4f3f-8457-e58e9bf56306,Svallerup,https://valg.dk/fv/847cec19-05ff-4eff-b433-f0e886b24b7d/nomination-district/659e4710-c08b-4f3f-8457-e58e9bf56306/polling-district/5b63586c-b384-4851-bd91-77b73c206358
Kalundborgkredsen,https://valg.dk/fv/847cec19-05ff-4eff-b433-f0e886b24b7d/nomination-district/659e4710-c08b-4f3f-8457-e58e9bf56306,Svebølle,https://valg.dk/fv/847cec19-05ff-4eff-b433-f0e886b24b7d/nomination-district/659e4710-c08b-4f3f-8457-e58e9bf56306/polling-district/15506157-3d3c-4359-b582-8259551f6910
Kalundborgkredsen,https://valg.dk/fv/847cec19-05ff-4eff-b433-f0e886b24b7d/nomination-district/659e4710-c08b-4f3f-8457-e58e9bf56306,Tømmerup,https://valg.dk/fv/847cec19-05ff-4eff-b433-f0e886b24b7d/nomination-district/659e4710-c08b-4f3f-8457-e58e9bf56306/polling-district/32bbbaa2-c008-42ac-986e-1657044bc05b
Kalundborgkredsen,https://valg.dk/fv/847cec19-05ff-4eff-b433-f0e886b24b7d/nomination-district/659e4710-c08b-4f3f-8457-e58e9bf56306,Ubby,https://valg.dk/fv/847cec19-05ff-4eff-b433-f0e886b24b7d/nomination-district/659e4710-c08b-4f3f-8457-e58e9bf56306/polling-district/ecdf1762-0eac-44d6-a40f-8600cebc9b7d
Kalundborgkredsen,https://valg.dk/fv/847cec19-05ff-4eff-b433-f0e886b24b7d/nomination-district/659e4710-c08b-4f3f-8457-e58e9bf56306,Ulshøj,https://valg.dk/fv/847cec19-05ff-4eff-b433-f0e886b24b7d/nomination-district/659e4710-c08b-4f3f-8457-e58e9bf56306/polling-district/dc29a322-7128-47a4-87d8-83fe86ffdcd2
Kalundborgkredsen,https://valg.dk/fv/847cec19-05ff-4eff-b433-f0e886b24b7d/nomination-district/659e4710-c08b-4f3f-8457-e58e9bf56306,Vig,https://valg.dk/fv/847cec19-05ff-4eff-b433-f0e886b24b7d/nomination-district/659e4710-c08b-4f3f-8457-e58e9bf56306/polling-district/0c9eff97-cad0-4333-bb23-931637d1e59c
Kalundborgkredsen,https://valg.dk/fv/847cec19-05ff-4eff-b433-f0e886b24b7d/nomination-district/659e4710-c08b-4f3f-8457-e58e9bf56306,Årby-Rørby,https://valg.dk/fv/847cec19-05ff-4eff-b433-f0e886b24b7d/nomination-district/659e4710-c08b-4f3f-8457-e58e9bf56306/polling-district/c6404178-2173-4d55-b9de-7e73cd9aac39
Kolding Nordkredsen,https://valg.dk/fv/847cec19-05ff-4eff-b433-f0e886b24b7d/nomination-district/4ab83522-0050-47ae-ba63-2f6e91e5f09f,Alminde-Viuf/Vester Nebel,https://valg.dk/fv/847cec19-05ff-4eff-b433-f0e886b24b7d/nomination-district/4ab83522-0050-47ae-ba63-2f6e91e5f09f/polling-district/08acd583-c144-458b-9e0c-3b216f9369b9
Kolding Nordkredsen,https://valg.dk/fv/847cec19-05ff-4eff-b433-f0e886b24b7d/nomination-district/4ab83522-0050-47ae-ba63-2f6e91e5f09f,Bramdrupdam,https://valg.dk/fv/847cec19-05ff-4eff-b433-f0e886b24b7d/nomination-district/4ab83522-0050-47ae-ba63-2f6e91e5f09f/polling-district/b113b679-bb5e-4b22-96b1-05e051b7039c
Kolding Nordkredsen,https://valg.dk/fv/847cec19-05ff-4eff-b433-f0e886b24b7d/nomination-district/4ab83522-0050-47ae-ba63-2f6e91e5f09f,Centrum Nord,https://valg.dk/fv/847cec19-05ff-4eff-b433-f0e886b24b7d/nomination-district/4ab83522-0050-47ae-ba63-2f6e91e5f09f/polling-district/3d1e579b-0116-4591-8a2f-ce8a2ebcbe54
Kolding Nordkredsen,https://valg.dk/fv/847cec19-05ff-4eff-b433-f0e886b24b7d/nomination-district/4ab83522-0050-47ae-ba63-2f6e91e5f09f,Lunderskov/Jordrup,https://valg.dk/fv/847cec19-05ff-4eff-b433-f0e886b24b7d/nomination-district/4ab83522-0050-47ae-ba63-2f6e91e5f09f/polling-district/38ab74e9-bd3c-4fdb-94a8-55e08fec0de4
Kolding Nordkredsen,https://valg.dk/fv/847cec19-05ff-4eff-b433-f0e886b24b7d/nomination-district/4ab83522-0050-47ae-ba63-2f6e91e5f09f,Nordbyen,https://valg.dk/fv/847cec19-05ff-4eff-b433-f0e886b24b7d/nomination-district/4ab83522-0050-47ae-ba63-2f6e91e5f09f/polling-district/41c31d09-35f6-4406-af84-95c54cf2a5e9
Kolding Nordkredsen,https://valg.dk/fv/847cec19-05ff-4eff-b433-f0e886b24b7d/nomination-district/4ab83522-0050-47ae-ba63-2f6e91e5f09f,Strandhuse/Nr. Bjert/ Eltang,https://valg.dk/fv/847cec19-05ff-4eff-b433-f0e886b24b7d/nomination-district/4ab83522-0050-47ae-ba63-2f6e91e5f09f/polling-district/70d44b1a-6073-4bea-81ac-832295314ca3
Kolding Nordkredsen,https://valg.dk/fv/847cec19-05ff-4eff-b433-f0e886b24b7d/nomination-district/4ab83522-0050-47ae-ba63-2f6e91e5f09f,Vestbyen,https://valg.dk/fv/847cec19-05ff-4eff-b433-f0e886b24b7d/nomination-district/4ab83522-0050-47ae-ba63-2f6e91e5f09f/polling-district/97805de6-97b1-4566-8c4f-f60a180156cf
Kolding Sydkredsen,https://valg.dk/fv/847cec19-05ff-4eff-b433-f0e886b24b7d/nomination-district/c3beaf6e-d2b7-4ba0-b1f5-3ee2362781c9,Centrum Syd,https://valg.dk/fv/847cec19-05ff-4eff-b433-f0e886b24b7d/nomination-district/c3beaf6e-d2b7-4ba0-b1f5-3ee2362781c9/polling-district/70524713-5d6e-471b-a21a-e3115432c13b
Kolding Sydkredsen,https://valg.dk/fv/847cec19-05ff-4eff-b433-f0e886b24b7d/nomination-district/c3beaf6e-d2b7-4ba0-b1f5-3ee2362781c9,Chr.Feld/Stepping/Taps/Hejls,https://valg.dk/fv/847cec19-05ff-4eff-b433-f0e886b24b7d/nomination-district/c3beaf6e-d2b7-4ba0-b1f5-3ee2362781c9/polling-district/614a4c27-3820-4be9-ad6f-6acac4746c34
Kolding Sydkredsen,https://valg.dk/fv/847cec19-05ff-4eff-b433-f0e886b24b7d/nomination-district/c3beaf6e-d2b7-4ba0-b1f5-3ee2362781c9,Dalby/Tved/Rebæk,https://valg.dk/fv/847cec19-05ff-4eff-b433-f0e886b24b7d/nomination-district/c3beaf6e-d2b7-4ba0-b1f5-3ee2362781c9/polling-district/ddf373a8-ed8c-48e6-b209-e8c409840423
Kolding Sydkredsen,https://valg.dk/fv/847cec19-05ff-4eff-b433-f0e886b24b7d/nomination-district/c3beaf6e-d2b7-4ba0-b1f5-3ee2362781c9,S Bjert/S Stenderup/Vejstrup,https://valg.dk/fv/847cec19-05ff-4eff-b433-f0e886b24b7d/nomination-district/c3beaf6e-d2b7-4ba0-b1f5-3ee2362781c9/polling-district/4e63c83a-78e0-484d-ba5f-78771edc7b22
Kolding Sydkredsen,https://valg.dk/fv/847cec19-05ff-4eff-b433-f0e886b24b7d/nomination-district/c3beaf6e-d2b7-4ba0-b1f5-3ee2362781c9,Seest,https://valg.dk/fv/847cec19-05ff-4eff-b433-f0e886b24b7d/nomination-district/c3beaf6e-d2b7-4ba0-b1f5-3ee2362781c9/polling-district/ee547d32-4477-48c2-977a-9dd8bcfe73de
Kolding Sydkredsen,https://valg.dk/fv/847cec19-05ff-4eff-b433-f0e886b24b7d/nomination-district/c3beaf6e-d2b7-4ba0-b1f5-3ee2362781c9,Sydbyen,https://valg.dk/fv/847cec19-05ff-4eff-b433-f0e886b24b7d/nomination-district/c3beaf6e-d2b7-4ba0-b1f5-3ee2362781c9/polling-district/901da781-ab55-42bc-96f7-524383d30050
Kolding Sydkredsen,https://valg.dk/fv/847cec19-05ff-4eff-b433-f0e886b24b7d/nomination-district/c3beaf6e-d2b7-4ba0-b1f5-3ee2362781c9,Vamdrup/Hjarup/Ødis,https://valg.dk/fv/847cec19-05ff-4eff-b433-f0e886b24b7d/nomination-district/c3beaf6e-d2b7-4ba0-b1f5-3ee2362781c9/polling-district/1ac44ef7-4f88-4a9a-a748-3e594a1c8170
Kolding Sydkredsen,https://valg.dk/fv/847cec19-05ff-4eff-b433-f0e886b24b7d/nomination-district/c3beaf6e-d2b7-4ba0-b1f5-3ee2362781c9,Vonsild,https://valg.dk/fv/847cec19-05ff-4eff-b433-f0e886b24b7d/nomination-district/c3beaf6e-d2b7-4ba0-b1f5-3ee2362781c9/polling-district/b52109fe-64a4-47c9-9167-a574527ef2f9
Køgekredsen,https://valg.dk/fv/847cec19-05ff-4eff-b433-f0e886b24b7d/nomination-district/e121fe23-fb2f-4bf0-b4d5-dbcd7490eb69,Alkestrup,https://valg.dk/fv/847cec19-05ff-4eff-b433-f0e886b24b7d/nomination-district/e121fe23-fb2f-4bf0-b4d5-dbcd7490eb69/polling-district/c54f8d13-da80-43d6-b8bf-562f6a53a458
Køgekredsen,https://valg.dk/fv/847cec19-05ff-4eff-b433-f0e886b24b7d/nomination-district/e121fe23-fb2f-4bf0-b4d5-dbcd7490eb69,Bjæverskov,https://valg.dk/fv/847cec19-05ff-4eff-b433-f0e886b24b7d/nomination-district/e121fe23-fb2f-4bf0-b4d5-dbcd7490eb69/polling-district/16619343-6c8b-41fd-94b7-2b4f2208e614
Køgekredsen,https://valg.dk/fv/847cec19-05ff-4eff-b433-f0e886b24b7d/nomination-district/e121fe23-fb2f-4bf0-b4d5-dbcd7490eb69,Borup,https://valg.dk/fv/847cec19-05ff-4eff-b433-f0e886b24b7d/nomination-district/e121fe23-fb2f-4bf0-b4d5-dbcd7490eb69/polling-district/e70aa852-fe3b-464f-9fc2-805467683f38
Køgekredsen,https://valg.dk/fv/847cec19-05ff-4eff-b433-f0e886b24b7d/nomination-district/e121fe23-fb2f-4bf0-b4d5-dbcd7490eb69,Ejby,https://valg.dk/fv/847cec19-05ff-4eff-b433-f0e886b24b7d/nomination-district/e121fe23-fb2f-4bf0-b4d5-dbcd7490eb69/polling-district/a71801e2-adb9-48f6-8c70-f6b0d2462ae6
Køgekredsen,https://valg.dk/fv/847cec19-05ff-4eff-b433-f0e886b24b7d/nomination-district/e121fe23-fb2f-4bf0-b4d5-dbcd7490eb69,Gevninge,https://valg.dk/fv/847cec19-05ff-4eff-b433-f0e886b24b7d/nomination-district/e121fe23-fb2f-4bf0-b4d5-dbcd7490eb69/polling-district/0925c562-ef92-426e-ab1f-ce5a33cb9e30
Køgekredsen,https://valg.dk/fv/847cec19-05ff-4eff-b433-f0e886b24b7d/nomination-district/e121fe23-fb2f-4bf0-b4d5-dbcd7490eb69,Glim,https://valg.dk/fv/847cec19-05ff-4eff-b433-f0e886b24b7d/nomination-district/e121fe23-fb2f-4bf0-b4d5-dbcd7490eb69/polling-district/89c6b133-b08d-41fb-8081-0441cca0303e
Køgekredsen,https://valg.dk/fv/847cec19-05ff-4eff-b433-f0e886b24b7d/nomination-district/e121fe23-fb2f-4bf0-b4d5-dbcd7490eb69,Gørslev,https://valg.dk/fv/847cec19-05ff-4eff-b433-f0e886b24b7d/nomination-district/e121fe23-fb2f-4bf0-b4d5-dbcd7490eb69/polling-district/e756987a-6812-4ee4-a2ed-155f8c8e37f4
Køgekredsen,https://valg.dk/fv/847cec19-05ff-4eff-b433-f0e886b24b7d/nomination-district/e121fe23-fb2f-4bf0-b4d5-dbcd7490eb69,Hastrup,https://valg.dk/fv/847cec19-05ff-4eff-b433-f0e886b24b7d/nomination-district/e121fe23-fb2f-4bf0-b4d5-dbcd7490eb69/polling-district/7d202cdd-6839-47d7-990a-09749276e1ec
Køgekredsen,https://valg.dk/fv/847cec19-05ff-4eff-b433-f0e886b24b7d/nomination-district/e121fe23-fb2f-4bf0-b4d5-dbcd7490eb69,Herfølge,https://valg.dk/fv/847cec19-05ff-4eff-b433-f0e886b24b7d/nomination-district/e121fe23-fb2f-4bf0-b4d5-dbcd7490eb69/polling-district/7df871f4-78cd-45e1-8c3f-79a98fee49c7
Køgekredsen,https://valg.dk/fv/847cec19-05ff-4eff-b433-f0e886b24b7d/nomination-district/e121fe23-fb2f-4bf0-b4d5-dbcd7490eb69,Herfølge - Syd,https://valg.dk/fv/847cec19-05ff-4eff-b433-f0e886b24b7d/nomination-district/e121fe23-fb2f-4bf0-b4d5-dbcd7490eb69/polling-district/8d35587b-b328-43df-ae2f-a38e2d936da2
Køgekredsen,https://valg.dk/fv/847cec19-05ff-4eff-b433-f0e886b24b7d/nomination-district/e121fe23-fb2f-4bf0-b4d5-dbcd7490eb69,Hvalsø,https://valg.dk/fv/847cec19-05ff-4eff-b433-f0e886b24b7d/nomination-district/e121fe23-fb2f-4bf0-b4d5-dbcd7490eb69/polling-district/0569e88e-74ff-4f81-978b-503b0a5215fc
Køgekredsen,https://valg.dk/fv/847cec19-05ff-4eff-b433-f0e886b24b7d/nomination-district/e121fe23-fb2f-4bf0-b4d5-dbcd7490eb69,Hyllinge-Lyndby,https://valg.dk/fv/847cec19-05ff-4eff-b433-f0e886b24b7d/nomination-district/e121fe23-fb2f-4bf0-b4d5-dbcd7490eb69/polling-district/96023dcf-d879-4ec7-aed7-26e78d15928e
Køgekredsen,https://valg.dk/fv/847cec19-05ff-4eff-b433-f0e886b24b7d/nomination-district/e121fe23-fb2f-4bf0-b4d5-dbcd7490eb69,Højelse / Lille Skensved,https://valg.dk/fv/847cec19-05ff-4eff-b433-f0e886b24b7d/nomination-district/e121fe23-fb2f-4bf0-b4d5-dbcd7490eb69/polling-district/767ebbe1-0b19-4396-91c1-01b089cbdb13
Køgekredsen,https://valg.dk/fv/847cec19-05ff-4eff-b433-f0e886b24b7d/nomination-district/e121fe23-fb2f-4bf0-b4d5-dbcd7490eb69,Kr.Såby,https://valg.dk/fv/847cec19-05ff-4eff-b433-f0e886b24b7d/nomination-district/e121fe23-fb2f-4bf0-b4d5-dbcd7490eb69/polling-district/f1f1b43a-58d9-417d-b37a-4d61bcbdf53b
Køgekredsen,https://valg.dk/fv/847cec19-05ff-4eff-b433-f0e886b24b7d/nomination-district/e121fe23-fb2f-4bf0-b4d5-dbcd7490eb69,Køge By - Midt,https://valg.dk/fv/847cec19-05ff-4eff-b433-f0e886b24b7d/nomination-district/e121fe23-fb2f-4bf0-b4d5-dbcd7490eb69/polling-district/7b6925e2-7c8a-4e24-8a54-cea9c62f553d
Køgekredsen,https://valg.dk/fv/847cec19-05ff-4eff-b433-f0e886b24b7d/nomination-district/e121fe23-fb2f-4bf0-b4d5-dbcd7490eb69,Køge By - Nord,https://valg.dk/fv/847cec19-05ff-4eff-b433-f0e886b24b7d/nomination-district/e121fe23-fb2f-4bf0-b4d5-dbcd7490eb69/polling-district/088a5029-da9f-4ddb-842d-dc6deb1731b2
Køgekredsen,https://valg.dk/fv/847cec19-05ff-4eff-b433-f0e886b24b7d/nomination-district/e121fe23-fb2f-4bf0-b4d5-dbcd7490eb69,Køge By - Vest,https://valg.dk/fv/847cec19-05ff-4eff-b433-f0e886b24b7d/nomination-district/e121fe23-fb2f-4bf0-b4d5-dbcd7490eb69/polling-district/3fd3d611-279e-466a-8f26-0f4133f8cc79
Køgekredsen,https://valg.dk/fv/847cec19-05ff-4eff-b433-f0e886b24b7d/nomination-district/e121fe23-fb2f-4bf0-b4d5-dbcd7490eb69,Lejre,https://valg.dk/fv/847cec19-05ff-4eff-b433-f0e886b24b7d/nomination-district/e121fe23-fb2f-4bf0-b4d5-dbcd7490eb69/polling-district/b76ade2c-eeb8-41f5-8704-4c1701e591df
Køgekredsen,https://valg.dk/fv/847cec19-05ff-4eff-b433-f0e886b24b7d/nomination-district/e121fe23-fb2f-4bf0-b4d5-dbcd7490eb69,Lellinge,https://valg.dk/fv/847cec19-05ff-4eff-b433-f0e886b24b7d/nomination-district/e121fe23-fb2f-4bf0-b4d5-dbcd7490eb69/polling-district/ddbd9a96-dc2f-410e-94ca-cfe53e0621d1
Køgekredsen,https://valg.dk/fv/847cec19-05ff-4eff-b433-f0e886b24b7d/nomination-district/e121fe23-fb2f-4bf0-b4d5-dbcd7490eb69,Osted,https://valg.dk/fv/847cec19-05ff-4eff-b433-f0e886b24b7d/nomination-district/e121fe23-fb2f-4bf0-b4d5-dbcd7490eb69/polling-district/70bd2907-2a3f-403b-b4d0-c232fcabf3f2
Køgekredsen,https://valg.dk/fv/847cec19-05ff-4eff-b433-f0e886b24b7d/nomination-district/e121fe23-fb2f-4bf0-b4d5-dbcd7490eb69,Rye,https://valg.dk/fv/847cec19-05ff-4eff-b433-f0e886b24b7d/nomination-district/e121fe23-fb2f-4bf0-b4d5-dbcd7490eb69/polling-district/79eb7b24-da0a-4898-a26d-388a3478cfe9
Køgekredsen,https://valg.dk/fv/847cec19-05ff-4eff-b433-f0e886b24b7d/nomination-district/e121fe23-fb2f-4bf0-b4d5-dbcd7490eb69,Sonnerup,https://valg.dk/fv/847cec19-05ff-4eff-b433-f0e886b24b7d/nomination-district/e121fe23-fb2f-4bf0-b4d5-dbcd7490eb69/polling-district/f876772f-7eb7-4edc-b209-782cfedc4d7f
Køgekredsen,https://valg.dk/fv/847cec19-05ff-4eff-b433-f0e886b24b7d/nomination-district/e121fe23-fb2f-4bf0-b4d5-dbcd7490eb69,Sæby-Gershøj,https://valg.dk/fv/847cec19-05ff-4eff-b433-f0e886b24b7d/nomination-district/e121fe23-fb2f-4bf0-b4d5-dbcd7490eb69/polling-district/c9dcfea3-4447-4598-bcf6-26787f43487c
Køgekredsen,https://valg.dk/fv/847cec19-05ff-4eff-b433-f0e886b24b7d/nomination-district/e121fe23-fb2f-4bf0-b4d5-dbcd7490eb69,Vemmedrup,https://valg.dk/fv/847cec19-05ff-4eff-b433-f0e886b24b7d/nomination-district/e121fe23-fb2f-4bf0-b4d5-dbcd7490eb69/polling-district/2694bee9-893d-422e-8303-d30d121614a7
Køgekredsen,https://valg.dk/fv/847cec19-05ff-4eff-b433-f0e886b24b7d/nomination-district/e121fe23-fb2f-4bf0-b4d5-dbcd7490eb69,Ølby,https://valg.dk/fv/847cec19-05ff-4eff-b433-f0e886b24b7d/nomination-district/e121fe23-fb2f-4bf0-b4d5-dbcd7490eb69/polling-district/af56dfed-aa30-44d1-a9b8-04524c51a1e1
Køgekredsen,https://valg.dk/fv/847cec19-05ff-4eff-b433-f0e886b24b7d/nomination-district/e121fe23-fb2f-4bf0-b4d5-dbcd7490eb69,Ølsemagle,https://valg.dk/fv/847cec19-05ff-4eff-b433-f0e886b24b7d/nomination-district/e121fe23-fb2f-4bf0-b4d5-dbcd7490eb69/polling-district/e7ed72e0-4213-4e54-93b6-ae962410a5fd
Lollandkredsen,https://valg.dk/fv/847cec19-05ff-4eff-b433-f0e886b24b7d/nomination-district/1623c5f2-ee4e-46f7-b1b0-c7b3a24efd05,Askø,https://valg.dk/fv/847cec19-05ff-4eff-b433-f0e886b24b7d/nomination-district/1623c5f2-ee4e-46f7-b1b0-c7b3a24efd05/polling-district/24b042eb-d7d3-4d6d-8d8b-956eaebca249
Lollandkredsen,https://valg.dk/fv/847cec19-05ff-4eff-b433-f0e886b24b7d/nomination-district/1623c5f2-ee4e-46f7-b1b0-c7b3a24efd05,Birket,https://valg.dk/fv/847cec19-05ff-4eff-b433-f0e886b24b7d/nomination-district/1623c5f2-ee4e-46f7-b1b0-c7b3a24efd05/polling-district/f6be2033-f988-4a38-ab79-236241e90fab
Lollandkredsen,https://valg.dk/fv/847cec19-05ff-4eff-b433-f0e886b24b7d/nomination-district/1623c5f2-ee4e-46f7-b1b0-c7b3a24efd05,Dannemare,https://valg.dk/fv/847cec19-05ff-4eff-b433-f0e886b24b7d/nomination-district/1623c5f2-ee4e-46f7-b1b0-c7b3a24efd05/polling-district/a5e3ed0d-3d3b-4b33-9fb3-98a805860cfd
Lollandkredsen,https://valg.dk/fv/847cec19-05ff-4eff-b433-f0e886b24b7d/nomination-district/1623c5f2-ee4e-46f7-b1b0-c7b3a24efd05,Errindlev,https://valg.dk/fv/847cec19-05ff-4eff-b433-f0e886b24b7d/nomination-district/1623c5f2-ee4e-46f7-b1b0-c7b3a24efd05/polling-district/02b2edf9-1bf5-4738-8399-6184ef10f98d
Lollandkredsen,https://valg.dk/fv/847cec19-05ff-4eff-b433-f0e886b24b7d/nomination-district/1623c5f2-ee4e-46f7-b1b0-c7b3a24efd05,Fejø,https://valg.dk/fv/847cec19-05ff-4eff-b433-f0e886b24b7d/nomination-district/1623c5f2-ee4e-46f7-b1b0-c7b3a24efd05/polling-district/c936b3be-3600-411b-90e3-2377e36861d6
Lollandkredsen,https://valg.dk/fv/847cec19-05ff-4eff-b433-f0e886b24b7d/nomination-district/1623c5f2-ee4e-46f7-b1b0-c7b3a24efd05,Femø,https://valg.dk/fv/847cec19-05ff-4eff-b433-f0e886b24b7d/nomination-district/1623c5f2-ee4e-46f7-b1b0-c7b3a24efd05/polling-district/02a2f4f6-2f83-4c0f-b21d-5422041a27f2
Lollandkredsen,https://valg.dk/fv/847cec19-05ff-4eff-b433-f0e886b24b7d/nomination-district/1623c5f2-ee4e-46f7-b1b0-c7b3a24efd05,Holeby,https://valg.dk/fv/847cec19-05ff-4eff-b433-f0e886b24b7d/nomination-district/1623c5f2-ee4e-46f7-b1b0-c7b3a24efd05/polling-district/6d9d721c-4d44-4fe1-a8f0-b03585e4faba
Lollandkredsen,https://valg.dk/fv/847cec19-05ff-4eff-b433-f0e886b24b7d/nomination-district/1623c5f2-ee4e-46f7-b1b0-c7b3a24efd05,Horslunde,https://valg.dk/fv/847cec19-05ff-4eff-b433-f0e886b24b7d/nomination-district/1623c5f2-ee4e-46f7-b1b0-c7b3a24efd05/polling-district/777e33ca-1061-4198-9265-2a2b29372ada
Lollandkredsen,https://valg.dk/fv/847cec19-05ff-4eff-b433-f0e886b24b7d/nomination-district/1623c5f2-ee4e-46f7-b1b0-c7b3a24efd05,Maribo,https://valg.dk/fv/847cec19-05ff-4eff-b433-f0e886b24b7d/nomination-district/1623c5f2-ee4e-46f7-b1b0-c7b3a24efd05/polling-district/346ab116-554b-4293-8c4d-5efbbd95ea87
Lollandkredsen,https://valg.dk/fv/847cec19-05ff-4eff-b433-f0e886b24b7d/nomination-district/1623c5f2-ee4e-46f7-b1b0-c7b3a24efd05,Nakskov Vest,https://valg.dk/fv/847cec19-05ff-4eff-b433-f0e886b24b7d/nomination-district/1623c5f2-ee4e-46f7-b1b0-c7b3a24efd05/polling-district/fbd207cb-f439-454e-9aa1-ea65032afba3
Lollandkredsen,https://valg.dk/fv/847cec19-05ff-4eff-b433-f0e886b24b7d/nomination-district/1623c5f2-ee4e-46f7-b1b0-c7b3a24efd05,Nakskov Øst,https://valg.dk/fv/847cec19-05ff-4eff-b433-f0e886b24b7d/nomination-district/1623c5f2-ee4e-46f7-b1b0-c7b3a24efd05/polling-district/17fd3131-ceb9-4806-82ba-72ddd2a643b4
Lollandkredsen,https://valg.dk/fv/847cec19-05ff-4eff-b433-f0e886b24b7d/nomination-district/1623c5f2-ee4e-46f7-b1b0-c7b3a24efd05,Rødby,https://valg.dk/fv/847cec19-05ff-4eff-b433-f0e886b24b7d/nomination-district/1623c5f2-ee4e-46f7-b1b0-c7b3a24efd05/polling-district/adc8516d-f688-4d03-b078-916ed8a588d8
Lollandkredsen,https://valg.dk/fv/847cec19-05ff-4eff-b433-f0e886b24b7d/nomination-district/1623c5f2-ee4e-46f7-b1b0-c7b3a24efd05,Rødbyhavn,https://valg.dk/fv/847cec19-05ff-4eff-b433-f0e886b24b7d/nomination-district/1623c5f2-ee4e-46f7-b1b0-c7b3a24efd05/polling-district/75656c54-9fd0-40f4-b167-2616513ef095
Lollandkredsen,https://valg.dk/fv/847cec19-05ff-4eff-b433-f0e886b24b7d/nomination-district/1623c5f2-ee4e-46f7-b1b0-c7b3a24efd05,Sandby,https://valg.dk/fv/847cec19-05ff-4eff-b433-f0e886b24b7d/nomination-district/1623c5f2-ee4e-46f7-b1b0-c7b3a24efd05/polling-district/3ebad890-d5c4-4305-b16f-1ad42531c0fa
Lollandkredsen,https://valg.dk/fv/847cec19-05ff-4eff-b433-f0e886b24b7d/nomination-district/1623c5f2-ee4e-46f7-b1b0-c7b3a24efd05,Søllested,https://valg.dk/fv/847cec19-05ff-4eff-b433-f0e886b24b7d/nomination-district/1623c5f2-ee4e-46f7-b1b0-c7b3a24efd05/polling-district/50219a3e-ea7c-4a5b-a1b5-bb042d7f6d18
Lollandkredsen,https://valg.dk/fv/847cec19-05ff-4eff-b433-f0e886b24b7d/nomination-district/1623c5f2-ee4e-46f7-b1b0-c7b3a24efd05,Østofte,https://valg.dk/fv/847cec19-05ff-4eff-b433-f0e886b24b7d/nomination-district/1623c5f2-ee4e-46f7-b1b0-c7b3a24efd05/polling-district/4af689e5-d05f-4e6b-85cd-fe22950f05df
Lyngbykredsen,https://valg.dk/fv/847cec19-05ff-4eff-b433-f0e886b24b7d/nomination-district/74d5bf1b-c487-4271-ba25-40806795f7e2,Engelsborg,https://valg.dk/fv/847cec19-05ff-4eff-b433-f0e886b24b7d/nomination-district/74d5bf1b-c487-4271-ba25-40806795f7e2/polling-district/e1bab7a8-aaf4-4155-a19e-65c77a22369a
Lyngbykredsen,https://valg.dk/fv/847cec19-05ff-4eff-b433-f0e886b24b7d/nomination-district/74d5bf1b-c487-4271-ba25-40806795f7e2,Fuglsanggård,https://valg.dk/fv/847cec19-05ff-4eff-b433-f0e886b24b7d/nomination-district/74d5bf1b-c487-4271-ba25-40806795f7e2/polling-district/20ddae7d-7b69-4bec-ad6b-07f4203c1e88
Lyngbykredsen,https://valg.dk/fv/847cec19-05ff-4eff-b433-f0e886b24b7d/nomination-district/74d5bf1b-c487-4271-ba25-40806795f7e2,Hummeltofte,https://valg.dk/fv/847cec19-05ff-4eff-b433-f0e886b24b7d/nomination-district/74d5bf1b-c487-4271-ba25-40806795f7e2/polling-district/a8933645-4047-4bd1-bde5-03238376aff9
Lyngbykredsen,https://valg.dk/fv/847cec19-05ff-4eff-b433-f0e886b24b7d/nomination-district/74d5bf1b-c487-4271-ba25-40806795f7e2,Kongevej,https://valg.dk/fv/847cec19-05ff-4eff-b433-f0e886b24b7d/nomination-district/74d5bf1b-c487-4271-ba25-40806795f7e2/polling-district/3ba620fd-2f8a-4e92-930c-918a5300c23c
Lyngbykredsen,https://valg.dk/fv/847cec19-05ff-4eff-b433-f0e886b24b7d/nomination-district/74d5bf1b-c487-4271-ba25-40806795f7e2,Lindegård,https://valg.dk/fv/847cec19-05ff-4eff-b433-f0e886b24b7d/nomination-district/74d5bf1b-c487-4271-ba25-40806795f7e2/polling-district/aeae3d14-1c6e-40ab-a005-d3892b3c849b
Lyngbykredsen,https://valg.dk/fv/847cec19-05ff-4eff-b433-f0e886b24b7d/nomination-district/74d5bf1b-c487-4271-ba25-40806795f7e2,Lundtofte,https://valg.dk/fv/847cec19-05ff-4eff-b433-f0e886b24b7d/nomination-district/74d5bf1b-c487-4271-ba25-40806795f7e2/polling-district/b4109450-5d6d-4692-bd63-2b70393020a6
Lyngbykredsen,https://valg.dk/fv/847cec19-05ff-4eff-b433-f0e886b24b7d/nomination-district/74d5bf1b-c487-4271-ba25-40806795f7e2,Lyngby Midt,https://valg.dk/fv/847cec19-05ff-4eff-b433-f0e886b24b7d/nomination-district/74d5bf1b-c487-4271-ba25-40806795f7e2/polling-district/f87db0f2-b95e-48ac-a6c4-618be1b355eb
Lyngbykredsen,https://valg.dk/fv/847cec19-05ff-4eff-b433-f0e886b24b7d/nomination-district/74d5bf1b-c487-4271-ba25-40806795f7e2,Taarbæk,https://valg.dk/fv/847cec19-05ff-4eff-b433-f0e886b24b7d/nomination-district/74d5bf1b-c487-4271-ba25-40806795f7e2/polling-district/f54f214c-4b12-40ba-9fd1-ab4eca62df79
Lyngbykredsen,https://valg.dk/fv/847cec19-05ff-4eff-b433-f0e886b24b7d/nomination-district/74d5bf1b-c487-4271-ba25-40806795f7e2,Trongård,https://valg.dk/fv/847cec19-05ff-4eff-b433-f0e886b24b7d/nomination-district/74d5bf1b-c487-4271-ba25-40806795f7e2/polling-district/2cb8a479-f188-411e-a8d3-5ef1202f714e
Lyngbykredsen,https://valg.dk/fv/847cec19-05ff-4eff-b433-f0e886b24b7d/nomination-district/74d5bf1b-c487-4271-ba25-40806795f7e2,Virum,https://valg.dk/fv/847cec19-05ff-4eff-b433-f0e886b24b7d/nomination-district/74d5bf1b-c487-4271-ba25-40806795f7e2/polling-district/1217e17b-9398-4334-96c8-b04e5d1a592b
Mariagerfjordkredsen,https://valg.dk/fv/847cec19-05ff-4eff-b433-f0e886b24b7d/nomination-district/7366c44c-0ed2-4a90-bc10-79706bcb2474,Als,https://valg.dk/fv/847cec19-05ff-4eff-b433-f0e886b24b7d/nomination-district/7366c44c-0ed2-4a90-bc10-79706bcb2474/polling-district/def4c9f4-fb67-4134-a793-01a9d8a6a9d0
Mariagerfjordkredsen,https://valg.dk/fv/847cec19-05ff-4eff-b433-f0e886b24b7d/nomination-district/7366c44c-0ed2-4a90-bc10-79706bcb2474,Arden,https://valg.dk/fv/847cec19-05ff-4eff-b433-f0e886b24b7d/nomination-district/7366c44c-0ed2-4a90-bc10-79706bcb2474/polling-district/c5ce8baa-d673-4bc3-96c7-df8653597c94
Mariagerfjordkredsen,https://valg.dk/fv/847cec19-05ff-4eff-b433-f0e886b24b7d/nomination-district/7366c44c-0ed2-4a90-bc10-79706bcb2474,Assens,https://valg.dk/fv/847cec19-05ff-4eff-b433-f0e886b24b7d/nomination-district/7366c44c-0ed2-4a90-bc10-79706bcb2474/polling-district/a713dba6-35f6-4bd9-860a-94eb664bd3ef
Mariagerfjordkredsen,https://valg.dk/fv/847cec19-05ff-4eff-b433-f0e886b24b7d/nomination-district/7366c44c-0ed2-4a90-bc10-79706bcb2474,Hadsund,https://valg.dk/fv/847cec19-05ff-4eff-b433-f0e886b24b7d/nomination-district/7366c44c-0ed2-4a90-bc10-79706bcb2474/polling-district/16865ef7-1f00-4b63-9d59-37e4da701aed
Mariagerfjordkredsen,https://valg.dk/fv/847cec19-05ff-4eff-b433-f0e886b24b7d/nomination-district/7366c44c-0ed2-4a90-bc10-79706bcb2474,Hobro,https://valg.dk/fv/847cec19-05ff-4eff-b433-f0e886b24b7d/nomination-district/7366c44c-0ed2-4a90-bc10-79706bcb2474/polling-district/f98b06ef-d4ba-4eb4-812b-48597049d96b
Mariagerfjordkredsen,https://valg.dk/fv/847cec19-05ff-4eff-b433-f0e886b24b7d/nomination-district/7366c44c-0ed2-4a90-bc10-79706bcb2474,Hørby,https://valg.dk/fv/847cec19-05ff-4eff-b433-f0e886b24b7d/nomination-district/7366c44c-0ed2-4a90-bc10-79706bcb2474/polling-district/f5295944-83b3-454f-ad9f-bccaafdb0b55
Mariagerfjordkredsen,https://valg.dk/fv/847cec19-05ff-4eff-b433-f0e886b24b7d/nomination-district/7366c44c-0ed2-4a90-bc10-79706bcb2474,Mariager,https://valg.dk/fv/847cec19-05ff-4eff-b433-f0e886b24b7d/nomination-district/7366c44c-0ed2-4a90-bc10-79706bcb2474/polling-district/2628f4ba-18b2-43f9-8f0d-1049f6cdafae
Mariagerfjordkredsen,https://valg.dk/fv/847cec19-05ff-4eff-b433-f0e886b24b7d/nomination-district/7366c44c-0ed2-4a90-bc10-79706bcb2474,Onsild,https://valg.dk/fv/847cec19-05ff-4eff-b433-f0e886b24b7d/nomination-district/7366c44c-0ed2-4a90-bc10-79706bcb2474/polling-district/103ee0ab-ad1a-4574-9373-e118cab15463
Mariagerfjordkredsen,https://valg.dk/fv/847cec19-05ff-4eff-b433-f0e886b24b7d/nomination-district/7366c44c-0ed2-4a90-bc10-79706bcb2474,Valsgård,https://valg.dk/fv/847cec19-05ff-4eff-b433-f0e886b24b7d/nomination-district/7366c44c-0ed2-4a90-bc10-79706bcb2474/polling-district/88c152f7-c60f-4829-a7b9-0506292076c9
Mariagerfjordkredsen,https://valg.dk/fv/847cec19-05ff-4eff-b433-f0e886b24b7d/nomination-district/7366c44c-0ed2-4a90-bc10-79706bcb2474,Vebbestrup,https://valg.dk/fv/847cec19-05ff-4eff-b433-f0e886b24b7d/nomination-district/7366c44c-0ed2-4a90-bc10-79706bcb2474/polling-district/6b5c9b17-9961-4f8c-870b-36ff68bb2a74
Mariagerfjordkredsen,https://valg.dk/fv/847cec19-05ff-4eff-b433-f0e886b24b7d/nomination-district/7366c44c-0ed2-4a90-bc10-79706bcb2474,Veddum-Skelund,https://valg.dk/fv/847cec19-05ff-4eff-b433-f0e886b24b7d/nomination-district/7366c44c-0ed2-4a90-bc10-79706bcb2474/polling-district/627ac357-64ff-405b-993e-cb213a4cdf08
Middelfartkredsen,https://valg.dk/fv/847cec19-05ff-4eff-b433-f0e886b24b7d/nomination-district/0761213e-0831-4df6-b7ea-390c1b54451f,Aulby,https://valg.dk/fv/847cec19-05ff-4eff-b433-f0e886b24b7d/nomination-district/0761213e-0831-4df6-b7ea-390c1b54451f/polling-district/8a370d37-b383-44a0-8659-8cb447e3d906
Middelfartkredsen,https://valg.dk/fv/847cec19-05ff-4eff-b433-f0e886b24b7d/nomination-district/0761213e-0831-4df6-b7ea-390c1b54451f,Baaring,https://valg.dk/fv/847cec19-05ff-4eff-b433-f0e886b24b7d/nomination-district/0761213e-0831-4df6-b7ea-390c1b54451f/polling-district/abb2a36a-d239-433c-9426-72b4ce9e64ad
Middelfartkredsen,https://valg.dk/fv/847cec19-05ff-4eff-b433-f0e886b24b7d/nomination-district/0761213e-0831-4df6-b7ea-390c1b54451f,Bogense,https://valg.dk/fv/847cec19-05ff-4eff-b433-f0e886b24b7d/nomination-district/0761213e-0831-4df6-b7ea-390c1b54451f/polling-district/19092de6-e05b-469c-b516-b360000ea3af
Middelfartkredsen,https://valg.dk/fv/847cec19-05ff-4eff-b433-f0e886b24b7d/nomination-district/0761213e-0831-4df6-b7ea-390c1b54451f,Brenderup,https://valg.dk/fv/847cec19-05ff-4eff-b433-f0e886b24b7d/nomination-district/0761213e-0831-4df6-b7ea-390c1b54451f/polling-district/7f97c5df-f8a8-41d7-a676-dbcf9fb278e6
Middelfartkredsen,https://valg.dk/fv/847cec19-05ff-4eff-b433-f0e886b24b7d/nomination-district/0761213e-0831-4df6-b7ea-390c1b54451f,Ejby,https://valg.dk/fv/847cec19-05ff-4eff-b433-f0e886b24b7d/nomination-district/0761213e-0831-4df6-b7ea-390c1b54451f/polling-district/29e082bf-94b9-43e4-aab8-f2661d559ae0
Middelfartkredsen,https://valg.dk/fv/847cec19-05ff-4eff-b433-f0e886b24b7d/nomination-district/0761213e-0831-4df6-b7ea-390c1b54451f,Fjelsted/Harndrup,https://valg.dk/fv/847cec19-05ff-4eff-b433-f0e886b24b7d/nomination-district/0761213e-0831-4df6-b7ea-390c1b54451f/polling-district/ed08ca73-c336-4e97-b7bd-bd6bb58fea70
Middelfartkredsen,https://valg.dk/fv/847cec19-05ff-4eff-b433-f0e886b24b7d/nomination-district/0761213e-0831-4df6-b7ea-390c1b54451f,Gelsted,https://valg.dk/fv/847cec19-05ff-4eff-b433-f0e886b24b7d/nomination-district/0761213e-0831-4df6-b7ea-390c1b54451f/polling-district/0ade9228-b8c3-4e96-9cd2-cc9a1e260621
Middelfartkredsen,https://valg.dk/fv/847cec19-05ff-4eff-b433-f0e886b24b7d/nomination-district/0761213e-0831-4df6-b7ea-390c1b54451f,Horsebæk,https://valg.dk/fv/847cec19-05ff-4eff-b433-f0e886b24b7d/nomination-district/0761213e-0831-4df6-b7ea-390c1b54451f/polling-district/3d5f8d6d-2683-43ed-8884-812c5108cdd4
Middelfartkredsen,https://valg.dk/fv/847cec19-05ff-4eff-b433-f0e886b24b7d/nomination-district/0761213e-0831-4df6-b7ea-390c1b54451f,Hyllehøj,https://valg.dk/fv/847cec19-05ff-4eff-b433-f0e886b24b7d/nomination-district/0761213e-0831-4df6-b7ea-390c1b54451f/polling-district/4669d957-c4b1-49b7-b421-14241fb76f04
Middelfartkredsen,https://valg.dk/fv/847cec19-05ff-4eff-b433-f0e886b24b7d/nomination-district/0761213e-0831-4df6-b7ea-390c1b54451f,Hårslev,https://valg.dk/fv/847cec19-05ff-4eff-b433-f0e886b24b7d/nomination-district/0761213e-0831-4df6-b7ea-390c1b54451f/polling-district/f1565db6-0805-4b57-ba53-86ea3d950e0f
Middelfartkredsen,https://valg.dk/fv/847cec19-05ff-4eff-b433-f0e886b24b7d/nomination-district/0761213e-0831-4df6-b7ea-390c1b54451f,Klinte,https://valg.dk/fv/847cec19-05ff-4eff-b433-f0e886b24b7d/nomination-district/0761213e-0831-4df6-b7ea-390c1b54451f/polling-district/52cf80e8-5244-471f-ad0b-59db0b0747b5
Middelfartkredsen,https://valg.dk/fv/847cec19-05ff-4eff-b433-f0e886b24b7d/nomination-district/0761213e-0831-4df6-b7ea-390c1b54451f,Kongslund,https://valg.dk/fv/847cec19-05ff-4eff-b433-f0e886b24b7d/nomination-district/0761213e-0831-4df6-b7ea-390c1b54451f/polling-district/2730ef99-07da-4e68-9c9e-40a78960e8e4
Middelfartkredsen,https://valg.dk/fv/847cec19-05ff-4eff-b433-f0e886b24b7d/nomination-district/0761213e-0831-4df6-b7ea-390c1b54451f,Krogsbølle,https://valg.dk/fv/847cec19-05ff-4eff-b433-f0e886b24b7d/nomination-district/0761213e-0831-4df6-b7ea-390c1b54451f/polling-district/907fd24a-718f-4da6-bcf7-7605983c01f8
Middelfartkredsen,https://valg.dk/fv/847cec19-05ff-4eff-b433-f0e886b24b7d/nomination-district/0761213e-0831-4df6-b7ea-390c1b54451f,Løkkemark,https://valg.dk/fv/847cec19-05ff-4eff-b433-f0e886b24b7d/nomination-district/0761213e-0831-4df6-b7ea-390c1b54451f/polling-district/e66c0f37-5292-4f0d-ae01-98f107edcc31
Middelfartkredsen,https://valg.dk/fv/847cec19-05ff-4eff-b433-f0e886b24b7d/nomination-district/0761213e-0831-4df6-b7ea-390c1b54451f,Middelfart V,https://valg.dk/fv/847cec19-05ff-4eff-b433-f0e886b24b7d/nomination-district/0761213e-0831-4df6-b7ea-390c1b54451f/polling-district/e0a127a0-bb44-4f58-ade3-042cdf65f2fd
Middelfartkredsen,https://valg.dk/fv/847cec19-05ff-4eff-b433-f0e886b24b7d/nomination-district/0761213e-0831-4df6-b7ea-390c1b54451f,Middelfart Ø,https://valg.dk/fv/847cec19-05ff-4eff-b433-f0e886b24b7d/nomination-district/0761213e-0831-4df6-b7ea-390c1b54451f/polling-district/29585adb-14bf-4c44-906b-965965cf1d63
Middelfartkredsen,https://valg.dk/fv/847cec19-05ff-4eff-b433-f0e886b24b7d/nomination-district/0761213e-0831-4df6-b7ea-390c1b54451f,Morud,https://valg.dk/fv/847cec19-05ff-4eff-b433-f0e886b24b7d/nomination-district/0761213e-0831-4df6-b7ea-390c1b54451f/polling-district/b8be3155-0023-4ab0-a872-56fbee7fc1fe
Middelfartkredsen,https://valg.dk/fv/847cec19-05ff-4eff-b433-f0e886b24b7d/nomination-district/0761213e-0831-4df6-b7ea-390c1b54451f,Nørre Aaby,https://valg.dk/fv/847cec19-05ff-4eff-b433-f0e886b24b7d/nomination-district/0761213e-0831-4df6-b7ea-390c1b54451f/polling-district/34fc089a-851f-4c1f-8136-1c988372cf39
Middelfartkredsen,https://valg.dk/fv/847cec19-05ff-4eff-b433-f0e886b24b7d/nomination-district/0761213e-0831-4df6-b7ea-390c1b54451f,Otterup,https://valg.dk/fv/847cec19-05ff-4eff-b433-f0e886b24b7d/nomination-district/0761213e-0831-4df6-b7ea-390c1b54451f/polling-district/c5de7584-11e5-48ad-acc3-ca4ef9cbe28c
Middelfartkredsen,https://valg.dk/fv/847cec19-05ff-4eff-b433-f0e886b24b7d/nomination-district/0761213e-0831-4df6-b7ea-390c1b54451f,Skovløkke,https://valg.dk/fv/847cec19-05ff-4eff-b433-f0e886b24b7d/nomination-district/0761213e-0831-4df6-b7ea-390c1b54451f/polling-district/a4d61643-72a8-4448-846e-b9cd33c843ed
Middelfartkredsen,https://valg.dk/fv/847cec19-05ff-4eff-b433-f0e886b24b7d/nomination-district/0761213e-0831-4df6-b7ea-390c1b54451f,Strib,https://valg.dk/fv/847cec19-05ff-4eff-b433-f0e886b24b7d/nomination-district/0761213e-0831-4df6-b7ea-390c1b54451f/polling-district/06d1befa-cd19-420a-9327-24e9c717199e
Middelfartkredsen,https://valg.dk/fv/847cec19-05ff-4eff-b433-f0e886b24b7d/nomination-district/0761213e-0831-4df6-b7ea-390c1b54451f,Særslev,https://valg.dk/fv/847cec19-05ff-4eff-b433-f0e886b24b7d/nomination-district/0761213e-0831-4df6-b7ea-390c1b54451f/polling-district/b11bbe9b-7d30-4146-a495-de06c6457bd2
Middelfartkredsen,https://valg.dk/fv/847cec19-05ff-4eff-b433-f0e886b24b7d/nomination-district/0761213e-0831-4df6-b7ea-390c1b54451f,Søndersø,https://valg.dk/fv/847cec19-05ff-4eff-b433-f0e886b24b7d/nomination-district/0761213e-0831-4df6-b7ea-390c1b54451f/polling-district/c2358077-7d7e-41a5-b0d3-29da3f519a49
Middelfartkredsen,https://valg.dk/fv/847cec19-05ff-4eff-b433-f0e886b24b7d/nomination-district/0761213e-0831-4df6-b7ea-390c1b54451f,Veflinge,https://valg.dk/fv/847cec19-05ff-4eff-b433-f0e886b24b7d/nomination-district/0761213e-0831-4df6-b7ea-390c1b54451f/polling-district/de0c3c74-1ec0-4bf9-bf77-7ea3ca781eba
Nyborgkredsen,https://valg.dk/fv/847cec19-05ff-4eff-b433-f0e886b24b7d/nomination-district/85dfd094-f5ec-436d-8e46-b3fc64732a60,Aunslevhallen,https://valg.dk/fv/847cec19-05ff-4eff-b433-f0e886b24b7d/nomination-district/85dfd094-f5ec-436d-8e46-b3fc64732a60/polling-district/ace1924d-30a8-4d52-9560-307f6d8dfcfc
Nyborgkredsen,https://valg.dk/fv/847cec19-05ff-4eff-b433-f0e886b24b7d/nomination-district/85dfd094-f5ec-436d-8e46-b3fc64732a60,Bastionen,https://valg.dk/fv/847cec19-05ff-4eff-b433-f0e886b24b7d/nomination-district/85dfd094-f5ec-436d-8e46-b3fc64732a60/polling-district/67ebe31f-157f-414f-9e8d-e5d4399d4b42
Nyborgkredsen,https://valg.dk/fv/847cec19-05ff-4eff-b433-f0e886b24b7d/nomination-district/85dfd094-f5ec-436d-8e46-b3fc64732a60,Ellested Og Herrested,https://valg.dk/fv/847cec19-05ff-4eff-b433-f0e886b24b7d/nomination-district/85dfd094-f5ec-436d-8e46-b3fc64732a60/polling-district/00d3213a-62de-4c23-9538-4c55ba342e17
Nyborgkredsen,https://valg.dk/fv/847cec19-05ff-4eff-b433-f0e886b24b7d/nomination-district/85dfd094-f5ec-436d-8e46-b3fc64732a60,Ellinge,https://valg.dk/fv/847cec19-05ff-4eff-b433-f0e886b24b7d/nomination-district/85dfd094-f5ec-436d-8e46-b3fc64732a60/polling-district/612b676b-5c2f-4e03-995b-78a16caba289
Nyborgkredsen,https://valg.dk/fv/847cec19-05ff-4eff-b433-f0e886b24b7d/nomination-district/85dfd094-f5ec-436d-8e46-b3fc64732a60,Frørup Og Tårup,https://valg.dk/fv/847cec19-05ff-4eff-b433-f0e886b24b7d/nomination-district/85dfd094-f5ec-436d-8e46-b3fc64732a60/polling-district/5516119e-0f2f-4eab-bda7-9f28eca58c1e
Nyborgkredsen,https://valg.dk/fv/847cec19-05ff-4eff-b433-f0e886b24b7d/nomination-district/85dfd094-f5ec-436d-8e46-b3fc64732a60,Kerteminde 1,https://valg.dk/fv/847cec19-05ff-4eff-b433-f0e886b24b7d/nomination-district/85dfd094-f5ec-436d-8e46-b3fc64732a60/polling-district/b03fff99-5c90-4b83-9345-712ed99960d9
Nyborgkredsen,https://valg.dk/fv/847cec19-05ff-4eff-b433-f0e886b24b7d/nomination-district/85dfd094-f5ec-436d-8e46-b3fc64732a60,Kullerup Og Refsvindinge,https://valg.dk/fv/847cec19-05ff-4eff-b433-f0e886b24b7d/nomination-district/85dfd094-f5ec-436d-8e46-b3fc64732a60/polling-district/2471abf4-245b-4490-8fde-1ce04e60120a
Nyborgkredsen,https://valg.dk/fv/847cec19-05ff-4eff-b433-f0e886b24b7d/nomination-district/85dfd094-f5ec-436d-8e46-b3fc64732a60,Langeskov,https://valg.dk/fv/847cec19-05ff-4eff-b433-f0e886b24b7d/nomination-district/85dfd094-f5ec-436d-8e46-b3fc64732a60/polling-district/f73e2ee4-604d-4693-be37-de0ab533dc47
Nyborgkredsen,https://valg.dk/fv/847cec19-05ff-4eff-b433-f0e886b24b7d/nomination-district/85dfd094-f5ec-436d-8e46-b3fc64732a60,Langtved,https://valg.dk/fv/847cec19-05ff-4eff-b433-f0e886b24b7d/nomination-district/85dfd094-f5ec-436d-8e46-b3fc64732a60/polling-district/6e9c0e66-def3-4bf0-a052-67087ae9f066
Nyborgkredsen,https://valg.dk/fv/847cec19-05ff-4eff-b433-f0e886b24b7d/nomination-district/85dfd094-f5ec-436d-8e46-b3fc64732a60,"Langå, Svindinge Og Øksendrup",https://valg.dk/fv/847cec19-05ff-4eff-b433-f0e886b24b7d/nomination-district/85dfd094-f5ec-436d-8e46-b3fc64732a60/polling-district/9ee16804-30e3-4e6b-bd52-7d489c35e3aa
Nyborgkredsen,https://valg.dk/fv/847cec19-05ff-4eff-b433-f0e886b24b7d/nomination-district/85dfd094-f5ec-436d-8e46-b3fc64732a60,Marslev,https://valg.dk/fv/847cec19-05ff-4eff-b433-f0e886b24b7d/nomination-district/85dfd094-f5ec-436d-8e46-b3fc64732a60/polling-district/eb18a194-8ffc-4ec5-bf38-0d9b4a48de13
Nyborgkredsen,https://valg.dk/fv/847cec19-05ff-4eff-b433-f0e886b24b7d/nomination-district/85dfd094-f5ec-436d-8e46-b3fc64732a60,Mesinge,https://valg.dk/fv/847cec19-05ff-4eff-b433-f0e886b24b7d/nomination-district/85dfd094-f5ec-436d-8e46-b3fc64732a60/polling-district/a2393f39-27b4-40b0-8155-38796e99cad5
Nyborgkredsen,https://valg.dk/fv/847cec19-05ff-4eff-b433-f0e886b24b7d/nomination-district/85dfd094-f5ec-436d-8e46-b3fc64732a60,Munkebo,https://valg.dk/fv/847cec19-05ff-4eff-b433-f0e886b24b7d/nomination-district/85dfd094-f5ec-436d-8e46-b3fc64732a60/polling-district/0b68a5c1-60ab-4100-8017-d10fa96a4ed6
Nyborgkredsen,https://valg.dk/fv/847cec19-05ff-4eff-b433-f0e886b24b7d/nomination-district/85dfd094-f5ec-436d-8e46-b3fc64732a60,Nyborghallen,https://valg.dk/fv/847cec19-05ff-4eff-b433-f0e886b24b7d/nomination-district/85dfd094-f5ec-436d-8e46-b3fc64732a60/polling-district/da19daec-7dd4-444e-9a73-704101e7f96e
Nyborgkredsen,https://valg.dk/fv/847cec19-05ff-4eff-b433-f0e886b24b7d/nomination-district/85dfd094-f5ec-436d-8e46-b3fc64732a60,Nymarken,https://valg.dk/fv/847cec19-05ff-4eff-b433-f0e886b24b7d/nomination-district/85dfd094-f5ec-436d-8e46-b3fc64732a60/polling-district/04ee397e-a6c1-46ed-b323-ca988a9695c3
Nyborgkredsen,https://valg.dk/fv/847cec19-05ff-4eff-b433-f0e886b24b7d/nomination-district/85dfd094-f5ec-436d-8e46-b3fc64732a60,Skellerup,https://valg.dk/fv/847cec19-05ff-4eff-b433-f0e886b24b7d/nomination-district/85dfd094-f5ec-436d-8e46-b3fc64732a60/polling-district/3b6ff55c-3dd2-40a2-bd45-c92d805c52e4
Nyborgkredsen,https://valg.dk/fv/847cec19-05ff-4eff-b433-f0e886b24b7d/nomination-district/85dfd094-f5ec-436d-8e46-b3fc64732a60,Ullerslev,https://valg.dk/fv/847cec19-05ff-4eff-b433-f0e886b24b7d/nomination-district/85dfd094-f5ec-436d-8e46-b3fc64732a60/polling-district/6c64196b-e6a5-48c2-8667-1788e43898ec
Nyborgkredsen,https://valg.dk/fv/847cec19-05ff-4eff-b433-f0e886b24b7d/nomination-district/85dfd094-f5ec-436d-8e46-b3fc64732a60,Vindinge Forsamlingshus,https://valg.dk/fv/847cec19-05ff-4eff-b433-f0e886b24b7d/nomination-district/85dfd094-f5ec-436d-8e46-b3fc64732a60/polling-district/b14f9e0b-0e39-49f2-ad3b-6f927a4bc293
Nyborgkredsen,https://valg.dk/fv/847cec19-05ff-4eff-b433-f0e886b24b7d/nomination-district/85dfd094-f5ec-436d-8e46-b3fc64732a60,Ørbæk,https://valg.dk/fv/847cec19-05ff-4eff-b433-f0e886b24b7d/nomination-district/85dfd094-f5ec-436d-8e46-b3fc64732a60/polling-district/ac562011-ce79-49da-9a8c-011d954dba86
Næstvedkredsen,https://valg.dk/fv/847cec19-05ff-4eff-b433-f0e886b24b7d/nomination-district/b244f6d1-7a48-42c1-b03c-c75cf9a605ca,Arena Næstved,https://valg.dk/fv/847cec19-05ff-4eff-b433-f0e886b24b7d/nomination-district/b244f6d1-7a48-42c1-b03c-c75cf9a605ca/polling-district/5e4bbbb9-784b-4ca7-b6b1-66c080853556
Næstvedkredsen,https://valg.dk/fv/847cec19-05ff-4eff-b433-f0e886b24b7d/nomination-district/b244f6d1-7a48-42c1-b03c-c75cf9a605ca,Ellebækskolen - Kalbyris,https://valg.dk/fv/847cec19-05ff-4eff-b433-f0e886b24b7d/nomination-district/b244f6d1-7a48-42c1-b03c-c75cf9a605ca/polling-district/83e2c35b-c3bc-4b5d-b9b1-e8f89789f138
Næstvedkredsen,https://valg.dk/fv/847cec19-05ff-4eff-b433-f0e886b24b7d/nomination-district/b244f6d1-7a48-42c1-b03c-c75cf9a605ca,Ellebækskolen - Kildemark,https://valg.dk/fv/847cec19-05ff-4eff-b433-f0e886b24b7d/nomination-district/b244f6d1-7a48-42c1-b03c-c75cf9a605ca/polling-district/a7889522-6d78-453a-84ad-2440bfc28a9c
Næstvedkredsen,https://valg.dk/fv/847cec19-05ff-4eff-b433-f0e886b24b7d/nomination-district/b244f6d1-7a48-42c1-b03c-c75cf9a605ca,Everdrup,https://valg.dk/fv/847cec19-05ff-4eff-b433-f0e886b24b7d/nomination-district/b244f6d1-7a48-42c1-b03c-c75cf9a605ca/polling-district/d90a5006-2a6f-4da7-a241-e846e822877c
Næstvedkredsen,https://valg.dk/fv/847cec19-05ff-4eff-b433-f0e886b24b7d/nomination-district/b244f6d1-7a48-42c1-b03c-c75cf9a605ca,Fensmark,https://valg.dk/fv/847cec19-05ff-4eff-b433-f0e886b24b7d/nomination-district/b244f6d1-7a48-42c1-b03c-c75cf9a605ca/polling-district/13400897-e453-48dc-8368-5d5692f9eaf0
Næstvedkredsen,https://valg.dk/fv/847cec19-05ff-4eff-b433-f0e886b24b7d/nomination-district/b244f6d1-7a48-42c1-b03c-c75cf9a605ca,Fladså Hallen,https://valg.dk/fv/847cec19-05ff-4eff-b433-f0e886b24b7d/nomination-district/b244f6d1-7a48-42c1-b03c-c75cf9a605ca/polling-district/7b64cac7-31a6-43e0-bfca-c2cdc0ddb9c9
Næstvedkredsen,https://valg.dk/fv/847cec19-05ff-4eff-b433-f0e886b24b7d/nomination-district/b244f6d1-7a48-42c1-b03c-c75cf9a605ca,Fuglebjerg,https://valg.dk/fv/847cec19-05ff-4eff-b433-f0e886b24b7d/nomination-district/b244f6d1-7a48-42c1-b03c-c75cf9a605ca/polling-district/4c059b28-da81-4fed-921d-9b39e913e22c
Næstvedkredsen,https://valg.dk/fv/847cec19-05ff-4eff-b433-f0e886b24b7d/nomination-district/b244f6d1-7a48-42c1-b03c-c75cf9a605ca,Glumsø,https://valg.dk/fv/847cec19-05ff-4eff-b433-f0e886b24b7d/nomination-district/b244f6d1-7a48-42c1-b03c-c75cf9a605ca/polling-district/cb027f79-3ccc-433c-8aaa-963af84164e3
Næstvedkredsen,https://valg.dk/fv/847cec19-05ff-4eff-b433-f0e886b24b7d/nomination-district/b244f6d1-7a48-42c1-b03c-c75cf9a605ca,Grønbro Hallen,https://valg.dk/fv/847cec19-05ff-4eff-b433-f0e886b24b7d/nomination-district/b244f6d1-7a48-42c1-b03c-c75cf9a605ca/polling-district/7e4c7cf7-b046-41c4-8070-dcb4ed92087d
Næstvedkredsen,https://valg.dk/fv/847cec19-05ff-4eff-b433-f0e886b24b7d/nomination-district/b244f6d1-7a48-42c1-b03c-c75cf9a605ca,Grønnegades Kaserne,https://valg.dk/fv/847cec19-05ff-4eff-b433-f0e886b24b7d/nomination-district/b244f6d1-7a48-42c1-b03c-c75cf9a605ca/polling-district/37f59628-539c-49f5-bcbe-5f5480f8e3b3
Næstvedkredsen,https://valg.dk/fv/847cec19-05ff-4eff-b433-f0e886b24b7d/nomination-district/b244f6d1-7a48-42c1-b03c-c75cf9a605ca,Hammer - Vester Egesborg,https://valg.dk/fv/847cec19-05ff-4eff-b433-f0e886b24b7d/nomination-district/b244f6d1-7a48-42c1-b03c-c75cf9a605ca/polling-district/aba1d608-23ac-42bf-babf-128b30d95b42
Næstvedkredsen,https://valg.dk/fv/847cec19-05ff-4eff-b433-f0e886b24b7d/nomination-district/b244f6d1-7a48-42c1-b03c-c75cf9a605ca,Herlufmagle,https://valg.dk/fv/847cec19-05ff-4eff-b433-f0e886b24b7d/nomination-district/b244f6d1-7a48-42c1-b03c-c75cf9a605ca/polling-district/93191cf4-db59-4f52-a75b-d6a4998d9b83
Næstvedkredsen,https://valg.dk/fv/847cec19-05ff-4eff-b433-f0e886b24b7d/nomination-district/b244f6d1-7a48-42c1-b03c-c75cf9a605ca,Herlufsholmhallen,https://valg.dk/fv/847cec19-05ff-4eff-b433-f0e886b24b7d/nomination-district/b244f6d1-7a48-42c1-b03c-c75cf9a605ca/polling-district/00cd67d2-7551-4764-b691-67603aa1c6c1
Næstvedkredsen,https://valg.dk/fv/847cec19-05ff-4eff-b433-f0e886b24b7d/nomination-district/b244f6d1-7a48-42c1-b03c-c75cf9a605ca,Holme-Olstrup,https://valg.dk/fv/847cec19-05ff-4eff-b433-f0e886b24b7d/nomination-district/b244f6d1-7a48-42c1-b03c-c75cf9a605ca/polling-district/dd7c4faf-d5da-4d73-b66c-38b249f84ecd
Næstvedkredsen,https://valg.dk/fv/847cec19-05ff-4eff-b433-f0e886b24b7d/nomination-district/b244f6d1-7a48-42c1-b03c-c75cf9a605ca,Kobberbakkeskolen - Rønnebæk,https://valg.dk/fv/847cec19-05ff-4eff-b433-f0e886b24b7d/nomination-district/b244f6d1-7a48-42c1-b03c-c75cf9a605ca/polling-district/7c6825d4-7116-4396-a3df-7dc1a802c9e9
Næstvedkredsen,https://valg.dk/fv/847cec19-05ff-4eff-b433-f0e886b24b7d/nomination-district/b244f6d1-7a48-42c1-b03c-c75cf9a605ca,Kobberbakkeskolen - Sct. Jørge,https://valg.dk/fv/847cec19-05ff-4eff-b433-f0e886b24b7d/nomination-district/b244f6d1-7a48-42c1-b03c-c75cf9a605ca/polling-district/e6c164ed-f8e3-4247-9423-25a9b34e81b5
Næstvedkredsen,https://valg.dk/fv/847cec19-05ff-4eff-b433-f0e886b24b7d/nomination-district/b244f6d1-7a48-42c1-b03c-c75cf9a605ca,Kobberbakkeskolen - Sydby,https://valg.dk/fv/847cec19-05ff-4eff-b433-f0e886b24b7d/nomination-district/b244f6d1-7a48-42c1-b03c-c75cf9a605ca/polling-district/af2799d9-9460-4596-94b1-c4a7b45e4b97
Næstvedkredsen,https://valg.dk/fv/847cec19-05ff-4eff-b433-f0e886b24b7d/nomination-district/b244f6d1-7a48-42c1-b03c-c75cf9a605ca,Lille Næstved Skole - Herlufsh,https://valg.dk/fv/847cec19-05ff-4eff-b433-f0e886b24b7d/nomination-district/b244f6d1-7a48-42c1-b03c-c75cf9a605ca/polling-district/0881de83-db05-4629-aaa2-175835d10e4d
Næstvedkredsen,https://valg.dk/fv/847cec19-05ff-4eff-b433-f0e886b24b7d/nomination-district/b244f6d1-7a48-42c1-b03c-c75cf9a605ca,Lille Næstved Skole - Hyllinge,https://valg.dk/fv/847cec19-05ff-4eff-b433-f0e886b24b7d/nomination-district/b244f6d1-7a48-42c1-b03c-c75cf9a605ca/polling-district/8b2acb59-9143-4ec7-bfd1-106dfdf81904
Næstvedkredsen,https://valg.dk/fv/847cec19-05ff-4eff-b433-f0e886b24b7d/nomination-district/b244f6d1-7a48-42c1-b03c-c75cf9a605ca,Lille Næstved Skole - Karrebæk,https://valg.dk/fv/847cec19-05ff-4eff-b433-f0e886b24b7d/nomination-district/b244f6d1-7a48-42c1-b03c-c75cf9a605ca/polling-district/387cdb4f-7f7d-4be4-a021-5eb9249faea0
Næstvedkredsen,https://valg.dk/fv/847cec19-05ff-4eff-b433-f0e886b24b7d/nomination-district/b244f6d1-7a48-42c1-b03c-c75cf9a605ca,Lille Næstved Skole - Karrebæk,https://valg.dk/fv/847cec19-05ff-4eff-b433-f0e886b24b7d/nomination-district/b244f6d1-7a48-42c1-b03c-c75cf9a605ca/polling-district/ad09cdb5-d90a-47db-bb44-f8e27c4c4c17
Næstvedkredsen,https://valg.dk/fv/847cec19-05ff-4eff-b433-f0e886b24b7d/nomination-district/b244f6d1-7a48-42c1-b03c-c75cf9a605ca,Sandby,https://valg.dk/fv/847cec19-05ff-4eff-b433-f0e886b24b7d/nomination-district/b244f6d1-7a48-42c1-b03c-c75cf9a605ca/polling-district/029a22ce-65bc-4adf-bfd9-170c3210da2e
Næstvedkredsen,https://valg.dk/fv/847cec19-05ff-4eff-b433-f0e886b24b7d/nomination-district/b244f6d1-7a48-42c1-b03c-c75cf9a605ca,Skelby,https://valg.dk/fv/847cec19-05ff-4eff-b433-f0e886b24b7d/nomination-district/b244f6d1-7a48-42c1-b03c-c75cf9a605ca/polling-district/0478bbed-1745-48f1-98de-2219444af705
Næstvedkredsen,https://valg.dk/fv/847cec19-05ff-4eff-b433-f0e886b24b7d/nomination-district/b244f6d1-7a48-42c1-b03c-c75cf9a605ca,Tappernøje,https://valg.dk/fv/847cec19-05ff-4eff-b433-f0e886b24b7d/nomination-district/b244f6d1-7a48-42c1-b03c-c75cf9a605ca/polling-district/ebdce8d4-254d-45be-928f-04ef5025f672
Næstvedkredsen,https://valg.dk/fv/847cec19-05ff-4eff-b433-f0e886b24b7d/nomination-district/b244f6d1-7a48-42c1-b03c-c75cf9a605ca,Toksværd,https://valg.dk/fv/847cec19-05ff-4eff-b433-f0e886b24b7d/nomination-district/b244f6d1-7a48-42c1-b03c-c75cf9a605ca/polling-district/929bcec7-1bca-4391-b6d2-d8c3572f2082
Næstvedkredsen,https://valg.dk/fv/847cec19-05ff-4eff-b433-f0e886b24b7d/nomination-district/b244f6d1-7a48-42c1-b03c-c75cf9a605ca,Tybjerg,https://valg.dk/fv/847cec19-05ff-4eff-b433-f0e886b24b7d/nomination-district/b244f6d1-7a48-42c1-b03c-c75cf9a605ca/polling-district/1acca10e-d1f7-45c0-8eec-acaae113e419
Nørrebrokredsen,https://valg.dk/fv/847cec19-05ff-4eff-b433-f0e886b24b7d/nomination-district/512c3249-17d7-41e3-a398-8211b9a730b3,5. Nord,https://valg.dk/fv/847cec19-05ff-4eff-b433-f0e886b24b7d/nomination-district/512c3249-17d7-41e3-a398-8211b9a730b3/polling-district/dcd616a8-8cf6-476b-b314-11bf603924f1
Nørrebrokredsen,https://valg.dk/fv/847cec19-05ff-4eff-b433-f0e886b24b7d/nomination-district/512c3249-17d7-41e3-a398-8211b9a730b3,5. Nordvest,https://valg.dk/fv/847cec19-05ff-4eff-b433-f0e886b24b7d/nomination-district/512c3249-17d7-41e3-a398-8211b9a730b3/polling-district/3f1edd33-5ac3-4472-8e5a-87b0896b5973
Nørrebrokredsen,https://valg.dk/fv/847cec19-05ff-4eff-b433-f0e886b24b7d/nomination-district/512c3249-17d7-41e3-a398-8211b9a730b3,5. Nørrebro,https://valg.dk/fv/847cec19-05ff-4eff-b433-f0e886b24b7d/nomination-district/512c3249-17d7-41e3-a398-8211b9a730b3/polling-district/df739093-1fb9-4c5c-a70f-96803fc8ab03
Nørrebrokredsen,https://valg.dk/fv/847cec19-05ff-4eff-b433-f0e886b24b7d/nomination-district/512c3249-17d7-41e3-a398-8211b9a730b3,5. Nørrebrohallen,https://valg.dk/fv/847cec19-05ff-4eff-b433-f0e886b24b7d/nomination-district/512c3249-17d7-41e3-a398-8211b9a730b3/polling-district/101dcd07-1faa-4221-8373-eb73768d74cc
Nørrebrokredsen,https://valg.dk/fv/847cec19-05ff-4eff-b433-f0e886b24b7d/nomination-district/512c3249-17d7-41e3-a398-8211b9a730b3,5. Syd,https://valg.dk/fv/847cec19-05ff-4eff-b433-f0e886b24b7d/nomination-district/512c3249-17d7-41e3-a398-8211b9a730b3/polling-district/d57fd8ee-7a51-411e-b14b-d531be56d464
Nørrebrokredsen,https://valg.dk/fv/847cec19-05ff-4eff-b433-f0e886b24b7d/nomination-district/512c3249-17d7-41e3-a398-8211b9a730b3,5. Vest,https://valg.dk/fv/847cec19-05ff-4eff-b433-f0e886b24b7d/nomination-district/512c3249-17d7-41e3-a398-8211b9a730b3/polling-district/b948c391-712f-4164-ab37-00190b806ca4
Nørrebrokredsen,https://valg.dk/fv/847cec19-05ff-4eff-b433-f0e886b24b7d/nomination-district/512c3249-17d7-41e3-a398-8211b9a730b3,5. Øst,https://valg.dk/fv/847cec19-05ff-4eff-b433-f0e886b24b7d/nomination-district/512c3249-17d7-41e3-a398-8211b9a730b3/polling-district/1d70b8d9-0724-45ae-94da-92120109035e
Odense Sydkredsen,https://valg.dk/fv/847cec19-05ff-4eff-b433-f0e886b24b7d/nomination-district/c6bd21b5-3f1b-445b-98ed-7ecd3335c900,Dalumskolen,https://valg.dk/fv/847cec19-05ff-4eff-b433-f0e886b24b7d/nomination-district/c6bd21b5-3f1b-445b-98ed-7ecd3335c900/polling-district/10962458-43e0-4f37-8e1c-e904ff1d538b
Odense Sydkredsen,https://valg.dk/fv/847cec19-05ff-4eff-b433-f0e886b24b7d/nomination-district/c6bd21b5-3f1b-445b-98ed-7ecd3335c900,Fangel Forsamlingshus,https://valg.dk/fv/847cec19-05ff-4eff-b433-f0e886b24b7d/nomination-district/c6bd21b5-3f1b-445b-98ed-7ecd3335c900/polling-district/034876ba-71dd-40cf-9f96-95ef78e03ff9
Odense Sydkredsen,https://valg.dk/fv/847cec19-05ff-4eff-b433-f0e886b24b7d/nomination-district/c6bd21b5-3f1b-445b-98ed-7ecd3335c900,Højby Skole,https://valg.dk/fv/847cec19-05ff-4eff-b433-f0e886b24b7d/nomination-district/c6bd21b5-3f1b-445b-98ed-7ecd3335c900/polling-district/0bc1447c-beab-4369-b4e9-1a968ed35af8
Odense Sydkredsen,https://valg.dk/fv/847cec19-05ff-4eff-b433-f0e886b24b7d/nomination-district/c6bd21b5-3f1b-445b-98ed-7ecd3335c900,Rasmus Rask-Skolen,https://valg.dk/fv/847cec19-05ff-4eff-b433-f0e886b24b7d/nomination-district/c6bd21b5-3f1b-445b-98ed-7ecd3335c900/polling-district/ececac27-c3fe-4a01-9a99-1c93044c99c9
Odense Sydkredsen,https://valg.dk/fv/847cec19-05ff-4eff-b433-f0e886b24b7d/nomination-district/c6bd21b5-3f1b-445b-98ed-7ecd3335c900,Rosengårdskolen,https://valg.dk/fv/847cec19-05ff-4eff-b433-f0e886b24b7d/nomination-district/c6bd21b5-3f1b-445b-98ed-7ecd3335c900/polling-district/b16672d3-e638-4521-8136-d4c29834dbe6
Odense Sydkredsen,https://valg.dk/fv/847cec19-05ff-4eff-b433-f0e886b24b7d/nomination-district/c6bd21b5-3f1b-445b-98ed-7ecd3335c900,Rådhuset,https://valg.dk/fv/847cec19-05ff-4eff-b433-f0e886b24b7d/nomination-district/c6bd21b5-3f1b-445b-98ed-7ecd3335c900/polling-district/f3e465d7-dd95-45ed-93c4-564b0f9e07ed
Odense Sydkredsen,https://valg.dk/fv/847cec19-05ff-4eff-b433-f0e886b24b7d/nomination-district/c6bd21b5-3f1b-445b-98ed-7ecd3335c900,Sanderumhallen,https://valg.dk/fv/847cec19-05ff-4eff-b433-f0e886b24b7d/nomination-district/c6bd21b5-3f1b-445b-98ed-7ecd3335c900/polling-district/4a9bf367-159b-4272-a3c9-e3ebdeb75477
Odense Sydkredsen,https://valg.dk/fv/847cec19-05ff-4eff-b433-f0e886b24b7d/nomination-district/c6bd21b5-3f1b-445b-98ed-7ecd3335c900,Sct. Knuds Gymnasium,https://valg.dk/fv/847cec19-05ff-4eff-b433-f0e886b24b7d/nomination-district/c6bd21b5-3f1b-445b-98ed-7ecd3335c900/polling-district/fc0e0756-ac5e-4fd6-b278-2d60b22214ac
Odense Sydkredsen,https://valg.dk/fv/847cec19-05ff-4eff-b433-f0e886b24b7d/nomination-district/c6bd21b5-3f1b-445b-98ed-7ecd3335c900,Skt. Klemensskolen,https://valg.dk/fv/847cec19-05ff-4eff-b433-f0e886b24b7d/nomination-district/c6bd21b5-3f1b-445b-98ed-7ecd3335c900/polling-district/6afbea33-bf38-434c-92c2-3f7a24b16288
Odense Sydkredsen,https://valg.dk/fv/847cec19-05ff-4eff-b433-f0e886b24b7d/nomination-district/c6bd21b5-3f1b-445b-98ed-7ecd3335c900,Tingløkkeskolen,https://valg.dk/fv/847cec19-05ff-4eff-b433-f0e886b24b7d/nomination-district/c6bd21b5-3f1b-445b-98ed-7ecd3335c900/polling-district/f507ca22-36b9-4c10-a520-b9760fe7fdd3
Odense Vestkredsen,https://valg.dk/fv/847cec19-05ff-4eff-b433-f0e886b24b7d/nomination-district/ee2afdca-fd30-49a8-9d22-f9366191b1d5,CSV-Skolen,https://valg.dk/fv/847cec19-05ff-4eff-b433-f0e886b24b7d/nomination-district/ee2afdca-fd30-49a8-9d22-f9366191b1d5/polling-district/872fb546-f630-4674-892d-2f8bf5c1a7c1
Odense Vestkredsen,https://valg.dk/fv/847cec19-05ff-4eff-b433-f0e886b24b7d/nomination-district/ee2afdca-fd30-49a8-9d22-f9366191b1d5,Korup Skole,https://valg.dk/fv/847cec19-05ff-4eff-b433-f0e886b24b7d/nomination-district/ee2afdca-fd30-49a8-9d22-f9366191b1d5/polling-district/7d741f21-68a7-4f4c-afdc-6c383a912f85
Odense Vestkredsen,https://valg.dk/fv/847cec19-05ff-4eff-b433-f0e886b24b7d/nomination-district/ee2afdca-fd30-49a8-9d22-f9366191b1d5,Kroggårdsskolen,https://valg.dk/fv/847cec19-05ff-4eff-b433-f0e886b24b7d/nomination-district/ee2afdca-fd30-49a8-9d22-f9366191b1d5/polling-district/8f860026-28b5-4a7a-b10e-392942b82130
Odense Vestkredsen,https://valg.dk/fv/847cec19-05ff-4eff-b433-f0e886b24b7d/nomination-district/ee2afdca-fd30-49a8-9d22-f9366191b1d5,Lumby Skole,https://valg.dk/fv/847cec19-05ff-4eff-b433-f0e886b24b7d/nomination-district/ee2afdca-fd30-49a8-9d22-f9366191b1d5/polling-district/c0209a45-5cbe-4eb0-8037-3d3e342d93aa
Odense Vestkredsen,https://valg.dk/fv/847cec19-05ff-4eff-b433-f0e886b24b7d/nomination-district/ee2afdca-fd30-49a8-9d22-f9366191b1d5,Paarup Hallen,https://valg.dk/fv/847cec19-05ff-4eff-b433-f0e886b24b7d/nomination-district/ee2afdca-fd30-49a8-9d22-f9366191b1d5/polling-district/04b30d53-8278-42ef-82cc-bc729a35750f
Odense Vestkredsen,https://valg.dk/fv/847cec19-05ff-4eff-b433-f0e886b24b7d/nomination-district/ee2afdca-fd30-49a8-9d22-f9366191b1d5,Seniorhus Odense,https://valg.dk/fv/847cec19-05ff-4eff-b433-f0e886b24b7d/nomination-district/ee2afdca-fd30-49a8-9d22-f9366191b1d5/polling-district/dd4b0dba-8167-4e85-887f-dd722199a386
Odense Vestkredsen,https://valg.dk/fv/847cec19-05ff-4eff-b433-f0e886b24b7d/nomination-district/ee2afdca-fd30-49a8-9d22-f9366191b1d5,Spurvelundskolen,https://valg.dk/fv/847cec19-05ff-4eff-b433-f0e886b24b7d/nomination-district/ee2afdca-fd30-49a8-9d22-f9366191b1d5/polling-district/bd3553ef-bc8a-4c59-b8f6-0a6cc2698e83
Odense Vestkredsen,https://valg.dk/fv/847cec19-05ff-4eff-b433-f0e886b24b7d/nomination-district/ee2afdca-fd30-49a8-9d22-f9366191b1d5,Stige Skole,https://valg.dk/fv/847cec19-05ff-4eff-b433-f0e886b24b7d/nomination-district/ee2afdca-fd30-49a8-9d22-f9366191b1d5/polling-district/728a3366-f9b4-4047-ab35-956ff4f378e6
Odense Vestkredsen,https://valg.dk/fv/847cec19-05ff-4eff-b433-f0e886b24b7d/nomination-district/ee2afdca-fd30-49a8-9d22-f9366191b1d5,Tarup Skole,https://valg.dk/fv/847cec19-05ff-4eff-b433-f0e886b24b7d/nomination-district/ee2afdca-fd30-49a8-9d22-f9366191b1d5/polling-district/6646c333-41c4-4822-84ba-b9b809bd2817
Odense Vestkredsen,https://valg.dk/fv/847cec19-05ff-4eff-b433-f0e886b24b7d/nomination-district/ee2afdca-fd30-49a8-9d22-f9366191b1d5,Ubberud Kultur & Bevægelseshus,https://valg.dk/fv/847cec19-05ff-4eff-b433-f0e886b24b7d/nomination-district/ee2afdca-fd30-49a8-9d22-f9366191b1d5/polling-district/69d37042-f4bf-474f-81d7-aaad2a5d4267
Odense Østkredsen,https://valg.dk/fv/847cec19-05ff-4eff-b433-f0e886b24b7d/nomination-district/754a7b49-4826-448c-9edc-4460c9501de6,Agedrup Skole,https://valg.dk/fv/847cec19-05ff-4eff-b433-f0e886b24b7d/nomination-district/754a7b49-4826-448c-9edc-4460c9501de6/polling-district/ebe77d81-934e-4136-b18c-1294f719fe68
Odense Østkredsen,https://valg.dk/fv/847cec19-05ff-4eff-b433-f0e886b24b7d/nomination-district/754a7b49-4826-448c-9edc-4460c9501de6,Camp U,https://valg.dk/fv/847cec19-05ff-4eff-b433-f0e886b24b7d/nomination-district/754a7b49-4826-448c-9edc-4460c9501de6/polling-district/31d31d10-1326-4279-9963-23c7c8042896
Odense Østkredsen,https://valg.dk/fv/847cec19-05ff-4eff-b433-f0e886b24b7d/nomination-district/754a7b49-4826-448c-9edc-4460c9501de6,Ejerslykkeskolen,https://valg.dk/fv/847cec19-05ff-4eff-b433-f0e886b24b7d/nomination-district/754a7b49-4826-448c-9edc-4460c9501de6/polling-district/494184c8-20d0-4f90-9fd5-f193ded51df2
Odense Østkredsen,https://valg.dk/fv/847cec19-05ff-4eff-b433-f0e886b24b7d/nomination-district/754a7b49-4826-448c-9edc-4460c9501de6,Fjordager-Hallen,https://valg.dk/fv/847cec19-05ff-4eff-b433-f0e886b24b7d/nomination-district/754a7b49-4826-448c-9edc-4460c9501de6/polling-district/5c7cb655-d454-4d7a-bde1-8b9eacf0b009
Odense Østkredsen,https://valg.dk/fv/847cec19-05ff-4eff-b433-f0e886b24b7d/nomination-district/754a7b49-4826-448c-9edc-4460c9501de6,Fraugde Fritidscenter,https://valg.dk/fv/847cec19-05ff-4eff-b433-f0e886b24b7d/nomination-district/754a7b49-4826-448c-9edc-4460c9501de6/polling-district/b6dd3fb4-9b05-4127-ba4e-c344b64c828b
Odense Østkredsen,https://valg.dk/fv/847cec19-05ff-4eff-b433-f0e886b24b7d/nomination-district/754a7b49-4826-448c-9edc-4460c9501de6,Munkebjergskolen,https://valg.dk/fv/847cec19-05ff-4eff-b433-f0e886b24b7d/nomination-district/754a7b49-4826-448c-9edc-4460c9501de6/polling-district/0d0695ff-bfc3-4704-86c9-8e6a0439faa0
Odense Østkredsen,https://valg.dk/fv/847cec19-05ff-4eff-b433-f0e886b24b7d/nomination-district/754a7b49-4826-448c-9edc-4460c9501de6,Risingskolen,https://valg.dk/fv/847cec19-05ff-4eff-b433-f0e886b24b7d/nomination-district/754a7b49-4826-448c-9edc-4460c9501de6/polling-district/2e304117-b63a-4498-b6a7-2519db2ffe4c
Odense Østkredsen,https://valg.dk/fv/847cec19-05ff-4eff-b433-f0e886b24b7d/nomination-district/754a7b49-4826-448c-9edc-4460c9501de6,Sct. Hans Skole,https://valg.dk/fv/847cec19-05ff-4eff-b433-f0e886b24b7d/nomination-district/754a7b49-4826-448c-9edc-4460c9501de6/polling-district/2e6170fc-3361-44fc-9881-adb6a9168b2b
Odense Østkredsen,https://valg.dk/fv/847cec19-05ff-4eff-b433-f0e886b24b7d/nomination-district/754a7b49-4826-448c-9edc-4460c9501de6,Skt. Jørgens Hallen,https://valg.dk/fv/847cec19-05ff-4eff-b433-f0e886b24b7d/nomination-district/754a7b49-4826-448c-9edc-4460c9501de6/polling-district/22571abd-4255-4479-8fd9-65da59ff0e92
Odense Østkredsen,https://valg.dk/fv/847cec19-05ff-4eff-b433-f0e886b24b7d/nomination-district/754a7b49-4826-448c-9edc-4460c9501de6,UngOdense (Tidl.Bækholmskolen),https://valg.dk/fv/847cec19-05ff-4eff-b433-f0e886b24b7d/nomination-district/754a7b49-4826-448c-9edc-4460c9501de6/polling-district/3c9c1f72-cee5-4cb8-bf99-e6732574b7ff
Randers Nordkredsen,https://valg.dk/fv/847cec19-05ff-4eff-b433-f0e886b24b7d/nomination-district/4db0bdb8-55a4-4e6b-b66e-3e5131b21576,Blicherskolen,https://valg.dk/fv/847cec19-05ff-4eff-b433-f0e886b24b7d/nomination-district/4db0bdb8-55a4-4e6b-b66e-3e5131b21576/polling-district/59496758-e262-448c-864c-58183e715227
Randers Nordkredsen,https://valg.dk/fv/847cec19-05ff-4eff-b433-f0e886b24b7d/nomination-district/4db0bdb8-55a4-4e6b-b66e-3e5131b21576,Firkløverskolen,https://valg.dk/fv/847cec19-05ff-4eff-b433-f0e886b24b7d/nomination-district/4db0bdb8-55a4-4e6b-b66e-3e5131b21576/polling-district/2898a30b-25a2-4519-9a41-e0cc8bdffdbb
Randers Nordkredsen,https://valg.dk/fv/847cec19-05ff-4eff-b433-f0e886b24b7d/nomination-district/4db0bdb8-55a4-4e6b-b66e-3e5131b21576,Gjerlev Aktivitetshus,https://valg.dk/fv/847cec19-05ff-4eff-b433-f0e886b24b7d/nomination-district/4db0bdb8-55a4-4e6b-b66e-3e5131b21576/polling-district/102ed177-38c7-452c-acaa-5c6e7bfb3a7d
Randers Nordkredsen,https://valg.dk/fv/847cec19-05ff-4eff-b433-f0e886b24b7d/nomination-district/4db0bdb8-55a4-4e6b-b66e-3e5131b21576,Hald Forsamlingshus,https://valg.dk/fv/847cec19-05ff-4eff-b433-f0e886b24b7d/nomination-district/4db0bdb8-55a4-4e6b-b66e-3e5131b21576/polling-district/2efa3b67-746b-496e-b903-b094643a1c44
Randers Nordkredsen,https://valg.dk/fv/847cec19-05ff-4eff-b433-f0e886b24b7d/nomination-district/4db0bdb8-55a4-4e6b-b66e-3e5131b21576,Havndalhallen,https://valg.dk/fv/847cec19-05ff-4eff-b433-f0e886b24b7d/nomination-district/4db0bdb8-55a4-4e6b-b66e-3e5131b21576/polling-district/188040ec-60b7-4345-8976-4c43741a2437
Randers Nordkredsen,https://valg.dk/fv/847cec19-05ff-4eff-b433-f0e886b24b7d/nomination-district/4db0bdb8-55a4-4e6b-b66e-3e5131b21576,Hornbækhallen,https://valg.dk/fv/847cec19-05ff-4eff-b433-f0e886b24b7d/nomination-district/4db0bdb8-55a4-4e6b-b66e-3e5131b21576/polling-district/034e7d44-a8e8-4aed-958c-a2401492953f
Randers Nordkredsen,https://valg.dk/fv/847cec19-05ff-4eff-b433-f0e886b24b7d/nomination-district/4db0bdb8-55a4-4e6b-b66e-3e5131b21576,Korshøjskolen,https://valg.dk/fv/847cec19-05ff-4eff-b433-f0e886b24b7d/nomination-district/4db0bdb8-55a4-4e6b-b66e-3e5131b21576/polling-district/f1d14bdc-3a99-4f8c-9fe7-0237d83f6e8f
Randers Nordkredsen,https://valg.dk/fv/847cec19-05ff-4eff-b433-f0e886b24b7d/nomination-district/4db0bdb8-55a4-4e6b-b66e-3e5131b21576,Kultur-Aktivitetshuset Gassum,https://valg.dk/fv/847cec19-05ff-4eff-b433-f0e886b24b7d/nomination-district/4db0bdb8-55a4-4e6b-b66e-3e5131b21576/polling-district/402a5db3-3d0b-452a-883f-fba7d96c2abf
Randers Nordkredsen,https://valg.dk/fv/847cec19-05ff-4eff-b433-f0e886b24b7d/nomination-district/4db0bdb8-55a4-4e6b-b66e-3e5131b21576,Nørrevangsskolen,https://valg.dk/fv/847cec19-05ff-4eff-b433-f0e886b24b7d/nomination-district/4db0bdb8-55a4-4e6b-b66e-3e5131b21576/polling-district/948c41e7-8c3a-46c7-bc93-a3385f3ec215
Randers Nordkredsen,https://valg.dk/fv/847cec19-05ff-4eff-b433-f0e886b24b7d/nomination-district/4db0bdb8-55a4-4e6b-b66e-3e5131b21576,Randers Badmintonhaller,https://valg.dk/fv/847cec19-05ff-4eff-b433-f0e886b24b7d/nomination-district/4db0bdb8-55a4-4e6b-b66e-3e5131b21576/polling-district/d5bb9618-9a72-4065-a839-21ced313ecc4
Randers Nordkredsen,https://valg.dk/fv/847cec19-05ff-4eff-b433-f0e886b24b7d/nomination-district/4db0bdb8-55a4-4e6b-b66e-3e5131b21576,Rismølleskolen,https://valg.dk/fv/847cec19-05ff-4eff-b433-f0e886b24b7d/nomination-district/4db0bdb8-55a4-4e6b-b66e-3e5131b21576/polling-district/85d1d2f0-bbf0-428c-a25a-2a31fbd2c555
Randers Nordkredsen,https://valg.dk/fv/847cec19-05ff-4eff-b433-f0e886b24b7d/nomination-district/4db0bdb8-55a4-4e6b-b66e-3e5131b21576,Råby Forsamlingshus,https://valg.dk/fv/847cec19-05ff-4eff-b433-f0e886b24b7d/nomination-district/4db0bdb8-55a4-4e6b-b66e-3e5131b21576/polling-district/673b9f01-febd-4d49-a258-b233bf981d86
Randers Nordkredsen,https://valg.dk/fv/847cec19-05ff-4eff-b433-f0e886b24b7d/nomination-district/4db0bdb8-55a4-4e6b-b66e-3e5131b21576,Vestervangsskolen,https://valg.dk/fv/847cec19-05ff-4eff-b433-f0e886b24b7d/nomination-district/4db0bdb8-55a4-4e6b-b66e-3e5131b21576/polling-district/5aa3a686-edc7-4c4d-9736-477c98445463
Randers Nordkredsen,https://valg.dk/fv/847cec19-05ff-4eff-b433-f0e886b24b7d/nomination-district/4db0bdb8-55a4-4e6b-b66e-3e5131b21576,Øster Tørslev Fritidslokaler,https://valg.dk/fv/847cec19-05ff-4eff-b433-f0e886b24b7d/nomination-district/4db0bdb8-55a4-4e6b-b66e-3e5131b21576/polling-district/6fb7b1de-fdf8-4847-b2a9-1fcb9e918335
Randers Nordkredsen,https://valg.dk/fv/847cec19-05ff-4eff-b433-f0e886b24b7d/nomination-district/4db0bdb8-55a4-4e6b-b66e-3e5131b21576,Østervangsskolen,https://valg.dk/fv/847cec19-05ff-4eff-b433-f0e886b24b7d/nomination-district/4db0bdb8-55a4-4e6b-b66e-3e5131b21576/polling-district/53ad62f6-089b-4cf8-84b7-85886b45b64b
Randers Sydkredsen,https://valg.dk/fv/847cec19-05ff-4eff-b433-f0e886b24b7d/nomination-district/9396b406-e8d6-4b4d-938b-ab96a64df417,Asferg Træningshus,https://valg.dk/fv/847cec19-05ff-4eff-b433-f0e886b24b7d/nomination-district/9396b406-e8d6-4b4d-938b-ab96a64df417/polling-district/537747ca-ff9b-4ba2-b087-e5d53add606f
Randers Sydkredsen,https://valg.dk/fv/847cec19-05ff-4eff-b433-f0e886b24b7d/nomination-district/9396b406-e8d6-4b4d-938b-ab96a64df417,Assentofthallen,https://valg.dk/fv/847cec19-05ff-4eff-b433-f0e886b24b7d/nomination-district/9396b406-e8d6-4b4d-938b-ab96a64df417/polling-district/d99e33b4-6f2f-4678-9e5e-bf09160cdf4c
Randers Sydkredsen,https://valg.dk/fv/847cec19-05ff-4eff-b433-f0e886b24b7d/nomination-district/9396b406-e8d6-4b4d-938b-ab96a64df417,Fritidscentret,https://valg.dk/fv/847cec19-05ff-4eff-b433-f0e886b24b7d/nomination-district/9396b406-e8d6-4b4d-938b-ab96a64df417/polling-district/1b0bd0ec-ddd5-4c5f-87f4-7bf7637107f5
Randers Sydkredsen,https://valg.dk/fv/847cec19-05ff-4eff-b433-f0e886b24b7d/nomination-district/9396b406-e8d6-4b4d-938b-ab96a64df417,Hobrovejens Skole,https://valg.dk/fv/847cec19-05ff-4eff-b433-f0e886b24b7d/nomination-district/9396b406-e8d6-4b4d-938b-ab96a64df417/polling-district/332151d4-fb4a-46fc-9ac2-48cf433548a0
Randers Sydkredsen,https://valg.dk/fv/847cec19-05ff-4eff-b433-f0e886b24b7d/nomination-district/9396b406-e8d6-4b4d-938b-ab96a64df417,Jebjerg Forsamlingshus,https://valg.dk/fv/847cec19-05ff-4eff-b433-f0e886b24b7d/nomination-district/9396b406-e8d6-4b4d-938b-ab96a64df417/polling-district/547d3d0c-9ab0-41a0-8a12-e559634ec742
Randers Sydkredsen,https://valg.dk/fv/847cec19-05ff-4eff-b433-f0e886b24b7d/nomination-district/9396b406-e8d6-4b4d-938b-ab96a64df417,Kristrup Skole,https://valg.dk/fv/847cec19-05ff-4eff-b433-f0e886b24b7d/nomination-district/9396b406-e8d6-4b4d-938b-ab96a64df417/polling-district/5ef95ed2-f964-4ead-b6bc-df9a8bb734c9
Randers Sydkredsen,https://valg.dk/fv/847cec19-05ff-4eff-b433-f0e886b24b7d/nomination-district/9396b406-e8d6-4b4d-938b-ab96a64df417,Kulturhuset Langå,https://valg.dk/fv/847cec19-05ff-4eff-b433-f0e886b24b7d/nomination-district/9396b406-e8d6-4b4d-938b-ab96a64df417/polling-district/9d05828b-3816-40fc-89b4-33d3d5431808
Randers Sydkredsen,https://valg.dk/fv/847cec19-05ff-4eff-b433-f0e886b24b7d/nomination-district/9396b406-e8d6-4b4d-938b-ab96a64df417,Paderup Gymnasium,https://valg.dk/fv/847cec19-05ff-4eff-b433-f0e886b24b7d/nomination-district/9396b406-e8d6-4b4d-938b-ab96a64df417/polling-district/1f1550d1-1c39-4d03-97a6-9593c6693b25
Randers Sydkredsen,https://valg.dk/fv/847cec19-05ff-4eff-b433-f0e886b24b7d/nomination-district/9396b406-e8d6-4b4d-938b-ab96a64df417,Psykiatriens Hus,https://valg.dk/fv/847cec19-05ff-4eff-b433-f0e886b24b7d/nomination-district/9396b406-e8d6-4b4d-938b-ab96a64df417/polling-district/5d99e988-9515-41b4-9eea-73d1d42d8778
Randers Sydkredsen,https://valg.dk/fv/847cec19-05ff-4eff-b433-f0e886b24b7d/nomination-district/9396b406-e8d6-4b4d-938b-ab96a64df417,Purhushallen,https://valg.dk/fv/847cec19-05ff-4eff-b433-f0e886b24b7d/nomination-district/9396b406-e8d6-4b4d-938b-ab96a64df417/polling-district/ae3d7feb-7f52-4b2e-b3e4-900a7a158661
Randers Sydkredsen,https://valg.dk/fv/847cec19-05ff-4eff-b433-f0e886b24b7d/nomination-district/9396b406-e8d6-4b4d-938b-ab96a64df417,Romalt Aktivitetshal,https://valg.dk/fv/847cec19-05ff-4eff-b433-f0e886b24b7d/nomination-district/9396b406-e8d6-4b4d-938b-ab96a64df417/polling-district/40f9133a-90ef-43f6-a75e-85653e3b8aa7
Randers Sydkredsen,https://valg.dk/fv/847cec19-05ff-4eff-b433-f0e886b24b7d/nomination-district/9396b406-e8d6-4b4d-938b-ab96a64df417,Stevnstrup Forsamlingshus,https://valg.dk/fv/847cec19-05ff-4eff-b433-f0e886b24b7d/nomination-district/9396b406-e8d6-4b4d-938b-ab96a64df417/polling-district/502f57bc-8476-4f84-ac9a-33c4d5dcb6b0
Randers Sydkredsen,https://valg.dk/fv/847cec19-05ff-4eff-b433-f0e886b24b7d/nomination-district/9396b406-e8d6-4b4d-938b-ab96a64df417,Søndermarkskolen,https://valg.dk/fv/847cec19-05ff-4eff-b433-f0e886b24b7d/nomination-district/9396b406-e8d6-4b4d-938b-ab96a64df417/polling-district/0e2d1edf-b74e-439c-8cca-6ba69b8bec3f
Randers Sydkredsen,https://valg.dk/fv/847cec19-05ff-4eff-b433-f0e886b24b7d/nomination-district/9396b406-e8d6-4b4d-938b-ab96a64df417,Uggelhuse Forsamlingshus,https://valg.dk/fv/847cec19-05ff-4eff-b433-f0e886b24b7d/nomination-district/9396b406-e8d6-4b4d-938b-ab96a64df417/polling-district/62988dca-8dc3-4bc3-8736-7a01f4ccda9f
Randers Sydkredsen,https://valg.dk/fv/847cec19-05ff-4eff-b433-f0e886b24b7d/nomination-district/9396b406-e8d6-4b4d-938b-ab96a64df417,Ø. Bjerregrav Forsamlingshus,https://valg.dk/fv/847cec19-05ff-4eff-b433-f0e886b24b7d/nomination-district/9396b406-e8d6-4b4d-938b-ab96a64df417/polling-district/154ca912-fcae-4940-9f60-12f63a49e089
Ringkøbingkredsen,https://valg.dk/fv/847cec19-05ff-4eff-b433-f0e886b24b7d/nomination-district/febf3753-4160-4188-9a96-8b1dc4e4583f,Bork,https://valg.dk/fv/847cec19-05ff-4eff-b433-f0e886b24b7d/nomination-district/febf3753-4160-4188-9a96-8b1dc4e4583f/polling-district/279f982d-54d8-417a-a128-7024a981d165
Ringkøbingkredsen,https://valg.dk/fv/847cec19-05ff-4eff-b433-f0e886b24b7d/nomination-district/febf3753-4160-4188-9a96-8b1dc4e4583f,Borris,https://valg.dk/fv/847cec19-05ff-4eff-b433-f0e886b24b7d/nomination-district/febf3753-4160-4188-9a96-8b1dc4e4583f/polling-district/db1b3d2f-2a4e-438a-9fa1-9ae31f0a34af
Ringkøbingkredsen,https://valg.dk/fv/847cec19-05ff-4eff-b433-f0e886b24b7d/nomination-district/febf3753-4160-4188-9a96-8b1dc4e4583f,Faster,https://valg.dk/fv/847cec19-05ff-4eff-b433-f0e886b24b7d/nomination-district/febf3753-4160-4188-9a96-8b1dc4e4583f/polling-district/a9b681f1-96aa-4c98-ad4f-3a7df7a17a88
Ringkøbingkredsen,https://valg.dk/fv/847cec19-05ff-4eff-b433-f0e886b24b7d/nomination-district/febf3753-4160-4188-9a96-8b1dc4e4583f,Hee,https://valg.dk/fv/847cec19-05ff-4eff-b433-f0e886b24b7d/nomination-district/febf3753-4160-4188-9a96-8b1dc4e4583f/polling-district/ed2d31c5-f48c-47b3-8729-34a4e7ebc09b
Ringkøbingkredsen,https://valg.dk/fv/847cec19-05ff-4eff-b433-f0e886b24b7d/nomination-district/febf3753-4160-4188-9a96-8b1dc4e4583f,Holmsland,https://valg.dk/fv/847cec19-05ff-4eff-b433-f0e886b24b7d/nomination-district/febf3753-4160-4188-9a96-8b1dc4e4583f/polling-district/a5c1cce7-1eac-4dd3-9ea9-173b1d7b99f3
Ringkøbingkredsen,https://valg.dk/fv/847cec19-05ff-4eff-b433-f0e886b24b7d/nomination-district/febf3753-4160-4188-9a96-8b1dc4e4583f,Hoven,https://valg.dk/fv/847cec19-05ff-4eff-b433-f0e886b24b7d/nomination-district/febf3753-4160-4188-9a96-8b1dc4e4583f/polling-district/c321e849-96f4-4ab7-b16a-69bc53eec564
Ringkøbingkredsen,https://valg.dk/fv/847cec19-05ff-4eff-b433-f0e886b24b7d/nomination-district/febf3753-4160-4188-9a96-8b1dc4e4583f,Hvide Sande,https://valg.dk/fv/847cec19-05ff-4eff-b433-f0e886b24b7d/nomination-district/febf3753-4160-4188-9a96-8b1dc4e4583f/polling-district/a631a085-d3c3-47bd-9966-c5130090a461
Ringkøbingkredsen,https://valg.dk/fv/847cec19-05ff-4eff-b433-f0e886b24b7d/nomination-district/febf3753-4160-4188-9a96-8b1dc4e4583f,Højmark,https://valg.dk/fv/847cec19-05ff-4eff-b433-f0e886b24b7d/nomination-district/febf3753-4160-4188-9a96-8b1dc4e4583f/polling-district/475ed14a-9ec9-4940-a0c5-896f2f84c8e5
Ringkøbingkredsen,https://valg.dk/fv/847cec19-05ff-4eff-b433-f0e886b24b7d/nomination-district/febf3753-4160-4188-9a96-8b1dc4e4583f,Lem,https://valg.dk/fv/847cec19-05ff-4eff-b433-f0e886b24b7d/nomination-district/febf3753-4160-4188-9a96-8b1dc4e4583f/polling-district/859465ae-e473-4cf8-ab61-1a8876aa4d69
Ringkøbingkredsen,https://valg.dk/fv/847cec19-05ff-4eff-b433-f0e886b24b7d/nomination-district/febf3753-4160-4188-9a96-8b1dc4e4583f,Lyne,https://valg.dk/fv/847cec19-05ff-4eff-b433-f0e886b24b7d/nomination-district/febf3753-4160-4188-9a96-8b1dc4e4583f/polling-district/64ce2aca-47af-4c37-aaf1-48cd17461fc5
Ringkøbingkredsen,https://valg.dk/fv/847cec19-05ff-4eff-b433-f0e886b24b7d/nomination-district/febf3753-4160-4188-9a96-8b1dc4e4583f,Lønborg,https://valg.dk/fv/847cec19-05ff-4eff-b433-f0e886b24b7d/nomination-district/febf3753-4160-4188-9a96-8b1dc4e4583f/polling-district/7e4188cf-8e77-4379-a632-21651ed07794
Ringkøbingkredsen,https://valg.dk/fv/847cec19-05ff-4eff-b433-f0e886b24b7d/nomination-district/febf3753-4160-4188-9a96-8b1dc4e4583f,Nr.Vium,https://valg.dk/fv/847cec19-05ff-4eff-b433-f0e886b24b7d/nomination-district/febf3753-4160-4188-9a96-8b1dc4e4583f/polling-district/eb640ee8-738a-41d5-a696-2f6b056f5886
Ringkøbingkredsen,https://valg.dk/fv/847cec19-05ff-4eff-b433-f0e886b24b7d/nomination-district/febf3753-4160-4188-9a96-8b1dc4e4583f,Ringkøbing,https://valg.dk/fv/847cec19-05ff-4eff-b433-f0e886b24b7d/nomination-district/febf3753-4160-4188-9a96-8b1dc4e4583f/polling-district/d8ddf156-d206-40f7-a290-dd5c7bbe5618
Ringkøbingkredsen,https://valg.dk/fv/847cec19-05ff-4eff-b433-f0e886b24b7d/nomination-district/febf3753-4160-4188-9a96-8b1dc4e4583f,Rækker Mølle,https://valg.dk/fv/847cec19-05ff-4eff-b433-f0e886b24b7d/nomination-district/febf3753-4160-4188-9a96-8b1dc4e4583f/polling-district/4c828281-8f27-48ba-8403-ff5881d8f4ca
Ringkøbingkredsen,https://valg.dk/fv/847cec19-05ff-4eff-b433-f0e886b24b7d/nomination-district/febf3753-4160-4188-9a96-8b1dc4e4583f,Skjern,https://valg.dk/fv/847cec19-05ff-4eff-b433-f0e886b24b7d/nomination-district/febf3753-4160-4188-9a96-8b1dc4e4583f/polling-district/82533bd8-5a53-4335-a427-b3637cc96f7a
Ringkøbingkredsen,https://valg.dk/fv/847cec19-05ff-4eff-b433-f0e886b24b7d/nomination-district/febf3753-4160-4188-9a96-8b1dc4e4583f,Spjald,https://valg.dk/fv/847cec19-05ff-4eff-b433-f0e886b24b7d/nomination-district/febf3753-4160-4188-9a96-8b1dc4e4583f/polling-district/81ad7c65-fca5-4fbe-a120-68f547113606
Ringkøbingkredsen,https://valg.dk/fv/847cec19-05ff-4eff-b433-f0e886b24b7d/nomination-district/febf3753-4160-4188-9a96-8b1dc4e4583f,Stadil,https://valg.dk/fv/847cec19-05ff-4eff-b433-f0e886b24b7d/nomination-district/febf3753-4160-4188-9a96-8b1dc4e4583f/polling-district/cffd93f0-90f6-47c9-85c3-d551c9c9151a
Ringkøbingkredsen,https://valg.dk/fv/847cec19-05ff-4eff-b433-f0e886b24b7d/nomination-district/febf3753-4160-4188-9a96-8b1dc4e4583f,Stauning,https://valg.dk/fv/847cec19-05ff-4eff-b433-f0e886b24b7d/nomination-district/febf3753-4160-4188-9a96-8b1dc4e4583f/polling-district/6a69c57a-8680-49d7-995d-88a1aa39f13f
Ringkøbingkredsen,https://valg.dk/fv/847cec19-05ff-4eff-b433-f0e886b24b7d/nomination-district/febf3753-4160-4188-9a96-8b1dc4e4583f,Tarm,https://valg.dk/fv/847cec19-05ff-4eff-b433-f0e886b24b7d/nomination-district/febf3753-4160-4188-9a96-8b1dc4e4583f/polling-district/97edac9d-49cb-4574-9d3b-cf559cb9d153
Ringkøbingkredsen,https://valg.dk/fv/847cec19-05ff-4eff-b433-f0e886b24b7d/nomination-district/febf3753-4160-4188-9a96-8b1dc4e4583f,Tim,https://valg.dk/fv/847cec19-05ff-4eff-b433-f0e886b24b7d/nomination-district/febf3753-4160-4188-9a96-8b1dc4e4583f/polling-district/5514d299-7afe-46f9-90e6-40c5f737e1f4
Ringkøbingkredsen,https://valg.dk/fv/847cec19-05ff-4eff-b433-f0e886b24b7d/nomination-district/febf3753-4160-4188-9a96-8b1dc4e4583f,Troldhede,https://valg.dk/fv/847cec19-05ff-4eff-b433-f0e886b24b7d/nomination-district/febf3753-4160-4188-9a96-8b1dc4e4583f/polling-district/f13bbfae-964a-4a89-8faa-2671c27c9bcc
Ringkøbingkredsen,https://valg.dk/fv/847cec19-05ff-4eff-b433-f0e886b24b7d/nomination-district/febf3753-4160-4188-9a96-8b1dc4e4583f,Velling,https://valg.dk/fv/847cec19-05ff-4eff-b433-f0e886b24b7d/nomination-district/febf3753-4160-4188-9a96-8b1dc4e4583f/polling-district/3c632167-433e-41d8-adc1-989f1295d6ca
Ringkøbingkredsen,https://valg.dk/fv/847cec19-05ff-4eff-b433-f0e886b24b7d/nomination-district/febf3753-4160-4188-9a96-8b1dc4e4583f,Videbæk,https://valg.dk/fv/847cec19-05ff-4eff-b433-f0e886b24b7d/nomination-district/febf3753-4160-4188-9a96-8b1dc4e4583f/polling-district/be93d5ab-d2e0-47a7-bb92-11bbd5822543
Ringkøbingkredsen,https://valg.dk/fv/847cec19-05ff-4eff-b433-f0e886b24b7d/nomination-district/febf3753-4160-4188-9a96-8b1dc4e4583f,Vorgod-Barde,https://valg.dk/fv/847cec19-05ff-4eff-b433-f0e886b24b7d/nomination-district/febf3753-4160-4188-9a96-8b1dc4e4583f/polling-district/6e788d3e-11c9-4fe4-aab4-c0f960a9830d
Ringkøbingkredsen,https://valg.dk/fv/847cec19-05ff-4eff-b433-f0e886b24b7d/nomination-district/febf3753-4160-4188-9a96-8b1dc4e4583f,Ølstrup,https://valg.dk/fv/847cec19-05ff-4eff-b433-f0e886b24b7d/nomination-district/febf3753-4160-4188-9a96-8b1dc4e4583f/polling-district/8bf015b7-506a-4cf5-a67a-d31e2c129a23
Ringstedkredsen,https://valg.dk/fv/847cec19-05ff-4eff-b433-f0e886b24b7d/nomination-district/e868dbbc-9369-43d8-abe0-32c2fed789f8,Alsted Fjenneslev,https://valg.dk/fv/847cec19-05ff-4eff-b433-f0e886b24b7d/nomination-district/e868dbbc-9369-43d8-abe0-32c2fed789f8/polling-district/e6ab0a49-e45f-4efd-b3e1-b8a7f4c5b636
Ringstedkredsen,https://valg.dk/fv/847cec19-05ff-4eff-b433-f0e886b24b7d/nomination-district/e868dbbc-9369-43d8-abe0-32c2fed789f8,Benløse,https://valg.dk/fv/847cec19-05ff-4eff-b433-f0e886b24b7d/nomination-district/e868dbbc-9369-43d8-abe0-32c2fed789f8/polling-district/000751db-6fb7-4130-ad59-50524bb3652c
Ringstedkredsen,https://valg.dk/fv/847cec19-05ff-4eff-b433-f0e886b24b7d/nomination-district/e868dbbc-9369-43d8-abe0-32c2fed789f8,Bringstrup,https://valg.dk/fv/847cec19-05ff-4eff-b433-f0e886b24b7d/nomination-district/e868dbbc-9369-43d8-abe0-32c2fed789f8/polling-district/869b3f9b-f2f1-4ec8-9e19-38ae6767e7fe
Ringstedkredsen,https://valg.dk/fv/847cec19-05ff-4eff-b433-f0e886b24b7d/nomination-district/e868dbbc-9369-43d8-abe0-32c2fed789f8,Dianalund,https://valg.dk/fv/847cec19-05ff-4eff-b433-f0e886b24b7d/nomination-district/e868dbbc-9369-43d8-abe0-32c2fed789f8/polling-district/1e6498e6-d1f4-435d-8fd3-7a1917badc79
Ringstedkredsen,https://valg.dk/fv/847cec19-05ff-4eff-b433-f0e886b24b7d/nomination-district/e868dbbc-9369-43d8-abe0-32c2fed789f8,Frederiksberg,https://valg.dk/fv/847cec19-05ff-4eff-b433-f0e886b24b7d/nomination-district/e868dbbc-9369-43d8-abe0-32c2fed789f8/polling-district/99723e3a-1d19-4a93-9d36-9bca482d6f56
Ringstedkredsen,https://valg.dk/fv/847cec19-05ff-4eff-b433-f0e886b24b7d/nomination-district/e868dbbc-9369-43d8-abe0-32c2fed789f8,Gyrstinge,https://valg.dk/fv/847cec19-05ff-4eff-b433-f0e886b24b7d/nomination-district/e868dbbc-9369-43d8-abe0-32c2fed789f8/polling-district/660e9b08-436b-4a13-ae16-440cfffda906
Ringstedkredsen,https://valg.dk/fv/847cec19-05ff-4eff-b433-f0e886b24b7d/nomination-district/e868dbbc-9369-43d8-abe0-32c2fed789f8,Haraldsted,https://valg.dk/fv/847cec19-05ff-4eff-b433-f0e886b24b7d/nomination-district/e868dbbc-9369-43d8-abe0-32c2fed789f8/polling-district/bc80a62f-abdb-409f-9731-0c8487eb9b64
Ringstedkredsen,https://valg.dk/fv/847cec19-05ff-4eff-b433-f0e886b24b7d/nomination-district/e868dbbc-9369-43d8-abe0-32c2fed789f8,Jystrup,https://valg.dk/fv/847cec19-05ff-4eff-b433-f0e886b24b7d/nomination-district/e868dbbc-9369-43d8-abe0-32c2fed789f8/polling-district/ca6a5913-b6bb-4508-9973-60f0c7a11edb
Ringstedkredsen,https://valg.dk/fv/847cec19-05ff-4eff-b433-f0e886b24b7d/nomination-district/e868dbbc-9369-43d8-abe0-32c2fed789f8,Kværkeby,https://valg.dk/fv/847cec19-05ff-4eff-b433-f0e886b24b7d/nomination-district/e868dbbc-9369-43d8-abe0-32c2fed789f8/polling-district/2b7540a0-fe89-4853-a037-c9edd4785610
Ringstedkredsen,https://valg.dk/fv/847cec19-05ff-4eff-b433-f0e886b24b7d/nomination-district/e868dbbc-9369-43d8-abe0-32c2fed789f8,Nordrup,https://valg.dk/fv/847cec19-05ff-4eff-b433-f0e886b24b7d/nomination-district/e868dbbc-9369-43d8-abe0-32c2fed789f8/polling-district/35aaa3f8-bf15-4e92-841b-0a6c525450a6
Ringstedkredsen,https://valg.dk/fv/847cec19-05ff-4eff-b433-f0e886b24b7d/nomination-district/e868dbbc-9369-43d8-abe0-32c2fed789f8,Pedersborg,https://valg.dk/fv/847cec19-05ff-4eff-b433-f0e886b24b7d/nomination-district/e868dbbc-9369-43d8-abe0-32c2fed789f8/polling-district/c45eedc6-e582-4ca3-a09b-6989abb29e02
Ringstedkredsen,https://valg.dk/fv/847cec19-05ff-4eff-b433-f0e886b24b7d/nomination-district/e868dbbc-9369-43d8-abe0-32c2fed789f8,Ringsted Dagmarskolen,https://valg.dk/fv/847cec19-05ff-4eff-b433-f0e886b24b7d/nomination-district/e868dbbc-9369-43d8-abe0-32c2fed789f8/polling-district/4e734909-bb86-4583-b534-5bfd88744751
Ringstedkredsen,https://valg.dk/fv/847cec19-05ff-4eff-b433-f0e886b24b7d/nomination-district/e868dbbc-9369-43d8-abe0-32c2fed789f8,Ringsted Nørretorv,https://valg.dk/fv/847cec19-05ff-4eff-b433-f0e886b24b7d/nomination-district/e868dbbc-9369-43d8-abe0-32c2fed789f8/polling-district/1a0a3ab4-7a85-42ca-8e9e-97ea56bae686
Ringstedkredsen,https://valg.dk/fv/847cec19-05ff-4eff-b433-f0e886b24b7d/nomination-district/e868dbbc-9369-43d8-abe0-32c2fed789f8,Ruds Vedby,https://valg.dk/fv/847cec19-05ff-4eff-b433-f0e886b24b7d/nomination-district/e868dbbc-9369-43d8-abe0-32c2fed789f8/polling-district/c20360ce-6845-45f3-980e-5fb98b2721fe
Ringstedkredsen,https://valg.dk/fv/847cec19-05ff-4eff-b433-f0e886b24b7d/nomination-district/e868dbbc-9369-43d8-abe0-32c2fed789f8,Sneslev,https://valg.dk/fv/847cec19-05ff-4eff-b433-f0e886b24b7d/nomination-district/e868dbbc-9369-43d8-abe0-32c2fed789f8/polling-district/1ada2837-43b1-476a-8791-e3a19b5ed6d8
Ringstedkredsen,https://valg.dk/fv/847cec19-05ff-4eff-b433-f0e886b24b7d/nomination-district/e868dbbc-9369-43d8-abe0-32c2fed789f8,Sorø,https://valg.dk/fv/847cec19-05ff-4eff-b433-f0e886b24b7d/nomination-district/e868dbbc-9369-43d8-abe0-32c2fed789f8/polling-district/78b953f8-fc7f-46cb-ae06-4158c6113cbd
Ringstedkredsen,https://valg.dk/fv/847cec19-05ff-4eff-b433-f0e886b24b7d/nomination-district/e868dbbc-9369-43d8-abe0-32c2fed789f8,Stenlille,https://valg.dk/fv/847cec19-05ff-4eff-b433-f0e886b24b7d/nomination-district/e868dbbc-9369-43d8-abe0-32c2fed789f8/polling-district/8c23acf8-78ce-4d4b-a0ae-ad47841c5a7b
Ringstedkredsen,https://valg.dk/fv/847cec19-05ff-4eff-b433-f0e886b24b7d/nomination-district/e868dbbc-9369-43d8-abe0-32c2fed789f8,Vetterslev,https://valg.dk/fv/847cec19-05ff-4eff-b433-f0e886b24b7d/nomination-district/e868dbbc-9369-43d8-abe0-32c2fed789f8/polling-district/8f331a9d-82b5-4ba7-8943-9af049305467
Ringstedkredsen,https://valg.dk/fv/847cec19-05ff-4eff-b433-f0e886b24b7d/nomination-district/e868dbbc-9369-43d8-abe0-32c2fed789f8,Vigersted,https://valg.dk/fv/847cec19-05ff-4eff-b433-f0e886b24b7d/nomination-district/e868dbbc-9369-43d8-abe0-32c2fed789f8/polling-district/74ebe691-8178-44c0-8a03-a2fb37a42c69
Ringstedkredsen,https://valg.dk/fv/847cec19-05ff-4eff-b433-f0e886b24b7d/nomination-district/e868dbbc-9369-43d8-abe0-32c2fed789f8,Ørslev,https://valg.dk/fv/847cec19-05ff-4eff-b433-f0e886b24b7d/nomination-district/e868dbbc-9369-43d8-abe0-32c2fed789f8/polling-district/634fa21f-3cd6-4f71-a70f-b18b389ccc89
Roskildekredsen,https://valg.dk/fv/847cec19-05ff-4eff-b433-f0e886b24b7d/nomination-district/2246d858-0c12-4f8a-90b8-b44d4c8380a3,Baunehøj,https://valg.dk/fv/847cec19-05ff-4eff-b433-f0e886b24b7d/nomination-district/2246d858-0c12-4f8a-90b8-b44d4c8380a3/polling-district/d846c53d-36e2-4a72-bd51-57c965b5480c
Roskildekredsen,https://valg.dk/fv/847cec19-05ff-4eff-b433-f0e886b24b7d/nomination-district/2246d858-0c12-4f8a-90b8-b44d4c8380a3,Dåstrup,https://valg.dk/fv/847cec19-05ff-4eff-b433-f0e886b24b7d/nomination-district/2246d858-0c12-4f8a-90b8-b44d4c8380a3/polling-district/dc61095d-d7d6-4369-87ff-a8bdf99b0a3d
Roskildekredsen,https://valg.dk/fv/847cec19-05ff-4eff-b433-f0e886b24b7d/nomination-district/2246d858-0c12-4f8a-90b8-b44d4c8380a3,Gadstrup,https://valg.dk/fv/847cec19-05ff-4eff-b433-f0e886b24b7d/nomination-district/2246d858-0c12-4f8a-90b8-b44d4c8380a3/polling-district/424f9d0b-35f0-4da5-a87e-d2ca8a8c0bf9
Roskildekredsen,https://valg.dk/fv/847cec19-05ff-4eff-b433-f0e886b24b7d/nomination-district/2246d858-0c12-4f8a-90b8-b44d4c8380a3,Gundsølille,https://valg.dk/fv/847cec19-05ff-4eff-b433-f0e886b24b7d/nomination-district/2246d858-0c12-4f8a-90b8-b44d4c8380a3/polling-district/13d42a29-45eb-4559-89ce-68bf936b133d
Roskildekredsen,https://valg.dk/fv/847cec19-05ff-4eff-b433-f0e886b24b7d/nomination-district/2246d858-0c12-4f8a-90b8-b44d4c8380a3,Gundsømagle,https://valg.dk/fv/847cec19-05ff-4eff-b433-f0e886b24b7d/nomination-district/2246d858-0c12-4f8a-90b8-b44d4c8380a3/polling-district/f157a6ef-36e0-4f0a-bccf-a9c21d6ed1b7
Roskildekredsen,https://valg.dk/fv/847cec19-05ff-4eff-b433-f0e886b24b7d/nomination-district/2246d858-0c12-4f8a-90b8-b44d4c8380a3,Hedegårdene,https://valg.dk/fv/847cec19-05ff-4eff-b433-f0e886b24b7d/nomination-district/2246d858-0c12-4f8a-90b8-b44d4c8380a3/polling-district/7bb11b0b-d6c3-40e2-b8d7-13f3ef46e49c
Roskildekredsen,https://valg.dk/fv/847cec19-05ff-4eff-b433-f0e886b24b7d/nomination-district/2246d858-0c12-4f8a-90b8-b44d4c8380a3,Himmelev,https://valg.dk/fv/847cec19-05ff-4eff-b433-f0e886b24b7d/nomination-district/2246d858-0c12-4f8a-90b8-b44d4c8380a3/polling-district/76d6ebd8-12ae-40f3-8dc7-de9a18acaff4
Roskildekredsen,https://valg.dk/fv/847cec19-05ff-4eff-b433-f0e886b24b7d/nomination-district/2246d858-0c12-4f8a-90b8-b44d4c8380a3,Jyllinge,https://valg.dk/fv/847cec19-05ff-4eff-b433-f0e886b24b7d/nomination-district/2246d858-0c12-4f8a-90b8-b44d4c8380a3/polling-district/e35737d9-07a7-4c9d-a71f-d5d8137b3b94
Roskildekredsen,https://valg.dk/fv/847cec19-05ff-4eff-b433-f0e886b24b7d/nomination-district/2246d858-0c12-4f8a-90b8-b44d4c8380a3,Klostermarken,https://valg.dk/fv/847cec19-05ff-4eff-b433-f0e886b24b7d/nomination-district/2246d858-0c12-4f8a-90b8-b44d4c8380a3/polling-district/bffe6260-7c0a-49c2-ae10-5b8607985677
Roskildekredsen,https://valg.dk/fv/847cec19-05ff-4eff-b433-f0e886b24b7d/nomination-district/2246d858-0c12-4f8a-90b8-b44d4c8380a3,Roskilde Bymidte,https://valg.dk/fv/847cec19-05ff-4eff-b433-f0e886b24b7d/nomination-district/2246d858-0c12-4f8a-90b8-b44d4c8380a3/polling-district/9b658e9f-6062-452f-9799-0d0ba2f92655
Roskildekredsen,https://valg.dk/fv/847cec19-05ff-4eff-b433-f0e886b24b7d/nomination-district/2246d858-0c12-4f8a-90b8-b44d4c8380a3,Sankt Jørgen,https://valg.dk/fv/847cec19-05ff-4eff-b433-f0e886b24b7d/nomination-district/2246d858-0c12-4f8a-90b8-b44d4c8380a3/polling-district/81b3881e-6049-4d06-8c40-501cc60222e6
Roskildekredsen,https://valg.dk/fv/847cec19-05ff-4eff-b433-f0e886b24b7d/nomination-district/2246d858-0c12-4f8a-90b8-b44d4c8380a3,Snoldelev,https://valg.dk/fv/847cec19-05ff-4eff-b433-f0e886b24b7d/nomination-district/2246d858-0c12-4f8a-90b8-b44d4c8380a3/polling-district/437b1d95-1b17-40a9-9189-591f8bf1673f
Roskildekredsen,https://valg.dk/fv/847cec19-05ff-4eff-b433-f0e886b24b7d/nomination-district/2246d858-0c12-4f8a-90b8-b44d4c8380a3,Svogerslev,https://valg.dk/fv/847cec19-05ff-4eff-b433-f0e886b24b7d/nomination-district/2246d858-0c12-4f8a-90b8-b44d4c8380a3/polling-district/f29592e3-dbeb-48e2-b8f4-d3569f2232f6
Roskildekredsen,https://valg.dk/fv/847cec19-05ff-4eff-b433-f0e886b24b7d/nomination-district/2246d858-0c12-4f8a-90b8-b44d4c8380a3,Trekroner,https://valg.dk/fv/847cec19-05ff-4eff-b433-f0e886b24b7d/nomination-district/2246d858-0c12-4f8a-90b8-b44d4c8380a3/polling-district/3528085e-d929-4380-bb69-6c023930c4f2
Roskildekredsen,https://valg.dk/fv/847cec19-05ff-4eff-b433-f0e886b24b7d/nomination-district/2246d858-0c12-4f8a-90b8-b44d4c8380a3,Viby,https://valg.dk/fv/847cec19-05ff-4eff-b433-f0e886b24b7d/nomination-district/2246d858-0c12-4f8a-90b8-b44d4c8380a3/polling-district/69743183-4130-4479-9edc-235e1d55d929
Roskildekredsen,https://valg.dk/fv/847cec19-05ff-4eff-b433-f0e886b24b7d/nomination-district/2246d858-0c12-4f8a-90b8-b44d4c8380a3,Vindinge,https://valg.dk/fv/847cec19-05ff-4eff-b433-f0e886b24b7d/nomination-district/2246d858-0c12-4f8a-90b8-b44d4c8380a3/polling-district/33378484-0258-4178-9f7a-207154025308
Roskildekredsen,https://valg.dk/fv/847cec19-05ff-4eff-b433-f0e886b24b7d/nomination-district/2246d858-0c12-4f8a-90b8-b44d4c8380a3,Vor Frue,https://valg.dk/fv/847cec19-05ff-4eff-b433-f0e886b24b7d/nomination-district/2246d858-0c12-4f8a-90b8-b44d4c8380a3/polling-district/01761fd6-76c4-4048-a8c7-e35135ed0fd9
Roskildekredsen,https://valg.dk/fv/847cec19-05ff-4eff-b433-f0e886b24b7d/nomination-district/2246d858-0c12-4f8a-90b8-b44d4c8380a3,Æblehaven,https://valg.dk/fv/847cec19-05ff-4eff-b433-f0e886b24b7d/nomination-district/2246d858-0c12-4f8a-90b8-b44d4c8380a3/polling-district/41461bae-1727-4341-a168-b2d9c714b9dc
Roskildekredsen,https://valg.dk/fv/847cec19-05ff-4eff-b433-f0e886b24b7d/nomination-district/2246d858-0c12-4f8a-90b8-b44d4c8380a3,Østervang,https://valg.dk/fv/847cec19-05ff-4eff-b433-f0e886b24b7d/nomination-district/2246d858-0c12-4f8a-90b8-b44d4c8380a3/polling-district/d2a49cd2-72c7-4a7e-85b8-80c93ad6089f
Rudersdalkredsen,https://valg.dk/fv/847cec19-05ff-4eff-b433-f0e886b24b7d/nomination-district/454a0a72-0b46-462b-bbcc-012599339237,Birkerød,https://valg.dk/fv/847cec19-05ff-4eff-b433-f0e886b24b7d/nomination-district/454a0a72-0b46-462b-bbcc-012599339237/polling-district/e2692d34-9903-4075-bfb9-02b57a188ad1
Rudersdalkredsen,https://valg.dk/fv/847cec19-05ff-4eff-b433-f0e886b24b7d/nomination-district/454a0a72-0b46-462b-bbcc-012599339237,Blovstrød,https://valg.dk/fv/847cec19-05ff-4eff-b433-f0e886b24b7d/nomination-district/454a0a72-0b46-462b-bbcc-012599339237/polling-district/26d07c86-ec3e-4d7f-bf3e-a6b55c34ef52
Rudersdalkredsen,https://valg.dk/fv/847cec19-05ff-4eff-b433-f0e886b24b7d/nomination-district/454a0a72-0b46-462b-bbcc-012599339237,Lillerød,https://valg.dk/fv/847cec19-05ff-4eff-b433-f0e886b24b7d/nomination-district/454a0a72-0b46-462b-bbcc-012599339237/polling-district/a3bfaf23-ac66-4025-bd9d-ad76a9c66723
Rudersdalkredsen,https://valg.dk/fv/847cec19-05ff-4eff-b433-f0e886b24b7d/nomination-district/454a0a72-0b46-462b-bbcc-012599339237,Lynge,https://valg.dk/fv/847cec19-05ff-4eff-b433-f0e886b24b7d/nomination-district/454a0a72-0b46-462b-bbcc-012599339237/polling-district/0169eb6b-c6fb-4a70-a175-93519a8a1b9f
Rudersdalkredsen,https://valg.dk/fv/847cec19-05ff-4eff-b433-f0e886b24b7d/nomination-district/454a0a72-0b46-462b-bbcc-012599339237,Ny Holte,https://valg.dk/fv/847cec19-05ff-4eff-b433-f0e886b24b7d/nomination-district/454a0a72-0b46-462b-bbcc-012599339237/polling-district/eff8375c-a917-41ea-92f2-924e7f9328f2
Rudersdalkredsen,https://valg.dk/fv/847cec19-05ff-4eff-b433-f0e886b24b7d/nomination-district/454a0a72-0b46-462b-bbcc-012599339237,Nærum,https://valg.dk/fv/847cec19-05ff-4eff-b433-f0e886b24b7d/nomination-district/454a0a72-0b46-462b-bbcc-012599339237/polling-district/1ef88ff1-f4ad-4e4e-b5db-d9050d80f84f
Rudersdalkredsen,https://valg.dk/fv/847cec19-05ff-4eff-b433-f0e886b24b7d/nomination-district/454a0a72-0b46-462b-bbcc-012599339237,Ravnsholt,https://valg.dk/fv/847cec19-05ff-4eff-b433-f0e886b24b7d/nomination-district/454a0a72-0b46-462b-bbcc-012599339237/polling-district/cf19145c-55a0-40e5-8f86-f749dca80c12
Rudersdalkredsen,https://valg.dk/fv/847cec19-05ff-4eff-b433-f0e886b24b7d/nomination-district/454a0a72-0b46-462b-bbcc-012599339237,Sjælsø,https://valg.dk/fv/847cec19-05ff-4eff-b433-f0e886b24b7d/nomination-district/454a0a72-0b46-462b-bbcc-012599339237/polling-district/2646fcae-d85a-4bac-af67-e521803431d1
Rudersdalkredsen,https://valg.dk/fv/847cec19-05ff-4eff-b433-f0e886b24b7d/nomination-district/454a0a72-0b46-462b-bbcc-012599339237,Skovly,https://valg.dk/fv/847cec19-05ff-4eff-b433-f0e886b24b7d/nomination-district/454a0a72-0b46-462b-bbcc-012599339237/polling-district/b5684c82-9d17-473a-93e2-6a8f73cc2e9f
Rudersdalkredsen,https://valg.dk/fv/847cec19-05ff-4eff-b433-f0e886b24b7d/nomination-district/454a0a72-0b46-462b-bbcc-012599339237,Skovvang,https://valg.dk/fv/847cec19-05ff-4eff-b433-f0e886b24b7d/nomination-district/454a0a72-0b46-462b-bbcc-012599339237/polling-district/84e1e8d9-5502-495b-9835-7e041ab42c5f
Rudersdalkredsen,https://valg.dk/fv/847cec19-05ff-4eff-b433-f0e886b24b7d/nomination-district/454a0a72-0b46-462b-bbcc-012599339237,Toftevang,https://valg.dk/fv/847cec19-05ff-4eff-b433-f0e886b24b7d/nomination-district/454a0a72-0b46-462b-bbcc-012599339237/polling-district/e4b8e2da-1823-419f-aab7-2abf232740f8
Rudersdalkredsen,https://valg.dk/fv/847cec19-05ff-4eff-b433-f0e886b24b7d/nomination-district/454a0a72-0b46-462b-bbcc-012599339237,Trørød,https://valg.dk/fv/847cec19-05ff-4eff-b433-f0e886b24b7d/nomination-district/454a0a72-0b46-462b-bbcc-012599339237/polling-district/11585c96-75d4-4671-97d4-d7c4c6bfe9df
Rudersdalkredsen,https://valg.dk/fv/847cec19-05ff-4eff-b433-f0e886b24b7d/nomination-district/454a0a72-0b46-462b-bbcc-012599339237,Vangebo,https://valg.dk/fv/847cec19-05ff-4eff-b433-f0e886b24b7d/nomination-district/454a0a72-0b46-462b-bbcc-012599339237/polling-district/0050475d-76f7-4ad9-b9ca-81751f2da269
Rudersdalkredsen,https://valg.dk/fv/847cec19-05ff-4eff-b433-f0e886b24b7d/nomination-district/454a0a72-0b46-462b-bbcc-012599339237,Vedbæk,https://valg.dk/fv/847cec19-05ff-4eff-b433-f0e886b24b7d/nomination-district/454a0a72-0b46-462b-bbcc-012599339237/polling-district/fc75a23e-619e-4582-b721-1e8960488842
Rødovrekredsen,https://valg.dk/fv/847cec19-05ff-4eff-b433-f0e886b24b7d/nomination-district/34ddab53-29fe-4c6d-b094-deac79d4ce13,Herlev Hallerne,https://valg.dk/fv/847cec19-05ff-4eff-b433-f0e886b24b7d/nomination-district/34ddab53-29fe-4c6d-b094-deac79d4ce13/polling-district/e203591f-c35b-4889-b160-6ba795156a9a
Rødovrekredsen,https://valg.dk/fv/847cec19-05ff-4eff-b433-f0e886b24b7d/nomination-district/34ddab53-29fe-4c6d-b094-deac79d4ce13,Herlev Medborgerhus,https://valg.dk/fv/847cec19-05ff-4eff-b433-f0e886b24b7d/nomination-district/34ddab53-29fe-4c6d-b094-deac79d4ce13/polling-district/72e60c4a-2922-4191-9b57-cedfdf8fe2ba
Rødovrekredsen,https://valg.dk/fv/847cec19-05ff-4eff-b433-f0e886b24b7d/nomination-district/34ddab53-29fe-4c6d-b094-deac79d4ce13,Islev,https://valg.dk/fv/847cec19-05ff-4eff-b433-f0e886b24b7d/nomination-district/34ddab53-29fe-4c6d-b094-deac79d4ce13/polling-district/e8f7bd52-aec6-4ec1-818d-9d7456e2eac9
Rødovrekredsen,https://valg.dk/fv/847cec19-05ff-4eff-b433-f0e886b24b7d/nomination-district/34ddab53-29fe-4c6d-b094-deac79d4ce13,Kildegårdhallen,https://valg.dk/fv/847cec19-05ff-4eff-b433-f0e886b24b7d/nomination-district/34ddab53-29fe-4c6d-b094-deac79d4ce13/polling-district/6d4ec175-7fb7-4da8-b6c4-13da73e6c187
Rødovrekredsen,https://valg.dk/fv/847cec19-05ff-4eff-b433-f0e886b24b7d/nomination-district/34ddab53-29fe-4c6d-b094-deac79d4ce13,Milestedet,https://valg.dk/fv/847cec19-05ff-4eff-b433-f0e886b24b7d/nomination-district/34ddab53-29fe-4c6d-b094-deac79d4ce13/polling-district/ff3aba59-52d6-42ac-85b3-dbba0426e1a0
Rødovrekredsen,https://valg.dk/fv/847cec19-05ff-4eff-b433-f0e886b24b7d/nomination-district/34ddab53-29fe-4c6d-b094-deac79d4ce13,Rødovre,https://valg.dk/fv/847cec19-05ff-4eff-b433-f0e886b24b7d/nomination-district/34ddab53-29fe-4c6d-b094-deac79d4ce13/polling-district/e5eb6e69-89b8-4799-8855-fcfaa2a25198
Rødovrekredsen,https://valg.dk/fv/847cec19-05ff-4eff-b433-f0e886b24b7d/nomination-district/34ddab53-29fe-4c6d-b094-deac79d4ce13,Rødovrehallen,https://valg.dk/fv/847cec19-05ff-4eff-b433-f0e886b24b7d/nomination-district/34ddab53-29fe-4c6d-b094-deac79d4ce13/polling-district/4217e177-b629-4fc7-aa05-44ef04f30f23
Rødovrekredsen,https://valg.dk/fv/847cec19-05ff-4eff-b433-f0e886b24b7d/nomination-district/34ddab53-29fe-4c6d-b094-deac79d4ce13,Tinderhøj,https://valg.dk/fv/847cec19-05ff-4eff-b433-f0e886b24b7d/nomination-district/34ddab53-29fe-4c6d-b094-deac79d4ce13/polling-district/4f5063e7-1c71-4b28-a14a-bb018cac3c88
Rødovrekredsen,https://valg.dk/fv/847cec19-05ff-4eff-b433-f0e886b24b7d/nomination-district/34ddab53-29fe-4c6d-b094-deac79d4ce13,Valhøj,https://valg.dk/fv/847cec19-05ff-4eff-b433-f0e886b24b7d/nomination-district/34ddab53-29fe-4c6d-b094-deac79d4ce13/polling-district/394c0f6e-e266-4a4d-a463-1839ffbb40f6
Rødovrekredsen,https://valg.dk/fv/847cec19-05ff-4eff-b433-f0e886b24b7d/nomination-district/34ddab53-29fe-4c6d-b094-deac79d4ce13,Ørbygård,https://valg.dk/fv/847cec19-05ff-4eff-b433-f0e886b24b7d/nomination-district/34ddab53-29fe-4c6d-b094-deac79d4ce13/polling-district/3d9a9f32-9cb7-4142-9371-132fa2e809e0
Rønnekredsen,https://valg.dk/fv/847cec19-05ff-4eff-b433-f0e886b24b7d/nomination-district/25bfb282-310b-4324-b25f-e433d4da2a03,Hasle,https://valg.dk/fv/847cec19-05ff-4eff-b433-f0e886b24b7d/nomination-district/25bfb282-310b-4324-b25f-e433d4da2a03/polling-district/2b044243-42d7-4ac5-a340-19071cef7631
Rønnekredsen,https://valg.dk/fv/847cec19-05ff-4eff-b433-f0e886b24b7d/nomination-district/25bfb282-310b-4324-b25f-e433d4da2a03,Klemensker,https://valg.dk/fv/847cec19-05ff-4eff-b433-f0e886b24b7d/nomination-district/25bfb282-310b-4324-b25f-e433d4da2a03/polling-district/25ab954e-c1cb-41c9-8e3b-76aed439af0b
Rønnekredsen,https://valg.dk/fv/847cec19-05ff-4eff-b433-f0e886b24b7d/nomination-district/25bfb282-310b-4324-b25f-e433d4da2a03,Rønne,https://valg.dk/fv/847cec19-05ff-4eff-b433-f0e886b24b7d/nomination-district/25bfb282-310b-4324-b25f-e433d4da2a03/polling-district/dddd60e8-11c4-4532-a2d0-073d1a530479
Silkeborg Nordkredsen,https://valg.dk/fv/847cec19-05ff-4eff-b433-f0e886b24b7d/nomination-district/b7ae8fce-88f6-4d06-a3ba-2f5f6b2444e5,Ans,https://valg.dk/fv/847cec19-05ff-4eff-b433-f0e886b24b7d/nomination-district/b7ae8fce-88f6-4d06-a3ba-2f5f6b2444e5/polling-district/ba07b04c-fb5f-45aa-b8b9-f00228149062
Silkeborg Nordkredsen,https://valg.dk/fv/847cec19-05ff-4eff-b433-f0e886b24b7d/nomination-district/b7ae8fce-88f6-4d06-a3ba-2f5f6b2444e5,Funder,https://valg.dk/fv/847cec19-05ff-4eff-b433-f0e886b24b7d/nomination-district/b7ae8fce-88f6-4d06-a3ba-2f5f6b2444e5/polling-district/eea74215-413f-4473-9893-35e7abca539e
Silkeborg Nordkredsen,https://valg.dk/fv/847cec19-05ff-4eff-b433-f0e886b24b7d/nomination-district/b7ae8fce-88f6-4d06-a3ba-2f5f6b2444e5,Fårvang,https://valg.dk/fv/847cec19-05ff-4eff-b433-f0e886b24b7d/nomination-district/b7ae8fce-88f6-4d06-a3ba-2f5f6b2444e5/polling-district/04d6e397-2f80-46f1-86f5-1f0ec2358766
Silkeborg Nordkredsen,https://valg.dk/fv/847cec19-05ff-4eff-b433-f0e886b24b7d/nomination-district/b7ae8fce-88f6-4d06-a3ba-2f5f6b2444e5,Gjern,https://valg.dk/fv/847cec19-05ff-4eff-b433-f0e886b24b7d/nomination-district/b7ae8fce-88f6-4d06-a3ba-2f5f6b2444e5/polling-district/c3db0242-3ad3-493a-bea0-592aa67d4706
Silkeborg Nordkredsen,https://valg.dk/fv/847cec19-05ff-4eff-b433-f0e886b24b7d/nomination-district/b7ae8fce-88f6-4d06-a3ba-2f5f6b2444e5,Grauballe,https://valg.dk/fv/847cec19-05ff-4eff-b433-f0e886b24b7d/nomination-district/b7ae8fce-88f6-4d06-a3ba-2f5f6b2444e5/polling-district/2f95b8d3-fcb7-4f3e-b431-1c272f95f519
Silkeborg Nordkredsen,https://valg.dk/fv/847cec19-05ff-4eff-b433-f0e886b24b7d/nomination-district/b7ae8fce-88f6-4d06-a3ba-2f5f6b2444e5,Gødvad,https://valg.dk/fv/847cec19-05ff-4eff-b433-f0e886b24b7d/nomination-district/b7ae8fce-88f6-4d06-a3ba-2f5f6b2444e5/polling-district/04f9388b-f4b8-4e8e-9c61-c8e5f479ad4b
Silkeborg Nordkredsen,https://valg.dk/fv/847cec19-05ff-4eff-b433-f0e886b24b7d/nomination-district/b7ae8fce-88f6-4d06-a3ba-2f5f6b2444e5,Kjellerup,https://valg.dk/fv/847cec19-05ff-4eff-b433-f0e886b24b7d/nomination-district/b7ae8fce-88f6-4d06-a3ba-2f5f6b2444e5/polling-district/619f0068-3909-4acf-9623-b993065e9ae4
Silkeborg Nordkredsen,https://valg.dk/fv/847cec19-05ff-4eff-b433-f0e886b24b7d/nomination-district/b7ae8fce-88f6-4d06-a3ba-2f5f6b2444e5,Kragelund,https://valg.dk/fv/847cec19-05ff-4eff-b433-f0e886b24b7d/nomination-district/b7ae8fce-88f6-4d06-a3ba-2f5f6b2444e5/polling-district/50e93e51-b037-4538-9fc4-050bef9b0d16
Silkeborg Nordkredsen,https://valg.dk/fv/847cec19-05ff-4eff-b433-f0e886b24b7d/nomination-district/b7ae8fce-88f6-4d06-a3ba-2f5f6b2444e5,Lemming,https://valg.dk/fv/847cec19-05ff-4eff-b433-f0e886b24b7d/nomination-district/b7ae8fce-88f6-4d06-a3ba-2f5f6b2444e5/polling-district/d9561785-ff7b-4d00-81dc-1a43c55eb7dc
Silkeborg Nordkredsen,https://valg.dk/fv/847cec19-05ff-4eff-b433-f0e886b24b7d/nomination-district/b7ae8fce-88f6-4d06-a3ba-2f5f6b2444e5,Linå,https://valg.dk/fv/847cec19-05ff-4eff-b433-f0e886b24b7d/nomination-district/b7ae8fce-88f6-4d06-a3ba-2f5f6b2444e5/polling-district/bb76d796-f691-472b-b575-3ce62bb40cbc
Silkeborg Nordkredsen,https://valg.dk/fv/847cec19-05ff-4eff-b433-f0e886b24b7d/nomination-district/b7ae8fce-88f6-4d06-a3ba-2f5f6b2444e5,Resenbro,https://valg.dk/fv/847cec19-05ff-4eff-b433-f0e886b24b7d/nomination-district/b7ae8fce-88f6-4d06-a3ba-2f5f6b2444e5/polling-district/f8f19f3e-d19a-4036-985b-d9e7d4e20998
Silkeborg Nordkredsen,https://valg.dk/fv/847cec19-05ff-4eff-b433-f0e886b24b7d/nomination-district/b7ae8fce-88f6-4d06-a3ba-2f5f6b2444e5,Sejling,https://valg.dk/fv/847cec19-05ff-4eff-b433-f0e886b24b7d/nomination-district/b7ae8fce-88f6-4d06-a3ba-2f5f6b2444e5/polling-district/f8391a9c-ef13-4c5d-8c7e-c81aaca5ea43
Silkeborg Nordkredsen,https://valg.dk/fv/847cec19-05ff-4eff-b433-f0e886b24b7d/nomination-district/b7ae8fce-88f6-4d06-a3ba-2f5f6b2444e5,Sejs,https://valg.dk/fv/847cec19-05ff-4eff-b433-f0e886b24b7d/nomination-district/b7ae8fce-88f6-4d06-a3ba-2f5f6b2444e5/polling-district/3ed624b9-d833-4fc3-ad2f-980eca47abfd
Silkeborg Nordkredsen,https://valg.dk/fv/847cec19-05ff-4eff-b433-f0e886b24b7d/nomination-district/b7ae8fce-88f6-4d06-a3ba-2f5f6b2444e5,Sjørslev,https://valg.dk/fv/847cec19-05ff-4eff-b433-f0e886b24b7d/nomination-district/b7ae8fce-88f6-4d06-a3ba-2f5f6b2444e5/polling-district/2d97f14f-2df1-4624-af20-a9473c7280aa
Silkeborg Nordkredsen,https://valg.dk/fv/847cec19-05ff-4eff-b433-f0e886b24b7d/nomination-district/b7ae8fce-88f6-4d06-a3ba-2f5f6b2444e5,Sorring,https://valg.dk/fv/847cec19-05ff-4eff-b433-f0e886b24b7d/nomination-district/b7ae8fce-88f6-4d06-a3ba-2f5f6b2444e5/polling-district/419d28de-2f79-428a-b2ce-2071f6643fcc
Silkeborg Nordkredsen,https://valg.dk/fv/847cec19-05ff-4eff-b433-f0e886b24b7d/nomination-district/b7ae8fce-88f6-4d06-a3ba-2f5f6b2444e5,Thorning,https://valg.dk/fv/847cec19-05ff-4eff-b433-f0e886b24b7d/nomination-district/b7ae8fce-88f6-4d06-a3ba-2f5f6b2444e5/polling-district/2100cd26-3f19-483c-bd2d-36ebc4dc9627
Silkeborg Nordkredsen,https://valg.dk/fv/847cec19-05ff-4eff-b433-f0e886b24b7d/nomination-district/b7ae8fce-88f6-4d06-a3ba-2f5f6b2444e5,Vinderslev,https://valg.dk/fv/847cec19-05ff-4eff-b433-f0e886b24b7d/nomination-district/b7ae8fce-88f6-4d06-a3ba-2f5f6b2444e5/polling-district/296edf3e-8983-4676-8aec-02ac29a5c858
Silkeborg Nordkredsen,https://valg.dk/fv/847cec19-05ff-4eff-b433-f0e886b24b7d/nomination-district/b7ae8fce-88f6-4d06-a3ba-2f5f6b2444e5,Voel,https://valg.dk/fv/847cec19-05ff-4eff-b433-f0e886b24b7d/nomination-district/b7ae8fce-88f6-4d06-a3ba-2f5f6b2444e5/polling-district/29268275-9f96-4ba5-9a00-556dc575782a
Silkeborg Sydkredsen,https://valg.dk/fv/847cec19-05ff-4eff-b433-f0e886b24b7d/nomination-district/bdec6639-6419-4cfb-98e1-cf7651617c3a,Alderslyst,https://valg.dk/fv/847cec19-05ff-4eff-b433-f0e886b24b7d/nomination-district/bdec6639-6419-4cfb-98e1-cf7651617c3a/polling-district/fd8061ff-d22a-4192-96c9-52d9632aac98
Silkeborg Sydkredsen,https://valg.dk/fv/847cec19-05ff-4eff-b433-f0e886b24b7d/nomination-district/bdec6639-6419-4cfb-98e1-cf7651617c3a,Balle,https://valg.dk/fv/847cec19-05ff-4eff-b433-f0e886b24b7d/nomination-district/bdec6639-6419-4cfb-98e1-cf7651617c3a/polling-district/40dd8a4f-3087-465d-a9c6-0ba6e673b1b7
Silkeborg Sydkredsen,https://valg.dk/fv/847cec19-05ff-4eff-b433-f0e886b24b7d/nomination-district/bdec6639-6419-4cfb-98e1-cf7651617c3a,Bryrup,https://valg.dk/fv/847cec19-05ff-4eff-b433-f0e886b24b7d/nomination-district/bdec6639-6419-4cfb-98e1-cf7651617c3a/polling-district/df4af3d6-c759-468a-93e4-c8144e34ca83
Silkeborg Sydkredsen,https://valg.dk/fv/847cec19-05ff-4eff-b433-f0e886b24b7d/nomination-district/bdec6639-6419-4cfb-98e1-cf7651617c3a,Buskelund,https://valg.dk/fv/847cec19-05ff-4eff-b433-f0e886b24b7d/nomination-district/bdec6639-6419-4cfb-98e1-cf7651617c3a/polling-district/4e7ad38d-b3e2-483f-950f-aa50106071f0
Silkeborg Sydkredsen,https://valg.dk/fv/847cec19-05ff-4eff-b433-f0e886b24b7d/nomination-district/bdec6639-6419-4cfb-98e1-cf7651617c3a,Gjessø,https://valg.dk/fv/847cec19-05ff-4eff-b433-f0e886b24b7d/nomination-district/bdec6639-6419-4cfb-98e1-cf7651617c3a/polling-district/115e02df-f135-434a-be58-78e65be5b175
Silkeborg Sydkredsen,https://valg.dk/fv/847cec19-05ff-4eff-b433-f0e886b24b7d/nomination-district/bdec6639-6419-4cfb-98e1-cf7651617c3a,Hjøllund,https://valg.dk/fv/847cec19-05ff-4eff-b433-f0e886b24b7d/nomination-district/bdec6639-6419-4cfb-98e1-cf7651617c3a/polling-district/96166c7a-e345-45e3-ac68-3709c1c85f17
Silkeborg Sydkredsen,https://valg.dk/fv/847cec19-05ff-4eff-b433-f0e886b24b7d/nomination-district/bdec6639-6419-4cfb-98e1-cf7651617c3a,Jysk Arena,https://valg.dk/fv/847cec19-05ff-4eff-b433-f0e886b24b7d/nomination-district/bdec6639-6419-4cfb-98e1-cf7651617c3a/polling-district/04a4dac6-349a-40ef-8b5a-72ed1643b20d
Silkeborg Sydkredsen,https://valg.dk/fv/847cec19-05ff-4eff-b433-f0e886b24b7d/nomination-district/bdec6639-6419-4cfb-98e1-cf7651617c3a,Langsøskolen,https://valg.dk/fv/847cec19-05ff-4eff-b433-f0e886b24b7d/nomination-district/bdec6639-6419-4cfb-98e1-cf7651617c3a/polling-district/a5c8ea94-e7c9-479b-ad9a-80b9e0d3e9c5
Silkeborg Sydkredsen,https://valg.dk/fv/847cec19-05ff-4eff-b433-f0e886b24b7d/nomination-district/bdec6639-6419-4cfb-98e1-cf7651617c3a,Lysbro,https://valg.dk/fv/847cec19-05ff-4eff-b433-f0e886b24b7d/nomination-district/bdec6639-6419-4cfb-98e1-cf7651617c3a/polling-district/7d97cdf7-c1d2-4893-81e3-bcefaf2dafda
Silkeborg Sydkredsen,https://valg.dk/fv/847cec19-05ff-4eff-b433-f0e886b24b7d/nomination-district/bdec6639-6419-4cfb-98e1-cf7651617c3a,Them,https://valg.dk/fv/847cec19-05ff-4eff-b433-f0e886b24b7d/nomination-district/bdec6639-6419-4cfb-98e1-cf7651617c3a/polling-district/b98bf703-53ef-4302-a79d-62833fa84538
Silkeborg Sydkredsen,https://valg.dk/fv/847cec19-05ff-4eff-b433-f0e886b24b7d/nomination-district/bdec6639-6419-4cfb-98e1-cf7651617c3a,Vestergadehallen,https://valg.dk/fv/847cec19-05ff-4eff-b433-f0e886b24b7d/nomination-district/bdec6639-6419-4cfb-98e1-cf7651617c3a/polling-district/963946c2-6cd1-42c3-b07c-ec3f1d46470a
Silkeborg Sydkredsen,https://valg.dk/fv/847cec19-05ff-4eff-b433-f0e886b24b7d/nomination-district/bdec6639-6419-4cfb-98e1-cf7651617c3a,Virklund,https://valg.dk/fv/847cec19-05ff-4eff-b433-f0e886b24b7d/nomination-district/bdec6639-6419-4cfb-98e1-cf7651617c3a/polling-district/5f870843-6eaf-4810-8622-3498252a7f79
Skanderborgkredsen,https://valg.dk/fv/847cec19-05ff-4eff-b433-f0e886b24b7d/nomination-district/9ce199da-5de9-44cb-9f03-8a5d3e7a6deb,Alrø,https://valg.dk/fv/847cec19-05ff-4eff-b433-f0e886b24b7d/nomination-district/9ce199da-5de9-44cb-9f03-8a5d3e7a6deb/polling-district/1f47e86d-faf3-4471-80ed-bfe2a9c36e3f
Skanderborgkredsen,https://valg.dk/fv/847cec19-05ff-4eff-b433-f0e886b24b7d/nomination-district/9ce199da-5de9-44cb-9f03-8a5d3e7a6deb,Ejer Bavnehøj,https://valg.dk/fv/847cec19-05ff-4eff-b433-f0e886b24b7d/nomination-district/9ce199da-5de9-44cb-9f03-8a5d3e7a6deb/polling-district/ffc0977b-4c71-4b7f-817d-5a94e3295302
Skanderborgkredsen,https://valg.dk/fv/847cec19-05ff-4eff-b433-f0e886b24b7d/nomination-district/9ce199da-5de9-44cb-9f03-8a5d3e7a6deb,Galten,https://valg.dk/fv/847cec19-05ff-4eff-b433-f0e886b24b7d/nomination-district/9ce199da-5de9-44cb-9f03-8a5d3e7a6deb/polling-district/39318709-f4a1-4f50-a62f-b4b837f88d22
Skanderborgkredsen,https://valg.dk/fv/847cec19-05ff-4eff-b433-f0e886b24b7d/nomination-district/9ce199da-5de9-44cb-9f03-8a5d3e7a6deb,Gl. Rye,https://valg.dk/fv/847cec19-05ff-4eff-b433-f0e886b24b7d/nomination-district/9ce199da-5de9-44cb-9f03-8a5d3e7a6deb/polling-district/caa944a6-ee60-42f7-abff-91c805f6796a
Skanderborgkredsen,https://valg.dk/fv/847cec19-05ff-4eff-b433-f0e886b24b7d/nomination-district/9ce199da-5de9-44cb-9f03-8a5d3e7a6deb,Gylling,https://valg.dk/fv/847cec19-05ff-4eff-b433-f0e886b24b7d/nomination-district/9ce199da-5de9-44cb-9f03-8a5d3e7a6deb/polling-district/14c7c3bc-0a7d-4815-9013-2f1d3d57895a
Skanderborgkredsen,https://valg.dk/fv/847cec19-05ff-4eff-b433-f0e886b24b7d/nomination-district/9ce199da-5de9-44cb-9f03-8a5d3e7a6deb,"Hou, Gosmer - Halling",https://valg.dk/fv/847cec19-05ff-4eff-b433-f0e886b24b7d/nomination-district/9ce199da-5de9-44cb-9f03-8a5d3e7a6deb/polling-district/f0a822ca-38e9-479f-bf49-ad09d8ba5be5
Skanderborgkredsen,https://valg.dk/fv/847cec19-05ff-4eff-b433-f0e886b24b7d/nomination-district/9ce199da-5de9-44cb-9f03-8a5d3e7a6deb,Hundslund,https://valg.dk/fv/847cec19-05ff-4eff-b433-f0e886b24b7d/nomination-district/9ce199da-5de9-44cb-9f03-8a5d3e7a6deb/polling-district/3399e23a-8eee-407c-9ee8-08c6d13dbdb3
Skanderborgkredsen,https://valg.dk/fv/847cec19-05ff-4eff-b433-f0e886b24b7d/nomination-district/9ce199da-5de9-44cb-9f03-8a5d3e7a6deb,Hørning,https://valg.dk/fv/847cec19-05ff-4eff-b433-f0e886b24b7d/nomination-district/9ce199da-5de9-44cb-9f03-8a5d3e7a6deb/polling-district/206ad93a-a2d1-4733-8266-e35bd81ee439
Skanderborgkredsen,https://valg.dk/fv/847cec19-05ff-4eff-b433-f0e886b24b7d/nomination-district/9ce199da-5de9-44cb-9f03-8a5d3e7a6deb,Låsby,https://valg.dk/fv/847cec19-05ff-4eff-b433-f0e886b24b7d/nomination-district/9ce199da-5de9-44cb-9f03-8a5d3e7a6deb/polling-district/9d93ee55-e65b-4621-94c4-81296c64afe9
Skanderborgkredsen,https://valg.dk/fv/847cec19-05ff-4eff-b433-f0e886b24b7d/nomination-district/9ce199da-5de9-44cb-9f03-8a5d3e7a6deb,Morten Børup,https://valg.dk/fv/847cec19-05ff-4eff-b433-f0e886b24b7d/nomination-district/9ce199da-5de9-44cb-9f03-8a5d3e7a6deb/polling-district/16f9931c-861e-49a3-8c66-5e70c7a21a7a
Skanderborgkredsen,https://valg.dk/fv/847cec19-05ff-4eff-b433-f0e886b24b7d/nomination-district/9ce199da-5de9-44cb-9f03-8a5d3e7a6deb,Niels Ebbesen,https://valg.dk/fv/847cec19-05ff-4eff-b433-f0e886b24b7d/nomination-district/9ce199da-5de9-44cb-9f03-8a5d3e7a6deb/polling-district/ec7cbeb6-dff9-4f4d-94a3-186d7abf0074
Skanderborgkredsen,https://valg.dk/fv/847cec19-05ff-4eff-b433-f0e886b24b7d/nomination-district/9ce199da-5de9-44cb-9f03-8a5d3e7a6deb,Nordby,https://valg.dk/fv/847cec19-05ff-4eff-b433-f0e886b24b7d/nomination-district/9ce199da-5de9-44cb-9f03-8a5d3e7a6deb/polling-district/c8ce05ca-ab81-444a-989c-f464fa424e9c
Skanderborgkredsen,https://valg.dk/fv/847cec19-05ff-4eff-b433-f0e886b24b7d/nomination-district/9ce199da-5de9-44cb-9f03-8a5d3e7a6deb,Odder,https://valg.dk/fv/847cec19-05ff-4eff-b433-f0e886b24b7d/nomination-district/9ce199da-5de9-44cb-9f03-8a5d3e7a6deb/polling-district/1dc3496f-ac56-44da-bfcf-f60fe73bf643
Skanderborgkredsen,https://valg.dk/fv/847cec19-05ff-4eff-b433-f0e886b24b7d/nomination-district/9ce199da-5de9-44cb-9f03-8a5d3e7a6deb,Randlev - Bjerager,https://valg.dk/fv/847cec19-05ff-4eff-b433-f0e886b24b7d/nomination-district/9ce199da-5de9-44cb-9f03-8a5d3e7a6deb/polling-district/a42a3cd2-5edd-43c6-bd91-9cbdf9820a14
Skanderborgkredsen,https://valg.dk/fv/847cec19-05ff-4eff-b433-f0e886b24b7d/nomination-district/9ce199da-5de9-44cb-9f03-8a5d3e7a6deb,Ry,https://valg.dk/fv/847cec19-05ff-4eff-b433-f0e886b24b7d/nomination-district/9ce199da-5de9-44cb-9f03-8a5d3e7a6deb/polling-district/8d3ca463-97f8-4ed5-a0f9-31a6f425e617
Skanderborgkredsen,https://valg.dk/fv/847cec19-05ff-4eff-b433-f0e886b24b7d/nomination-district/9ce199da-5de9-44cb-9f03-8a5d3e7a6deb,Saksild - Nølev,https://valg.dk/fv/847cec19-05ff-4eff-b433-f0e886b24b7d/nomination-district/9ce199da-5de9-44cb-9f03-8a5d3e7a6deb/polling-district/e989a85b-7dc7-4fb1-925b-e3ae93d054e8
Skanderborgkredsen,https://valg.dk/fv/847cec19-05ff-4eff-b433-f0e886b24b7d/nomination-district/9ce199da-5de9-44cb-9f03-8a5d3e7a6deb,Skovby,https://valg.dk/fv/847cec19-05ff-4eff-b433-f0e886b24b7d/nomination-district/9ce199da-5de9-44cb-9f03-8a5d3e7a6deb/polling-district/64091b45-ab31-46f8-8d0c-fe8507b3a8eb
Skanderborgkredsen,https://valg.dk/fv/847cec19-05ff-4eff-b433-f0e886b24b7d/nomination-district/9ce199da-5de9-44cb-9f03-8a5d3e7a6deb,Stilling,https://valg.dk/fv/847cec19-05ff-4eff-b433-f0e886b24b7d/nomination-district/9ce199da-5de9-44cb-9f03-8a5d3e7a6deb/polling-district/4dd47e16-9c26-43fe-99ea-4349f7693996
Skanderborgkredsen,https://valg.dk/fv/847cec19-05ff-4eff-b433-f0e886b24b7d/nomination-district/9ce199da-5de9-44cb-9f03-8a5d3e7a6deb,Stjær,https://valg.dk/fv/847cec19-05ff-4eff-b433-f0e886b24b7d/nomination-district/9ce199da-5de9-44cb-9f03-8a5d3e7a6deb/polling-district/7e59e0b7-4eda-4479-af1a-0d02ddb72b8e
Skanderborgkredsen,https://valg.dk/fv/847cec19-05ff-4eff-b433-f0e886b24b7d/nomination-district/9ce199da-5de9-44cb-9f03-8a5d3e7a6deb,Torrild,https://valg.dk/fv/847cec19-05ff-4eff-b433-f0e886b24b7d/nomination-district/9ce199da-5de9-44cb-9f03-8a5d3e7a6deb/polling-district/85513f82-d523-46f5-a02b-5224c8679d8a
Skanderborgkredsen,https://valg.dk/fv/847cec19-05ff-4eff-b433-f0e886b24b7d/nomination-district/9ce199da-5de9-44cb-9f03-8a5d3e7a6deb,Tranebjerg,https://valg.dk/fv/847cec19-05ff-4eff-b433-f0e886b24b7d/nomination-district/9ce199da-5de9-44cb-9f03-8a5d3e7a6deb/polling-district/5adce74f-637e-4dfe-8fed-14b7deae0e52
Skanderborgkredsen,https://valg.dk/fv/847cec19-05ff-4eff-b433-f0e886b24b7d/nomination-district/9ce199da-5de9-44cb-9f03-8a5d3e7a6deb,Tunø,https://valg.dk/fv/847cec19-05ff-4eff-b433-f0e886b24b7d/nomination-district/9ce199da-5de9-44cb-9f03-8a5d3e7a6deb/polling-district/c4a4f6c7-ac33-49bc-9042-5856cfa1551e
Skanderborgkredsen,https://valg.dk/fv/847cec19-05ff-4eff-b433-f0e886b24b7d/nomination-district/9ce199da-5de9-44cb-9f03-8a5d3e7a6deb,Virring,https://valg.dk/fv/847cec19-05ff-4eff-b433-f0e886b24b7d/nomination-district/9ce199da-5de9-44cb-9f03-8a5d3e7a6deb/polling-district/87434802-2630-47d6-bc58-a1695b1fffaa
Skanderborgkredsen,https://valg.dk/fv/847cec19-05ff-4eff-b433-f0e886b24b7d/nomination-district/9ce199da-5de9-44cb-9f03-8a5d3e7a6deb,Ørting-Falling,https://valg.dk/fv/847cec19-05ff-4eff-b433-f0e886b24b7d/nomination-district/9ce199da-5de9-44cb-9f03-8a5d3e7a6deb/polling-district/3b6386a3-89da-4892-b6c6-174ff3399085
Skivekredsen,https://valg.dk/fv/847cec19-05ff-4eff-b433-f0e886b24b7d/nomination-district/0da5dca7-8b81-47a7-816e-ce8b5b17990e,Aakjær,https://valg.dk/fv/847cec19-05ff-4eff-b433-f0e886b24b7d/nomination-district/0da5dca7-8b81-47a7-816e-ce8b5b17990e/polling-district/3721ea64-e025-4b22-a843-8306d58f80a5
Skivekredsen,https://valg.dk/fv/847cec19-05ff-4eff-b433-f0e886b24b7d/nomination-district/0da5dca7-8b81-47a7-816e-ce8b5b17990e,Balling,https://valg.dk/fv/847cec19-05ff-4eff-b433-f0e886b24b7d/nomination-district/0da5dca7-8b81-47a7-816e-ce8b5b17990e/polling-district/ec476031-7563-441f-9da6-a292caffc3c6
Skivekredsen,https://valg.dk/fv/847cec19-05ff-4eff-b433-f0e886b24b7d/nomination-district/0da5dca7-8b81-47a7-816e-ce8b5b17990e,Breum,https://valg.dk/fv/847cec19-05ff-4eff-b433-f0e886b24b7d/nomination-district/0da5dca7-8b81-47a7-816e-ce8b5b17990e/polling-district/44851de8-9844-4128-8cbe-075e2e2e4d32
Skivekredsen,https://valg.dk/fv/847cec19-05ff-4eff-b433-f0e886b24b7d/nomination-district/0da5dca7-8b81-47a7-816e-ce8b5b17990e,Brårup,https://valg.dk/fv/847cec19-05ff-4eff-b433-f0e886b24b7d/nomination-district/0da5dca7-8b81-47a7-816e-ce8b5b17990e/polling-district/aba8b9ca-ee04-4ac9-ab2c-bdc77d3c024d
Skivekredsen,https://valg.dk/fv/847cec19-05ff-4eff-b433-f0e886b24b7d/nomination-district/0da5dca7-8b81-47a7-816e-ce8b5b17990e,Durup,https://valg.dk/fv/847cec19-05ff-4eff-b433-f0e886b24b7d/nomination-district/0da5dca7-8b81-47a7-816e-ce8b5b17990e/polling-district/4732779d-a958-40cf-936b-b6d34961ee3e
Skivekredsen,https://valg.dk/fv/847cec19-05ff-4eff-b433-f0e886b24b7d/nomination-district/0da5dca7-8b81-47a7-816e-ce8b5b17990e,Fur,https://valg.dk/fv/847cec19-05ff-4eff-b433-f0e886b24b7d/nomination-district/0da5dca7-8b81-47a7-816e-ce8b5b17990e/polling-district/adcb2577-8dd2-4803-8e2d-b2c04d57701d
Skivekredsen,https://valg.dk/fv/847cec19-05ff-4eff-b433-f0e886b24b7d/nomination-district/0da5dca7-8b81-47a7-816e-ce8b5b17990e,Glyngøre,https://valg.dk/fv/847cec19-05ff-4eff-b433-f0e886b24b7d/nomination-district/0da5dca7-8b81-47a7-816e-ce8b5b17990e/polling-district/4c49180a-cb73-4c9a-b3ff-a03349d20fdf
Skivekredsen,https://valg.dk/fv/847cec19-05ff-4eff-b433-f0e886b24b7d/nomination-district/0da5dca7-8b81-47a7-816e-ce8b5b17990e,Hem,https://valg.dk/fv/847cec19-05ff-4eff-b433-f0e886b24b7d/nomination-district/0da5dca7-8b81-47a7-816e-ce8b5b17990e/polling-district/d8481785-3e7c-402a-ad70-77b43456f0da
Skivekredsen,https://valg.dk/fv/847cec19-05ff-4eff-b433-f0e886b24b7d/nomination-district/0da5dca7-8b81-47a7-816e-ce8b5b17990e,Håsum-Ramsing,https://valg.dk/fv/847cec19-05ff-4eff-b433-f0e886b24b7d/nomination-district/0da5dca7-8b81-47a7-816e-ce8b5b17990e/polling-district/f382fe5e-062f-44a1-9f11-b057c2dff545
Skivekredsen,https://valg.dk/fv/847cec19-05ff-4eff-b433-f0e886b24b7d/nomination-district/0da5dca7-8b81-47a7-816e-ce8b5b17990e,Højslev,https://valg.dk/fv/847cec19-05ff-4eff-b433-f0e886b24b7d/nomination-district/0da5dca7-8b81-47a7-816e-ce8b5b17990e/polling-district/4c3dccf1-386d-434e-a91b-ddb3c8f277c6
Skivekredsen,https://valg.dk/fv/847cec19-05ff-4eff-b433-f0e886b24b7d/nomination-district/0da5dca7-8b81-47a7-816e-ce8b5b17990e,Jebjerg-Lyby,https://valg.dk/fv/847cec19-05ff-4eff-b433-f0e886b24b7d/nomination-district/0da5dca7-8b81-47a7-816e-ce8b5b17990e/polling-district/ff7366cc-5a1d-4960-a472-b639141d031e
Skivekredsen,https://valg.dk/fv/847cec19-05ff-4eff-b433-f0e886b24b7d/nomination-district/0da5dca7-8b81-47a7-816e-ce8b5b17990e,Lem-Vejby,https://valg.dk/fv/847cec19-05ff-4eff-b433-f0e886b24b7d/nomination-district/0da5dca7-8b81-47a7-816e-ce8b5b17990e/polling-district/eea8b456-a012-4b68-81d9-9ffb1f6568ca
Skivekredsen,https://valg.dk/fv/847cec19-05ff-4eff-b433-f0e886b24b7d/nomination-district/0da5dca7-8b81-47a7-816e-ce8b5b17990e,Lihme,https://valg.dk/fv/847cec19-05ff-4eff-b433-f0e886b24b7d/nomination-district/0da5dca7-8b81-47a7-816e-ce8b5b17990e/polling-district/3bd91647-624d-40a0-ae8d-bab7d31c4050
Skivekredsen,https://valg.dk/fv/847cec19-05ff-4eff-b433-f0e886b24b7d/nomination-district/0da5dca7-8b81-47a7-816e-ce8b5b17990e,Oddense - Otting,https://valg.dk/fv/847cec19-05ff-4eff-b433-f0e886b24b7d/nomination-district/0da5dca7-8b81-47a7-816e-ce8b5b17990e/polling-district/e27e1f0c-dfa4-4c27-bce2-c48861feec31
Skivekredsen,https://valg.dk/fv/847cec19-05ff-4eff-b433-f0e886b24b7d/nomination-district/0da5dca7-8b81-47a7-816e-ce8b5b17990e,Roslev,https://valg.dk/fv/847cec19-05ff-4eff-b433-f0e886b24b7d/nomination-district/0da5dca7-8b81-47a7-816e-ce8b5b17990e/polling-district/79060c89-cf6c-4ecc-a291-b7b77772a374
Skivekredsen,https://valg.dk/fv/847cec19-05ff-4eff-b433-f0e886b24b7d/nomination-district/0da5dca7-8b81-47a7-816e-ce8b5b17990e,Rødding,https://valg.dk/fv/847cec19-05ff-4eff-b433-f0e886b24b7d/nomination-district/0da5dca7-8b81-47a7-816e-ce8b5b17990e/polling-district/d0243dc1-562d-48b4-8a2a-97fd6afe13b7
Skivekredsen,https://valg.dk/fv/847cec19-05ff-4eff-b433-f0e886b24b7d/nomination-district/0da5dca7-8b81-47a7-816e-ce8b5b17990e,Rønbjerg,https://valg.dk/fv/847cec19-05ff-4eff-b433-f0e886b24b7d/nomination-district/0da5dca7-8b81-47a7-816e-ce8b5b17990e/polling-district/e34ebe55-d5c9-4931-997f-31b5abe7f45d
Skivekredsen,https://valg.dk/fv/847cec19-05ff-4eff-b433-f0e886b24b7d/nomination-district/0da5dca7-8b81-47a7-816e-ce8b5b17990e,Selde,https://valg.dk/fv/847cec19-05ff-4eff-b433-f0e886b24b7d/nomination-district/0da5dca7-8b81-47a7-816e-ce8b5b17990e/polling-district/ed6cb754-c387-4c9e-84f3-0b4b6a9ce35b
Skivekredsen,https://valg.dk/fv/847cec19-05ff-4eff-b433-f0e886b24b7d/nomination-district/0da5dca7-8b81-47a7-816e-ce8b5b17990e,Skivehus,https://valg.dk/fv/847cec19-05ff-4eff-b433-f0e886b24b7d/nomination-district/0da5dca7-8b81-47a7-816e-ce8b5b17990e/polling-district/ba3a2ce7-1e73-4164-9ccb-dccc8f0ad442
Skivekredsen,https://valg.dk/fv/847cec19-05ff-4eff-b433-f0e886b24b7d/nomination-district/0da5dca7-8b81-47a7-816e-ce8b5b17990e,Ørslevkloster,https://valg.dk/fv/847cec19-05ff-4eff-b433-f0e886b24b7d/nomination-district/0da5dca7-8b81-47a7-816e-ce8b5b17990e/polling-district/39ef401c-cfab-4a6a-ac4d-28f5af228b33
Slagelsekredsen,https://valg.dk/fv/847cec19-05ff-4eff-b433-f0e886b24b7d/nomination-district/39636132-b7b3-4cb1-b1af-062bf3408be2,Agersø,https://valg.dk/fv/847cec19-05ff-4eff-b433-f0e886b24b7d/nomination-district/39636132-b7b3-4cb1-b1af-062bf3408be2/polling-district/2949a3ba-3af4-45f3-a875-e05b16ef8e92
Slagelsekredsen,https://valg.dk/fv/847cec19-05ff-4eff-b433-f0e886b24b7d/nomination-district/39636132-b7b3-4cb1-b1af-062bf3408be2,Antvorskov,https://valg.dk/fv/847cec19-05ff-4eff-b433-f0e886b24b7d/nomination-district/39636132-b7b3-4cb1-b1af-062bf3408be2/polling-district/dd2e1bde-3aba-44e9-ad29-70dac5e9ba4a
Slagelsekredsen,https://valg.dk/fv/847cec19-05ff-4eff-b433-f0e886b24b7d/nomination-district/39636132-b7b3-4cb1-b1af-062bf3408be2,Boeslunde,https://valg.dk/fv/847cec19-05ff-4eff-b433-f0e886b24b7d/nomination-district/39636132-b7b3-4cb1-b1af-062bf3408be2/polling-district/570adf02-bea7-4d1e-99d0-4112f61e4099
Slagelsekredsen,https://valg.dk/fv/847cec19-05ff-4eff-b433-f0e886b24b7d/nomination-district/39636132-b7b3-4cb1-b1af-062bf3408be2,Dalmose,https://valg.dk/fv/847cec19-05ff-4eff-b433-f0e886b24b7d/nomination-district/39636132-b7b3-4cb1-b1af-062bf3408be2/polling-district/a24cfc0b-c738-48c0-830a-f3c2c2851578
Slagelsekredsen,https://valg.dk/fv/847cec19-05ff-4eff-b433-f0e886b24b7d/nomination-district/39636132-b7b3-4cb1-b1af-062bf3408be2,Eggeslevmagle,https://valg.dk/fv/847cec19-05ff-4eff-b433-f0e886b24b7d/nomination-district/39636132-b7b3-4cb1-b1af-062bf3408be2/polling-district/7a58b36a-3f5b-44c3-a6ee-4cdd0c98d982
Slagelsekredsen,https://valg.dk/fv/847cec19-05ff-4eff-b433-f0e886b24b7d/nomination-district/39636132-b7b3-4cb1-b1af-062bf3408be2,Flakkebjerg,https://valg.dk/fv/847cec19-05ff-4eff-b433-f0e886b24b7d/nomination-district/39636132-b7b3-4cb1-b1af-062bf3408be2/polling-district/cfb45e62-4c86-4837-b590-847d343f8273
Slagelsekredsen,https://valg.dk/fv/847cec19-05ff-4eff-b433-f0e886b24b7d/nomination-district/39636132-b7b3-4cb1-b1af-062bf3408be2,Havrebjerg,https://valg.dk/fv/847cec19-05ff-4eff-b433-f0e886b24b7d/nomination-district/39636132-b7b3-4cb1-b1af-062bf3408be2/polling-district/9bd05273-fa35-4309-8797-b2d838b41d1d
Slagelsekredsen,https://valg.dk/fv/847cec19-05ff-4eff-b433-f0e886b24b7d/nomination-district/39636132-b7b3-4cb1-b1af-062bf3408be2,Korsør Nordre Bydel,https://valg.dk/fv/847cec19-05ff-4eff-b433-f0e886b24b7d/nomination-district/39636132-b7b3-4cb1-b1af-062bf3408be2/polling-district/c2c629f9-21e6-4cea-9572-e1537679191a
Slagelsekredsen,https://valg.dk/fv/847cec19-05ff-4eff-b433-f0e886b24b7d/nomination-district/39636132-b7b3-4cb1-b1af-062bf3408be2,Korsør Søndre Bydel,https://valg.dk/fv/847cec19-05ff-4eff-b433-f0e886b24b7d/nomination-district/39636132-b7b3-4cb1-b1af-062bf3408be2/polling-district/43f71bd5-7c3b-4e3d-9923-8cfcb72742ee
Slagelsekredsen,https://valg.dk/fv/847cec19-05ff-4eff-b433-f0e886b24b7d/nomination-district/39636132-b7b3-4cb1-b1af-062bf3408be2,Magleby,https://valg.dk/fv/847cec19-05ff-4eff-b433-f0e886b24b7d/nomination-district/39636132-b7b3-4cb1-b1af-062bf3408be2/polling-district/e1d054f0-366d-47d5-bda5-957059f41008
Slagelsekredsen,https://valg.dk/fv/847cec19-05ff-4eff-b433-f0e886b24b7d/nomination-district/39636132-b7b3-4cb1-b1af-062bf3408be2,Nordhallen,https://valg.dk/fv/847cec19-05ff-4eff-b433-f0e886b24b7d/nomination-district/39636132-b7b3-4cb1-b1af-062bf3408be2/polling-district/61e9f3dd-4003-4048-a903-57c70b190dd4
Slagelsekredsen,https://valg.dk/fv/847cec19-05ff-4eff-b433-f0e886b24b7d/nomination-district/39636132-b7b3-4cb1-b1af-062bf3408be2,Omø,https://valg.dk/fv/847cec19-05ff-4eff-b433-f0e886b24b7d/nomination-district/39636132-b7b3-4cb1-b1af-062bf3408be2/polling-district/1b1d991c-a565-46ba-893c-2a67720c4106
Slagelsekredsen,https://valg.dk/fv/847cec19-05ff-4eff-b433-f0e886b24b7d/nomination-district/39636132-b7b3-4cb1-b1af-062bf3408be2,Rude,https://valg.dk/fv/847cec19-05ff-4eff-b433-f0e886b24b7d/nomination-district/39636132-b7b3-4cb1-b1af-062bf3408be2/polling-district/3927f70c-54fe-45b9-b640-1eb99a19e664
Slagelsekredsen,https://valg.dk/fv/847cec19-05ff-4eff-b433-f0e886b24b7d/nomination-district/39636132-b7b3-4cb1-b1af-062bf3408be2,Skælskør Vest,https://valg.dk/fv/847cec19-05ff-4eff-b433-f0e886b24b7d/nomination-district/39636132-b7b3-4cb1-b1af-062bf3408be2/polling-district/289d670c-7f2b-4db9-a2ae-abf02c1f8df1
Slagelsekredsen,https://valg.dk/fv/847cec19-05ff-4eff-b433-f0e886b24b7d/nomination-district/39636132-b7b3-4cb1-b1af-062bf3408be2,Skælskør Øst,https://valg.dk/fv/847cec19-05ff-4eff-b433-f0e886b24b7d/nomination-district/39636132-b7b3-4cb1-b1af-062bf3408be2/polling-district/00d25780-0655-4731-bf9a-05a8bf9e279b
Slagelsekredsen,https://valg.dk/fv/847cec19-05ff-4eff-b433-f0e886b24b7d/nomination-district/39636132-b7b3-4cb1-b1af-062bf3408be2,Slagelse Hallen,https://valg.dk/fv/847cec19-05ff-4eff-b433-f0e886b24b7d/nomination-district/39636132-b7b3-4cb1-b1af-062bf3408be2/polling-district/f54fdbce-2f82-41ba-9108-f36d340631c4
Slagelsekredsen,https://valg.dk/fv/847cec19-05ff-4eff-b433-f0e886b24b7d/nomination-district/39636132-b7b3-4cb1-b1af-062bf3408be2,Slots Bjergby,https://valg.dk/fv/847cec19-05ff-4eff-b433-f0e886b24b7d/nomination-district/39636132-b7b3-4cb1-b1af-062bf3408be2/polling-district/147ac0d9-422a-46a1-93f1-9a238d274e70
Slagelsekredsen,https://valg.dk/fv/847cec19-05ff-4eff-b433-f0e886b24b7d/nomination-district/39636132-b7b3-4cb1-b1af-062bf3408be2,Stillinge,https://valg.dk/fv/847cec19-05ff-4eff-b433-f0e886b24b7d/nomination-district/39636132-b7b3-4cb1-b1af-062bf3408be2/polling-district/f742bb1f-023a-449f-93ed-b55feedb512a
Slagelsekredsen,https://valg.dk/fv/847cec19-05ff-4eff-b433-f0e886b24b7d/nomination-district/39636132-b7b3-4cb1-b1af-062bf3408be2,Søndermark,https://valg.dk/fv/847cec19-05ff-4eff-b433-f0e886b24b7d/nomination-district/39636132-b7b3-4cb1-b1af-062bf3408be2/polling-district/beb67da0-55cf-4ab2-86cc-8d192969cd16
Slagelsekredsen,https://valg.dk/fv/847cec19-05ff-4eff-b433-f0e886b24b7d/nomination-district/39636132-b7b3-4cb1-b1af-062bf3408be2,Sørbymagle,https://valg.dk/fv/847cec19-05ff-4eff-b433-f0e886b24b7d/nomination-district/39636132-b7b3-4cb1-b1af-062bf3408be2/polling-district/4a54112a-d34e-42e0-9368-09d58c4bc450
Slagelsekredsen,https://valg.dk/fv/847cec19-05ff-4eff-b433-f0e886b24b7d/nomination-district/39636132-b7b3-4cb1-b1af-062bf3408be2,Tjæreby,https://valg.dk/fv/847cec19-05ff-4eff-b433-f0e886b24b7d/nomination-district/39636132-b7b3-4cb1-b1af-062bf3408be2/polling-district/36e84c49-113d-4e41-9d25-156933b52ce6
Slagelsekredsen,https://valg.dk/fv/847cec19-05ff-4eff-b433-f0e886b24b7d/nomination-district/39636132-b7b3-4cb1-b1af-062bf3408be2,Tårnborg,https://valg.dk/fv/847cec19-05ff-4eff-b433-f0e886b24b7d/nomination-district/39636132-b7b3-4cb1-b1af-062bf3408be2/polling-district/53a5f2a8-8f2a-4fc1-b2ff-1a8c5f900f82
Slagelsekredsen,https://valg.dk/fv/847cec19-05ff-4eff-b433-f0e886b24b7d/nomination-district/39636132-b7b3-4cb1-b1af-062bf3408be2,Vemmelev,https://valg.dk/fv/847cec19-05ff-4eff-b433-f0e886b24b7d/nomination-district/39636132-b7b3-4cb1-b1af-062bf3408be2/polling-district/232f4539-0377-4395-a802-717a7c087818
Slagelsekredsen,https://valg.dk/fv/847cec19-05ff-4eff-b433-f0e886b24b7d/nomination-district/39636132-b7b3-4cb1-b1af-062bf3408be2,Vestermose,https://valg.dk/fv/847cec19-05ff-4eff-b433-f0e886b24b7d/nomination-district/39636132-b7b3-4cb1-b1af-062bf3408be2/polling-district/b6c66068-a64a-44f7-a7a6-f6283123a9df
Slagelsekredsen,https://valg.dk/fv/847cec19-05ff-4eff-b433-f0e886b24b7d/nomination-district/39636132-b7b3-4cb1-b1af-062bf3408be2,Vesthallen,https://valg.dk/fv/847cec19-05ff-4eff-b433-f0e886b24b7d/nomination-district/39636132-b7b3-4cb1-b1af-062bf3408be2/polling-district/89156dbd-a872-41cc-b8fc-04ec30700715
Slotskredsen,https://valg.dk/fv/847cec19-05ff-4eff-b433-f0e886b24b7d/nomination-district/d6f92a51-2cf0-475e-924c-cc7290866414,"11. Kreds, Lindevang",https://valg.dk/fv/847cec19-05ff-4eff-b433-f0e886b24b7d/nomination-district/d6f92a51-2cf0-475e-924c-cc7290866414/polling-district/ea9a85d1-57a6-4808-9a6f-9532c9e71b81
Slotskredsen,https://valg.dk/fv/847cec19-05ff-4eff-b433-f0e886b24b7d/nomination-district/d6f92a51-2cf0-475e-924c-cc7290866414,"11. Kreds, Nyelandsvej",https://valg.dk/fv/847cec19-05ff-4eff-b433-f0e886b24b7d/nomination-district/d6f92a51-2cf0-475e-924c-cc7290866414/polling-district/1d4da631-87f4-404f-b4d0-8d795a61107e
Slotskredsen,https://valg.dk/fv/847cec19-05ff-4eff-b433-f0e886b24b7d/nomination-district/d6f92a51-2cf0-475e-924c-cc7290866414,"11. Kreds, Rådhuset",https://valg.dk/fv/847cec19-05ff-4eff-b433-f0e886b24b7d/nomination-district/d6f92a51-2cf0-475e-924c-cc7290866414/polling-district/a150d30c-3ac6-4e69-8a7a-58b2ccf731b1
Slotskredsen,https://valg.dk/fv/847cec19-05ff-4eff-b433-f0e886b24b7d/nomination-district/d6f92a51-2cf0-475e-924c-cc7290866414,"11. Kreds, Søndermark",https://valg.dk/fv/847cec19-05ff-4eff-b433-f0e886b24b7d/nomination-district/d6f92a51-2cf0-475e-924c-cc7290866414/polling-district/aa0278dd-ad5d-4bcd-893f-a81c17efe728
Struerkredsen,https://valg.dk/fv/847cec19-05ff-4eff-b433-f0e886b24b7d/nomination-district/fc81e0fa-49e5-4008-98f6-00d22f3d1069,Bremdal,https://valg.dk/fv/847cec19-05ff-4eff-b433-f0e886b24b7d/nomination-district/fc81e0fa-49e5-4008-98f6-00d22f3d1069/polling-district/97834686-294e-45eb-ae5b-9a6a84cbea12
Struerkredsen,https://valg.dk/fv/847cec19-05ff-4eff-b433-f0e886b24b7d/nomination-district/fc81e0fa-49e5-4008-98f6-00d22f3d1069,Bøvling,https://valg.dk/fv/847cec19-05ff-4eff-b433-f0e886b24b7d/nomination-district/fc81e0fa-49e5-4008-98f6-00d22f3d1069/polling-district/a81e2000-d28f-47a1-8772-91d72128dc65
Struerkredsen,https://valg.dk/fv/847cec19-05ff-4eff-b433-f0e886b24b7d/nomination-district/fc81e0fa-49e5-4008-98f6-00d22f3d1069,Flynder,https://valg.dk/fv/847cec19-05ff-4eff-b433-f0e886b24b7d/nomination-district/fc81e0fa-49e5-4008-98f6-00d22f3d1069/polling-district/56eea7b2-e851-4ac2-af79-feea73daccdb
Struerkredsen,https://valg.dk/fv/847cec19-05ff-4eff-b433-f0e886b24b7d/nomination-district/fc81e0fa-49e5-4008-98f6-00d22f3d1069,Gimsing,https://valg.dk/fv/847cec19-05ff-4eff-b433-f0e886b24b7d/nomination-district/fc81e0fa-49e5-4008-98f6-00d22f3d1069/polling-district/9562bf1e-b18e-4c5a-a0fe-aed44906107f
Struerkredsen,https://valg.dk/fv/847cec19-05ff-4eff-b433-f0e886b24b7d/nomination-district/fc81e0fa-49e5-4008-98f6-00d22f3d1069,Harboøre,https://valg.dk/fv/847cec19-05ff-4eff-b433-f0e886b24b7d/nomination-district/fc81e0fa-49e5-4008-98f6-00d22f3d1069/polling-district/e09fe760-eb3d-41c5-8627-87b0f375971a
Struerkredsen,https://valg.dk/fv/847cec19-05ff-4eff-b433-f0e886b24b7d/nomination-district/fc81e0fa-49e5-4008-98f6-00d22f3d1069,Hjerm,https://valg.dk/fv/847cec19-05ff-4eff-b433-f0e886b24b7d/nomination-district/fc81e0fa-49e5-4008-98f6-00d22f3d1069/polling-district/3f3b00bf-f765-42eb-ac30-228ce84e0d33
Struerkredsen,https://valg.dk/fv/847cec19-05ff-4eff-b433-f0e886b24b7d/nomination-district/fc81e0fa-49e5-4008-98f6-00d22f3d1069,Humlum,https://valg.dk/fv/847cec19-05ff-4eff-b433-f0e886b24b7d/nomination-district/fc81e0fa-49e5-4008-98f6-00d22f3d1069/polling-district/b3f70497-8bdf-412e-84ee-75bb5891582f
Struerkredsen,https://valg.dk/fv/847cec19-05ff-4eff-b433-f0e886b24b7d/nomination-district/fc81e0fa-49e5-4008-98f6-00d22f3d1069,Hvidbjerg,https://valg.dk/fv/847cec19-05ff-4eff-b433-f0e886b24b7d/nomination-district/fc81e0fa-49e5-4008-98f6-00d22f3d1069/polling-district/6d432fc3-79ef-45dd-8936-59cc747d501a
Struerkredsen,https://valg.dk/fv/847cec19-05ff-4eff-b433-f0e886b24b7d/nomination-district/fc81e0fa-49e5-4008-98f6-00d22f3d1069,Klinkby,https://valg.dk/fv/847cec19-05ff-4eff-b433-f0e886b24b7d/nomination-district/fc81e0fa-49e5-4008-98f6-00d22f3d1069/polling-district/ec696b4d-8f0e-4e6f-94dc-744c9945f0b8
Struerkredsen,https://valg.dk/fv/847cec19-05ff-4eff-b433-f0e886b24b7d/nomination-district/fc81e0fa-49e5-4008-98f6-00d22f3d1069,Langhøj,https://valg.dk/fv/847cec19-05ff-4eff-b433-f0e886b24b7d/nomination-district/fc81e0fa-49e5-4008-98f6-00d22f3d1069/polling-district/624a9ab1-74c4-4041-9bd7-694b2c89fe53
Struerkredsen,https://valg.dk/fv/847cec19-05ff-4eff-b433-f0e886b24b7d/nomination-district/fc81e0fa-49e5-4008-98f6-00d22f3d1069,Lemvig,https://valg.dk/fv/847cec19-05ff-4eff-b433-f0e886b24b7d/nomination-district/fc81e0fa-49e5-4008-98f6-00d22f3d1069/polling-district/c7049efc-6118-469c-ae3a-674e3f98cc9d
Struerkredsen,https://valg.dk/fv/847cec19-05ff-4eff-b433-f0e886b24b7d/nomination-district/fc81e0fa-49e5-4008-98f6-00d22f3d1069,Nørre Nissum,https://valg.dk/fv/847cec19-05ff-4eff-b433-f0e886b24b7d/nomination-district/fc81e0fa-49e5-4008-98f6-00d22f3d1069/polling-district/b3182318-340d-4638-b23a-3edb4b11b76f
Struerkredsen,https://valg.dk/fv/847cec19-05ff-4eff-b433-f0e886b24b7d/nomination-district/fc81e0fa-49e5-4008-98f6-00d22f3d1069,Ramme,https://valg.dk/fv/847cec19-05ff-4eff-b433-f0e886b24b7d/nomination-district/fc81e0fa-49e5-4008-98f6-00d22f3d1069/polling-district/1362038f-1fb7-4cad-abb1-3d265c16aba5
Struerkredsen,https://valg.dk/fv/847cec19-05ff-4eff-b433-f0e886b24b7d/nomination-district/fc81e0fa-49e5-4008-98f6-00d22f3d1069,Struer,https://valg.dk/fv/847cec19-05ff-4eff-b433-f0e886b24b7d/nomination-district/fc81e0fa-49e5-4008-98f6-00d22f3d1069/polling-district/2c009d3e-ebca-4457-bcfb-ed131b27c108
Struerkredsen,https://valg.dk/fv/847cec19-05ff-4eff-b433-f0e886b24b7d/nomination-district/fc81e0fa-49e5-4008-98f6-00d22f3d1069,Thyborøn,https://valg.dk/fv/847cec19-05ff-4eff-b433-f0e886b24b7d/nomination-district/fc81e0fa-49e5-4008-98f6-00d22f3d1069/polling-district/7aeeb1db-a4ca-4d02-8666-9166cfa59f25
Sundbyvesterkredsen,https://valg.dk/fv/847cec19-05ff-4eff-b433-f0e886b24b7d/nomination-district/ff1af630-9d9c-43e4-82b3-8a7e9471bd5d,2. Nord,https://valg.dk/fv/847cec19-05ff-4eff-b433-f0e886b24b7d/nomination-district/ff1af630-9d9c-43e4-82b3-8a7e9471bd5d/polling-district/cb9f93ba-f6a5-4b5c-a203-f689077df372
Sundbyvesterkredsen,https://valg.dk/fv/847cec19-05ff-4eff-b433-f0e886b24b7d/nomination-district/ff1af630-9d9c-43e4-82b3-8a7e9471bd5d,2. Sundbyvester,https://valg.dk/fv/847cec19-05ff-4eff-b433-f0e886b24b7d/nomination-district/ff1af630-9d9c-43e4-82b3-8a7e9471bd5d/polling-district/8b121101-65a3-473d-b9a0-bf3d1e9edf73
Sundbyvesterkredsen,https://valg.dk/fv/847cec19-05ff-4eff-b433-f0e886b24b7d/nomination-district/ff1af630-9d9c-43e4-82b3-8a7e9471bd5d,2. Syd,https://valg.dk/fv/847cec19-05ff-4eff-b433-f0e886b24b7d/nomination-district/ff1af630-9d9c-43e4-82b3-8a7e9471bd5d/polling-district/d0c9148d-2739-43a1-a28a-b30daeb9364a
Sundbyvesterkredsen,https://valg.dk/fv/847cec19-05ff-4eff-b433-f0e886b24b7d/nomination-district/ff1af630-9d9c-43e4-82b3-8a7e9471bd5d,2. Vest,https://valg.dk/fv/847cec19-05ff-4eff-b433-f0e886b24b7d/nomination-district/ff1af630-9d9c-43e4-82b3-8a7e9471bd5d/polling-district/905761f7-db51-45c0-ac10-b8121a238d75
Sundbyvesterkredsen,https://valg.dk/fv/847cec19-05ff-4eff-b433-f0e886b24b7d/nomination-district/ff1af630-9d9c-43e4-82b3-8a7e9471bd5d,2. Øst,https://valg.dk/fv/847cec19-05ff-4eff-b433-f0e886b24b7d/nomination-district/ff1af630-9d9c-43e4-82b3-8a7e9471bd5d/polling-district/70f66029-5fd3-4410-a4d2-ada2864e6e17
Sundbyøsterkredsen,https://valg.dk/fv/847cec19-05ff-4eff-b433-f0e886b24b7d/nomination-district/c989060d-1a89-4816-ae9e-6d677b6a2ba0,4. Nord,https://valg.dk/fv/847cec19-05ff-4eff-b433-f0e886b24b7d/nomination-district/c989060d-1a89-4816-ae9e-6d677b6a2ba0/polling-district/d96fed85-bc67-45db-b0ce-04565f429074
Sundbyøsterkredsen,https://valg.dk/fv/847cec19-05ff-4eff-b433-f0e886b24b7d/nomination-district/c989060d-1a89-4816-ae9e-6d677b6a2ba0,4. Sundbyøster,https://valg.dk/fv/847cec19-05ff-4eff-b433-f0e886b24b7d/nomination-district/c989060d-1a89-4816-ae9e-6d677b6a2ba0/polling-district/6570854c-d324-4ef4-b94d-8de8ffb7d2e6
Sundbyøsterkredsen,https://valg.dk/fv/847cec19-05ff-4eff-b433-f0e886b24b7d/nomination-district/c989060d-1a89-4816-ae9e-6d677b6a2ba0,4. Syd,https://valg.dk/fv/847cec19-05ff-4eff-b433-f0e886b24b7d/nomination-district/c989060d-1a89-4816-ae9e-6d677b6a2ba0/polling-district/ca2d33ea-19c1-4a5d-8542-97ae9d75e31e
Sundbyøsterkredsen,https://valg.dk/fv/847cec19-05ff-4eff-b433-f0e886b24b7d/nomination-district/c989060d-1a89-4816-ae9e-6d677b6a2ba0,4. Øst,https://valg.dk/fv/847cec19-05ff-4eff-b433-f0e886b24b7d/nomination-district/c989060d-1a89-4816-ae9e-6d677b6a2ba0/polling-district/e783f4aa-ddda-4cb8-b194-5b8fbfc957a7
Svendborgkredsen,https://valg.dk/fv/847cec19-05ff-4eff-b433-f0e886b24b7d/nomination-district/ce8c7fc1-b693-4318-a5dc-cfac38f0e2e0,Bagenkop,https://valg.dk/fv/847cec19-05ff-4eff-b433-f0e886b24b7d/nomination-district/ce8c7fc1-b693-4318-a5dc-cfac38f0e2e0/polling-district/7992db9e-3973-4b16-80c8-25a9dfa4e1c7
Svendborgkredsen,https://valg.dk/fv/847cec19-05ff-4eff-b433-f0e886b24b7d/nomination-district/ce8c7fc1-b693-4318-a5dc-cfac38f0e2e0,Bjerreby/Landet,https://valg.dk/fv/847cec19-05ff-4eff-b433-f0e886b24b7d/nomination-district/ce8c7fc1-b693-4318-a5dc-cfac38f0e2e0/polling-district/c3a2b60e-8e6c-4524-b012-9c0a863483db
Svendborgkredsen,https://valg.dk/fv/847cec19-05ff-4eff-b433-f0e886b24b7d/nomination-district/ce8c7fc1-b693-4318-a5dc-cfac38f0e2e0,Bregninge,https://valg.dk/fv/847cec19-05ff-4eff-b433-f0e886b24b7d/nomination-district/ce8c7fc1-b693-4318-a5dc-cfac38f0e2e0/polling-district/e40c435d-07f2-4490-a46a-fbfd18f755cf
Svendborgkredsen,https://valg.dk/fv/847cec19-05ff-4eff-b433-f0e886b24b7d/nomination-district/ce8c7fc1-b693-4318-a5dc-cfac38f0e2e0,Byen,https://valg.dk/fv/847cec19-05ff-4eff-b433-f0e886b24b7d/nomination-district/ce8c7fc1-b693-4318-a5dc-cfac38f0e2e0/polling-district/0e2107c2-0488-4d50-a110-91528fbd5983
Svendborgkredsen,https://valg.dk/fv/847cec19-05ff-4eff-b433-f0e886b24b7d/nomination-district/ce8c7fc1-b693-4318-a5dc-cfac38f0e2e0,Drejø,https://valg.dk/fv/847cec19-05ff-4eff-b433-f0e886b24b7d/nomination-district/ce8c7fc1-b693-4318-a5dc-cfac38f0e2e0/polling-district/6c9ba126-80f6-4ce4-a48d-a988f445f770
Svendborgkredsen,https://valg.dk/fv/847cec19-05ff-4eff-b433-f0e886b24b7d/nomination-district/ce8c7fc1-b693-4318-a5dc-cfac38f0e2e0,Egense,https://valg.dk/fv/847cec19-05ff-4eff-b433-f0e886b24b7d/nomination-district/ce8c7fc1-b693-4318-a5dc-cfac38f0e2e0/polling-district/f6b60437-4431-400c-a4b8-e98681607f9e
Svendborgkredsen,https://valg.dk/fv/847cec19-05ff-4eff-b433-f0e886b24b7d/nomination-district/ce8c7fc1-b693-4318-a5dc-cfac38f0e2e0,Gudbjerg,https://valg.dk/fv/847cec19-05ff-4eff-b433-f0e886b24b7d/nomination-district/ce8c7fc1-b693-4318-a5dc-cfac38f0e2e0/polling-district/921d9cba-c5b0-423f-9db0-c53a5611787a
Svendborgkredsen,https://valg.dk/fv/847cec19-05ff-4eff-b433-f0e886b24b7d/nomination-district/ce8c7fc1-b693-4318-a5dc-cfac38f0e2e0,Gudme,https://valg.dk/fv/847cec19-05ff-4eff-b433-f0e886b24b7d/nomination-district/ce8c7fc1-b693-4318-a5dc-cfac38f0e2e0/polling-district/d4e7170d-d8d8-430b-a1f0-ff9b8b3c536e
Svendborgkredsen,https://valg.dk/fv/847cec19-05ff-4eff-b433-f0e886b24b7d/nomination-district/ce8c7fc1-b693-4318-a5dc-cfac38f0e2e0,Hesselager,https://valg.dk/fv/847cec19-05ff-4eff-b433-f0e886b24b7d/nomination-district/ce8c7fc1-b693-4318-a5dc-cfac38f0e2e0/polling-district/c5b777b1-3201-4b0f-95a6-d8ec5034c58d
Svendborgkredsen,https://valg.dk/fv/847cec19-05ff-4eff-b433-f0e886b24b7d/nomination-district/ce8c7fc1-b693-4318-a5dc-cfac38f0e2e0,Hou,https://valg.dk/fv/847cec19-05ff-4eff-b433-f0e886b24b7d/nomination-district/ce8c7fc1-b693-4318-a5dc-cfac38f0e2e0/polling-district/cdca8003-6bb9-43b2-aa4c-f6451113028f
Svendborgkredsen,https://valg.dk/fv/847cec19-05ff-4eff-b433-f0e886b24b7d/nomination-district/ce8c7fc1-b693-4318-a5dc-cfac38f0e2e0,Humble,https://valg.dk/fv/847cec19-05ff-4eff-b433-f0e886b24b7d/nomination-district/ce8c7fc1-b693-4318-a5dc-cfac38f0e2e0/polling-district/694d4806-adf9-4e29-9f92-de892aced37c
Svendborgkredsen,https://valg.dk/fv/847cec19-05ff-4eff-b433-f0e886b24b7d/nomination-district/ce8c7fc1-b693-4318-a5dc-cfac38f0e2e0,Kirkeby,https://valg.dk/fv/847cec19-05ff-4eff-b433-f0e886b24b7d/nomination-district/ce8c7fc1-b693-4318-a5dc-cfac38f0e2e0/polling-district/dacd230e-3d99-4ecf-a873-ac3f8fbb9df2
Svendborgkredsen,https://valg.dk/fv/847cec19-05ff-4eff-b433-f0e886b24b7d/nomination-district/ce8c7fc1-b693-4318-a5dc-cfac38f0e2e0,Lejbølle,https://valg.dk/fv/847cec19-05ff-4eff-b433-f0e886b24b7d/nomination-district/ce8c7fc1-b693-4318-a5dc-cfac38f0e2e0/polling-district/3c1d4239-7063-47c3-a3d3-a69a8c498da5
Svendborgkredsen,https://valg.dk/fv/847cec19-05ff-4eff-b433-f0e886b24b7d/nomination-district/ce8c7fc1-b693-4318-a5dc-cfac38f0e2e0,Lindelse,https://valg.dk/fv/847cec19-05ff-4eff-b433-f0e886b24b7d/nomination-district/ce8c7fc1-b693-4318-a5dc-cfac38f0e2e0/polling-district/d6262963-a76f-4b9c-ae22-cffe71f6a9b4
Svendborgkredsen,https://valg.dk/fv/847cec19-05ff-4eff-b433-f0e886b24b7d/nomination-district/ce8c7fc1-b693-4318-a5dc-cfac38f0e2e0,Nordre,https://valg.dk/fv/847cec19-05ff-4eff-b433-f0e886b24b7d/nomination-district/ce8c7fc1-b693-4318-a5dc-cfac38f0e2e0/polling-district/2ed4dd3b-c9c8-4a4d-8ada-a9ead32d0fe4
Svendborgkredsen,https://valg.dk/fv/847cec19-05ff-4eff-b433-f0e886b24b7d/nomination-district/ce8c7fc1-b693-4318-a5dc-cfac38f0e2e0,Ollerup,https://valg.dk/fv/847cec19-05ff-4eff-b433-f0e886b24b7d/nomination-district/ce8c7fc1-b693-4318-a5dc-cfac38f0e2e0/polling-district/9005171c-4883-4983-aca4-7f742a57e7df
Svendborgkredsen,https://valg.dk/fv/847cec19-05ff-4eff-b433-f0e886b24b7d/nomination-district/ce8c7fc1-b693-4318-a5dc-cfac38f0e2e0,Oure,https://valg.dk/fv/847cec19-05ff-4eff-b433-f0e886b24b7d/nomination-district/ce8c7fc1-b693-4318-a5dc-cfac38f0e2e0/polling-district/e6fed24b-2f66-481a-a579-e218cb804476
Svendborgkredsen,https://valg.dk/fv/847cec19-05ff-4eff-b433-f0e886b24b7d/nomination-district/ce8c7fc1-b693-4318-a5dc-cfac38f0e2e0,Rudkøbing,https://valg.dk/fv/847cec19-05ff-4eff-b433-f0e886b24b7d/nomination-district/ce8c7fc1-b693-4318-a5dc-cfac38f0e2e0/polling-district/5f9b48c3-379c-4f32-8abc-bbac84ebdf49
Svendborgkredsen,https://valg.dk/fv/847cec19-05ff-4eff-b433-f0e886b24b7d/nomination-district/ce8c7fc1-b693-4318-a5dc-cfac38f0e2e0,Skårup,https://valg.dk/fv/847cec19-05ff-4eff-b433-f0e886b24b7d/nomination-district/ce8c7fc1-b693-4318-a5dc-cfac38f0e2e0/polling-district/b6165ac1-67d1-4205-b0b2-527b4eab9c68
Svendborgkredsen,https://valg.dk/fv/847cec19-05ff-4eff-b433-f0e886b24b7d/nomination-district/ce8c7fc1-b693-4318-a5dc-cfac38f0e2e0,Stenstrup,https://valg.dk/fv/847cec19-05ff-4eff-b433-f0e886b24b7d/nomination-district/ce8c7fc1-b693-4318-a5dc-cfac38f0e2e0/polling-district/b7ff2119-3081-4908-8b7a-be8c1b4810ba
Svendborgkredsen,https://valg.dk/fv/847cec19-05ff-4eff-b433-f0e886b24b7d/nomination-district/ce8c7fc1-b693-4318-a5dc-cfac38f0e2e0,Strynø,https://valg.dk/fv/847cec19-05ff-4eff-b433-f0e886b24b7d/nomination-district/ce8c7fc1-b693-4318-a5dc-cfac38f0e2e0/polling-district/e626059a-aa04-4973-87f5-b67a6ab24614
Svendborgkredsen,https://valg.dk/fv/847cec19-05ff-4eff-b433-f0e886b24b7d/nomination-district/ce8c7fc1-b693-4318-a5dc-cfac38f0e2e0,Thurø,https://valg.dk/fv/847cec19-05ff-4eff-b433-f0e886b24b7d/nomination-district/ce8c7fc1-b693-4318-a5dc-cfac38f0e2e0/polling-district/7a94d53d-b7a2-4f64-97b1-d175a3feb5c3
Svendborgkredsen,https://valg.dk/fv/847cec19-05ff-4eff-b433-f0e886b24b7d/nomination-district/ce8c7fc1-b693-4318-a5dc-cfac38f0e2e0,Tullebølle,https://valg.dk/fv/847cec19-05ff-4eff-b433-f0e886b24b7d/nomination-district/ce8c7fc1-b693-4318-a5dc-cfac38f0e2e0/polling-district/80686a81-98ac-4e12-86c7-30814e50be5f
Svendborgkredsen,https://valg.dk/fv/847cec19-05ff-4eff-b433-f0e886b24b7d/nomination-district/ce8c7fc1-b693-4318-a5dc-cfac38f0e2e0,Tved,https://valg.dk/fv/847cec19-05ff-4eff-b433-f0e886b24b7d/nomination-district/ce8c7fc1-b693-4318-a5dc-cfac38f0e2e0/polling-district/e3dd5be7-9056-413a-8df6-574b3fb20496
Svendborgkredsen,https://valg.dk/fv/847cec19-05ff-4eff-b433-f0e886b24b7d/nomination-district/ce8c7fc1-b693-4318-a5dc-cfac38f0e2e0,V.Skerninge,https://valg.dk/fv/847cec19-05ff-4eff-b433-f0e886b24b7d/nomination-district/ce8c7fc1-b693-4318-a5dc-cfac38f0e2e0/polling-district/c6aaf69d-1c0d-4bdf-9f5c-38b826eecf4d
Svendborgkredsen,https://valg.dk/fv/847cec19-05ff-4eff-b433-f0e886b24b7d/nomination-district/ce8c7fc1-b693-4318-a5dc-cfac38f0e2e0,Østre,https://valg.dk/fv/847cec19-05ff-4eff-b433-f0e886b24b7d/nomination-district/ce8c7fc1-b693-4318-a5dc-cfac38f0e2e0/polling-district/e9cff299-257c-4fc2-81f0-5793ae588fde
Sønderborgkredsen,https://valg.dk/fv/847cec19-05ff-4eff-b433-f0e886b24b7d/nomination-district/e904cea5-99da-4f72-85ed-c5b49a8d05f6,Augustenborg,https://valg.dk/fv/847cec19-05ff-4eff-b433-f0e886b24b7d/nomination-district/e904cea5-99da-4f72-85ed-c5b49a8d05f6/polling-district/0ee795f1-f221-4865-8f63-749a5e42d792
Sønderborgkredsen,https://valg.dk/fv/847cec19-05ff-4eff-b433-f0e886b24b7d/nomination-district/e904cea5-99da-4f72-85ed-c5b49a8d05f6,Broager,https://valg.dk/fv/847cec19-05ff-4eff-b433-f0e886b24b7d/nomination-district/e904cea5-99da-4f72-85ed-c5b49a8d05f6/polling-district/56cc90c9-2eca-4b0b-b2ab-7da4db5b8a8a
Sønderborgkredsen,https://valg.dk/fv/847cec19-05ff-4eff-b433-f0e886b24b7d/nomination-district/e904cea5-99da-4f72-85ed-c5b49a8d05f6,"Det gamle bibliotek, Sønderbor",https://valg.dk/fv/847cec19-05ff-4eff-b433-f0e886b24b7d/nomination-district/e904cea5-99da-4f72-85ed-c5b49a8d05f6/polling-district/7588006e-35b5-4830-8092-27d8d5acefdb
Sønderborgkredsen,https://valg.dk/fv/847cec19-05ff-4eff-b433-f0e886b24b7d/nomination-district/e904cea5-99da-4f72-85ed-c5b49a8d05f6,Dybbøl,https://valg.dk/fv/847cec19-05ff-4eff-b433-f0e886b24b7d/nomination-district/e904cea5-99da-4f72-85ed-c5b49a8d05f6/polling-district/4a2691ab-33ec-428d-9fc9-09a50d305f68
Sønderborgkredsen,https://valg.dk/fv/847cec19-05ff-4eff-b433-f0e886b24b7d/nomination-district/e904cea5-99da-4f72-85ed-c5b49a8d05f6,Egen,https://valg.dk/fv/847cec19-05ff-4eff-b433-f0e886b24b7d/nomination-district/e904cea5-99da-4f72-85ed-c5b49a8d05f6/polling-district/f44103e0-4b82-4920-a4bd-423d19837ec2
Sønderborgkredsen,https://valg.dk/fv/847cec19-05ff-4eff-b433-f0e886b24b7d/nomination-district/e904cea5-99da-4f72-85ed-c5b49a8d05f6,Fynshav,https://valg.dk/fv/847cec19-05ff-4eff-b433-f0e886b24b7d/nomination-district/e904cea5-99da-4f72-85ed-c5b49a8d05f6/polling-district/4cdf02ef-0ab9-4e6b-a02b-5610ba38868d
Sønderborgkredsen,https://valg.dk/fv/847cec19-05ff-4eff-b433-f0e886b24b7d/nomination-district/e904cea5-99da-4f72-85ed-c5b49a8d05f6,Gråsten,https://valg.dk/fv/847cec19-05ff-4eff-b433-f0e886b24b7d/nomination-district/e904cea5-99da-4f72-85ed-c5b49a8d05f6/polling-district/e81f9722-81fc-45b4-8928-ddcbe8031608
Sønderborgkredsen,https://valg.dk/fv/847cec19-05ff-4eff-b433-f0e886b24b7d/nomination-district/e904cea5-99da-4f72-85ed-c5b49a8d05f6,Havnbjerg,https://valg.dk/fv/847cec19-05ff-4eff-b433-f0e886b24b7d/nomination-district/e904cea5-99da-4f72-85ed-c5b49a8d05f6/polling-district/275e2de4-3403-4276-a9f5-253577471f3c
Sønderborgkredsen,https://valg.dk/fv/847cec19-05ff-4eff-b433-f0e886b24b7d/nomination-district/e904cea5-99da-4f72-85ed-c5b49a8d05f6,"Humlehøj, Sønderborg",https://valg.dk/fv/847cec19-05ff-4eff-b433-f0e886b24b7d/nomination-district/e904cea5-99da-4f72-85ed-c5b49a8d05f6/polling-district/0105f1f7-f17b-40d0-8f48-f3ce37e47eaa
Sønderborgkredsen,https://valg.dk/fv/847cec19-05ff-4eff-b433-f0e886b24b7d/nomination-district/e904cea5-99da-4f72-85ed-c5b49a8d05f6,Hørup,https://valg.dk/fv/847cec19-05ff-4eff-b433-f0e886b24b7d/nomination-district/e904cea5-99da-4f72-85ed-c5b49a8d05f6/polling-district/dfffd961-9675-4912-8c03-dba24fdf2a41
Sønderborgkredsen,https://valg.dk/fv/847cec19-05ff-4eff-b433-f0e886b24b7d/nomination-district/e904cea5-99da-4f72-85ed-c5b49a8d05f6,Kegnæs,https://valg.dk/fv/847cec19-05ff-4eff-b433-f0e886b24b7d/nomination-district/e904cea5-99da-4f72-85ed-c5b49a8d05f6/polling-district/c383c1ae-9896-439a-922c-1a03dd2aaeab
Sønderborgkredsen,https://valg.dk/fv/847cec19-05ff-4eff-b433-f0e886b24b7d/nomination-district/e904cea5-99da-4f72-85ed-c5b49a8d05f6,Kværs,https://valg.dk/fv/847cec19-05ff-4eff-b433-f0e886b24b7d/nomination-district/e904cea5-99da-4f72-85ed-c5b49a8d05f6/polling-district/1747804b-1d08-479e-87e4-baeb6d6b7b45
Sønderborgkredsen,https://valg.dk/fv/847cec19-05ff-4eff-b433-f0e886b24b7d/nomination-district/e904cea5-99da-4f72-85ed-c5b49a8d05f6,Nordborg,https://valg.dk/fv/847cec19-05ff-4eff-b433-f0e886b24b7d/nomination-district/e904cea5-99da-4f72-85ed-c5b49a8d05f6/polling-district/f60a2f0e-ec15-4619-8e10-20c9867633a4
Sønderborgkredsen,https://valg.dk/fv/847cec19-05ff-4eff-b433-f0e886b24b7d/nomination-district/e904cea5-99da-4f72-85ed-c5b49a8d05f6,Sydals,https://valg.dk/fv/847cec19-05ff-4eff-b433-f0e886b24b7d/nomination-district/e904cea5-99da-4f72-85ed-c5b49a8d05f6/polling-district/5ded4800-5001-4cfa-bed0-2ea30eebeb62
Sønderborgkredsen,https://valg.dk/fv/847cec19-05ff-4eff-b433-f0e886b24b7d/nomination-district/e904cea5-99da-4f72-85ed-c5b49a8d05f6,"Sønderskov, Sønderborg",https://valg.dk/fv/847cec19-05ff-4eff-b433-f0e886b24b7d/nomination-district/e904cea5-99da-4f72-85ed-c5b49a8d05f6/polling-district/c5c16247-58f7-463f-b997-1e24350bf695
Sønderborgkredsen,https://valg.dk/fv/847cec19-05ff-4eff-b433-f0e886b24b7d/nomination-district/e904cea5-99da-4f72-85ed-c5b49a8d05f6,Ullerup,https://valg.dk/fv/847cec19-05ff-4eff-b433-f0e886b24b7d/nomination-district/e904cea5-99da-4f72-85ed-c5b49a8d05f6/polling-district/cbc02630-77f2-4813-a139-db41ec90edd8
Sønderborgkredsen,https://valg.dk/fv/847cec19-05ff-4eff-b433-f0e886b24b7d/nomination-district/e904cea5-99da-4f72-85ed-c5b49a8d05f6,Vester Sottrup,https://valg.dk/fv/847cec19-05ff-4eff-b433-f0e886b24b7d/nomination-district/e904cea5-99da-4f72-85ed-c5b49a8d05f6/polling-district/87ffcf44-5822-402c-a8ce-30235e36b935
Taastrupkredsen,https://valg.dk/fv/847cec19-05ff-4eff-b433-f0e886b24b7d/nomination-district/31fb2937-7992-4af3-b621-1a838ba0e830,Albertslund Rådhus,https://valg.dk/fv/847cec19-05ff-4eff-b433-f0e886b24b7d/nomination-district/31fb2937-7992-4af3-b621-1a838ba0e830/polling-district/f403abef-5f15-4824-a339-cb16ba327b42
Taastrupkredsen,https://valg.dk/fv/847cec19-05ff-4eff-b433-f0e886b24b7d/nomination-district/31fb2937-7992-4af3-b621-1a838ba0e830,Charlotteskolen,https://valg.dk/fv/847cec19-05ff-4eff-b433-f0e886b24b7d/nomination-district/31fb2937-7992-4af3-b621-1a838ba0e830/polling-district/afc866ad-0c22-4050-8a98-095f627a99da
Taastrupkredsen,https://valg.dk/fv/847cec19-05ff-4eff-b433-f0e886b24b7d/nomination-district/31fb2937-7992-4af3-b621-1a838ba0e830,Egelundskolen,https://valg.dk/fv/847cec19-05ff-4eff-b433-f0e886b24b7d/nomination-district/31fb2937-7992-4af3-b621-1a838ba0e830/polling-district/ed3d1354-d156-4a94-9aa5-09c0fe27b59d
Taastrupkredsen,https://valg.dk/fv/847cec19-05ff-4eff-b433-f0e886b24b7d/nomination-district/31fb2937-7992-4af3-b621-1a838ba0e830,Fløng Hallen,https://valg.dk/fv/847cec19-05ff-4eff-b433-f0e886b24b7d/nomination-district/31fb2937-7992-4af3-b621-1a838ba0e830/polling-district/c269b642-ffa9-4039-9d67-d25c14819976
Taastrupkredsen,https://valg.dk/fv/847cec19-05ff-4eff-b433-f0e886b24b7d/nomination-district/31fb2937-7992-4af3-b621-1a838ba0e830,Herstedlund Skole,https://valg.dk/fv/847cec19-05ff-4eff-b433-f0e886b24b7d/nomination-district/31fb2937-7992-4af3-b621-1a838ba0e830/polling-district/5591a2e7-f5c6-45ac-b589-83e0030b4e39
Taastrupkredsen,https://valg.dk/fv/847cec19-05ff-4eff-b433-f0e886b24b7d/nomination-district/31fb2937-7992-4af3-b621-1a838ba0e830,Herstedvester Skole,https://valg.dk/fv/847cec19-05ff-4eff-b433-f0e886b24b7d/nomination-district/31fb2937-7992-4af3-b621-1a838ba0e830/polling-district/c6a8349a-1925-41f1-b2d5-2a794497a61a
Taastrupkredsen,https://valg.dk/fv/847cec19-05ff-4eff-b433-f0e886b24b7d/nomination-district/31fb2937-7992-4af3-b621-1a838ba0e830,Herstedøster Skole,https://valg.dk/fv/847cec19-05ff-4eff-b433-f0e886b24b7d/nomination-district/31fb2937-7992-4af3-b621-1a838ba0e830/polling-district/636ce1c9-a98e-4418-9589-7ca1d65d0669
Taastrupkredsen,https://valg.dk/fv/847cec19-05ff-4eff-b433-f0e886b24b7d/nomination-district/31fb2937-7992-4af3-b621-1a838ba0e830,Ole Rømer-Skolen,https://valg.dk/fv/847cec19-05ff-4eff-b433-f0e886b24b7d/nomination-district/31fb2937-7992-4af3-b621-1a838ba0e830/polling-district/f5d9a16d-94e7-4e86-ae1c-37bb47903a3f
Taastrupkredsen,https://valg.dk/fv/847cec19-05ff-4eff-b433-f0e886b24b7d/nomination-district/31fb2937-7992-4af3-b621-1a838ba0e830,Parkskolen,https://valg.dk/fv/847cec19-05ff-4eff-b433-f0e886b24b7d/nomination-district/31fb2937-7992-4af3-b621-1a838ba0e830/polling-district/2cd69976-0b03-4636-b67c-f9fde6d169df
Taastrupkredsen,https://valg.dk/fv/847cec19-05ff-4eff-b433-f0e886b24b7d/nomination-district/31fb2937-7992-4af3-b621-1a838ba0e830,Reerslev Skole,https://valg.dk/fv/847cec19-05ff-4eff-b433-f0e886b24b7d/nomination-district/31fb2937-7992-4af3-b621-1a838ba0e830/polling-district/ae6f6300-cf8e-47e2-8bac-c4a019d6b0d9
Taastrupkredsen,https://valg.dk/fv/847cec19-05ff-4eff-b433-f0e886b24b7d/nomination-district/31fb2937-7992-4af3-b621-1a838ba0e830,Rådhuset,https://valg.dk/fv/847cec19-05ff-4eff-b433-f0e886b24b7d/nomination-district/31fb2937-7992-4af3-b621-1a838ba0e830/polling-district/4b5ca201-8f05-4640-8399-ce76997d2680
Taastrupkredsen,https://valg.dk/fv/847cec19-05ff-4eff-b433-f0e886b24b7d/nomination-district/31fb2937-7992-4af3-b621-1a838ba0e830,Rønnevangshallen,https://valg.dk/fv/847cec19-05ff-4eff-b433-f0e886b24b7d/nomination-district/31fb2937-7992-4af3-b621-1a838ba0e830/polling-district/c36167ae-093a-414a-8ec9-56d2d045ce24
Taastrupkredsen,https://valg.dk/fv/847cec19-05ff-4eff-b433-f0e886b24b7d/nomination-district/31fb2937-7992-4af3-b621-1a838ba0e830,Sengeløse,https://valg.dk/fv/847cec19-05ff-4eff-b433-f0e886b24b7d/nomination-district/31fb2937-7992-4af3-b621-1a838ba0e830/polling-district/c75c5b9e-9f0e-433e-b062-2cb7d2c9e3d1
Taastrupkredsen,https://valg.dk/fv/847cec19-05ff-4eff-b433-f0e886b24b7d/nomination-district/31fb2937-7992-4af3-b621-1a838ba0e830,Taastrup Kulturcenter,https://valg.dk/fv/847cec19-05ff-4eff-b433-f0e886b24b7d/nomination-district/31fb2937-7992-4af3-b621-1a838ba0e830/polling-district/068a4370-00b2-4553-b1c1-f47f5423d9d0
Taastrupkredsen,https://valg.dk/fv/847cec19-05ff-4eff-b433-f0e886b24b7d/nomination-district/31fb2937-7992-4af3-b621-1a838ba0e830,Torstorp Skole,https://valg.dk/fv/847cec19-05ff-4eff-b433-f0e886b24b7d/nomination-district/31fb2937-7992-4af3-b621-1a838ba0e830/polling-district/5b55cb19-c4d0-41d5-bac4-7408e0a0ac6f
Thistedkredsen,https://valg.dk/fv/847cec19-05ff-4eff-b433-f0e886b24b7d/nomination-district/423cee9a-0c66-4bcb-be9c-fe409ce88c46,Bedsted,https://valg.dk/fv/847cec19-05ff-4eff-b433-f0e886b24b7d/nomination-district/423cee9a-0c66-4bcb-be9c-fe409ce88c46/polling-district/3e5ed043-c033-4217-a74a-344e951723d4
Thistedkredsen,https://valg.dk/fv/847cec19-05ff-4eff-b433-f0e886b24b7d/nomination-district/423cee9a-0c66-4bcb-be9c-fe409ce88c46,Bjergby,https://valg.dk/fv/847cec19-05ff-4eff-b433-f0e886b24b7d/nomination-district/423cee9a-0c66-4bcb-be9c-fe409ce88c46/polling-district/5cedc748-1adf-4941-8095-b1d05bd45b7d
Thistedkredsen,https://valg.dk/fv/847cec19-05ff-4eff-b433-f0e886b24b7d/nomination-district/423cee9a-0c66-4bcb-be9c-fe409ce88c46,Erslev,https://valg.dk/fv/847cec19-05ff-4eff-b433-f0e886b24b7d/nomination-district/423cee9a-0c66-4bcb-be9c-fe409ce88c46/polling-district/d292e5b7-a24a-4dc0-a566-3154e314dbd6
Thistedkredsen,https://valg.dk/fv/847cec19-05ff-4eff-b433-f0e886b24b7d/nomination-district/423cee9a-0c66-4bcb-be9c-fe409ce88c46,Flade,https://valg.dk/fv/847cec19-05ff-4eff-b433-f0e886b24b7d/nomination-district/423cee9a-0c66-4bcb-be9c-fe409ce88c46/polling-district/74ffbfd9-15bf-4eb5-8e91-16923cc5b05f
Thistedkredsen,https://valg.dk/fv/847cec19-05ff-4eff-b433-f0e886b24b7d/nomination-district/423cee9a-0c66-4bcb-be9c-fe409ce88c46,Fredsø,https://valg.dk/fv/847cec19-05ff-4eff-b433-f0e886b24b7d/nomination-district/423cee9a-0c66-4bcb-be9c-fe409ce88c46/polling-district/93f3f66f-cc7f-4900-b31d-aa73711755c6
Thistedkredsen,https://valg.dk/fv/847cec19-05ff-4eff-b433-f0e886b24b7d/nomination-district/423cee9a-0c66-4bcb-be9c-fe409ce88c46,Frøslev,https://valg.dk/fv/847cec19-05ff-4eff-b433-f0e886b24b7d/nomination-district/423cee9a-0c66-4bcb-be9c-fe409ce88c46/polling-district/a0650f00-459b-4a68-8f0c-d58bbbb4c32e
Thistedkredsen,https://valg.dk/fv/847cec19-05ff-4eff-b433-f0e886b24b7d/nomination-district/423cee9a-0c66-4bcb-be9c-fe409ce88c46,Frøstrup,https://valg.dk/fv/847cec19-05ff-4eff-b433-f0e886b24b7d/nomination-district/423cee9a-0c66-4bcb-be9c-fe409ce88c46/polling-district/338443fc-8c8d-4046-9d31-02258b1c6640
Thistedkredsen,https://valg.dk/fv/847cec19-05ff-4eff-b433-f0e886b24b7d/nomination-district/423cee9a-0c66-4bcb-be9c-fe409ce88c46,Hanstholm,https://valg.dk/fv/847cec19-05ff-4eff-b433-f0e886b24b7d/nomination-district/423cee9a-0c66-4bcb-be9c-fe409ce88c46/polling-district/ab14f8ac-eb05-4250-9855-a69a7f0af271
Thistedkredsen,https://valg.dk/fv/847cec19-05ff-4eff-b433-f0e886b24b7d/nomination-district/423cee9a-0c66-4bcb-be9c-fe409ce88c46,Harring-Stagstrup,https://valg.dk/fv/847cec19-05ff-4eff-b433-f0e886b24b7d/nomination-district/423cee9a-0c66-4bcb-be9c-fe409ce88c46/polling-district/13fd5d7c-25b4-4926-b97c-077bd0d33853
Thistedkredsen,https://valg.dk/fv/847cec19-05ff-4eff-b433-f0e886b24b7d/nomination-district/423cee9a-0c66-4bcb-be9c-fe409ce88c46,Hillerslev-Kåstrup,https://valg.dk/fv/847cec19-05ff-4eff-b433-f0e886b24b7d/nomination-district/423cee9a-0c66-4bcb-be9c-fe409ce88c46/polling-district/3d8a0bb2-5133-48dc-9bbc-cab3c89d387e
Thistedkredsen,https://valg.dk/fv/847cec19-05ff-4eff-b433-f0e886b24b7d/nomination-district/423cee9a-0c66-4bcb-be9c-fe409ce88c46,Hundborg-Jannerup,https://valg.dk/fv/847cec19-05ff-4eff-b433-f0e886b24b7d/nomination-district/423cee9a-0c66-4bcb-be9c-fe409ce88c46/polling-district/e45aed79-b010-443c-8f04-882b28af2bda
Thistedkredsen,https://valg.dk/fv/847cec19-05ff-4eff-b433-f0e886b24b7d/nomination-district/423cee9a-0c66-4bcb-be9c-fe409ce88c46,Hurup,https://valg.dk/fv/847cec19-05ff-4eff-b433-f0e886b24b7d/nomination-district/423cee9a-0c66-4bcb-be9c-fe409ce88c46/polling-district/8cf66f3c-a484-4561-afbb-4370be770527
Thistedkredsen,https://valg.dk/fv/847cec19-05ff-4eff-b433-f0e886b24b7d/nomination-district/423cee9a-0c66-4bcb-be9c-fe409ce88c46,Karby,https://valg.dk/fv/847cec19-05ff-4eff-b433-f0e886b24b7d/nomination-district/423cee9a-0c66-4bcb-be9c-fe409ce88c46/polling-district/9e2dc755-f1fe-4100-b654-25f7eaf3a8e0
Thistedkredsen,https://valg.dk/fv/847cec19-05ff-4eff-b433-f0e886b24b7d/nomination-district/423cee9a-0c66-4bcb-be9c-fe409ce88c46,Klitmøller,https://valg.dk/fv/847cec19-05ff-4eff-b433-f0e886b24b7d/nomination-district/423cee9a-0c66-4bcb-be9c-fe409ce88c46/polling-district/e98b63b5-6f9b-4cfd-ae29-d339e4afa971
Thistedkredsen,https://valg.dk/fv/847cec19-05ff-4eff-b433-f0e886b24b7d/nomination-district/423cee9a-0c66-4bcb-be9c-fe409ce88c46,Koldby,https://valg.dk/fv/847cec19-05ff-4eff-b433-f0e886b24b7d/nomination-district/423cee9a-0c66-4bcb-be9c-fe409ce88c46/polling-district/d4a88b9e-add8-4a23-b066-c61cc7e415c6
Thistedkredsen,https://valg.dk/fv/847cec19-05ff-4eff-b433-f0e886b24b7d/nomination-district/423cee9a-0c66-4bcb-be9c-fe409ce88c46,Lild,https://valg.dk/fv/847cec19-05ff-4eff-b433-f0e886b24b7d/nomination-district/423cee9a-0c66-4bcb-be9c-fe409ce88c46/polling-district/1ec5bed9-f71e-4f66-969f-23ea551bacdd
Thistedkredsen,https://valg.dk/fv/847cec19-05ff-4eff-b433-f0e886b24b7d/nomination-district/423cee9a-0c66-4bcb-be9c-fe409ce88c46,Nors-Tved,https://valg.dk/fv/847cec19-05ff-4eff-b433-f0e886b24b7d/nomination-district/423cee9a-0c66-4bcb-be9c-fe409ce88c46/polling-district/a35cfc5b-55d3-49ab-ac49-3517b3421034
Thistedkredsen,https://valg.dk/fv/847cec19-05ff-4eff-b433-f0e886b24b7d/nomination-district/423cee9a-0c66-4bcb-be9c-fe409ce88c46,Nykøbing,https://valg.dk/fv/847cec19-05ff-4eff-b433-f0e886b24b7d/nomination-district/423cee9a-0c66-4bcb-be9c-fe409ce88c46/polling-district/cc1f69ac-02cc-42b7-869f-be90fc39f58a
Thistedkredsen,https://valg.dk/fv/847cec19-05ff-4eff-b433-f0e886b24b7d/nomination-district/423cee9a-0c66-4bcb-be9c-fe409ce88c46,Redsted,https://valg.dk/fv/847cec19-05ff-4eff-b433-f0e886b24b7d/nomination-district/423cee9a-0c66-4bcb-be9c-fe409ce88c46/polling-district/4ae8d113-e593-40a8-baf1-e43eef1041a8
Thistedkredsen,https://valg.dk/fv/847cec19-05ff-4eff-b433-f0e886b24b7d/nomination-district/423cee9a-0c66-4bcb-be9c-fe409ce88c46,Ræhr/Vigsø,https://valg.dk/fv/847cec19-05ff-4eff-b433-f0e886b24b7d/nomination-district/423cee9a-0c66-4bcb-be9c-fe409ce88c46/polling-district/61071991-311a-4bc4-9cee-89b649587bda
Thistedkredsen,https://valg.dk/fv/847cec19-05ff-4eff-b433-f0e886b24b7d/nomination-district/423cee9a-0c66-4bcb-be9c-fe409ce88c46,Sejerslev,https://valg.dk/fv/847cec19-05ff-4eff-b433-f0e886b24b7d/nomination-district/423cee9a-0c66-4bcb-be9c-fe409ce88c46/polling-district/1b5121c8-d3ab-446a-95dd-e0f2bb0bf66b
Thistedkredsen,https://valg.dk/fv/847cec19-05ff-4eff-b433-f0e886b24b7d/nomination-district/423cee9a-0c66-4bcb-be9c-fe409ce88c46,Sennels,https://valg.dk/fv/847cec19-05ff-4eff-b433-f0e886b24b7d/nomination-district/423cee9a-0c66-4bcb-be9c-fe409ce88c46/polling-district/20596358-6244-4bc5-a626-fd53ed785c2d
Thistedkredsen,https://valg.dk/fv/847cec19-05ff-4eff-b433-f0e886b24b7d/nomination-district/423cee9a-0c66-4bcb-be9c-fe409ce88c46,Sjørring-Thorsted,https://valg.dk/fv/847cec19-05ff-4eff-b433-f0e886b24b7d/nomination-district/423cee9a-0c66-4bcb-be9c-fe409ce88c46/polling-district/2d9f15c4-a439-4d94-812e-b8f009148d73
Thistedkredsen,https://valg.dk/fv/847cec19-05ff-4eff-b433-f0e886b24b7d/nomination-district/423cee9a-0c66-4bcb-be9c-fe409ce88c46,"Skinnerup, V Og Ø Vandet",https://valg.dk/fv/847cec19-05ff-4eff-b433-f0e886b24b7d/nomination-district/423cee9a-0c66-4bcb-be9c-fe409ce88c46/polling-district/0df78c8d-80e2-46e2-ae80-6c8badf2d33f
Thistedkredsen,https://valg.dk/fv/847cec19-05ff-4eff-b433-f0e886b24b7d/nomination-district/423cee9a-0c66-4bcb-be9c-fe409ce88c46,Skjoldborg-Kallerup,https://valg.dk/fv/847cec19-05ff-4eff-b433-f0e886b24b7d/nomination-district/423cee9a-0c66-4bcb-be9c-fe409ce88c46/polling-district/badf98be-ebc4-4eb6-9fb7-7cd880048f59
Thistedkredsen,https://valg.dk/fv/847cec19-05ff-4eff-b433-f0e886b24b7d/nomination-district/423cee9a-0c66-4bcb-be9c-fe409ce88c46,Snedsted-Nørhå,https://valg.dk/fv/847cec19-05ff-4eff-b433-f0e886b24b7d/nomination-district/423cee9a-0c66-4bcb-be9c-fe409ce88c46/polling-district/9eaeed05-201d-4c6f-a414-2a5d85b50da6
Thistedkredsen,https://valg.dk/fv/847cec19-05ff-4eff-b433-f0e886b24b7d/nomination-district/423cee9a-0c66-4bcb-be9c-fe409ce88c46,Solbjerg,https://valg.dk/fv/847cec19-05ff-4eff-b433-f0e886b24b7d/nomination-district/423cee9a-0c66-4bcb-be9c-fe409ce88c46/polling-district/c4b65d83-060b-4b66-afeb-6d62a78b3fd6
Thistedkredsen,https://valg.dk/fv/847cec19-05ff-4eff-b433-f0e886b24b7d/nomination-district/423cee9a-0c66-4bcb-be9c-fe409ce88c46,Sundby,https://valg.dk/fv/847cec19-05ff-4eff-b433-f0e886b24b7d/nomination-district/423cee9a-0c66-4bcb-be9c-fe409ce88c46/polling-district/d87caf63-b7b2-4d7e-9876-139756a3a95f
Thistedkredsen,https://valg.dk/fv/847cec19-05ff-4eff-b433-f0e886b24b7d/nomination-district/423cee9a-0c66-4bcb-be9c-fe409ce88c46,Sønderhå-Hørsted,https://valg.dk/fv/847cec19-05ff-4eff-b433-f0e886b24b7d/nomination-district/423cee9a-0c66-4bcb-be9c-fe409ce88c46/polling-district/3b0c4d78-024c-4c56-a43b-650a49d177f3
Thistedkredsen,https://valg.dk/fv/847cec19-05ff-4eff-b433-f0e886b24b7d/nomination-district/423cee9a-0c66-4bcb-be9c-fe409ce88c46,Thisted By,https://valg.dk/fv/847cec19-05ff-4eff-b433-f0e886b24b7d/nomination-district/423cee9a-0c66-4bcb-be9c-fe409ce88c46/polling-district/7d2ad92f-40a8-442b-8497-adfd9b19523a
Thistedkredsen,https://valg.dk/fv/847cec19-05ff-4eff-b433-f0e886b24b7d/nomination-district/423cee9a-0c66-4bcb-be9c-fe409ce88c46,Thisted Landsogn,https://valg.dk/fv/847cec19-05ff-4eff-b433-f0e886b24b7d/nomination-district/423cee9a-0c66-4bcb-be9c-fe409ce88c46/polling-district/4f74197c-204a-45b4-9699-e68562c8cccc
Thistedkredsen,https://valg.dk/fv/847cec19-05ff-4eff-b433-f0e886b24b7d/nomination-district/423cee9a-0c66-4bcb-be9c-fe409ce88c46,Thorup,https://valg.dk/fv/847cec19-05ff-4eff-b433-f0e886b24b7d/nomination-district/423cee9a-0c66-4bcb-be9c-fe409ce88c46/polling-district/6c4363c3-e77f-4d17-9428-f7a08bda38c5
Thistedkredsen,https://valg.dk/fv/847cec19-05ff-4eff-b433-f0e886b24b7d/nomination-district/423cee9a-0c66-4bcb-be9c-fe409ce88c46,Tæbring,https://valg.dk/fv/847cec19-05ff-4eff-b433-f0e886b24b7d/nomination-district/423cee9a-0c66-4bcb-be9c-fe409ce88c46/polling-district/f562b532-50b0-4392-be16-b7cc4716da98
Thistedkredsen,https://valg.dk/fv/847cec19-05ff-4eff-b433-f0e886b24b7d/nomination-district/423cee9a-0c66-4bcb-be9c-fe409ce88c46,Tødsø,https://valg.dk/fv/847cec19-05ff-4eff-b433-f0e886b24b7d/nomination-district/423cee9a-0c66-4bcb-be9c-fe409ce88c46/polling-district/6d1476d1-df27-4e51-bfce-ff3835c6b544
Thistedkredsen,https://valg.dk/fv/847cec19-05ff-4eff-b433-f0e886b24b7d/nomination-district/423cee9a-0c66-4bcb-be9c-fe409ce88c46,Vang-Tvorup,https://valg.dk/fv/847cec19-05ff-4eff-b433-f0e886b24b7d/nomination-district/423cee9a-0c66-4bcb-be9c-fe409ce88c46/polling-district/d93c7169-03c7-4df4-9b5d-7497d4ff4b3f
Thistedkredsen,https://valg.dk/fv/847cec19-05ff-4eff-b433-f0e886b24b7d/nomination-district/423cee9a-0c66-4bcb-be9c-fe409ce88c46,Vestervig,https://valg.dk/fv/847cec19-05ff-4eff-b433-f0e886b24b7d/nomination-district/423cee9a-0c66-4bcb-be9c-fe409ce88c46/polling-district/3b70b433-2bea-4a1d-a8f5-a4300f8ca288
Thistedkredsen,https://valg.dk/fv/847cec19-05ff-4eff-b433-f0e886b24b7d/nomination-district/423cee9a-0c66-4bcb-be9c-fe409ce88c46,Vils,https://valg.dk/fv/847cec19-05ff-4eff-b433-f0e886b24b7d/nomination-district/423cee9a-0c66-4bcb-be9c-fe409ce88c46/polling-district/2292ff53-f1d5-460a-8a62-da7b4a2392b0
Thistedkredsen,https://valg.dk/fv/847cec19-05ff-4eff-b433-f0e886b24b7d/nomination-district/423cee9a-0c66-4bcb-be9c-fe409ce88c46,Vorupør,https://valg.dk/fv/847cec19-05ff-4eff-b433-f0e886b24b7d/nomination-district/423cee9a-0c66-4bcb-be9c-fe409ce88c46/polling-district/ca6ad6f8-f287-400c-9e38-dfdfcedddf41
Thistedkredsen,https://valg.dk/fv/847cec19-05ff-4eff-b433-f0e886b24b7d/nomination-district/423cee9a-0c66-4bcb-be9c-fe409ce88c46,Ydby,https://valg.dk/fv/847cec19-05ff-4eff-b433-f0e886b24b7d/nomination-district/423cee9a-0c66-4bcb-be9c-fe409ce88c46/polling-district/f2c1bc4d-6bc9-46c3-835a-ed9f6ed31397
Thistedkredsen,https://valg.dk/fv/847cec19-05ff-4eff-b433-f0e886b24b7d/nomination-district/423cee9a-0c66-4bcb-be9c-fe409ce88c46,Ø. Assels,https://valg.dk/fv/847cec19-05ff-4eff-b433-f0e886b24b7d/nomination-district/423cee9a-0c66-4bcb-be9c-fe409ce88c46/polling-district/caa5c392-9727-4bb6-8dc4-5388a27cdd51
Thistedkredsen,https://valg.dk/fv/847cec19-05ff-4eff-b433-f0e886b24b7d/nomination-district/423cee9a-0c66-4bcb-be9c-fe409ce88c46,Ø. Jølby,https://valg.dk/fv/847cec19-05ff-4eff-b433-f0e886b24b7d/nomination-district/423cee9a-0c66-4bcb-be9c-fe409ce88c46/polling-district/35bdf9db-d4b6-4248-b22f-bf40aab303cb
Thistedkredsen,https://valg.dk/fv/847cec19-05ff-4eff-b433-f0e886b24b7d/nomination-district/423cee9a-0c66-4bcb-be9c-fe409ce88c46,Ørding,https://valg.dk/fv/847cec19-05ff-4eff-b433-f0e886b24b7d/nomination-district/423cee9a-0c66-4bcb-be9c-fe409ce88c46/polling-district/41e48360-3fa2-4f87-97fd-03826eb7fe1c
Thistedkredsen,https://valg.dk/fv/847cec19-05ff-4eff-b433-f0e886b24b7d/nomination-district/423cee9a-0c66-4bcb-be9c-fe409ce88c46,"Øsløs, Vesløs Og Arup",https://valg.dk/fv/847cec19-05ff-4eff-b433-f0e886b24b7d/nomination-district/423cee9a-0c66-4bcb-be9c-fe409ce88c46/polling-district/afd469ec-4d34-46a8-b518-9e7016ffef83
Thistedkredsen,https://valg.dk/fv/847cec19-05ff-4eff-b433-f0e886b24b7d/nomination-district/423cee9a-0c66-4bcb-be9c-fe409ce88c46,"Østerild, Hunstrup",https://valg.dk/fv/847cec19-05ff-4eff-b433-f0e886b24b7d/nomination-district/423cee9a-0c66-4bcb-be9c-fe409ce88c46/polling-district/c07dfbfb-dd7f-4c5c-bd90-4f3f155f71c9
Tårnbykredsen,https://valg.dk/fv/847cec19-05ff-4eff-b433-f0e886b24b7d/nomination-district/3d7b439f-ecc2-4b4f-8132-361efea31bc9,Dragør Skole Syd,https://valg.dk/fv/847cec19-05ff-4eff-b433-f0e886b24b7d/nomination-district/3d7b439f-ecc2-4b4f-8132-361efea31bc9/polling-district/fd9d99cb-fcf3-4d56-98bc-56184a6c36ca
Tårnbykredsen,https://valg.dk/fv/847cec19-05ff-4eff-b433-f0e886b24b7d/nomination-district/3d7b439f-ecc2-4b4f-8132-361efea31bc9,Hollænderhallen,https://valg.dk/fv/847cec19-05ff-4eff-b433-f0e886b24b7d/nomination-district/3d7b439f-ecc2-4b4f-8132-361efea31bc9/polling-district/ee3c4c85-fde3-4dbe-ba84-d1bfbcbae933
Tårnbykredsen,https://valg.dk/fv/847cec19-05ff-4eff-b433-f0e886b24b7d/nomination-district/3d7b439f-ecc2-4b4f-8132-361efea31bc9,Kastrup,https://valg.dk/fv/847cec19-05ff-4eff-b433-f0e886b24b7d/nomination-district/3d7b439f-ecc2-4b4f-8132-361efea31bc9/polling-district/a6217cb3-ca7a-4ffe-a966-d4fca51a00a9
Tårnbykredsen,https://valg.dk/fv/847cec19-05ff-4eff-b433-f0e886b24b7d/nomination-district/3d7b439f-ecc2-4b4f-8132-361efea31bc9,Korsvejen,https://valg.dk/fv/847cec19-05ff-4eff-b433-f0e886b24b7d/nomination-district/3d7b439f-ecc2-4b4f-8132-361efea31bc9/polling-district/5f68d6f0-006e-4124-8d8f-ac8d0e5b9ea5
Tårnbykredsen,https://valg.dk/fv/847cec19-05ff-4eff-b433-f0e886b24b7d/nomination-district/3d7b439f-ecc2-4b4f-8132-361efea31bc9,Løjtegården,https://valg.dk/fv/847cec19-05ff-4eff-b433-f0e886b24b7d/nomination-district/3d7b439f-ecc2-4b4f-8132-361efea31bc9/polling-district/4d459287-1e75-4341-9e17-cfd77c64775a
Tårnbykredsen,https://valg.dk/fv/847cec19-05ff-4eff-b433-f0e886b24b7d/nomination-district/3d7b439f-ecc2-4b4f-8132-361efea31bc9,Pilegården,https://valg.dk/fv/847cec19-05ff-4eff-b433-f0e886b24b7d/nomination-district/3d7b439f-ecc2-4b4f-8132-361efea31bc9/polling-district/db6a36f7-fff3-4573-a9dd-35efeda7a1c7
Tårnbykredsen,https://valg.dk/fv/847cec19-05ff-4eff-b433-f0e886b24b7d/nomination-district/3d7b439f-ecc2-4b4f-8132-361efea31bc9,Tårnby,https://valg.dk/fv/847cec19-05ff-4eff-b433-f0e886b24b7d/nomination-district/3d7b439f-ecc2-4b4f-8132-361efea31bc9/polling-district/26fee29a-c6af-4b3e-a976-1dbe0b2ea971
Tårnbykredsen,https://valg.dk/fv/847cec19-05ff-4eff-b433-f0e886b24b7d/nomination-district/3d7b439f-ecc2-4b4f-8132-361efea31bc9,Vestamager,https://valg.dk/fv/847cec19-05ff-4eff-b433-f0e886b24b7d/nomination-district/3d7b439f-ecc2-4b4f-8132-361efea31bc9/polling-district/242c80b0-f9a0-44df-b29d-3d9189094b39
Tønderkredsen,https://valg.dk/fv/847cec19-05ff-4eff-b433-f0e886b24b7d/nomination-district/bb6f5508-0e14-445c-aa81-e58c9ebcf751,Abild,https://valg.dk/fv/847cec19-05ff-4eff-b433-f0e886b24b7d/nomination-district/bb6f5508-0e14-445c-aa81-e58c9ebcf751/polling-district/e2403431-71ac-4787-82a6-ab88fb7385d8
Tønderkredsen,https://valg.dk/fv/847cec19-05ff-4eff-b433-f0e886b24b7d/nomination-district/bb6f5508-0e14-445c-aa81-e58c9ebcf751,Agerskov,https://valg.dk/fv/847cec19-05ff-4eff-b433-f0e886b24b7d/nomination-district/bb6f5508-0e14-445c-aa81-e58c9ebcf751/polling-district/dbcb4ad2-c598-4175-b07f-038e24ed0606
Tønderkredsen,https://valg.dk/fv/847cec19-05ff-4eff-b433-f0e886b24b7d/nomination-district/bb6f5508-0e14-445c-aa81-e58c9ebcf751,Arrild,https://valg.dk/fv/847cec19-05ff-4eff-b433-f0e886b24b7d/nomination-district/bb6f5508-0e14-445c-aa81-e58c9ebcf751/polling-district/34cb744b-1ad3-46c7-bbbb-777541d505b2
Tønderkredsen,https://valg.dk/fv/847cec19-05ff-4eff-b433-f0e886b24b7d/nomination-district/bb6f5508-0e14-445c-aa81-e58c9ebcf751,Ballum,https://valg.dk/fv/847cec19-05ff-4eff-b433-f0e886b24b7d/nomination-district/bb6f5508-0e14-445c-aa81-e58c9ebcf751/polling-district/9ee78487-7d09-4ef6-9e2e-5ef9c1789fea
Tønderkredsen,https://valg.dk/fv/847cec19-05ff-4eff-b433-f0e886b24b7d/nomination-district/bb6f5508-0e14-445c-aa81-e58c9ebcf751,Bedsted,https://valg.dk/fv/847cec19-05ff-4eff-b433-f0e886b24b7d/nomination-district/bb6f5508-0e14-445c-aa81-e58c9ebcf751/polling-district/e01e0e07-3698-46b4-b952-ee705e80c3e4
Tønderkredsen,https://valg.dk/fv/847cec19-05ff-4eff-b433-f0e886b24b7d/nomination-district/bb6f5508-0e14-445c-aa81-e58c9ebcf751,Branderup,https://valg.dk/fv/847cec19-05ff-4eff-b433-f0e886b24b7d/nomination-district/bb6f5508-0e14-445c-aa81-e58c9ebcf751/polling-district/ef266cc2-0b83-4e5e-a3c8-b95c389aacd8
Tønderkredsen,https://valg.dk/fv/847cec19-05ff-4eff-b433-f0e886b24b7d/nomination-district/bb6f5508-0e14-445c-aa81-e58c9ebcf751,Bredebro,https://valg.dk/fv/847cec19-05ff-4eff-b433-f0e886b24b7d/nomination-district/bb6f5508-0e14-445c-aa81-e58c9ebcf751/polling-district/8d1577e4-219c-456e-95b1-da5ff9a32fb7
Tønderkredsen,https://valg.dk/fv/847cec19-05ff-4eff-b433-f0e886b24b7d/nomination-district/bb6f5508-0e14-445c-aa81-e58c9ebcf751,Brøns,https://valg.dk/fv/847cec19-05ff-4eff-b433-f0e886b24b7d/nomination-district/bb6f5508-0e14-445c-aa81-e58c9ebcf751/polling-district/4d24b8c4-014c-4d30-b7c5-49ee1cd22399
Tønderkredsen,https://valg.dk/fv/847cec19-05ff-4eff-b433-f0e886b24b7d/nomination-district/bb6f5508-0e14-445c-aa81-e58c9ebcf751,Døstrup,https://valg.dk/fv/847cec19-05ff-4eff-b433-f0e886b24b7d/nomination-district/bb6f5508-0e14-445c-aa81-e58c9ebcf751/polling-district/4c1a28b4-c27c-47fc-8fbc-d7fc05a56763
Tønderkredsen,https://valg.dk/fv/847cec19-05ff-4eff-b433-f0e886b24b7d/nomination-district/bb6f5508-0e14-445c-aa81-e58c9ebcf751,Hostrup,https://valg.dk/fv/847cec19-05ff-4eff-b433-f0e886b24b7d/nomination-district/bb6f5508-0e14-445c-aa81-e58c9ebcf751/polling-district/31cfee7f-5591-4077-9786-0f783e2722d1
Tønderkredsen,https://valg.dk/fv/847cec19-05ff-4eff-b433-f0e886b24b7d/nomination-district/bb6f5508-0e14-445c-aa81-e58c9ebcf751,Højer,https://valg.dk/fv/847cec19-05ff-4eff-b433-f0e886b24b7d/nomination-district/bb6f5508-0e14-445c-aa81-e58c9ebcf751/polling-district/3d720092-903e-434e-a703-a420fd790d70
Tønderkredsen,https://valg.dk/fv/847cec19-05ff-4eff-b433-f0e886b24b7d/nomination-district/bb6f5508-0e14-445c-aa81-e58c9ebcf751,Løgumkloster,https://valg.dk/fv/847cec19-05ff-4eff-b433-f0e886b24b7d/nomination-district/bb6f5508-0e14-445c-aa81-e58c9ebcf751/polling-district/59a9f896-0756-4592-9219-3f18b6e7ccbb
Tønderkredsen,https://valg.dk/fv/847cec19-05ff-4eff-b433-f0e886b24b7d/nomination-district/bb6f5508-0e14-445c-aa81-e58c9ebcf751,Møgeltønder,https://valg.dk/fv/847cec19-05ff-4eff-b433-f0e886b24b7d/nomination-district/bb6f5508-0e14-445c-aa81-e58c9ebcf751/polling-district/dd15d319-addf-43a7-abf6-b8829a54a83b
Tønderkredsen,https://valg.dk/fv/847cec19-05ff-4eff-b433-f0e886b24b7d/nomination-district/bb6f5508-0e14-445c-aa81-e58c9ebcf751,Nr. Løgum,https://valg.dk/fv/847cec19-05ff-4eff-b433-f0e886b24b7d/nomination-district/bb6f5508-0e14-445c-aa81-e58c9ebcf751/polling-district/42bbed32-36f2-4c3d-985f-832a6e6d7d1a
Tønderkredsen,https://valg.dk/fv/847cec19-05ff-4eff-b433-f0e886b24b7d/nomination-district/bb6f5508-0e14-445c-aa81-e58c9ebcf751,Rømø,https://valg.dk/fv/847cec19-05ff-4eff-b433-f0e886b24b7d/nomination-district/bb6f5508-0e14-445c-aa81-e58c9ebcf751/polling-district/5bd32d57-5803-46e3-a0a9-294f20d04fbf
Tønderkredsen,https://valg.dk/fv/847cec19-05ff-4eff-b433-f0e886b24b7d/nomination-district/bb6f5508-0e14-445c-aa81-e58c9ebcf751,Sdr. Sejerslev,https://valg.dk/fv/847cec19-05ff-4eff-b433-f0e886b24b7d/nomination-district/bb6f5508-0e14-445c-aa81-e58c9ebcf751/polling-district/e2531d0f-0913-4556-b063-b90bf62cef34
Tønderkredsen,https://valg.dk/fv/847cec19-05ff-4eff-b433-f0e886b24b7d/nomination-district/bb6f5508-0e14-445c-aa81-e58c9ebcf751,Skærbæk,https://valg.dk/fv/847cec19-05ff-4eff-b433-f0e886b24b7d/nomination-district/bb6f5508-0e14-445c-aa81-e58c9ebcf751/polling-district/66687820-26c4-4b78-a897-7a4dbf07088c
Tønderkredsen,https://valg.dk/fv/847cec19-05ff-4eff-b433-f0e886b24b7d/nomination-district/bb6f5508-0e14-445c-aa81-e58c9ebcf751,Toftlund,https://valg.dk/fv/847cec19-05ff-4eff-b433-f0e886b24b7d/nomination-district/bb6f5508-0e14-445c-aa81-e58c9ebcf751/polling-district/cb0df2fe-1045-45bb-89ac-8b5661e9a46e
Tønderkredsen,https://valg.dk/fv/847cec19-05ff-4eff-b433-f0e886b24b7d/nomination-district/bb6f5508-0e14-445c-aa81-e58c9ebcf751,Tønder,https://valg.dk/fv/847cec19-05ff-4eff-b433-f0e886b24b7d/nomination-district/bb6f5508-0e14-445c-aa81-e58c9ebcf751/polling-district/9ea5e8d4-da9b-4c3c-8bc4-a1651f865f2e
Tønderkredsen,https://valg.dk/fv/847cec19-05ff-4eff-b433-f0e886b24b7d/nomination-district/bb6f5508-0e14-445c-aa81-e58c9ebcf751,Visby,https://valg.dk/fv/847cec19-05ff-4eff-b433-f0e886b24b7d/nomination-district/bb6f5508-0e14-445c-aa81-e58c9ebcf751/polling-district/12f7d4f4-58f2-4fa7-b928-18050cd91a57
Tønderkredsen,https://valg.dk/fv/847cec19-05ff-4eff-b433-f0e886b24b7d/nomination-district/bb6f5508-0e14-445c-aa81-e58c9ebcf751,Vodder,https://valg.dk/fv/847cec19-05ff-4eff-b433-f0e886b24b7d/nomination-district/bb6f5508-0e14-445c-aa81-e58c9ebcf751/polling-district/4bc1d94f-9581-4957-b2cf-37969501aa84
Tønderkredsen,https://valg.dk/fv/847cec19-05ff-4eff-b433-f0e886b24b7d/nomination-district/bb6f5508-0e14-445c-aa81-e58c9ebcf751,Øster Højst,https://valg.dk/fv/847cec19-05ff-4eff-b433-f0e886b24b7d/nomination-district/bb6f5508-0e14-445c-aa81-e58c9ebcf751/polling-district/a97972cf-04cf-42c7-ac96-1d9d9d3df79c
Valbykredsen,https://valg.dk/fv/847cec19-05ff-4eff-b433-f0e886b24b7d/nomination-district/427acdf7-149c-49ee-841e-f6b0783ddc88,8. Midt,https://valg.dk/fv/847cec19-05ff-4eff-b433-f0e886b24b7d/nomination-district/427acdf7-149c-49ee-841e-f6b0783ddc88/polling-district/0c9025b2-f862-4880-b87c-6ebc323a2595
Valbykredsen,https://valg.dk/fv/847cec19-05ff-4eff-b433-f0e886b24b7d/nomination-district/427acdf7-149c-49ee-841e-f6b0783ddc88,8. Nord,https://valg.dk/fv/847cec19-05ff-4eff-b433-f0e886b24b7d/nomination-district/427acdf7-149c-49ee-841e-f6b0783ddc88/polling-district/514eea8d-94c4-4ccf-abc9-1b3fa548d620
Valbykredsen,https://valg.dk/fv/847cec19-05ff-4eff-b433-f0e886b24b7d/nomination-district/427acdf7-149c-49ee-841e-f6b0783ddc88,8. Syd,https://valg.dk/fv/847cec19-05ff-4eff-b433-f0e886b24b7d/nomination-district/427acdf7-149c-49ee-841e-f6b0783ddc88/polling-district/3c7b61b4-44e6-4098-9d1c-788909010b57
Valbykredsen,https://valg.dk/fv/847cec19-05ff-4eff-b433-f0e886b24b7d/nomination-district/427acdf7-149c-49ee-841e-f6b0783ddc88,8. Sydøst,https://valg.dk/fv/847cec19-05ff-4eff-b433-f0e886b24b7d/nomination-district/427acdf7-149c-49ee-841e-f6b0783ddc88/polling-district/462bde2a-b2fc-44ac-9b2b-cfcd68adadcb
Valbykredsen,https://valg.dk/fv/847cec19-05ff-4eff-b433-f0e886b24b7d/nomination-district/427acdf7-149c-49ee-841e-f6b0783ddc88,8. Valby,https://valg.dk/fv/847cec19-05ff-4eff-b433-f0e886b24b7d/nomination-district/427acdf7-149c-49ee-841e-f6b0783ddc88/polling-district/056627a0-551b-4f9a-9da1-790713946fcc
Valbykredsen,https://valg.dk/fv/847cec19-05ff-4eff-b433-f0e886b24b7d/nomination-district/427acdf7-149c-49ee-841e-f6b0783ddc88,8. Vest,https://valg.dk/fv/847cec19-05ff-4eff-b433-f0e886b24b7d/nomination-district/427acdf7-149c-49ee-841e-f6b0783ddc88/polling-district/35e05964-c3d0-4a3c-b49a-9ed1eb3cd5ae
Vardekredsen,https://valg.dk/fv/847cec19-05ff-4eff-b433-f0e886b24b7d/nomination-district/d1eef675-8c08-4403-a11d-3b1824d21e42,Agerbæk,https://valg.dk/fv/847cec19-05ff-4eff-b433-f0e886b24b7d/nomination-district/d1eef675-8c08-4403-a11d-3b1824d21e42/polling-district/9510ebb0-7d68-4544-8e59-e9ddfda76d70
Vardekredsen,https://valg.dk/fv/847cec19-05ff-4eff-b433-f0e886b24b7d/nomination-district/d1eef675-8c08-4403-a11d-3b1824d21e42,Alslev,https://valg.dk/fv/847cec19-05ff-4eff-b433-f0e886b24b7d/nomination-district/d1eef675-8c08-4403-a11d-3b1824d21e42/polling-district/c3654d9d-3e33-4364-a288-2175afa73a8e
Vardekredsen,https://valg.dk/fv/847cec19-05ff-4eff-b433-f0e886b24b7d/nomination-district/d1eef675-8c08-4403-a11d-3b1824d21e42,Ansager,https://valg.dk/fv/847cec19-05ff-4eff-b433-f0e886b24b7d/nomination-district/d1eef675-8c08-4403-a11d-3b1824d21e42/polling-district/9ddcb572-5ba8-4dd9-b21f-dcac5f5c6c06
Vardekredsen,https://valg.dk/fv/847cec19-05ff-4eff-b433-f0e886b24b7d/nomination-district/d1eef675-8c08-4403-a11d-3b1824d21e42,Billum,https://valg.dk/fv/847cec19-05ff-4eff-b433-f0e886b24b7d/nomination-district/d1eef675-8c08-4403-a11d-3b1824d21e42/polling-district/b009201d-8b9c-412b-a714-ade626a6ff9e
Vardekredsen,https://valg.dk/fv/847cec19-05ff-4eff-b433-f0e886b24b7d/nomination-district/d1eef675-8c08-4403-a11d-3b1824d21e42,Blåvand,https://valg.dk/fv/847cec19-05ff-4eff-b433-f0e886b24b7d/nomination-district/d1eef675-8c08-4403-a11d-3b1824d21e42/polling-district/cd8933b5-9a11-457b-a5de-0cec1dd44b37
Vardekredsen,https://valg.dk/fv/847cec19-05ff-4eff-b433-f0e886b24b7d/nomination-district/d1eef675-8c08-4403-a11d-3b1824d21e42,Fåborg,https://valg.dk/fv/847cec19-05ff-4eff-b433-f0e886b24b7d/nomination-district/d1eef675-8c08-4403-a11d-3b1824d21e42/polling-district/60d1e004-e950-4f21-9e61-9c922e330cb4
Vardekredsen,https://valg.dk/fv/847cec19-05ff-4eff-b433-f0e886b24b7d/nomination-district/d1eef675-8c08-4403-a11d-3b1824d21e42,Henne,https://valg.dk/fv/847cec19-05ff-4eff-b433-f0e886b24b7d/nomination-district/d1eef675-8c08-4403-a11d-3b1824d21e42/polling-district/eb904fa9-74cc-405b-aaf6-079423ded06c
Vardekredsen,https://valg.dk/fv/847cec19-05ff-4eff-b433-f0e886b24b7d/nomination-district/d1eef675-8c08-4403-a11d-3b1824d21e42,Horne,https://valg.dk/fv/847cec19-05ff-4eff-b433-f0e886b24b7d/nomination-district/d1eef675-8c08-4403-a11d-3b1824d21e42/polling-district/9fcd38db-af84-40d4-9d42-f13e7a15d59c
Vardekredsen,https://valg.dk/fv/847cec19-05ff-4eff-b433-f0e886b24b7d/nomination-district/d1eef675-8c08-4403-a11d-3b1824d21e42,Janderup,https://valg.dk/fv/847cec19-05ff-4eff-b433-f0e886b24b7d/nomination-district/d1eef675-8c08-4403-a11d-3b1824d21e42/polling-district/b23f7c4f-809a-49e8-a688-80995f7314d8
Vardekredsen,https://valg.dk/fv/847cec19-05ff-4eff-b433-f0e886b24b7d/nomination-district/d1eef675-8c08-4403-a11d-3b1824d21e42,Lunde,https://valg.dk/fv/847cec19-05ff-4eff-b433-f0e886b24b7d/nomination-district/d1eef675-8c08-4403-a11d-3b1824d21e42/polling-district/d7560ece-e0fd-4327-bd5d-7c3f80398fc8
Vardekredsen,https://valg.dk/fv/847cec19-05ff-4eff-b433-f0e886b24b7d/nomination-district/d1eef675-8c08-4403-a11d-3b1824d21e42,Nordenskov,https://valg.dk/fv/847cec19-05ff-4eff-b433-f0e886b24b7d/nomination-district/d1eef675-8c08-4403-a11d-3b1824d21e42/polling-district/a2b515e5-e2de-43ec-8313-0df5a4adb299
Vardekredsen,https://valg.dk/fv/847cec19-05ff-4eff-b433-f0e886b24b7d/nomination-district/d1eef675-8c08-4403-a11d-3b1824d21e42,Næsbjerg,https://valg.dk/fv/847cec19-05ff-4eff-b433-f0e886b24b7d/nomination-district/d1eef675-8c08-4403-a11d-3b1824d21e42/polling-district/fd441201-3182-4dcc-8fba-e469bb961a70
Vardekredsen,https://valg.dk/fv/847cec19-05ff-4eff-b433-f0e886b24b7d/nomination-district/d1eef675-8c08-4403-a11d-3b1824d21e42,Nørre Nebel,https://valg.dk/fv/847cec19-05ff-4eff-b433-f0e886b24b7d/nomination-district/d1eef675-8c08-4403-a11d-3b1824d21e42/polling-district/c0669bee-8be9-4fff-a6c9-8cf7a019ee7b
Vardekredsen,https://valg.dk/fv/847cec19-05ff-4eff-b433-f0e886b24b7d/nomination-district/d1eef675-8c08-4403-a11d-3b1824d21e42,Oksbøl,https://valg.dk/fv/847cec19-05ff-4eff-b433-f0e886b24b7d/nomination-district/d1eef675-8c08-4403-a11d-3b1824d21e42/polling-district/637e8b28-de71-4e58-856a-247135d0c65e
Vardekredsen,https://valg.dk/fv/847cec19-05ff-4eff-b433-f0e886b24b7d/nomination-district/d1eef675-8c08-4403-a11d-3b1824d21e42,Outrup,https://valg.dk/fv/847cec19-05ff-4eff-b433-f0e886b24b7d/nomination-district/d1eef675-8c08-4403-a11d-3b1824d21e42/polling-district/4585988a-07b6-4fd3-a15e-6e7e3977c18c
Vardekredsen,https://valg.dk/fv/847cec19-05ff-4eff-b433-f0e886b24b7d/nomination-district/d1eef675-8c08-4403-a11d-3b1824d21e42,Sig,https://valg.dk/fv/847cec19-05ff-4eff-b433-f0e886b24b7d/nomination-district/d1eef675-8c08-4403-a11d-3b1824d21e42/polling-district/6b405c33-50bc-4e36-8e03-a6e0dad90fa7
Vardekredsen,https://valg.dk/fv/847cec19-05ff-4eff-b433-f0e886b24b7d/nomination-district/d1eef675-8c08-4403-a11d-3b1824d21e42,Skovlund,https://valg.dk/fv/847cec19-05ff-4eff-b433-f0e886b24b7d/nomination-district/d1eef675-8c08-4403-a11d-3b1824d21e42/polling-district/0fcbf6ca-20be-4fc6-a936-7747cb0faeb0
Vardekredsen,https://valg.dk/fv/847cec19-05ff-4eff-b433-f0e886b24b7d/nomination-district/d1eef675-8c08-4403-a11d-3b1824d21e42,Starup,https://valg.dk/fv/847cec19-05ff-4eff-b433-f0e886b24b7d/nomination-district/d1eef675-8c08-4403-a11d-3b1824d21e42/polling-district/67af1489-5f0a-4a43-9c0f-edae383a3410
Vardekredsen,https://valg.dk/fv/847cec19-05ff-4eff-b433-f0e886b24b7d/nomination-district/d1eef675-8c08-4403-a11d-3b1824d21e42,Tinghøj,https://valg.dk/fv/847cec19-05ff-4eff-b433-f0e886b24b7d/nomination-district/d1eef675-8c08-4403-a11d-3b1824d21e42/polling-district/562aa481-db3e-43f7-9ee0-0a26c5531c43
Vardekredsen,https://valg.dk/fv/847cec19-05ff-4eff-b433-f0e886b24b7d/nomination-district/d1eef675-8c08-4403-a11d-3b1824d21e42,Tistrup,https://valg.dk/fv/847cec19-05ff-4eff-b433-f0e886b24b7d/nomination-district/d1eef675-8c08-4403-a11d-3b1824d21e42/polling-district/324ea9bb-efbf-473a-9bb8-46dd1090474a
Vardekredsen,https://valg.dk/fv/847cec19-05ff-4eff-b433-f0e886b24b7d/nomination-district/d1eef675-8c08-4403-a11d-3b1824d21e42,Varde By,https://valg.dk/fv/847cec19-05ff-4eff-b433-f0e886b24b7d/nomination-district/d1eef675-8c08-4403-a11d-3b1824d21e42/polling-district/4ee4eaba-e702-466f-a660-bd0395932cac
Vardekredsen,https://valg.dk/fv/847cec19-05ff-4eff-b433-f0e886b24b7d/nomination-district/d1eef675-8c08-4403-a11d-3b1824d21e42,Årre,https://valg.dk/fv/847cec19-05ff-4eff-b433-f0e886b24b7d/nomination-district/d1eef675-8c08-4403-a11d-3b1824d21e42/polling-district/a278952d-e9e1-4bfd-bbd1-1fcde5c8add6
Vardekredsen,https://valg.dk/fv/847cec19-05ff-4eff-b433-f0e886b24b7d/nomination-district/d1eef675-8c08-4403-a11d-3b1824d21e42,Ølgod,https://valg.dk/fv/847cec19-05ff-4eff-b433-f0e886b24b7d/nomination-district/d1eef675-8c08-4403-a11d-3b1824d21e42/polling-district/b89aa316-ed55-4ae5-b155-ff2bcc78789e
Vejenkredsen,https://valg.dk/fv/847cec19-05ff-4eff-b433-f0e886b24b7d/nomination-district/b4741f20-9d7f-49cc-b638-68899d6ae09f,Andst,https://valg.dk/fv/847cec19-05ff-4eff-b433-f0e886b24b7d/nomination-district/b4741f20-9d7f-49cc-b638-68899d6ae09f/polling-district/c9639f07-c4f8-44c5-a8a8-4fed4286b51c
Vejenkredsen,https://valg.dk/fv/847cec19-05ff-4eff-b433-f0e886b24b7d/nomination-district/b4741f20-9d7f-49cc-b638-68899d6ae09f,Askov-Malt,https://valg.dk/fv/847cec19-05ff-4eff-b433-f0e886b24b7d/nomination-district/b4741f20-9d7f-49cc-b638-68899d6ae09f/polling-district/9d37c3d3-2e74-4bbb-bdca-8c6e7376a63d
Vejenkredsen,https://valg.dk/fv/847cec19-05ff-4eff-b433-f0e886b24b7d/nomination-district/b4741f20-9d7f-49cc-b638-68899d6ae09f,Billund,https://valg.dk/fv/847cec19-05ff-4eff-b433-f0e886b24b7d/nomination-district/b4741f20-9d7f-49cc-b638-68899d6ae09f/polling-district/97177ea7-7c04-494f-995a-4ac21d6db35c
Vejenkredsen,https://valg.dk/fv/847cec19-05ff-4eff-b433-f0e886b24b7d/nomination-district/b4741f20-9d7f-49cc-b638-68899d6ae09f,Brørup,https://valg.dk/fv/847cec19-05ff-4eff-b433-f0e886b24b7d/nomination-district/b4741f20-9d7f-49cc-b638-68899d6ae09f/polling-district/89fd627f-f8e1-4ebd-af5b-b66fc7dd499a
Vejenkredsen,https://valg.dk/fv/847cec19-05ff-4eff-b433-f0e886b24b7d/nomination-district/b4741f20-9d7f-49cc-b638-68899d6ae09f,Bække,https://valg.dk/fv/847cec19-05ff-4eff-b433-f0e886b24b7d/nomination-district/b4741f20-9d7f-49cc-b638-68899d6ae09f/polling-district/2b64c860-cdd6-4699-85d7-2bb84125b2b8
Vejenkredsen,https://valg.dk/fv/847cec19-05ff-4eff-b433-f0e886b24b7d/nomination-district/b4741f20-9d7f-49cc-b638-68899d6ae09f,Filskov,https://valg.dk/fv/847cec19-05ff-4eff-b433-f0e886b24b7d/nomination-district/b4741f20-9d7f-49cc-b638-68899d6ae09f/polling-district/a1910398-6efd-4b1a-9a11-b9961b089038
Vejenkredsen,https://valg.dk/fv/847cec19-05ff-4eff-b433-f0e886b24b7d/nomination-district/b4741f20-9d7f-49cc-b638-68899d6ae09f,Føvling,https://valg.dk/fv/847cec19-05ff-4eff-b433-f0e886b24b7d/nomination-district/b4741f20-9d7f-49cc-b638-68899d6ae09f/polling-district/e13b6e89-b21d-4692-b3b9-af6ce111b38e
Vejenkredsen,https://valg.dk/fv/847cec19-05ff-4eff-b433-f0e886b24b7d/nomination-district/b4741f20-9d7f-49cc-b638-68899d6ae09f,Gesten,https://valg.dk/fv/847cec19-05ff-4eff-b433-f0e886b24b7d/nomination-district/b4741f20-9d7f-49cc-b638-68899d6ae09f/polling-district/864eb470-9166-4f71-a84b-d90f2831fcd4
Vejenkredsen,https://valg.dk/fv/847cec19-05ff-4eff-b433-f0e886b24b7d/nomination-district/b4741f20-9d7f-49cc-b638-68899d6ae09f,Glejbjerg,https://valg.dk/fv/847cec19-05ff-4eff-b433-f0e886b24b7d/nomination-district/b4741f20-9d7f-49cc-b638-68899d6ae09f/polling-district/5b89f0f1-f02f-4836-bc8c-cb0c9d65e8af
Vejenkredsen,https://valg.dk/fv/847cec19-05ff-4eff-b433-f0e886b24b7d/nomination-district/b4741f20-9d7f-49cc-b638-68899d6ae09f,Grindsted,https://valg.dk/fv/847cec19-05ff-4eff-b433-f0e886b24b7d/nomination-district/b4741f20-9d7f-49cc-b638-68899d6ae09f/polling-district/a6000235-f625-4834-b43f-d4a87e16c6b2
Vejenkredsen,https://valg.dk/fv/847cec19-05ff-4eff-b433-f0e886b24b7d/nomination-district/b4741f20-9d7f-49cc-b638-68899d6ae09f,Hejnsvig,https://valg.dk/fv/847cec19-05ff-4eff-b433-f0e886b24b7d/nomination-district/b4741f20-9d7f-49cc-b638-68899d6ae09f/polling-district/c0ee4df3-6369-4bd5-989a-145b0fcd887d
Vejenkredsen,https://valg.dk/fv/847cec19-05ff-4eff-b433-f0e886b24b7d/nomination-district/b4741f20-9d7f-49cc-b638-68899d6ae09f,Holsted,https://valg.dk/fv/847cec19-05ff-4eff-b433-f0e886b24b7d/nomination-district/b4741f20-9d7f-49cc-b638-68899d6ae09f/polling-district/40879524-8879-42c3-9fee-ededb3dd934b
Vejenkredsen,https://valg.dk/fv/847cec19-05ff-4eff-b433-f0e886b24b7d/nomination-district/b4741f20-9d7f-49cc-b638-68899d6ae09f,Hovborg,https://valg.dk/fv/847cec19-05ff-4eff-b433-f0e886b24b7d/nomination-district/b4741f20-9d7f-49cc-b638-68899d6ae09f/polling-district/18894fe8-ff76-4e91-a5ab-95063aae2449
Vejenkredsen,https://valg.dk/fv/847cec19-05ff-4eff-b433-f0e886b24b7d/nomination-district/b4741f20-9d7f-49cc-b638-68899d6ae09f,Jels,https://valg.dk/fv/847cec19-05ff-4eff-b433-f0e886b24b7d/nomination-district/b4741f20-9d7f-49cc-b638-68899d6ae09f/polling-district/5e9c8ce1-3e79-4b29-a8e0-58ac7f096904
Vejenkredsen,https://valg.dk/fv/847cec19-05ff-4eff-b433-f0e886b24b7d/nomination-district/b4741f20-9d7f-49cc-b638-68899d6ae09f,Københoved,https://valg.dk/fv/847cec19-05ff-4eff-b433-f0e886b24b7d/nomination-district/b4741f20-9d7f-49cc-b638-68899d6ae09f/polling-district/16b39ff4-0bc3-42b2-9385-824422447b48
Vejenkredsen,https://valg.dk/fv/847cec19-05ff-4eff-b433-f0e886b24b7d/nomination-district/b4741f20-9d7f-49cc-b638-68899d6ae09f,Lindknud,https://valg.dk/fv/847cec19-05ff-4eff-b433-f0e886b24b7d/nomination-district/b4741f20-9d7f-49cc-b638-68899d6ae09f/polling-district/62e64654-132a-44fb-91fb-625b31719f23
Vejenkredsen,https://valg.dk/fv/847cec19-05ff-4eff-b433-f0e886b24b7d/nomination-district/b4741f20-9d7f-49cc-b638-68899d6ae09f,Lintrup,https://valg.dk/fv/847cec19-05ff-4eff-b433-f0e886b24b7d/nomination-district/b4741f20-9d7f-49cc-b638-68899d6ae09f/polling-district/346d0e84-683b-48e7-905f-545428559743
Vejenkredsen,https://valg.dk/fv/847cec19-05ff-4eff-b433-f0e886b24b7d/nomination-district/b4741f20-9d7f-49cc-b638-68899d6ae09f,Læborg,https://valg.dk/fv/847cec19-05ff-4eff-b433-f0e886b24b7d/nomination-district/b4741f20-9d7f-49cc-b638-68899d6ae09f/polling-district/d396974d-c598-45b4-a3c0-f451d99760a0
Vejenkredsen,https://valg.dk/fv/847cec19-05ff-4eff-b433-f0e886b24b7d/nomination-district/b4741f20-9d7f-49cc-b638-68899d6ae09f,Rødding,https://valg.dk/fv/847cec19-05ff-4eff-b433-f0e886b24b7d/nomination-district/b4741f20-9d7f-49cc-b638-68899d6ae09f/polling-district/1b5d65c0-e12d-413a-abf8-18a115142ba1
Vejenkredsen,https://valg.dk/fv/847cec19-05ff-4eff-b433-f0e886b24b7d/nomination-district/b4741f20-9d7f-49cc-b638-68899d6ae09f,Sdr. Hygum,https://valg.dk/fv/847cec19-05ff-4eff-b433-f0e886b24b7d/nomination-district/b4741f20-9d7f-49cc-b638-68899d6ae09f/polling-district/92b21ede-67e6-458e-a876-2db66bedbd6f
Vejenkredsen,https://valg.dk/fv/847cec19-05ff-4eff-b433-f0e886b24b7d/nomination-district/b4741f20-9d7f-49cc-b638-68899d6ae09f,Sdr. Omme,https://valg.dk/fv/847cec19-05ff-4eff-b433-f0e886b24b7d/nomination-district/b4741f20-9d7f-49cc-b638-68899d6ae09f/polling-district/1e586361-5e48-41c5-bba1-ac85c95b6f4e
Vejenkredsen,https://valg.dk/fv/847cec19-05ff-4eff-b433-f0e886b24b7d/nomination-district/b4741f20-9d7f-49cc-b638-68899d6ae09f,Skodborg,https://valg.dk/fv/847cec19-05ff-4eff-b433-f0e886b24b7d/nomination-district/b4741f20-9d7f-49cc-b638-68899d6ae09f/polling-district/72c02b63-322f-4742-ad46-36f41786b03e
Vejenkredsen,https://valg.dk/fv/847cec19-05ff-4eff-b433-f0e886b24b7d/nomination-district/b4741f20-9d7f-49cc-b638-68899d6ae09f,St./Krogager,https://valg.dk/fv/847cec19-05ff-4eff-b433-f0e886b24b7d/nomination-district/b4741f20-9d7f-49cc-b638-68899d6ae09f/polling-district/3049c319-1bb6-4c09-9ccc-250d1d5bd32e
Vejenkredsen,https://valg.dk/fv/847cec19-05ff-4eff-b433-f0e886b24b7d/nomination-district/b4741f20-9d7f-49cc-b638-68899d6ae09f,Vejen,https://valg.dk/fv/847cec19-05ff-4eff-b433-f0e886b24b7d/nomination-district/b4741f20-9d7f-49cc-b638-68899d6ae09f/polling-district/e1daa7b0-7c0c-4364-8bcb-96838677f014
Vejenkredsen,https://valg.dk/fv/847cec19-05ff-4eff-b433-f0e886b24b7d/nomination-district/b4741f20-9d7f-49cc-b638-68899d6ae09f,Vorbasse,https://valg.dk/fv/847cec19-05ff-4eff-b433-f0e886b24b7d/nomination-district/b4741f20-9d7f-49cc-b638-68899d6ae09f/polling-district/9c1f17c4-5442-4e2f-b0e9-4f4bf9dc5de2
Vejenkredsen,https://valg.dk/fv/847cec19-05ff-4eff-b433-f0e886b24b7d/nomination-district/b4741f20-9d7f-49cc-b638-68899d6ae09f,Øster Lindet,https://valg.dk/fv/847cec19-05ff-4eff-b433-f0e886b24b7d/nomination-district/b4741f20-9d7f-49cc-b638-68899d6ae09f/polling-district/d33d3b93-cdd2-433f-ade4-91cf5220527f
Vejle Nordkredsen,https://valg.dk/fv/847cec19-05ff-4eff-b433-f0e886b24b7d/nomination-district/351806a9-006f-4a87-b176-8ca7c2af3565,Bredsten Nord,https://valg.dk/fv/847cec19-05ff-4eff-b433-f0e886b24b7d/nomination-district/351806a9-006f-4a87-b176-8ca7c2af3565/polling-district/cf86d8cb-6052-4410-a99e-18ecab3ce76d
Vejle Nordkredsen,https://valg.dk/fv/847cec19-05ff-4eff-b433-f0e886b24b7d/nomination-district/351806a9-006f-4a87-b176-8ca7c2af3565,Engum Nord,https://valg.dk/fv/847cec19-05ff-4eff-b433-f0e886b24b7d/nomination-district/351806a9-006f-4a87-b176-8ca7c2af3565/polling-district/556cafe3-0845-4282-8fdc-6113195965e3
Vejle Nordkredsen,https://valg.dk/fv/847cec19-05ff-4eff-b433-f0e886b24b7d/nomination-district/351806a9-006f-4a87-b176-8ca7c2af3565,Gadbjerg Nord,https://valg.dk/fv/847cec19-05ff-4eff-b433-f0e886b24b7d/nomination-district/351806a9-006f-4a87-b176-8ca7c2af3565/polling-district/cb7c474b-c161-4180-8542-67ecc180fd72
Vejle Nordkredsen,https://valg.dk/fv/847cec19-05ff-4eff-b433-f0e886b24b7d/nomination-district/351806a9-006f-4a87-b176-8ca7c2af3565,Give Nord,https://valg.dk/fv/847cec19-05ff-4eff-b433-f0e886b24b7d/nomination-district/351806a9-006f-4a87-b176-8ca7c2af3565/polling-district/afaba5be-4e57-453b-a869-29773ad348d6
Vejle Nordkredsen,https://valg.dk/fv/847cec19-05ff-4eff-b433-f0e886b24b7d/nomination-district/351806a9-006f-4a87-b176-8ca7c2af3565,Givskud Nord,https://valg.dk/fv/847cec19-05ff-4eff-b433-f0e886b24b7d/nomination-district/351806a9-006f-4a87-b176-8ca7c2af3565/polling-district/e260aa4e-2cfd-434b-b31f-4d0cdd7ea791
Vejle Nordkredsen,https://valg.dk/fv/847cec19-05ff-4eff-b433-f0e886b24b7d/nomination-district/351806a9-006f-4a87-b176-8ca7c2af3565,Grejs Nord,https://valg.dk/fv/847cec19-05ff-4eff-b433-f0e886b24b7d/nomination-district/351806a9-006f-4a87-b176-8ca7c2af3565/polling-district/48e21796-1d76-48c3-870d-90a4d7d2af37
Vejle Nordkredsen,https://valg.dk/fv/847cec19-05ff-4eff-b433-f0e886b24b7d/nomination-district/351806a9-006f-4a87-b176-8ca7c2af3565,Grejsdalen Nord,https://valg.dk/fv/847cec19-05ff-4eff-b433-f0e886b24b7d/nomination-district/351806a9-006f-4a87-b176-8ca7c2af3565/polling-district/a0a33346-3f3d-4061-bc13-580e69575780
Vejle Nordkredsen,https://valg.dk/fv/847cec19-05ff-4eff-b433-f0e886b24b7d/nomination-district/351806a9-006f-4a87-b176-8ca7c2af3565,Grønbjerg Nord,https://valg.dk/fv/847cec19-05ff-4eff-b433-f0e886b24b7d/nomination-district/351806a9-006f-4a87-b176-8ca7c2af3565/polling-district/66fc7969-6b76-4be9-b84f-93ab7197d755
Vejle Nordkredsen,https://valg.dk/fv/847cec19-05ff-4eff-b433-f0e886b24b7d/nomination-district/351806a9-006f-4a87-b176-8ca7c2af3565,Hældagerhallen Nord,https://valg.dk/fv/847cec19-05ff-4eff-b433-f0e886b24b7d/nomination-district/351806a9-006f-4a87-b176-8ca7c2af3565/polling-district/f9aa51d9-4d48-4f7c-b02c-e3d71b452425
Vejle Nordkredsen,https://valg.dk/fv/847cec19-05ff-4eff-b433-f0e886b24b7d/nomination-district/351806a9-006f-4a87-b176-8ca7c2af3565,Jelling Nord,https://valg.dk/fv/847cec19-05ff-4eff-b433-f0e886b24b7d/nomination-district/351806a9-006f-4a87-b176-8ca7c2af3565/polling-district/afe28867-a418-47b7-9d92-464e0e0d1321
Vejle Nordkredsen,https://valg.dk/fv/847cec19-05ff-4eff-b433-f0e886b24b7d/nomination-district/351806a9-006f-4a87-b176-8ca7c2af3565,Kollerup-Sandvad Nord,https://valg.dk/fv/847cec19-05ff-4eff-b433-f0e886b24b7d/nomination-district/351806a9-006f-4a87-b176-8ca7c2af3565/polling-district/700abf3a-7415-4cbd-85b7-2cff3e98310e
Vejle Nordkredsen,https://valg.dk/fv/847cec19-05ff-4eff-b433-f0e886b24b7d/nomination-district/351806a9-006f-4a87-b176-8ca7c2af3565,Lindeballe Nord,https://valg.dk/fv/847cec19-05ff-4eff-b433-f0e886b24b7d/nomination-district/351806a9-006f-4a87-b176-8ca7c2af3565/polling-district/2719d2c1-1346-4281-9f46-1a7d78fff78a
Vejle Nordkredsen,https://valg.dk/fv/847cec19-05ff-4eff-b433-f0e886b24b7d/nomination-district/351806a9-006f-4a87-b176-8ca7c2af3565,Multihallen v. Petersmindeskol,https://valg.dk/fv/847cec19-05ff-4eff-b433-f0e886b24b7d/nomination-district/351806a9-006f-4a87-b176-8ca7c2af3565/polling-district/cf6ba501-e4c3-401f-8e5d-f019d0654145
Vejle Nordkredsen,https://valg.dk/fv/847cec19-05ff-4eff-b433-f0e886b24b7d/nomination-district/351806a9-006f-4a87-b176-8ca7c2af3565,Nørremarkshallen Nord,https://valg.dk/fv/847cec19-05ff-4eff-b433-f0e886b24b7d/nomination-district/351806a9-006f-4a87-b176-8ca7c2af3565/polling-district/e8c74beb-d71c-40a6-918b-6f9002ae0150
Vejle Nordkredsen,https://valg.dk/fv/847cec19-05ff-4eff-b433-f0e886b24b7d/nomination-district/351806a9-006f-4a87-b176-8ca7c2af3565,Nørup Nord,https://valg.dk/fv/847cec19-05ff-4eff-b433-f0e886b24b7d/nomination-district/351806a9-006f-4a87-b176-8ca7c2af3565/polling-district/792b8e3a-1917-4df5-b493-b02392151e26
Vejle Nordkredsen,https://valg.dk/fv/847cec19-05ff-4eff-b433-f0e886b24b7d/nomination-district/351806a9-006f-4a87-b176-8ca7c2af3565,Skibet Hallen Nord,https://valg.dk/fv/847cec19-05ff-4eff-b433-f0e886b24b7d/nomination-district/351806a9-006f-4a87-b176-8ca7c2af3565/polling-district/674317ed-78bb-40c1-9859-7c566f1f4856
Vejle Nordkredsen,https://valg.dk/fv/847cec19-05ff-4eff-b433-f0e886b24b7d/nomination-district/351806a9-006f-4a87-b176-8ca7c2af3565,Thyregod Nord,https://valg.dk/fv/847cec19-05ff-4eff-b433-f0e886b24b7d/nomination-district/351806a9-006f-4a87-b176-8ca7c2af3565/polling-district/6205454f-db97-4787-86cf-b63358e1d10f
Vejle Nordkredsen,https://valg.dk/fv/847cec19-05ff-4eff-b433-f0e886b24b7d/nomination-district/351806a9-006f-4a87-b176-8ca7c2af3565,Vandel Nord,https://valg.dk/fv/847cec19-05ff-4eff-b433-f0e886b24b7d/nomination-district/351806a9-006f-4a87-b176-8ca7c2af3565/polling-district/06aad6c5-b535-4e1c-ba09-b62b6f5b5bb8
Vejle Nordkredsen,https://valg.dk/fv/847cec19-05ff-4eff-b433-f0e886b24b7d/nomination-district/351806a9-006f-4a87-b176-8ca7c2af3565,Øster Nykirke Nord,https://valg.dk/fv/847cec19-05ff-4eff-b433-f0e886b24b7d/nomination-district/351806a9-006f-4a87-b176-8ca7c2af3565/polling-district/0868dc3a-de6d-4f06-b20e-7940d480d5ab
Vejle Sydkredsen,https://valg.dk/fv/847cec19-05ff-4eff-b433-f0e886b24b7d/nomination-district/58fd69c3-fdef-4e18-996f-274648687b65,Brejning Syd,https://valg.dk/fv/847cec19-05ff-4eff-b433-f0e886b24b7d/nomination-district/58fd69c3-fdef-4e18-996f-274648687b65/polling-district/21999db4-ca3a-4e15-8b97-f46224dbd15a
Vejle Sydkredsen,https://valg.dk/fv/847cec19-05ff-4eff-b433-f0e886b24b7d/nomination-district/58fd69c3-fdef-4e18-996f-274648687b65,Børkop Syd,https://valg.dk/fv/847cec19-05ff-4eff-b433-f0e886b24b7d/nomination-district/58fd69c3-fdef-4e18-996f-274648687b65/polling-district/a723f1ab-465c-40f0-b277-0bc8d736b6bc
Vejle Sydkredsen,https://valg.dk/fv/847cec19-05ff-4eff-b433-f0e886b24b7d/nomination-district/58fd69c3-fdef-4e18-996f-274648687b65,CSV - Vejle Syd,https://valg.dk/fv/847cec19-05ff-4eff-b433-f0e886b24b7d/nomination-district/58fd69c3-fdef-4e18-996f-274648687b65/polling-district/4d06c60b-6289-4950-9630-a7cb93201316
Vejle Sydkredsen,https://valg.dk/fv/847cec19-05ff-4eff-b433-f0e886b24b7d/nomination-district/58fd69c3-fdef-4e18-996f-274648687b65,DGI-Huset Syd,https://valg.dk/fv/847cec19-05ff-4eff-b433-f0e886b24b7d/nomination-district/58fd69c3-fdef-4e18-996f-274648687b65/polling-district/9854307b-fcd1-429e-9066-1b83343b40e8
Vejle Sydkredsen,https://valg.dk/fv/847cec19-05ff-4eff-b433-f0e886b24b7d/nomination-district/58fd69c3-fdef-4e18-996f-274648687b65,Egtved Syd,https://valg.dk/fv/847cec19-05ff-4eff-b433-f0e886b24b7d/nomination-district/58fd69c3-fdef-4e18-996f-274648687b65/polling-district/49ebbb88-4710-4524-9d2f-4d2abd61d9c1
Vejle Sydkredsen,https://valg.dk/fv/847cec19-05ff-4eff-b433-f0e886b24b7d/nomination-district/58fd69c3-fdef-4e18-996f-274648687b65,Gårslev Syd,https://valg.dk/fv/847cec19-05ff-4eff-b433-f0e886b24b7d/nomination-district/58fd69c3-fdef-4e18-996f-274648687b65/polling-district/33225e4b-7da7-4d4f-bea6-22b45bcf9525
Vejle Sydkredsen,https://valg.dk/fv/847cec19-05ff-4eff-b433-f0e886b24b7d/nomination-district/58fd69c3-fdef-4e18-996f-274648687b65,Jerlev Syd,https://valg.dk/fv/847cec19-05ff-4eff-b433-f0e886b24b7d/nomination-district/58fd69c3-fdef-4e18-996f-274648687b65/polling-district/6ba0aadb-1515-4b67-9de9-a427a085d9ac
Vejle Sydkredsen,https://valg.dk/fv/847cec19-05ff-4eff-b433-f0e886b24b7d/nomination-district/58fd69c3-fdef-4e18-996f-274648687b65,Kvartershuset Syd,https://valg.dk/fv/847cec19-05ff-4eff-b433-f0e886b24b7d/nomination-district/58fd69c3-fdef-4e18-996f-274648687b65/polling-district/d294fbd8-50c0-499b-989f-b8c147a433d9
Vejle Sydkredsen,https://valg.dk/fv/847cec19-05ff-4eff-b433-f0e886b24b7d/nomination-district/58fd69c3-fdef-4e18-996f-274648687b65,Multihuset Højen Syd,https://valg.dk/fv/847cec19-05ff-4eff-b433-f0e886b24b7d/nomination-district/58fd69c3-fdef-4e18-996f-274648687b65/polling-district/adcb2e1a-63c8-4cdc-b300-40097fb56acc
Vejle Sydkredsen,https://valg.dk/fv/847cec19-05ff-4eff-b433-f0e886b24b7d/nomination-district/58fd69c3-fdef-4e18-996f-274648687b65,Mølholmhallen Syd,https://valg.dk/fv/847cec19-05ff-4eff-b433-f0e886b24b7d/nomination-district/58fd69c3-fdef-4e18-996f-274648687b65/polling-district/9b61a889-1896-4280-bb9b-9aab58298ac1
Vejle Sydkredsen,https://valg.dk/fv/847cec19-05ff-4eff-b433-f0e886b24b7d/nomination-district/58fd69c3-fdef-4e18-996f-274648687b65,Rødkilde Gymnasium Syd,https://valg.dk/fv/847cec19-05ff-4eff-b433-f0e886b24b7d/nomination-district/58fd69c3-fdef-4e18-996f-274648687b65/polling-district/0ebe252c-6695-45ca-8a37-9421a38bc4ce
Vejle Sydkredsen,https://valg.dk/fv/847cec19-05ff-4eff-b433-f0e886b24b7d/nomination-district/58fd69c3-fdef-4e18-996f-274648687b65,Smidstrup Syd,https://valg.dk/fv/847cec19-05ff-4eff-b433-f0e886b24b7d/nomination-district/58fd69c3-fdef-4e18-996f-274648687b65/polling-district/b30f6ca6-3cfc-4634-9fc5-1d0f4365b4a3
Vejle Sydkredsen,https://valg.dk/fv/847cec19-05ff-4eff-b433-f0e886b24b7d/nomination-district/58fd69c3-fdef-4e18-996f-274648687b65,Vinding Idræts Center Syd,https://valg.dk/fv/847cec19-05ff-4eff-b433-f0e886b24b7d/nomination-district/58fd69c3-fdef-4e18-996f-274648687b65/polling-district/b856d31f-8425-474d-bb69-112873c06aaa
Vejle Sydkredsen,https://valg.dk/fv/847cec19-05ff-4eff-b433-f0e886b24b7d/nomination-district/58fd69c3-fdef-4e18-996f-274648687b65,Ødsted Syd,https://valg.dk/fv/847cec19-05ff-4eff-b433-f0e886b24b7d/nomination-district/58fd69c3-fdef-4e18-996f-274648687b65/polling-district/2902eb10-32bf-4628-82c1-04267e0559be
Vejle Sydkredsen,https://valg.dk/fv/847cec19-05ff-4eff-b433-f0e886b24b7d/nomination-district/58fd69c3-fdef-4e18-996f-274648687b65,Øster Starup Syd,https://valg.dk/fv/847cec19-05ff-4eff-b433-f0e886b24b7d/nomination-district/58fd69c3-fdef-4e18-996f-274648687b65/polling-district/18371695-bd9a-4ec3-8087-eaa4eede96b1
Vesterbrokredsen,https://valg.dk/fv/847cec19-05ff-4eff-b433-f0e886b24b7d/nomination-district/e64536df-cf9c-4e9e-a67b-1f91bc1c0b84,9. Midt,https://valg.dk/fv/847cec19-05ff-4eff-b433-f0e886b24b7d/nomination-district/e64536df-cf9c-4e9e-a67b-1f91bc1c0b84/polling-district/cae6bca2-f5b6-416e-ba6c-8189dfa120c9
Vesterbrokredsen,https://valg.dk/fv/847cec19-05ff-4eff-b433-f0e886b24b7d/nomination-district/e64536df-cf9c-4e9e-a67b-1f91bc1c0b84,9. Nord,https://valg.dk/fv/847cec19-05ff-4eff-b433-f0e886b24b7d/nomination-district/e64536df-cf9c-4e9e-a67b-1f91bc1c0b84/polling-district/fc788b3f-2726-4f46-9690-f7b7883a140a
Vesterbrokredsen,https://valg.dk/fv/847cec19-05ff-4eff-b433-f0e886b24b7d/nomination-district/e64536df-cf9c-4e9e-a67b-1f91bc1c0b84,9. Syd,https://valg.dk/fv/847cec19-05ff-4eff-b433-f0e886b24b7d/nomination-district/e64536df-cf9c-4e9e-a67b-1f91bc1c0b84/polling-district/802bcc23-6db2-4711-8ac0-50924aedf2ea
Vesterbrokredsen,https://valg.dk/fv/847cec19-05ff-4eff-b433-f0e886b24b7d/nomination-district/e64536df-cf9c-4e9e-a67b-1f91bc1c0b84,9. Sydhavn,https://valg.dk/fv/847cec19-05ff-4eff-b433-f0e886b24b7d/nomination-district/e64536df-cf9c-4e9e-a67b-1f91bc1c0b84/polling-district/1a64d9f6-f919-43cd-a9b9-a5f541225d64
Vesterbrokredsen,https://valg.dk/fv/847cec19-05ff-4eff-b433-f0e886b24b7d/nomination-district/e64536df-cf9c-4e9e-a67b-1f91bc1c0b84,9. Vest,https://valg.dk/fv/847cec19-05ff-4eff-b433-f0e886b24b7d/nomination-district/e64536df-cf9c-4e9e-a67b-1f91bc1c0b84/polling-district/e9b2b05c-f1bb-46fa-93f5-9c25b0e7034d
Vesterbrokredsen,https://valg.dk/fv/847cec19-05ff-4eff-b433-f0e886b24b7d/nomination-district/e64536df-cf9c-4e9e-a67b-1f91bc1c0b84,9. Vesterbro,https://valg.dk/fv/847cec19-05ff-4eff-b433-f0e886b24b7d/nomination-district/e64536df-cf9c-4e9e-a67b-1f91bc1c0b84/polling-district/5cb96eb2-9bb4-402c-bb76-f7bc99e29f55
Vesterbrokredsen,https://valg.dk/fv/847cec19-05ff-4eff-b433-f0e886b24b7d/nomination-district/e64536df-cf9c-4e9e-a67b-1f91bc1c0b84,9. Øst,https://valg.dk/fv/847cec19-05ff-4eff-b433-f0e886b24b7d/nomination-district/e64536df-cf9c-4e9e-a67b-1f91bc1c0b84/polling-district/3b87b8a3-48ef-4bb5-95f2-f715bb770617
Viborg Vestkredsen,https://valg.dk/fv/847cec19-05ff-4eff-b433-f0e886b24b7d/nomination-district/ed77dd35-8225-4890-83ff-ebd325469012,Frederiks,https://valg.dk/fv/847cec19-05ff-4eff-b433-f0e886b24b7d/nomination-district/ed77dd35-8225-4890-83ff-ebd325469012/polling-district/7d612420-e19f-4c2f-9647-e69f1df10e4b
Viborg Vestkredsen,https://valg.dk/fv/847cec19-05ff-4eff-b433-f0e886b24b7d/nomination-district/ed77dd35-8225-4890-83ff-ebd325469012,Hald Ege,https://valg.dk/fv/847cec19-05ff-4eff-b433-f0e886b24b7d/nomination-district/ed77dd35-8225-4890-83ff-ebd325469012/polling-district/4f18512b-68bf-4e47-b3cf-7eebb21ef407
Viborg Vestkredsen,https://valg.dk/fv/847cec19-05ff-4eff-b433-f0e886b24b7d/nomination-district/ed77dd35-8225-4890-83ff-ebd325469012,Karup,https://valg.dk/fv/847cec19-05ff-4eff-b433-f0e886b24b7d/nomination-district/ed77dd35-8225-4890-83ff-ebd325469012/polling-district/a0df4da4-284e-4c5c-8043-74d61b0f5a8f
Viborg Vestkredsen,https://valg.dk/fv/847cec19-05ff-4eff-b433-f0e886b24b7d/nomination-district/ed77dd35-8225-4890-83ff-ebd325469012,Løgstrup,https://valg.dk/fv/847cec19-05ff-4eff-b433-f0e886b24b7d/nomination-district/ed77dd35-8225-4890-83ff-ebd325469012/polling-district/107f4d86-81eb-4bea-856c-a42e3552df10
Viborg Vestkredsen,https://valg.dk/fv/847cec19-05ff-4eff-b433-f0e886b24b7d/nomination-district/ed77dd35-8225-4890-83ff-ebd325469012,Mønsted,https://valg.dk/fv/847cec19-05ff-4eff-b433-f0e886b24b7d/nomination-district/ed77dd35-8225-4890-83ff-ebd325469012/polling-district/6c20d0f5-e931-4316-bdae-6e9cbe6e3912
Viborg Vestkredsen,https://valg.dk/fv/847cec19-05ff-4eff-b433-f0e886b24b7d/nomination-district/ed77dd35-8225-4890-83ff-ebd325469012,Stoholm,https://valg.dk/fv/847cec19-05ff-4eff-b433-f0e886b24b7d/nomination-district/ed77dd35-8225-4890-83ff-ebd325469012/polling-district/a4c3822d-0a92-4247-acb6-603ab9670b40
Viborg Vestkredsen,https://valg.dk/fv/847cec19-05ff-4eff-b433-f0e886b24b7d/nomination-district/ed77dd35-8225-4890-83ff-ebd325469012,Viborg,https://valg.dk/fv/847cec19-05ff-4eff-b433-f0e886b24b7d/nomination-district/ed77dd35-8225-4890-83ff-ebd325469012/polling-district/b7bdee90-2846-456b-95d7-d8f5fb818bce
Viborg Vestkredsen,https://valg.dk/fv/847cec19-05ff-4eff-b433-f0e886b24b7d/nomination-district/ed77dd35-8225-4890-83ff-ebd325469012,Vridsted,https://valg.dk/fv/847cec19-05ff-4eff-b433-f0e886b24b7d/nomination-district/ed77dd35-8225-4890-83ff-ebd325469012/polling-district/912d9f5f-46e0-449b-8fb8-b05f640deb33
Viborg Østkredsen,https://valg.dk/fv/847cec19-05ff-4eff-b433-f0e886b24b7d/nomination-district/5ebdab4c-898f-4862-be7c-e90e5030be4f,Bjerringbro Nord,https://valg.dk/fv/847cec19-05ff-4eff-b433-f0e886b24b7d/nomination-district/5ebdab4c-898f-4862-be7c-e90e5030be4f/polling-district/b02fa103-8d11-4837-9750-298a0cad60d7
Viborg Østkredsen,https://valg.dk/fv/847cec19-05ff-4eff-b433-f0e886b24b7d/nomination-district/5ebdab4c-898f-4862-be7c-e90e5030be4f,Bjerringbro Syd,https://valg.dk/fv/847cec19-05ff-4eff-b433-f0e886b24b7d/nomination-district/5ebdab4c-898f-4862-be7c-e90e5030be4f/polling-district/647953ae-de38-4cf0-b92f-a7a0a198e60c
Viborg Østkredsen,https://valg.dk/fv/847cec19-05ff-4eff-b433-f0e886b24b7d/nomination-district/5ebdab4c-898f-4862-be7c-e90e5030be4f,Hammershøj,https://valg.dk/fv/847cec19-05ff-4eff-b433-f0e886b24b7d/nomination-district/5ebdab4c-898f-4862-be7c-e90e5030be4f/polling-district/8150b857-bb32-4bd4-9d0b-ea417ecd39aa
Viborg Østkredsen,https://valg.dk/fv/847cec19-05ff-4eff-b433-f0e886b24b7d/nomination-district/5ebdab4c-898f-4862-be7c-e90e5030be4f,Møldrup,https://valg.dk/fv/847cec19-05ff-4eff-b433-f0e886b24b7d/nomination-district/5ebdab4c-898f-4862-be7c-e90e5030be4f/polling-district/a78f1ee7-d32b-4445-a21b-9b447473578b
Viborg Østkredsen,https://valg.dk/fv/847cec19-05ff-4eff-b433-f0e886b24b7d/nomination-district/5ebdab4c-898f-4862-be7c-e90e5030be4f,Overlund,https://valg.dk/fv/847cec19-05ff-4eff-b433-f0e886b24b7d/nomination-district/5ebdab4c-898f-4862-be7c-e90e5030be4f/polling-district/5917eeb4-cf8e-4de0-9762-997615c4e27f
Viborg Østkredsen,https://valg.dk/fv/847cec19-05ff-4eff-b433-f0e886b24b7d/nomination-district/5ebdab4c-898f-4862-be7c-e90e5030be4f,Rødding,https://valg.dk/fv/847cec19-05ff-4eff-b433-f0e886b24b7d/nomination-district/5ebdab4c-898f-4862-be7c-e90e5030be4f/polling-district/9397716f-4e98-4672-aad2-1b8b87e74c62
Viborg Østkredsen,https://valg.dk/fv/847cec19-05ff-4eff-b433-f0e886b24b7d/nomination-district/5ebdab4c-898f-4862-be7c-e90e5030be4f,Rødkærsbro,https://valg.dk/fv/847cec19-05ff-4eff-b433-f0e886b24b7d/nomination-district/5ebdab4c-898f-4862-be7c-e90e5030be4f/polling-district/b51a201e-a05a-47c2-a546-ef9797216ceb
Viborg Østkredsen,https://valg.dk/fv/847cec19-05ff-4eff-b433-f0e886b24b7d/nomination-district/5ebdab4c-898f-4862-be7c-e90e5030be4f,Skals,https://valg.dk/fv/847cec19-05ff-4eff-b433-f0e886b24b7d/nomination-district/5ebdab4c-898f-4862-be7c-e90e5030be4f/polling-district/ab5ce97c-9f0d-4800-8ded-0ad3f8b40833
Viborg Østkredsen,https://valg.dk/fv/847cec19-05ff-4eff-b433-f0e886b24b7d/nomination-district/5ebdab4c-898f-4862-be7c-e90e5030be4f,Ørum,https://valg.dk/fv/847cec19-05ff-4eff-b433-f0e886b24b7d/nomination-district/5ebdab4c-898f-4862-be7c-e90e5030be4f/polling-district/b5d453fe-0f75-46cd-894b-994f59cb59f7
Vordingborgkredsen,https://valg.dk/fv/847cec19-05ff-4eff-b433-f0e886b24b7d/nomination-district/20334e55-245e-4a3c-b3a6-19ece7fb610c,Allerslev,https://valg.dk/fv/847cec19-05ff-4eff-b433-f0e886b24b7d/nomination-district/20334e55-245e-4a3c-b3a6-19ece7fb610c/polling-district/efdaed1c-bff5-4315-af1c-09e4f07fba65
Vordingborgkredsen,https://valg.dk/fv/847cec19-05ff-4eff-b433-f0e886b24b7d/nomination-district/20334e55-245e-4a3c-b3a6-19ece7fb610c,Bogø,https://valg.dk/fv/847cec19-05ff-4eff-b433-f0e886b24b7d/nomination-district/20334e55-245e-4a3c-b3a6-19ece7fb610c/polling-district/859a4596-3b4c-42ec-b269-fbfa589e751f
Vordingborgkredsen,https://valg.dk/fv/847cec19-05ff-4eff-b433-f0e886b24b7d/nomination-district/20334e55-245e-4a3c-b3a6-19ece7fb610c,Bårse,https://valg.dk/fv/847cec19-05ff-4eff-b433-f0e886b24b7d/nomination-district/20334e55-245e-4a3c-b3a6-19ece7fb610c/polling-district/71218657-8cde-41e9-a187-e3469d7a20af
Vordingborgkredsen,https://valg.dk/fv/847cec19-05ff-4eff-b433-f0e886b24b7d/nomination-district/20334e55-245e-4a3c-b3a6-19ece7fb610c,Jungshoved,https://valg.dk/fv/847cec19-05ff-4eff-b433-f0e886b24b7d/nomination-district/20334e55-245e-4a3c-b3a6-19ece7fb610c/polling-district/e8aee72e-d794-4663-a967-3731b6fff52a
Vordingborgkredsen,https://valg.dk/fv/847cec19-05ff-4eff-b433-f0e886b24b7d/nomination-district/20334e55-245e-4a3c-b3a6-19ece7fb610c,Kalvehave,https://valg.dk/fv/847cec19-05ff-4eff-b433-f0e886b24b7d/nomination-district/20334e55-245e-4a3c-b3a6-19ece7fb610c/polling-district/cf0dae6e-6159-4b20-b3e2-da8f32199491
Vordingborgkredsen,https://valg.dk/fv/847cec19-05ff-4eff-b433-f0e886b24b7d/nomination-district/20334e55-245e-4a3c-b3a6-19ece7fb610c,Kastrup,https://valg.dk/fv/847cec19-05ff-4eff-b433-f0e886b24b7d/nomination-district/20334e55-245e-4a3c-b3a6-19ece7fb610c/polling-district/6901fdb9-aba4-4e4e-830b-35a1a23d5911
Vordingborgkredsen,https://valg.dk/fv/847cec19-05ff-4eff-b433-f0e886b24b7d/nomination-district/20334e55-245e-4a3c-b3a6-19ece7fb610c,Lundby,https://valg.dk/fv/847cec19-05ff-4eff-b433-f0e886b24b7d/nomination-district/20334e55-245e-4a3c-b3a6-19ece7fb610c/polling-district/5ad4e4ea-5dc9-4d71-b12e-8b21bbe4240e
Vordingborgkredsen,https://valg.dk/fv/847cec19-05ff-4eff-b433-f0e886b24b7d/nomination-district/20334e55-245e-4a3c-b3a6-19ece7fb610c,Masnedsund,https://valg.dk/fv/847cec19-05ff-4eff-b433-f0e886b24b7d/nomination-district/20334e55-245e-4a3c-b3a6-19ece7fb610c/polling-district/b28cd907-4c0f-4d1d-b06f-0246a2e1ddd8
Vordingborgkredsen,https://valg.dk/fv/847cec19-05ff-4eff-b433-f0e886b24b7d/nomination-district/20334e55-245e-4a3c-b3a6-19ece7fb610c,Mern,https://valg.dk/fv/847cec19-05ff-4eff-b433-f0e886b24b7d/nomination-district/20334e55-245e-4a3c-b3a6-19ece7fb610c/polling-district/633730ff-8ae4-4a58-9335-1f17a918f291
Vordingborgkredsen,https://valg.dk/fv/847cec19-05ff-4eff-b433-f0e886b24b7d/nomination-district/20334e55-245e-4a3c-b3a6-19ece7fb610c,Nyråd,https://valg.dk/fv/847cec19-05ff-4eff-b433-f0e886b24b7d/nomination-district/20334e55-245e-4a3c-b3a6-19ece7fb610c/polling-district/fadb8438-bdec-4bf1-aa06-8950b3171e49
Vordingborgkredsen,https://valg.dk/fv/847cec19-05ff-4eff-b433-f0e886b24b7d/nomination-district/20334e55-245e-4a3c-b3a6-19ece7fb610c,Præstø,https://valg.dk/fv/847cec19-05ff-4eff-b433-f0e886b24b7d/nomination-district/20334e55-245e-4a3c-b3a6-19ece7fb610c/polling-district/0cedda4f-8758-473b-9910-5a28779ae4f1
Vordingborgkredsen,https://valg.dk/fv/847cec19-05ff-4eff-b433-f0e886b24b7d/nomination-district/20334e55-245e-4a3c-b3a6-19ece7fb610c,Stege,https://valg.dk/fv/847cec19-05ff-4eff-b433-f0e886b24b7d/nomination-district/20334e55-245e-4a3c-b3a6-19ece7fb610c/polling-district/1487b458-1f02-42cd-a03b-b4f8a85a30c2
Vordingborgkredsen,https://valg.dk/fv/847cec19-05ff-4eff-b433-f0e886b24b7d/nomination-district/20334e55-245e-4a3c-b3a6-19ece7fb610c,Stensved,https://valg.dk/fv/847cec19-05ff-4eff-b433-f0e886b24b7d/nomination-district/20334e55-245e-4a3c-b3a6-19ece7fb610c/polling-district/0ea1e4f2-c0af-4edf-9a97-cf2645e77fc9
Vordingborgkredsen,https://valg.dk/fv/847cec19-05ff-4eff-b433-f0e886b24b7d/nomination-district/20334e55-245e-4a3c-b3a6-19ece7fb610c,Vestmøn,https://valg.dk/fv/847cec19-05ff-4eff-b433-f0e886b24b7d/nomination-district/20334e55-245e-4a3c-b3a6-19ece7fb610c/polling-district/3ab15c4d-1089-44e6-ac0e-f61bc78fdae0
Vordingborgkredsen,https://valg.dk/fv/847cec19-05ff-4eff-b433-f0e886b24b7d/nomination-district/20334e55-245e-4a3c-b3a6-19ece7fb610c,Vordingborg,https://valg.dk/fv/847cec19-05ff-4eff-b433-f0e886b24b7d/nomination-district/20334e55-245e-4a3c-b3a6-19ece7fb610c/polling-district/b8384fb7-86c7-43e4-b84c-162b4df77d5d
Vordingborgkredsen,https://valg.dk/fv/847cec19-05ff-4eff-b433-f0e886b24b7d/nomination-district/20334e55-245e-4a3c-b3a6-19ece7fb610c,Ørslev,https://valg.dk/fv/847cec19-05ff-4eff-b433-f0e886b24b7d/nomination-district/20334e55-245e-4a3c-b3a6-19ece7fb610c/polling-district/7284cba0-66ad-411c-9276-2282b9b72a26
Vordingborgkredsen,https://valg.dk/fv/847cec19-05ff-4eff-b433-f0e886b24b7d/nomination-district/20334e55-245e-4a3c-b3a6-19ece7fb610c,Østmøn,https://valg.dk/fv/847cec19-05ff-4eff-b433-f0e886b24b7d/nomination-district/20334e55-245e-4a3c-b3a6-19ece7fb610c/polling-district/4b96e217-0f1a-446c-bc4b-bc94ca37097b
Østerbrokredsen,https://valg.dk/fv/847cec19-05ff-4eff-b433-f0e886b24b7d/nomination-district/446b843d-992e-46b9-a9b5-4f442e8ffc5d,1. Nord,https://valg.dk/fv/847cec19-05ff-4eff-b433-f0e886b24b7d/nomination-district/446b843d-992e-46b9-a9b5-4f442e8ffc5d/polling-district/435cb01c-e2a9-4900-ab5f-3be15f6da45d
Østerbrokredsen,https://valg.dk/fv/847cec19-05ff-4eff-b433-f0e886b24b7d/nomination-district/446b843d-992e-46b9-a9b5-4f442e8ffc5d,1. Nordvest,https://valg.dk/fv/847cec19-05ff-4eff-b433-f0e886b24b7d/nomination-district/446b843d-992e-46b9-a9b5-4f442e8ffc5d/polling-district/ca51daa4-18a0-4b8c-813a-9867bffb45e6
Østerbrokredsen,https://valg.dk/fv/847cec19-05ff-4eff-b433-f0e886b24b7d/nomination-district/446b843d-992e-46b9-a9b5-4f442e8ffc5d,1. Syd,https://valg.dk/fv/847cec19-05ff-4eff-b433-f0e886b24b7d/nomination-district/446b843d-992e-46b9-a9b5-4f442e8ffc5d/polling-district/b8aed657-560b-4410-929d-ae553b1f31cc
Østerbrokredsen,https://valg.dk/fv/847cec19-05ff-4eff-b433-f0e886b24b7d/nomination-district/446b843d-992e-46b9-a9b5-4f442e8ffc5d,1. Vest,https://valg.dk/fv/847cec19-05ff-4eff-b433-f0e886b24b7d/nomination-district/446b843d-992e-46b9-a9b5-4f442e8ffc5d/polling-district/9777d52a-96f2-4500-b3a6-25bc0157577a
Østerbrokredsen,https://valg.dk/fv/847cec19-05ff-4eff-b433-f0e886b24b7d/nomination-district/446b843d-992e-46b9-a9b5-4f442e8ffc5d,1. Øst,https://valg.dk/fv/847cec19-05ff-4eff-b433-f0e886b24b7d/nomination-district/446b843d-992e-46b9-a9b5-4f442e8ffc5d/polling-district/1b33b783-1955-459f-a02c-045c474b9200
Østerbrokredsen,https://valg.dk/fv/847cec19-05ff-4eff-b433-f0e886b24b7d/nomination-district/446b843d-992e-46b9-a9b5-4f442e8ffc5d,1. Østerbro,https://valg.dk/fv/847cec19-05ff-4eff-b433-f0e886b24b7d/nomination-district/446b843d-992e-46b9-a9b5-4f442e8ffc5d/polling-district/407b2c1a-df97-46a1-b625-58f03423276c
